alert_id,complaint_id,created_at,status,severity,policy_version
ALT-000001,CMP-000001,2026-03-20T01:48:21+00:00,ACKNOWLEDGED,HIGH,POLICY-v1
ALT-000002,CMP-000002,2026-02-17T02:57:24+00:00,ACTIONED,LOW,POLICY-v1
ALT-000003,CMP-000003,2026-01-16T08:51:39+00:00,PENDING,MEDIUM,POLICY-v1
ALT-000004,CMP-000004,2026-03-26T15:31:27+00:00,PENDING,HIGH,POLICY-v1
ALT-000005,CMP-000005,2026-06-26T06:54:14+00:00,EXPIRED,HIGH,POLICY-v1
ALT-000006,CMP-000006,2026-05-15T22:36:01+00:00,PENDING,HIGH,POLICY-v1
ALT-000007,CMP-000007,2026-03-02T20:41:42+00:00,ACTIONED,HIGH,POLICY-v1
ALT-000008,CMP-000008,2026-01-25T02:49:43+00:00,ACTIONED,HIGH,POLICY-v1
ALT-000009,CMP-000009,2026-01-05T14:21:35+00:00,ACTIONED,MEDIUM,POLICY-v1
ALT-000010,CMP-000010,2026-01-29T06:34:37+00:00,ACTIONED,MEDIUM,POLICY-v1
ALT-000011,CMP-000011,2026-01-08T11:36:11+00:00,ACTIONED,MEDIUM,POLICY-v1
ALT-000012,CMP-000012,2026-04-02T00:10:53+00:00,EXPIRED,LOW,POLICY-v1
ALT-000013,CMP-000013,2026-02-18T17:24:56+00:00,ACKNOWLEDGED,LOW,POLICY-v1
ALT-000014,CMP-000014,2026-04-29T10:42:08+00:00,ACTIONED,HIGH,POLICY-v1
ALT-000015,CMP-000015,2026-03-29T20:57:54+00:00,ACTIONED,MEDIUM,POLICY-v1
ALT-000016,CMP-000016,2026-06-02T00:18:40+00:00,ACTIONED,MEDIUM,POLICY-v1
ALT-000017,CMP-000017,2026-06-12T04:06:45+00:00,ACTIONED,HIGH,POLICY-v1
ALT-000018,CMP-000018,2026-04-09T16:08:32+00:00,ACKNOWLEDGED,MEDIUM,POLICY-v1
ALT-000019,CMP-000019,2026-03-26T05:33:53+00:00,PENDING,LOW,POLICY-v1
ALT-000020,CMP-000020,2026-04-04T10:21:22+00:00,ACTIONED,MEDIUM,POLICY-v1
ALT-000021,CMP-000021,2026-06-23T07:17:05+00:00,EXPIRED,MEDIUM,POLICY-v1
ALT-000022,CMP-000022,2026-05-14T23:03:25+00:00,ACKNOWLEDGED,MEDIUM,POLICY-v1
ALT-000023,CMP-000023,2026-04-27T13:25:40+00:00,ACKNOWLEDGED,LOW,POLICY-v1
ALT-000024,CMP-000024,2026-03-15T05:04:35+00:00,EXPIRED,LOW,POLICY-v1
ALT-000025,CMP-000025,2026-02-08T14:11:11+00:00,ACTIONED,MEDIUM,POLICY-v1
ALT-000026,CMP-000026,2026-03-04T04:08:56+00:00,EXPIRED,MEDIUM,POLICY-v1
ALT-000027,CMP-000027,2026-04-06T07:10:05+00:00,ACTIONED,MEDIUM,POLICY-v1
ALT-000028,CMP-000028,2026-05-29T16:06:42+00:00,PENDING,HIGH,POLICY-v1
ALT-000029,CMP-000029,2026-05-04T12:25:16+00:00,ACTIONED,LOW,POLICY-v1
ALT-000030,CMP-000030,2026-05-05T10:01:55+00:00,ACTIONED,HIGH,POLICY-v1
ALT-000031,CMP-000031,2026-03-28T09:18:15+00:00,ACTIONED,MEDIUM,POLICY-v1
ALT-000032,CMP-000032,2026-06-21T23:05:09+00:00,ACTIONED,LOW,POLICY-v1
ALT-000033,CMP-000033,2026-06-10T09:07:36+00:00,ACTIONED,LOW,POLICY-v1
ALT-000034,CMP-000034,2026-05-21T15:35:53+00:00,EXPIRED,HIGH,POLICY-v1
ALT-000035,CMP-000035,2026-01-17T16:24:31+00:00,ACTIONED,HIGH,POLICY-v1
ALT-000036,CMP-000036,2026-03-30T07:52:45+00:00,ACTIONED,LOW,POLICY-v1
ALT-000037,CMP-000037,2026-01-17T08:00:32+00:00,ACTIONED,LOW,POLICY-v1
ALT-000038,CMP-000038,2026-02-02T12:22:14+00:00,ACTIONED,HIGH,POLICY-v1
ALT-000039,CMP-000039,2026-02-22T10:32:23+00:00,ACTIONED,HIGH,POLICY-v1
ALT-000040,CMP-000040,2026-01-17T04:25:14+00:00,ACTIONED,MEDIUM,POLICY-v1
ALT-000041,CMP-000041,2026-04-17T23:13:49+00:00,ACKNOWLEDGED,HIGH,POLICY-v1
ALT-000042,CMP-000042,2026-03-12T00:19:08+00:00,ACKNOWLEDGED,MEDIUM,POLICY-v1
ALT-000043,CMP-000043,2026-03-30T23:57:38+00:00,ACKNOWLEDGED,LOW,POLICY-v1
ALT-000044,CMP-000044,2026-04-12T06:57:49+00:00,ACTIONED,LOW,POLICY-v1
ALT-000045,CMP-000045,2026-03-28T07:55:30+00:00,ACKNOWLEDGED,MEDIUM,POLICY-v1
ALT-000046,CMP-000046,2026-01-20T02:00:32+00:00,ACTIONED,HIGH,POLICY-v1
ALT-000047,CMP-000047,2026-04-07T23:13:07+00:00,ACTIONED,MEDIUM,POLICY-v1
ALT-000048,CMP-000048,2026-01-09T21:39:12+00:00,EXPIRED,HIGH,POLICY-v1
ALT-000049,CMP-000049,2026-06-26T16:39:15+00:00,ACTIONED,HIGH,POLICY-v1
ALT-000050,CMP-000050,2026-01-28T08:10:55+00:00,ACTIONED,HIGH,POLICY-v1
ALT-000051,CMP-000051,2026-02-17T00:52:53+00:00,EXPIRED,HIGH,POLICY-v1
ALT-000052,CMP-000052,2026-04-05T12:48:11+00:00,ACTIONED,HIGH,POLICY-v1
ALT-000053,CMP-000053,2026-01-31T19:04:45+00:00,ACTIONED,MEDIUM,POLICY-v1
ALT-000054,CMP-000054,2026-03-31T14:37:02+00:00,ACTIONED,LOW,POLICY-v1
ALT-000055,CMP-000055,2026-04-13T01:00:57+00:00,ACTIONED,LOW,POLICY-v1
ALT-000056,CMP-000056,2026-01-07T00:08:49+00:00,ACKNOWLEDGED,HIGH,POLICY-v1
ALT-000057,CMP-000057,2026-01-31T09:08:42+00:00,PENDING,LOW,POLICY-v1
ALT-000058,CMP-000058,2026-06-18T23:26:04+00:00,ACTIONED,LOW,POLICY-v1
ALT-000059,CMP-000059,2026-04-19T21:07:25+00:00,PENDING,HIGH,POLICY-v1
ALT-000060,CMP-000060,2026-03-28T08:47:01+00:00,ACTIONED,MEDIUM,POLICY-v1
ALT-000061,CMP-000061,2026-02-04T16:05:33+00:00,ACTIONED,HIGH,POLICY-v1
ALT-000062,CMP-000062,2026-06-20T10:37:55+00:00,ACTIONED,MEDIUM,POLICY-v1
ALT-000063,CMP-000063,2026-04-15T11:02:17+00:00,ACTIONED,LOW,POLICY-v1
ALT-000064,CMP-000064,2026-04-29T16:53:32+00:00,PENDING,MEDIUM,POLICY-v1
ALT-000065,CMP-000065,2026-04-27T07:54:02+00:00,ACTIONED,MEDIUM,POLICY-v1
ALT-000066,CMP-000066,2026-06-07T01:26:03+00:00,ACKNOWLEDGED,LOW,POLICY-v1
ALT-000067,CMP-000067,2026-01-19T12:50:49+00:00,PENDING,MEDIUM,POLICY-v1
ALT-000068,CMP-000068,2026-01-07T01:13:53+00:00,ACTIONED,LOW,POLICY-v1
ALT-000069,CMP-000069,2026-06-03T12:25:47+00:00,EXPIRED,LOW,POLICY-v1
ALT-000070,CMP-000070,2026-04-08T20:28:23+00:00,PENDING,HIGH,POLICY-v1
ALT-000071,CMP-000071,2026-04-28T07:30:11+00:00,ACKNOWLEDGED,HIGH,POLICY-v1
ALT-000072,CMP-000072,2026-06-23T04:30:51+00:00,PENDING,LOW,POLICY-v1
ALT-000073,CMP-000073,2026-05-11T09:00:08+00:00,ACTIONED,LOW,POLICY-v1
ALT-000074,CMP-000074,2026-03-15T18:09:20+00:00,EXPIRED,LOW,POLICY-v1
ALT-000075,CMP-000075,2026-04-21T03:28:44+00:00,ACTIONED,LOW,POLICY-v1
ALT-000076,CMP-000076,2026-02-06T16:14:03+00:00,ACTIONED,MEDIUM,POLICY-v1
ALT-000077,CMP-000077,2026-01-14T20:23:56+00:00,EXPIRED,MEDIUM,POLICY-v1
ALT-000078,CMP-000078,2026-02-02T17:27:58+00:00,EXPIRED,MEDIUM,POLICY-v1
ALT-000079,CMP-000079,2026-05-17T03:14:53+00:00,ACTIONED,HIGH,POLICY-v1
ALT-000080,CMP-000080,2026-04-25T21:30:52+00:00,PENDING,LOW,POLICY-v1
ALT-000081,CMP-000081,2026-01-03T11:20:12+00:00,ACTIONED,MEDIUM,POLICY-v1
ALT-000082,CMP-000082,2026-01-18T16:32:30+00:00,ACTIONED,HIGH,POLICY-v1
ALT-000083,CMP-000083,2026-03-23T13:08:33+00:00,EXPIRED,HIGH,POLICY-v1
ALT-000084,CMP-000084,2026-04-26T06:46:34+00:00,ACTIONED,MEDIUM,POLICY-v1
ALT-000085,CMP-000085,2026-01-25T19:26:28+00:00,ACKNOWLEDGED,HIGH,POLICY-v1
ALT-000086,CMP-000086,2026-05-07T17:10:08+00:00,ACTIONED,HIGH,POLICY-v1
ALT-000087,CMP-000087,2026-05-08T18:31:35+00:00,EXPIRED,HIGH,POLICY-v1
ALT-000088,CMP-000088,2026-02-20T22:02:54+00:00,ACTIONED,LOW,POLICY-v1
ALT-000089,CMP-000089,2026-06-28T14:47:22+00:00,ACTIONED,LOW,POLICY-v1
ALT-000090,CMP-000090,2026-02-05T18:50:25+00:00,EXPIRED,HIGH,POLICY-v1
ALT-000091,CMP-000091,2026-06-09T15:52:13+00:00,ACTIONED,LOW,POLICY-v1
ALT-000092,CMP-000092,2026-06-16T13:02:22+00:00,ACTIONED,MEDIUM,POLICY-v1
ALT-000093,CMP-000093,2026-02-06T06:50:46+00:00,ACKNOWLEDGED,MEDIUM,POLICY-v1
ALT-000094,CMP-000094,2026-01-28T19:24:18+00:00,ACKNOWLEDGED,MEDIUM,POLICY-v1
ALT-000095,CMP-000095,2026-04-07T02:29:18+00:00,ACKNOWLEDGED,HIGH,POLICY-v1
ALT-000096,CMP-000096,2026-04-13T13:59:46+00:00,PENDING,HIGH,POLICY-v1
ALT-000097,CMP-000097,2026-06-05T18:38:43+00:00,ACTIONED,LOW,POLICY-v1
ALT-000098,CMP-000098,2026-04-27T00:50:50+00:00,ACTIONED,HIGH,POLICY-v1
ALT-000099,CMP-000099,2026-03-09T17:47:19+00:00,PENDING,HIGH,POLICY-v1
ALT-000100,CMP-000100,2026-01-17T02:00:22+00:00,ACTIONED,MEDIUM,POLICY-v1
ALT-000101,CMP-000101,2026-01-01T03:52:51+00:00,EXPIRED,HIGH,POLICY-v1
ALT-000102,CMP-000102,2026-02-10T13:03:41+00:00,EXPIRED,HIGH,POLICY-v1
ALT-000103,CMP-000103,2026-06-02T15:02:50+00:00,ACTIONED,LOW,POLICY-v1
ALT-000104,CMP-000104,2026-03-24T17:38:45+00:00,PENDING,HIGH,POLICY-v1
ALT-000105,CMP-000105,2026-05-19T09:46:13+00:00,EXPIRED,LOW,POLICY-v1
ALT-000106,CMP-000106,2026-05-10T15:29:53+00:00,ACTIONED,MEDIUM,POLICY-v1
ALT-000107,CMP-000107,2026-06-13T13:20:27+00:00,PENDING,LOW,POLICY-v1
ALT-000108,CMP-000108,2026-06-29T08:45:09+00:00,ACTIONED,MEDIUM,POLICY-v1
ALT-000109,CMP-000109,2026-04-09T03:24:05+00:00,ACTIONED,LOW,POLICY-v1
ALT-000110,CMP-000110,2026-06-01T21:51:16+00:00,ACKNOWLEDGED,HIGH,POLICY-v1
ALT-000111,CMP-000111,2026-06-22T07:43:32+00:00,ACTIONED,HIGH,POLICY-v1
ALT-000112,CMP-000112,2026-05-04T07:34:28+00:00,ACTIONED,LOW,POLICY-v1
ALT-000113,CMP-000113,2026-01-15T04:48:18+00:00,ACTIONED,LOW,POLICY-v1
ALT-000114,CMP-000114,2026-02-25T18:24:40+00:00,PENDING,LOW,POLICY-v1
ALT-000115,CMP-000115,2026-03-29T00:32:37+00:00,ACKNOWLEDGED,MEDIUM,POLICY-v1
ALT-000116,CMP-000116,2026-04-26T21:23:13+00:00,ACTIONED,MEDIUM,POLICY-v1
ALT-000117,CMP-000117,2026-03-13T21:42:35+00:00,ACKNOWLEDGED,HIGH,POLICY-v1
ALT-000118,CMP-000118,2026-04-22T15:13:21+00:00,ACTIONED,MEDIUM,POLICY-v1
ALT-000119,CMP-000119,2026-03-03T05:02:52+00:00,ACTIONED,MEDIUM,POLICY-v1
ALT-000120,CMP-000120,2026-04-05T10:02:31+00:00,PENDING,MEDIUM,POLICY-v1
ALT-000121,CMP-000121,2026-01-30T13:56:42+00:00,PENDING,LOW,POLICY-v1
ALT-000122,CMP-000122,2026-01-08T00:39:28+00:00,ACTIONED,LOW,POLICY-v1
ALT-000123,CMP-000123,2026-03-16T10:54:57+00:00,ACTIONED,LOW,POLICY-v1
ALT-000124,CMP-000124,2026-02-25T12:15:32+00:00,ACTIONED,MEDIUM,POLICY-v1
ALT-000125,CMP-000125,2026-05-14T07:42:07+00:00,PENDING,LOW,POLICY-v1
ALT-000126,CMP-000126,2026-05-30T09:57:44+00:00,ACTIONED,HIGH,POLICY-v1
ALT-000127,CMP-000127,2026-04-17T19:11:07+00:00,ACKNOWLEDGED,HIGH,POLICY-v1
ALT-000128,CMP-000128,2026-01-30T04:19:35+00:00,EXPIRED,MEDIUM,POLICY-v1
ALT-000129,CMP-000129,2026-02-28T12:08:02+00:00,EXPIRED,MEDIUM,POLICY-v1
ALT-000130,CMP-000130,2026-02-15T19:26:13+00:00,ACTIONED,HIGH,POLICY-v1
ALT-000131,CMP-000131,2026-06-20T19:30:23+00:00,ACKNOWLEDGED,LOW,POLICY-v1
ALT-000132,CMP-000132,2026-06-13T06:04:18+00:00,ACTIONED,HIGH,POLICY-v1
ALT-000133,CMP-000133,2026-01-04T18:21:00+00:00,ACTIONED,HIGH,POLICY-v1
ALT-000134,CMP-000134,2026-05-19T20:18:38+00:00,ACTIONED,HIGH,POLICY-v1
ALT-000135,CMP-000135,2026-05-06T02:04:36+00:00,EXPIRED,LOW,POLICY-v1
ALT-000136,CMP-000136,2026-05-02T09:39:04+00:00,ACTIONED,HIGH,POLICY-v1
ALT-000137,CMP-000137,2026-06-15T20:09:38+00:00,ACTIONED,HIGH,POLICY-v1
ALT-000138,CMP-000138,2026-01-07T22:56:17+00:00,ACTIONED,HIGH,POLICY-v1
ALT-000139,CMP-000139,2026-06-12T22:13:44+00:00,ACTIONED,MEDIUM,POLICY-v1
ALT-000140,CMP-000140,2026-06-21T05:33:52+00:00,EXPIRED,LOW,POLICY-v1
ALT-000141,CMP-000141,2026-01-21T05:20:30+00:00,ACTIONED,MEDIUM,POLICY-v1
ALT-000142,CMP-000142,2026-04-06T17:00:03+00:00,EXPIRED,HIGH,POLICY-v1
ALT-000143,CMP-000143,2026-01-07T15:10:50+00:00,ACTIONED,HIGH,POLICY-v1
ALT-000144,CMP-000144,2026-06-29T21:37:23+00:00,ACTIONED,LOW,POLICY-v1
ALT-000145,CMP-000145,2026-03-15T16:35:11+00:00,ACTIONED,HIGH,POLICY-v1
ALT-000146,CMP-000146,2026-03-29T04:12:10+00:00,ACKNOWLEDGED,MEDIUM,POLICY-v1
ALT-000147,CMP-000147,2026-06-28T03:14:54+00:00,EXPIRED,MEDIUM,POLICY-v1
ALT-000148,CMP-000148,2026-02-24T02:18:51+00:00,PENDING,MEDIUM,POLICY-v1
ALT-000149,CMP-000149,2026-06-11T17:06:40+00:00,EXPIRED,MEDIUM,POLICY-v1
ALT-000150,CMP-000150,2026-06-16T01:06:22+00:00,PENDING,LOW,POLICY-v1
ALT-000151,CMP-000151,2026-04-15T19:27:40+00:00,ACKNOWLEDGED,LOW,POLICY-v1
ALT-000152,CMP-000152,2026-05-16T21:59:23+00:00,EXPIRED,HIGH,POLICY-v1
ALT-000153,CMP-000153,2026-01-16T17:14:54+00:00,ACTIONED,LOW,POLICY-v1
ALT-000154,CMP-000154,2026-02-15T08:34:56+00:00,ACKNOWLEDGED,HIGH,POLICY-v1
ALT-000155,CMP-000155,2026-06-18T01:27:21+00:00,ACTIONED,HIGH,POLICY-v1
ALT-000156,CMP-000156,2026-04-29T23:54:58+00:00,EXPIRED,LOW,POLICY-v1
ALT-000157,CMP-000157,2026-01-26T09:22:37+00:00,ACKNOWLEDGED,HIGH,POLICY-v1
ALT-000158,CMP-000158,2026-05-21T08:35:39+00:00,EXPIRED,HIGH,POLICY-v1
ALT-000159,CMP-000159,2026-05-03T04:04:47+00:00,PENDING,HIGH,POLICY-v1
ALT-000160,CMP-000160,2026-05-20T17:17:45+00:00,ACKNOWLEDGED,MEDIUM,POLICY-v1
ALT-000161,CMP-000161,2026-03-01T21:21:33+00:00,EXPIRED,LOW,POLICY-v1
ALT-000162,CMP-000162,2026-05-28T13:14:28+00:00,ACKNOWLEDGED,LOW,POLICY-v1
ALT-000163,CMP-000163,2026-06-23T08:52:30+00:00,ACTIONED,MEDIUM,POLICY-v1
ALT-000164,CMP-000164,2026-03-23T17:45:37+00:00,ACKNOWLEDGED,MEDIUM,POLICY-v1
ALT-000165,CMP-000165,2026-03-14T06:08:06+00:00,ACTIONED,LOW,POLICY-v1
ALT-000166,CMP-000166,2026-05-14T14:40:25+00:00,EXPIRED,HIGH,POLICY-v1
ALT-000167,CMP-000167,2026-05-02T10:24:13+00:00,ACTIONED,LOW,POLICY-v1
ALT-000168,CMP-000168,2026-03-09T15:20:36+00:00,ACTIONED,MEDIUM,POLICY-v1
ALT-000169,CMP-000169,2026-05-29T14:33:27+00:00,ACTIONED,HIGH,POLICY-v1
ALT-000170,CMP-000170,2026-06-15T21:21:08+00:00,PENDING,HIGH,POLICY-v1
ALT-000171,CMP-000171,2026-01-08T13:17:58+00:00,PENDING,HIGH,POLICY-v1
ALT-000172,CMP-000172,2026-05-20T12:53:52+00:00,ACTIONED,HIGH,POLICY-v1
ALT-000173,CMP-000173,2026-05-15T10:37:07+00:00,ACKNOWLEDGED,LOW,POLICY-v1
ALT-000174,CMP-000174,2026-05-24T04:10:39+00:00,EXPIRED,HIGH,POLICY-v1
ALT-000175,CMP-000175,2026-01-19T02:08:54+00:00,ACTIONED,LOW,POLICY-v1
ALT-000176,CMP-000176,2026-02-22T21:04:10+00:00,ACTIONED,HIGH,POLICY-v1
ALT-000177,CMP-000177,2026-01-06T01:17:46+00:00,ACTIONED,LOW,POLICY-v1
ALT-000178,CMP-000178,2026-03-21T06:16:23+00:00,ACKNOWLEDGED,LOW,POLICY-v1
ALT-000179,CMP-000179,2026-05-11T15:06:39+00:00,ACTIONED,HIGH,POLICY-v1
ALT-000180,CMP-000180,2026-04-03T12:27:39+00:00,ACKNOWLEDGED,MEDIUM,POLICY-v1
ALT-000181,CMP-000181,2026-01-22T20:50:48+00:00,PENDING,MEDIUM,POLICY-v1
ALT-000182,CMP-000182,2026-06-11T08:00:57+00:00,EXPIRED,HIGH,POLICY-v1
ALT-000183,CMP-000183,2026-02-16T15:04:08+00:00,EXPIRED,HIGH,POLICY-v1
ALT-000184,CMP-000184,2026-03-30T19:28:17+00:00,ACKNOWLEDGED,MEDIUM,POLICY-v1
ALT-000185,CMP-000185,2026-03-05T13:07:20+00:00,ACTIONED,MEDIUM,POLICY-v1
ALT-000186,CMP-000186,2026-04-15T06:07:40+00:00,ACKNOWLEDGED,LOW,POLICY-v1
ALT-000187,CMP-000187,2026-04-01T01:17:52+00:00,ACTIONED,MEDIUM,POLICY-v1
ALT-000188,CMP-000188,2026-03-05T17:09:29+00:00,ACKNOWLEDGED,LOW,POLICY-v1
ALT-000189,CMP-000189,2026-01-14T20:59:06+00:00,EXPIRED,HIGH,POLICY-v1
ALT-000190,CMP-000190,2026-06-07T17:39:19+00:00,ACTIONED,HIGH,POLICY-v1
ALT-000191,CMP-000191,2026-03-28T20:39:07+00:00,EXPIRED,HIGH,POLICY-v1
ALT-000192,CMP-000192,2026-03-18T15:28:35+00:00,ACTIONED,MEDIUM,POLICY-v1
ALT-000193,CMP-000193,2026-02-09T18:32:08+00:00,ACTIONED,LOW,POLICY-v1
ALT-000194,CMP-000194,2026-05-20T09:20:42+00:00,PENDING,HIGH,POLICY-v1
ALT-000195,CMP-000195,2026-02-09T14:10:28+00:00,ACTIONED,HIGH,POLICY-v1
ALT-000196,CMP-000196,2026-02-10T00:04:46+00:00,ACTIONED,HIGH,POLICY-v1
ALT-000197,CMP-000197,2026-05-01T04:31:37+00:00,ACTIONED,MEDIUM,POLICY-v1
ALT-000198,CMP-000198,2026-04-14T15:09:47+00:00,ACKNOWLEDGED,MEDIUM,POLICY-v1
ALT-000199,CMP-000199,2026-01-09T08:42:10+00:00,ACTIONED,MEDIUM,POLICY-v1
ALT-000200,CMP-000200,2026-06-08T11:19:51+00:00,ACKNOWLEDGED,MEDIUM,POLICY-v1
ALT-000201,CMP-000201,2026-03-08T21:18:00+00:00,ACTIONED,HIGH,POLICY-v1
ALT-000202,CMP-000202,2026-02-13T03:28:20+00:00,ACKNOWLEDGED,LOW,POLICY-v1
ALT-000203,CMP-000203,2026-06-29T19:07:28+00:00,ACTIONED,HIGH,POLICY-v1
ALT-000204,CMP-000204,2026-04-04T23:35:44+00:00,ACTIONED,HIGH,POLICY-v1
ALT-000205,CMP-000205,2026-02-03T10:30:32+00:00,ACTIONED,MEDIUM,POLICY-v1
ALT-000206,CMP-000206,2026-04-29T22:40:46+00:00,PENDING,MEDIUM,POLICY-v1
ALT-000207,CMP-000207,2026-05-03T21:59:24+00:00,ACTIONED,HIGH,POLICY-v1
ALT-000208,CMP-000208,2026-05-18T15:13:32+00:00,EXPIRED,LOW,POLICY-v1
ALT-000209,CMP-000209,2026-06-05T22:29:05+00:00,ACKNOWLEDGED,HIGH,POLICY-v1
ALT-000210,CMP-000210,2026-03-28T08:03:30+00:00,ACTIONED,MEDIUM,POLICY-v1
ALT-000211,CMP-000211,2026-04-24T18:31:25+00:00,ACKNOWLEDGED,MEDIUM,POLICY-v1
ALT-000212,CMP-000212,2026-04-11T02:14:23+00:00,ACTIONED,HIGH,POLICY-v1
ALT-000213,CMP-000213,2026-05-22T13:49:25+00:00,EXPIRED,HIGH,POLICY-v1
ALT-000214,CMP-000214,2026-04-17T11:53:56+00:00,ACKNOWLEDGED,LOW,POLICY-v1
ALT-000215,CMP-000215,2026-05-30T17:04:21+00:00,ACKNOWLEDGED,MEDIUM,POLICY-v1
ALT-000216,CMP-000216,2026-02-20T13:02:38+00:00,ACTIONED,MEDIUM,POLICY-v1
ALT-000217,CMP-000217,2026-02-28T13:47:50+00:00,EXPIRED,LOW,POLICY-v1
ALT-000218,CMP-000218,2026-05-01T18:07:23+00:00,ACTIONED,HIGH,POLICY-v1
ALT-000219,CMP-000219,2026-03-14T17:21:33+00:00,ACKNOWLEDGED,LOW,POLICY-v1
ALT-000220,CMP-000220,2026-06-14T20:26:38+00:00,ACTIONED,HIGH,POLICY-v1
ALT-000221,CMP-000221,2026-05-12T18:15:28+00:00,ACTIONED,HIGH,POLICY-v1
ALT-000222,CMP-000222,2026-05-29T23:47:59+00:00,ACKNOWLEDGED,MEDIUM,POLICY-v1
ALT-000223,CMP-000223,2026-01-04T00:11:31+00:00,ACKNOWLEDGED,HIGH,POLICY-v1
ALT-000224,CMP-000224,2026-01-15T06:48:25+00:00,ACTIONED,HIGH,POLICY-v1
ALT-000225,CMP-000225,2026-02-15T19:52:25+00:00,ACKNOWLEDGED,HIGH,POLICY-v1
ALT-000226,CMP-000226,2026-06-11T05:27:39+00:00,EXPIRED,MEDIUM,POLICY-v1
ALT-000227,CMP-000227,2026-05-25T22:31:00+00:00,ACTIONED,LOW,POLICY-v1
ALT-000228,CMP-000228,2026-01-28T08:13:12+00:00,ACTIONED,HIGH,POLICY-v1
ALT-000229,CMP-000229,2026-05-25T19:17:02+00:00,ACTIONED,HIGH,POLICY-v1
ALT-000230,CMP-000230,2026-01-21T02:48:03+00:00,ACTIONED,LOW,POLICY-v1
ALT-000231,CMP-000231,2026-04-01T04:30:28+00:00,ACTIONED,LOW,POLICY-v1
ALT-000232,CMP-000232,2026-01-07T14:18:12+00:00,EXPIRED,HIGH,POLICY-v1
ALT-000233,CMP-000233,2026-01-18T01:54:48+00:00,PENDING,MEDIUM,POLICY-v1
ALT-000234,CMP-000234,2026-01-01T09:31:48+00:00,ACKNOWLEDGED,HIGH,POLICY-v1
ALT-000235,CMP-000235,2026-06-17T19:01:23+00:00,PENDING,MEDIUM,POLICY-v1
ALT-000236,CMP-000236,2026-03-03T18:31:09+00:00,EXPIRED,HIGH,POLICY-v1
ALT-000237,CMP-000237,2026-05-10T22:07:56+00:00,ACTIONED,LOW,POLICY-v1
ALT-000238,CMP-000238,2026-03-22T21:05:21+00:00,EXPIRED,HIGH,POLICY-v1
ALT-000239,CMP-000239,2026-05-13T14:28:24+00:00,PENDING,MEDIUM,POLICY-v1
ALT-000240,CMP-000240,2026-01-05T19:34:28+00:00,ACTIONED,HIGH,POLICY-v1
ALT-000241,CMP-000241,2026-06-13T13:42:37+00:00,PENDING,HIGH,POLICY-v1
ALT-000242,CMP-000242,2026-05-18T07:40:29+00:00,ACKNOWLEDGED,MEDIUM,POLICY-v1
ALT-000243,CMP-000243,2026-03-29T13:58:19+00:00,PENDING,HIGH,POLICY-v1
ALT-000244,CMP-000244,2026-02-01T21:55:55+00:00,ACKNOWLEDGED,HIGH,POLICY-v1
ALT-000245,CMP-000245,2026-04-23T01:36:37+00:00,EXPIRED,LOW,POLICY-v1
ALT-000246,CMP-000246,2026-04-24T14:54:29+00:00,PENDING,HIGH,POLICY-v1
ALT-000247,CMP-000247,2026-03-08T10:50:19+00:00,ACTIONED,HIGH,POLICY-v1
ALT-000248,CMP-000248,2026-06-27T07:00:44+00:00,ACKNOWLEDGED,MEDIUM,POLICY-v1
ALT-000249,CMP-000249,2026-06-09T03:00:07+00:00,ACTIONED,LOW,POLICY-v1
ALT-000250,CMP-000250,2026-04-23T07:23:41+00:00,ACTIONED,MEDIUM,POLICY-v1
ALT-000251,CMP-000251,2026-04-26T15:42:47+00:00,ACTIONED,MEDIUM,POLICY-v1
ALT-000252,CMP-000252,2026-02-16T12:27:12+00:00,ACTIONED,MEDIUM,POLICY-v1
ALT-000253,CMP-000253,2026-03-22T18:54:53+00:00,ACTIONED,MEDIUM,POLICY-v1
ALT-000254,CMP-000254,2026-01-12T11:55:06+00:00,EXPIRED,MEDIUM,POLICY-v1
ALT-000255,CMP-000255,2026-05-29T05:38:19+00:00,ACKNOWLEDGED,MEDIUM,POLICY-v1
ALT-000256,CMP-000256,2026-01-01T17:23:03+00:00,ACTIONED,LOW,POLICY-v1
ALT-000257,CMP-000257,2026-01-13T00:40:34+00:00,ACKNOWLEDGED,LOW,POLICY-v1
ALT-000258,CMP-000258,2026-06-18T06:00:18+00:00,PENDING,LOW,POLICY-v1
ALT-000259,CMP-000259,2026-01-02T19:32:50+00:00,PENDING,LOW,POLICY-v1
ALT-000260,CMP-000260,2026-05-11T06:39:47+00:00,ACTIONED,MEDIUM,POLICY-v1
ALT-000261,CMP-000261,2026-03-13T16:03:16+00:00,PENDING,LOW,POLICY-v1
ALT-000262,CMP-000262,2026-01-03T03:35:41+00:00,ACKNOWLEDGED,MEDIUM,POLICY-v1
ALT-000263,CMP-000263,2026-04-21T13:12:06+00:00,ACTIONED,MEDIUM,POLICY-v1
ALT-000264,CMP-000264,2026-03-13T14:47:37+00:00,EXPIRED,MEDIUM,POLICY-v1
ALT-000265,CMP-000265,2026-04-10T22:05:22+00:00,ACTIONED,MEDIUM,POLICY-v1
ALT-000266,CMP-000266,2026-03-15T14:40:44+00:00,ACKNOWLEDGED,HIGH,POLICY-v1
ALT-000267,CMP-000267,2026-06-21T12:35:05+00:00,ACKNOWLEDGED,HIGH,POLICY-v1
ALT-000268,CMP-000268,2026-04-18T17:20:43+00:00,ACTIONED,MEDIUM,POLICY-v1
ALT-000269,CMP-000269,2026-05-31T00:00:55+00:00,ACTIONED,HIGH,POLICY-v1
ALT-000270,CMP-000270,2026-02-27T21:46:02+00:00,ACTIONED,LOW,POLICY-v1
ALT-000271,CMP-000271,2026-05-01T19:05:34+00:00,ACTIONED,LOW,POLICY-v1
ALT-000272,CMP-000272,2026-05-28T11:46:43+00:00,ACTIONED,LOW,POLICY-v1
ALT-000273,CMP-000273,2026-06-14T08:09:50+00:00,ACTIONED,HIGH,POLICY-v1
ALT-000274,CMP-000274,2026-02-15T11:30:27+00:00,ACTIONED,LOW,POLICY-v1
ALT-000275,CMP-000275,2026-03-15T16:26:44+00:00,EXPIRED,HIGH,POLICY-v1
ALT-000276,CMP-000276,2026-06-16T02:59:29+00:00,PENDING,HIGH,POLICY-v1
ALT-000277,CMP-000277,2026-01-06T20:49:55+00:00,ACTIONED,LOW,POLICY-v1
ALT-000278,CMP-000278,2026-04-23T14:09:26+00:00,ACTIONED,MEDIUM,POLICY-v1
ALT-000279,CMP-000279,2026-01-01T11:35:26+00:00,ACKNOWLEDGED,MEDIUM,POLICY-v1
ALT-000280,CMP-000280,2026-01-30T21:15:24+00:00,ACTIONED,MEDIUM,POLICY-v1
ALT-000281,CMP-000281,2026-01-20T04:32:48+00:00,ACKNOWLEDGED,HIGH,POLICY-v1
ALT-000282,CMP-000282,2026-04-08T16:30:27+00:00,ACTIONED,LOW,POLICY-v1
ALT-000283,CMP-000283,2026-04-17T11:54:37+00:00,EXPIRED,HIGH,POLICY-v1
ALT-000284,CMP-000284,2026-05-12T10:49:47+00:00,ACKNOWLEDGED,LOW,POLICY-v1
ALT-000285,CMP-000285,2026-04-15T14:01:36+00:00,ACTIONED,HIGH,POLICY-v1
ALT-000286,CMP-000286,2026-03-18T23:42:42+00:00,ACTIONED,MEDIUM,POLICY-v1
ALT-000287,CMP-000287,2026-04-06T20:31:01+00:00,ACKNOWLEDGED,MEDIUM,POLICY-v1
ALT-000288,CMP-000288,2026-02-12T17:26:25+00:00,PENDING,LOW,POLICY-v1
ALT-000289,CMP-000289,2026-01-31T17:59:39+00:00,ACKNOWLEDGED,HIGH,POLICY-v1
ALT-000290,CMP-000290,2026-05-01T17:00:15+00:00,EXPIRED,MEDIUM,POLICY-v1
ALT-000291,CMP-000291,2026-01-17T05:49:38+00:00,EXPIRED,LOW,POLICY-v1
ALT-000292,CMP-000292,2026-01-24T03:55:21+00:00,ACTIONED,LOW,POLICY-v1
ALT-000293,CMP-000293,2026-03-14T18:06:06+00:00,ACTIONED,LOW,POLICY-v1
ALT-000294,CMP-000294,2026-04-02T06:20:30+00:00,ACTIONED,MEDIUM,POLICY-v1
ALT-000295,CMP-000295,2026-01-23T06:42:23+00:00,ACTIONED,LOW,POLICY-v1
ALT-000296,CMP-000296,2026-04-09T08:51:03+00:00,ACTIONED,HIGH,POLICY-v1
ALT-000297,CMP-000297,2026-03-30T14:47:12+00:00,ACTIONED,HIGH,POLICY-v1
ALT-000298,CMP-000298,2026-06-10T03:57:42+00:00,ACTIONED,LOW,POLICY-v1
ALT-000299,CMP-000299,2026-05-19T01:34:59+00:00,ACTIONED,HIGH,POLICY-v1
ALT-000300,CMP-000300,2026-04-28T03:57:44+00:00,ACKNOWLEDGED,MEDIUM,POLICY-v1
ALT-000301,CMP-000301,2026-05-28T18:49:24+00:00,ACKNOWLEDGED,LOW,POLICY-v1
ALT-000302,CMP-000302,2026-03-21T04:22:03+00:00,ACTIONED,MEDIUM,POLICY-v1
ALT-000303,CMP-000303,2026-06-15T16:42:21+00:00,ACTIONED,LOW,POLICY-v1
ALT-000304,CMP-000304,2026-04-27T14:51:00+00:00,EXPIRED,LOW,POLICY-v1
ALT-000305,CMP-000305,2026-04-17T11:28:24+00:00,ACTIONED,HIGH,POLICY-v1
ALT-000306,CMP-000306,2026-05-31T20:23:30+00:00,ACTIONED,LOW,POLICY-v1
ALT-000307,CMP-000307,2026-03-09T04:48:34+00:00,ACKNOWLEDGED,HIGH,POLICY-v1
ALT-000308,CMP-000308,2026-01-19T02:22:46+00:00,ACKNOWLEDGED,HIGH,POLICY-v1
ALT-000309,CMP-000309,2026-01-01T20:15:02+00:00,ACKNOWLEDGED,LOW,POLICY-v1
ALT-000310,CMP-000310,2026-01-17T13:01:33+00:00,ACTIONED,HIGH,POLICY-v1
ALT-000311,CMP-000311,2026-03-12T01:31:36+00:00,ACTIONED,LOW,POLICY-v1
ALT-000312,CMP-000312,2026-03-04T13:05:09+00:00,ACKNOWLEDGED,MEDIUM,POLICY-v1
ALT-000313,CMP-000313,2026-06-08T09:35:31+00:00,EXPIRED,LOW,POLICY-v1
ALT-000314,CMP-000314,2026-04-06T07:52:32+00:00,ACKNOWLEDGED,LOW,POLICY-v1
ALT-000315,CMP-000315,2026-03-18T04:10:33+00:00,ACTIONED,HIGH,POLICY-v1
ALT-000316,CMP-000316,2026-01-17T06:12:03+00:00,ACTIONED,HIGH,POLICY-v1
ALT-000317,CMP-000317,2026-02-04T12:57:09+00:00,EXPIRED,MEDIUM,POLICY-v1
ALT-000318,CMP-000318,2026-05-13T06:21:27+00:00,ACKNOWLEDGED,MEDIUM,POLICY-v1
ALT-000319,CMP-000319,2026-06-03T16:05:42+00:00,PENDING,MEDIUM,POLICY-v1
ALT-000320,CMP-000320,2026-06-10T06:59:32+00:00,ACTIONED,MEDIUM,POLICY-v1
ALT-000321,CMP-000321,2026-03-29T00:00:37+00:00,PENDING,LOW,POLICY-v1
ALT-000322,CMP-000322,2026-01-13T12:25:04+00:00,ACTIONED,MEDIUM,POLICY-v1
ALT-000323,CMP-000323,2026-06-11T03:18:08+00:00,EXPIRED,MEDIUM,POLICY-v1
ALT-000324,CMP-000324,2026-05-23T12:15:09+00:00,PENDING,LOW,POLICY-v1
ALT-000325,CMP-000325,2026-05-11T19:33:11+00:00,PENDING,LOW,POLICY-v1
ALT-000326,CMP-000326,2026-02-15T06:29:22+00:00,ACTIONED,MEDIUM,POLICY-v1
ALT-000327,CMP-000327,2026-03-06T17:21:26+00:00,ACKNOWLEDGED,LOW,POLICY-v1
ALT-000328,CMP-000328,2026-06-02T13:37:42+00:00,EXPIRED,LOW,POLICY-v1
ALT-000329,CMP-000329,2026-01-06T23:29:01+00:00,ACTIONED,MEDIUM,POLICY-v1
ALT-000330,CMP-000330,2026-01-19T16:53:04+00:00,EXPIRED,LOW,POLICY-v1
ALT-000331,CMP-000331,2026-03-26T12:33:27+00:00,ACKNOWLEDGED,LOW,POLICY-v1
ALT-000332,CMP-000332,2026-06-11T23:05:25+00:00,PENDING,MEDIUM,POLICY-v1
ALT-000333,CMP-000333,2026-01-12T04:56:03+00:00,ACTIONED,LOW,POLICY-v1
ALT-000334,CMP-000334,2026-03-14T19:46:19+00:00,PENDING,HIGH,POLICY-v1
ALT-000335,CMP-000335,2026-04-07T04:27:53+00:00,ACTIONED,LOW,POLICY-v1
ALT-000336,CMP-000336,2026-01-12T03:07:59+00:00,PENDING,LOW,POLICY-v1
ALT-000337,CMP-000337,2026-04-17T16:08:51+00:00,ACTIONED,HIGH,POLICY-v1
ALT-000338,CMP-000338,2026-05-02T12:23:14+00:00,ACTIONED,LOW,POLICY-v1
ALT-000339,CMP-000339,2026-06-25T22:35:36+00:00,EXPIRED,HIGH,POLICY-v1
ALT-000340,CMP-000340,2026-02-24T18:57:11+00:00,PENDING,MEDIUM,POLICY-v1
ALT-000341,CMP-000341,2026-06-12T11:34:40+00:00,EXPIRED,MEDIUM,POLICY-v1
ALT-000342,CMP-000342,2026-04-14T17:09:58+00:00,ACTIONED,HIGH,POLICY-v1
ALT-000343,CMP-000343,2026-04-02T20:52:48+00:00,ACTIONED,MEDIUM,POLICY-v1
ALT-000344,CMP-000344,2026-05-24T10:49:56+00:00,ACTIONED,MEDIUM,POLICY-v1
ALT-000345,CMP-000345,2026-04-05T21:40:11+00:00,EXPIRED,MEDIUM,POLICY-v1
ALT-000346,CMP-000346,2026-04-01T09:33:26+00:00,ACTIONED,MEDIUM,POLICY-v1
ALT-000347,CMP-000347,2026-01-12T06:02:36+00:00,PENDING,LOW,POLICY-v1
ALT-000348,CMP-000348,2026-02-08T14:00:49+00:00,ACTIONED,MEDIUM,POLICY-v1
ALT-000349,CMP-000349,2026-06-18T00:03:16+00:00,ACTIONED,LOW,POLICY-v1
ALT-000350,CMP-000350,2026-02-21T01:55:20+00:00,ACTIONED,HIGH,POLICY-v1
ALT-000351,CMP-000351,2026-06-01T22:55:03+00:00,ACTIONED,LOW,POLICY-v1
ALT-000352,CMP-000352,2026-01-06T05:52:15+00:00,EXPIRED,MEDIUM,POLICY-v1
ALT-000353,CMP-000353,2026-01-19T04:41:05+00:00,ACTIONED,MEDIUM,POLICY-v1
ALT-000354,CMP-000354,2026-01-09T18:50:18+00:00,ACTIONED,HIGH,POLICY-v1
ALT-000355,CMP-000355,2026-02-15T14:17:43+00:00,ACTIONED,MEDIUM,POLICY-v1
ALT-000356,CMP-000356,2026-02-11T19:09:56+00:00,ACTIONED,MEDIUM,POLICY-v1
ALT-000357,CMP-000357,2026-05-19T23:38:16+00:00,ACTIONED,MEDIUM,POLICY-v1
ALT-000358,CMP-000358,2026-06-02T15:11:17+00:00,ACTIONED,LOW,POLICY-v1
ALT-000359,CMP-000359,2026-06-19T01:05:33+00:00,ACTIONED,HIGH,POLICY-v1
ALT-000360,CMP-000360,2026-04-06T02:23:42+00:00,EXPIRED,LOW,POLICY-v1
ALT-000361,CMP-000361,2026-02-14T20:16:03+00:00,EXPIRED,HIGH,POLICY-v1
ALT-000362,CMP-000362,2026-06-08T15:48:11+00:00,PENDING,LOW,POLICY-v1
ALT-000363,CMP-000363,2026-05-13T20:32:39+00:00,ACKNOWLEDGED,LOW,POLICY-v1
ALT-000364,CMP-000364,2026-06-13T14:46:16+00:00,ACTIONED,HIGH,POLICY-v1
ALT-000365,CMP-000365,2026-03-15T02:56:26+00:00,ACKNOWLEDGED,HIGH,POLICY-v1
ALT-000366,CMP-000366,2026-03-05T16:03:35+00:00,EXPIRED,LOW,POLICY-v1
ALT-000367,CMP-000367,2026-02-08T22:14:17+00:00,ACTIONED,LOW,POLICY-v1
ALT-000368,CMP-000368,2026-03-19T07:08:22+00:00,ACTIONED,MEDIUM,POLICY-v1
ALT-000369,CMP-000369,2026-02-08T05:06:28+00:00,ACTIONED,LOW,POLICY-v1
ALT-000370,CMP-000370,2026-03-23T17:23:33+00:00,EXPIRED,HIGH,POLICY-v1
ALT-000371,CMP-000371,2026-06-25T05:19:37+00:00,ACTIONED,MEDIUM,POLICY-v1
ALT-000372,CMP-000372,2026-06-24T10:10:49+00:00,PENDING,HIGH,POLICY-v1
ALT-000373,CMP-000373,2026-05-17T15:46:44+00:00,ACTIONED,MEDIUM,POLICY-v1
ALT-000374,CMP-000374,2026-02-11T06:09:56+00:00,ACTIONED,HIGH,POLICY-v1
ALT-000375,CMP-000375,2026-05-29T13:59:50+00:00,ACTIONED,HIGH,POLICY-v1
ALT-000376,CMP-000376,2026-06-28T08:37:15+00:00,ACTIONED,LOW,POLICY-v1
ALT-000377,CMP-000377,2026-03-02T14:08:56+00:00,ACTIONED,HIGH,POLICY-v1
ALT-000378,CMP-000378,2026-02-04T05:47:27+00:00,EXPIRED,MEDIUM,POLICY-v1
ALT-000379,CMP-000379,2026-03-19T19:56:44+00:00,ACKNOWLEDGED,HIGH,POLICY-v1
ALT-000380,CMP-000380,2026-02-27T07:05:45+00:00,ACTIONED,HIGH,POLICY-v1
ALT-000381,CMP-000381,2026-05-14T10:11:48+00:00,ACTIONED,HIGH,POLICY-v1
ALT-000382,CMP-000382,2026-05-11T11:24:01+00:00,ACTIONED,HIGH,POLICY-v1
ALT-000383,CMP-000383,2026-05-02T11:04:21+00:00,ACTIONED,LOW,POLICY-v1
ALT-000384,CMP-000384,2026-06-14T23:53:55+00:00,ACTIONED,LOW,POLICY-v1
ALT-000385,CMP-000385,2026-06-19T19:47:06+00:00,ACTIONED,LOW,POLICY-v1
ALT-000386,CMP-000386,2026-04-20T08:52:27+00:00,ACKNOWLEDGED,LOW,POLICY-v1
ALT-000387,CMP-000387,2026-04-13T23:29:03+00:00,ACKNOWLEDGED,HIGH,POLICY-v1
ALT-000388,CMP-000388,2026-04-10T05:19:22+00:00,ACKNOWLEDGED,HIGH,POLICY-v1
ALT-000389,CMP-000389,2026-01-27T05:55:47+00:00,ACTIONED,LOW,POLICY-v1
ALT-000390,CMP-000390,2026-05-30T17:32:05+00:00,ACTIONED,LOW,POLICY-v1
ALT-000391,CMP-000391,2026-03-14T05:14:06+00:00,EXPIRED,MEDIUM,POLICY-v1
ALT-000392,CMP-000392,2026-05-05T23:01:20+00:00,PENDING,LOW,POLICY-v1
ALT-000393,CMP-000393,2026-02-20T03:22:20+00:00,ACTIONED,LOW,POLICY-v1
ALT-000394,CMP-000394,2026-06-15T02:29:32+00:00,ACTIONED,LOW,POLICY-v1
ALT-000395,CMP-000395,2026-04-25T23:37:15+00:00,PENDING,HIGH,POLICY-v1
ALT-000396,CMP-000396,2026-03-15T22:04:21+00:00,EXPIRED,LOW,POLICY-v1
ALT-000397,CMP-000397,2026-04-07T04:54:20+00:00,ACTIONED,MEDIUM,POLICY-v1
ALT-000398,CMP-000398,2026-02-28T11:53:45+00:00,ACKNOWLEDGED,LOW,POLICY-v1
ALT-000399,CMP-000399,2026-05-14T13:15:29+00:00,EXPIRED,HIGH,POLICY-v1
ALT-000400,CMP-000400,2026-05-21T07:45:27+00:00,PENDING,MEDIUM,POLICY-v1
ALT-000401,CMP-000401,2026-01-15T12:59:21+00:00,ACTIONED,HIGH,POLICY-v1
ALT-000402,CMP-000402,2026-06-22T08:54:24+00:00,PENDING,LOW,POLICY-v1
ALT-000403,CMP-000403,2026-02-25T23:23:59+00:00,ACKNOWLEDGED,LOW,POLICY-v1
ALT-000404,CMP-000404,2026-01-31T16:47:40+00:00,ACTIONED,LOW,POLICY-v1
ALT-000405,CMP-000405,2026-06-05T23:21:40+00:00,ACTIONED,MEDIUM,POLICY-v1
ALT-000406,CMP-000406,2026-06-09T18:54:51+00:00,ACKNOWLEDGED,HIGH,POLICY-v1
ALT-000407,CMP-000407,2026-03-20T13:18:45+00:00,ACTIONED,MEDIUM,POLICY-v1
ALT-000408,CMP-000408,2026-02-19T09:42:39+00:00,ACTIONED,MEDIUM,POLICY-v1
ALT-000409,CMP-000409,2026-02-14T15:53:29+00:00,ACTIONED,MEDIUM,POLICY-v1
ALT-000410,CMP-000410,2026-01-04T21:35:40+00:00,ACTIONED,HIGH,POLICY-v1
ALT-000411,CMP-000411,2026-05-05T14:48:07+00:00,ACKNOWLEDGED,LOW,POLICY-v1
ALT-000412,CMP-000412,2026-05-31T12:38:38+00:00,ACKNOWLEDGED,LOW,POLICY-v1
ALT-000413,CMP-000413,2026-02-19T21:04:18+00:00,EXPIRED,HIGH,POLICY-v1
ALT-000414,CMP-000414,2026-05-12T04:44:11+00:00,ACTIONED,MEDIUM,POLICY-v1
ALT-000415,CMP-000415,2026-01-15T22:58:03+00:00,ACKNOWLEDGED,MEDIUM,POLICY-v1
ALT-000416,CMP-000416,2026-04-21T21:53:41+00:00,ACTIONED,LOW,POLICY-v1
ALT-000417,CMP-000417,2026-03-04T10:36:10+00:00,PENDING,MEDIUM,POLICY-v1
ALT-000418,CMP-000418,2026-04-27T18:17:05+00:00,PENDING,HIGH,POLICY-v1
ALT-000419,CMP-000419,2026-06-21T17:18:43+00:00,PENDING,HIGH,POLICY-v1
ALT-000420,CMP-000420,2026-05-30T16:52:25+00:00,ACKNOWLEDGED,MEDIUM,POLICY-v1
ALT-000421,CMP-000421,2026-04-14T19:42:26+00:00,EXPIRED,MEDIUM,POLICY-v1
ALT-000422,CMP-000422,2026-01-26T03:02:30+00:00,ACTIONED,LOW,POLICY-v1
ALT-000423,CMP-000423,2026-04-22T15:18:27+00:00,ACKNOWLEDGED,LOW,POLICY-v1
ALT-000424,CMP-000424,2026-02-10T22:20:44+00:00,ACTIONED,MEDIUM,POLICY-v1
ALT-000425,CMP-000425,2026-06-15T19:06:34+00:00,EXPIRED,HIGH,POLICY-v1
ALT-000426,CMP-000426,2026-01-20T08:56:31+00:00,ACTIONED,MEDIUM,POLICY-v1
ALT-000427,CMP-000427,2026-03-31T10:36:01+00:00,PENDING,LOW,POLICY-v1
ALT-000428,CMP-000428,2026-01-02T02:38:43+00:00,ACTIONED,MEDIUM,POLICY-v1
ALT-000429,CMP-000429,2026-03-25T01:47:34+00:00,ACTIONED,LOW,POLICY-v1
ALT-000430,CMP-000430,2026-02-06T20:18:12+00:00,ACTIONED,MEDIUM,POLICY-v1
ALT-000431,CMP-000431,2026-03-30T10:12:23+00:00,EXPIRED,HIGH,POLICY-v1
ALT-000432,CMP-000432,2026-03-19T20:25:20+00:00,ACTIONED,LOW,POLICY-v1
ALT-000433,CMP-000433,2026-01-15T08:45:49+00:00,ACTIONED,LOW,POLICY-v1
ALT-000434,CMP-000434,2026-02-23T09:00:45+00:00,ACTIONED,LOW,POLICY-v1
ALT-000435,CMP-000435,2026-04-05T09:14:48+00:00,ACTIONED,MEDIUM,POLICY-v1
ALT-000436,CMP-000436,2026-01-21T15:59:54+00:00,ACTIONED,HIGH,POLICY-v1
ALT-000437,CMP-000437,2026-02-24T01:33:39+00:00,ACTIONED,HIGH,POLICY-v1
ALT-000438,CMP-000438,2026-06-01T13:17:43+00:00,ACTIONED,MEDIUM,POLICY-v1
ALT-000439,CMP-000439,2026-04-24T04:42:51+00:00,ACKNOWLEDGED,MEDIUM,POLICY-v1
ALT-000440,CMP-000440,2026-04-19T17:34:45+00:00,EXPIRED,HIGH,POLICY-v1
ALT-000441,CMP-000441,2026-04-29T14:53:15+00:00,ACKNOWLEDGED,LOW,POLICY-v1
ALT-000442,CMP-000442,2026-03-29T18:47:38+00:00,ACTIONED,LOW,POLICY-v1
ALT-000443,CMP-000443,2026-01-01T22:00:45+00:00,ACKNOWLEDGED,HIGH,POLICY-v1
ALT-000444,CMP-000444,2026-03-09T21:54:30+00:00,ACTIONED,LOW,POLICY-v1
ALT-000445,CMP-000445,2026-01-27T14:31:35+00:00,EXPIRED,MEDIUM,POLICY-v1
ALT-000446,CMP-000446,2026-04-27T14:02:33+00:00,ACTIONED,HIGH,POLICY-v1
ALT-000447,CMP-000447,2026-05-26T05:10:12+00:00,ACKNOWLEDGED,HIGH,POLICY-v1
ALT-000448,CMP-000448,2026-06-25T18:44:01+00:00,ACTIONED,MEDIUM,POLICY-v1
ALT-000449,CMP-000449,2026-02-11T01:05:01+00:00,PENDING,LOW,POLICY-v1
ALT-000450,CMP-000450,2026-01-11T10:24:03+00:00,ACTIONED,HIGH,POLICY-v1
ALT-000451,CMP-000451,2026-06-02T11:05:54+00:00,ACKNOWLEDGED,LOW,POLICY-v1
ALT-000452,CMP-000452,2026-05-27T19:54:25+00:00,ACTIONED,HIGH,POLICY-v1
ALT-000453,CMP-000453,2026-03-08T03:15:46+00:00,ACTIONED,MEDIUM,POLICY-v1
ALT-000454,CMP-000454,2026-06-06T19:36:10+00:00,PENDING,LOW,POLICY-v1
ALT-000455,CMP-000455,2026-03-03T12:15:38+00:00,PENDING,MEDIUM,POLICY-v1
ALT-000456,CMP-000456,2026-04-26T11:10:23+00:00,ACKNOWLEDGED,LOW,POLICY-v1
ALT-000457,CMP-000457,2026-05-19T15:52:38+00:00,ACTIONED,LOW,POLICY-v1
ALT-000458,CMP-000458,2026-02-23T17:26:34+00:00,EXPIRED,MEDIUM,POLICY-v1
ALT-000459,CMP-000459,2026-02-21T10:22:01+00:00,PENDING,HIGH,POLICY-v1
ALT-000460,CMP-000460,2026-05-26T12:45:24+00:00,PENDING,MEDIUM,POLICY-v1
ALT-000461,CMP-000461,2026-03-15T08:54:11+00:00,EXPIRED,LOW,POLICY-v1
ALT-000462,CMP-000462,2026-02-17T11:22:33+00:00,EXPIRED,LOW,POLICY-v1
ALT-000463,CMP-000463,2026-06-10T06:23:58+00:00,EXPIRED,MEDIUM,POLICY-v1
ALT-000464,CMP-000464,2026-06-10T21:39:01+00:00,EXPIRED,MEDIUM,POLICY-v1
ALT-000465,CMP-000465,2026-03-31T21:49:33+00:00,ACTIONED,MEDIUM,POLICY-v1
ALT-000466,CMP-000466,2026-01-26T07:52:40+00:00,ACTIONED,MEDIUM,POLICY-v1
ALT-000467,CMP-000467,2026-02-23T17:17:07+00:00,ACTIONED,LOW,POLICY-v1
ALT-000468,CMP-000468,2026-02-19T21:26:27+00:00,ACTIONED,LOW,POLICY-v1
ALT-000469,CMP-000469,2026-01-14T21:00:40+00:00,ACTIONED,MEDIUM,POLICY-v1
ALT-000470,CMP-000470,2026-06-10T23:32:19+00:00,ACKNOWLEDGED,HIGH,POLICY-v1
ALT-000471,CMP-000471,2026-05-14T19:52:13+00:00,ACKNOWLEDGED,LOW,POLICY-v1
ALT-000472,CMP-000472,2026-02-09T19:54:33+00:00,ACKNOWLEDGED,HIGH,POLICY-v1
ALT-000473,CMP-000473,2026-02-27T18:00:17+00:00,ACKNOWLEDGED,LOW,POLICY-v1
ALT-000474,CMP-000474,2026-04-26T02:32:25+00:00,ACTIONED,HIGH,POLICY-v1
ALT-000475,CMP-000475,2026-04-01T00:46:48+00:00,EXPIRED,MEDIUM,POLICY-v1
ALT-000476,CMP-000476,2026-05-09T21:52:35+00:00,PENDING,LOW,POLICY-v1
ALT-000477,CMP-000477,2026-05-15T12:47:11+00:00,PENDING,LOW,POLICY-v1
ALT-000478,CMP-000478,2026-05-16T21:12:41+00:00,ACTIONED,HIGH,POLICY-v1
ALT-000479,CMP-000479,2026-06-28T04:47:33+00:00,ACTIONED,LOW,POLICY-v1
ALT-000480,CMP-000480,2026-05-11T07:19:21+00:00,ACTIONED,HIGH,POLICY-v1
ALT-000481,CMP-000481,2026-04-29T01:47:23+00:00,ACKNOWLEDGED,HIGH,POLICY-v1
ALT-000482,CMP-000482,2026-04-16T00:40:38+00:00,ACKNOWLEDGED,MEDIUM,POLICY-v1
ALT-000483,CMP-000483,2026-01-15T13:49:53+00:00,ACKNOWLEDGED,MEDIUM,POLICY-v1
ALT-000484,CMP-000484,2026-02-17T02:03:10+00:00,EXPIRED,HIGH,POLICY-v1
ALT-000485,CMP-000485,2026-06-01T06:19:04+00:00,ACTIONED,LOW,POLICY-v1
ALT-000486,CMP-000486,2026-01-20T13:46:25+00:00,ACTIONED,HIGH,POLICY-v1
ALT-000487,CMP-000487,2026-06-11T16:56:51+00:00,EXPIRED,MEDIUM,POLICY-v1
ALT-000488,CMP-000488,2026-05-08T17:25:06+00:00,PENDING,LOW,POLICY-v1
ALT-000489,CMP-000489,2026-02-16T11:26:12+00:00,ACTIONED,LOW,POLICY-v1
ALT-000490,CMP-000490,2026-05-16T13:55:13+00:00,ACTIONED,MEDIUM,POLICY-v1
ALT-000491,CMP-000491,2026-05-09T18:49:07+00:00,ACTIONED,LOW,POLICY-v1
ALT-000492,CMP-000492,2026-02-12T07:01:43+00:00,EXPIRED,HIGH,POLICY-v1
ALT-000493,CMP-000493,2026-04-08T01:58:11+00:00,ACKNOWLEDGED,LOW,POLICY-v1
ALT-000494,CMP-000494,2026-04-03T12:04:32+00:00,ACKNOWLEDGED,HIGH,POLICY-v1
ALT-000495,CMP-000495,2026-06-22T09:13:17+00:00,EXPIRED,LOW,POLICY-v1
ALT-000496,CMP-000496,2026-05-15T01:53:14+00:00,ACTIONED,MEDIUM,POLICY-v1
ALT-000497,CMP-000497,2026-06-23T09:03:31+00:00,ACTIONED,MEDIUM,POLICY-v1
ALT-000498,CMP-000498,2026-06-17T10:57:03+00:00,EXPIRED,MEDIUM,POLICY-v1
ALT-000499,CMP-000499,2026-02-22T22:56:43+00:00,ACTIONED,LOW,POLICY-v1
ALT-000500,CMP-000500,2026-03-01T16:19:33+00:00,ACTIONED,MEDIUM,POLICY-v1
ALT-000501,CMP-000501,2026-01-16T05:46:46+00:00,ACKNOWLEDGED,HIGH,POLICY-v1
ALT-000502,CMP-000502,2026-01-13T02:51:37+00:00,ACTIONED,LOW,POLICY-v1
ALT-000503,CMP-000503,2026-05-02T23:51:21+00:00,ACTIONED,MEDIUM,POLICY-v1
ALT-000504,CMP-000504,2026-05-02T09:30:47+00:00,ACTIONED,HIGH,POLICY-v1
ALT-000505,CMP-000505,2026-04-09T04:33:48+00:00,ACTIONED,HIGH,POLICY-v1
ALT-000506,CMP-000506,2026-05-20T23:01:15+00:00,EXPIRED,MEDIUM,POLICY-v1
ALT-000507,CMP-000507,2026-06-18T22:01:19+00:00,ACKNOWLEDGED,MEDIUM,POLICY-v1
ALT-000508,CMP-000508,2026-01-24T07:22:26+00:00,ACTIONED,HIGH,POLICY-v1
ALT-000509,CMP-000509,2026-01-30T15:57:12+00:00,ACKNOWLEDGED,HIGH,POLICY-v1
ALT-000510,CMP-000510,2026-03-17T06:43:05+00:00,PENDING,HIGH,POLICY-v1
ALT-000511,CMP-000511,2026-04-12T09:29:45+00:00,ACTIONED,MEDIUM,POLICY-v1
ALT-000512,CMP-000512,2026-02-17T09:39:49+00:00,EXPIRED,LOW,POLICY-v1
ALT-000513,CMP-000513,2026-02-20T02:59:03+00:00,ACTIONED,LOW,POLICY-v1
ALT-000514,CMP-000514,2026-05-02T07:17:21+00:00,ACTIONED,MEDIUM,POLICY-v1
ALT-000515,CMP-000515,2026-02-23T17:08:34+00:00,EXPIRED,MEDIUM,POLICY-v1
ALT-000516,CMP-000516,2026-04-21T05:57:38+00:00,ACTIONED,HIGH,POLICY-v1
ALT-000517,CMP-000517,2026-01-29T22:42:55+00:00,ACTIONED,MEDIUM,POLICY-v1
ALT-000518,CMP-000518,2026-04-19T08:38:17+00:00,PENDING,LOW,POLICY-v1
ALT-000519,CMP-000519,2026-04-08T16:58:17+00:00,ACTIONED,MEDIUM,POLICY-v1
ALT-000520,CMP-000520,2026-03-05T16:51:00+00:00,EXPIRED,LOW,POLICY-v1
ALT-000521,CMP-000521,2026-04-26T03:18:38+00:00,EXPIRED,HIGH,POLICY-v1
ALT-000522,CMP-000522,2026-06-14T00:46:41+00:00,ACKNOWLEDGED,LOW,POLICY-v1
ALT-000523,CMP-000523,2026-04-13T09:43:53+00:00,ACKNOWLEDGED,HIGH,POLICY-v1
ALT-000524,CMP-000524,2026-06-09T04:45:35+00:00,ACTIONED,HIGH,POLICY-v1
ALT-000525,CMP-000525,2026-06-16T17:53:01+00:00,ACTIONED,HIGH,POLICY-v1
ALT-000526,CMP-000526,2026-05-22T06:28:01+00:00,ACTIONED,HIGH,POLICY-v1
ALT-000527,CMP-000527,2026-04-16T09:22:40+00:00,ACKNOWLEDGED,HIGH,POLICY-v1
ALT-000528,CMP-000528,2026-04-08T12:30:53+00:00,ACTIONED,HIGH,POLICY-v1
ALT-000529,CMP-000529,2026-01-07T01:34:04+00:00,PENDING,LOW,POLICY-v1
ALT-000530,CMP-000530,2026-05-11T17:16:59+00:00,ACTIONED,HIGH,POLICY-v1
ALT-000531,CMP-000531,2026-03-17T21:02:43+00:00,PENDING,HIGH,POLICY-v1
ALT-000532,CMP-000532,2026-02-27T05:41:43+00:00,PENDING,HIGH,POLICY-v1
ALT-000533,CMP-000533,2026-06-20T07:29:25+00:00,PENDING,HIGH,POLICY-v1
ALT-000534,CMP-000534,2026-02-01T16:24:08+00:00,EXPIRED,LOW,POLICY-v1
ALT-000535,CMP-000535,2026-06-10T05:06:51+00:00,ACKNOWLEDGED,HIGH,POLICY-v1
ALT-000536,CMP-000536,2026-02-07T12:51:32+00:00,ACTIONED,LOW,POLICY-v1
ALT-000537,CMP-000537,2026-01-28T02:14:38+00:00,PENDING,LOW,POLICY-v1
ALT-000538,CMP-000538,2026-03-10T18:11:12+00:00,ACKNOWLEDGED,MEDIUM,POLICY-v1
ALT-000539,CMP-000539,2026-02-05T10:51:57+00:00,ACTIONED,LOW,POLICY-v1
ALT-000540,CMP-000540,2026-04-12T10:16:13+00:00,ACTIONED,HIGH,POLICY-v1
ALT-000541,CMP-000541,2026-02-28T08:02:35+00:00,ACTIONED,MEDIUM,POLICY-v1
ALT-000542,CMP-000542,2026-05-24T11:28:46+00:00,ACTIONED,HIGH,POLICY-v1
ALT-000543,CMP-000543,2026-01-18T02:39:51+00:00,ACKNOWLEDGED,LOW,POLICY-v1
ALT-000544,CMP-000544,2026-02-06T12:47:22+00:00,ACKNOWLEDGED,MEDIUM,POLICY-v1
ALT-000545,CMP-000545,2026-02-10T22:50:45+00:00,ACTIONED,LOW,POLICY-v1
ALT-000546,CMP-000546,2026-02-25T01:08:11+00:00,ACTIONED,LOW,POLICY-v1
ALT-000547,CMP-000547,2026-02-01T20:52:27+00:00,ACTIONED,HIGH,POLICY-v1
ALT-000548,CMP-000548,2026-02-06T02:55:25+00:00,ACTIONED,MEDIUM,POLICY-v1
ALT-000549,CMP-000549,2026-04-22T18:43:06+00:00,ACTIONED,HIGH,POLICY-v1
ALT-000550,CMP-000550,2026-01-27T13:13:17+00:00,EXPIRED,LOW,POLICY-v1
ALT-000551,CMP-000551,2026-03-21T10:33:57+00:00,PENDING,LOW,POLICY-v1
ALT-000552,CMP-000552,2026-02-09T21:32:56+00:00,ACTIONED,MEDIUM,POLICY-v1
ALT-000553,CMP-000553,2026-05-04T23:43:50+00:00,ACTIONED,MEDIUM,POLICY-v1
ALT-000554,CMP-000554,2026-06-14T10:13:16+00:00,ACKNOWLEDGED,HIGH,POLICY-v1
ALT-000555,CMP-000555,2026-06-22T16:44:02+00:00,ACTIONED,LOW,POLICY-v1
ALT-000556,CMP-000556,2026-05-07T23:37:33+00:00,ACKNOWLEDGED,MEDIUM,POLICY-v1
ALT-000557,CMP-000557,2026-06-11T01:49:54+00:00,ACTIONED,HIGH,POLICY-v1
ALT-000558,CMP-000558,2026-05-06T19:33:28+00:00,ACTIONED,MEDIUM,POLICY-v1
ALT-000559,CMP-000559,2026-01-23T20:20:00+00:00,PENDING,MEDIUM,POLICY-v1
ALT-000560,CMP-000560,2026-06-06T20:43:07+00:00,ACTIONED,LOW,POLICY-v1
ALT-000561,CMP-000561,2026-03-07T13:53:28+00:00,EXPIRED,LOW,POLICY-v1
ALT-000562,CMP-000562,2026-03-29T22:50:54+00:00,ACTIONED,MEDIUM,POLICY-v1
ALT-000563,CMP-000563,2026-02-17T15:21:44+00:00,PENDING,LOW,POLICY-v1
ALT-000564,CMP-000564,2026-05-31T08:47:23+00:00,ACTIONED,LOW,POLICY-v1
ALT-000565,CMP-000565,2026-06-10T13:07:57+00:00,ACTIONED,LOW,POLICY-v1
ALT-000566,CMP-000566,2026-06-21T09:29:01+00:00,ACTIONED,LOW,POLICY-v1
ALT-000567,CMP-000567,2026-01-01T16:39:46+00:00,ACTIONED,LOW,POLICY-v1
ALT-000568,CMP-000568,2026-01-19T09:18:32+00:00,ACTIONED,HIGH,POLICY-v1
ALT-000569,CMP-000569,2026-04-18T17:37:41+00:00,ACTIONED,MEDIUM,POLICY-v1
ALT-000570,CMP-000570,2026-06-04T04:11:48+00:00,EXPIRED,LOW,POLICY-v1
ALT-000571,CMP-000571,2026-05-23T13:39:43+00:00,ACTIONED,MEDIUM,POLICY-v1
ALT-000572,CMP-000572,2026-06-08T02:19:23+00:00,ACTIONED,MEDIUM,POLICY-v1
ALT-000573,CMP-000573,2026-03-17T06:46:28+00:00,ACKNOWLEDGED,LOW,POLICY-v1
ALT-000574,CMP-000574,2026-03-15T23:03:40+00:00,ACTIONED,MEDIUM,POLICY-v1
ALT-000575,CMP-000575,2026-03-23T20:46:47+00:00,ACKNOWLEDGED,HIGH,POLICY-v1
ALT-000576,CMP-000576,2026-06-27T23:09:01+00:00,ACKNOWLEDGED,HIGH,POLICY-v1
ALT-000577,CMP-000577,2026-04-30T05:05:04+00:00,PENDING,LOW,POLICY-v1
ALT-000578,CMP-000578,2026-03-06T16:52:16+00:00,ACKNOWLEDGED,MEDIUM,POLICY-v1
ALT-000579,CMP-000579,2026-02-19T04:27:50+00:00,EXPIRED,MEDIUM,POLICY-v1
ALT-000580,CMP-000580,2026-05-02T04:41:16+00:00,ACTIONED,MEDIUM,POLICY-v1
ALT-000581,CMP-000581,2026-01-04T12:35:22+00:00,ACTIONED,LOW,POLICY-v1
ALT-000582,CMP-000582,2026-06-19T01:49:05+00:00,PENDING,LOW,POLICY-v1
ALT-000583,CMP-000583,2026-06-27T14:20:53+00:00,ACTIONED,LOW,POLICY-v1
ALT-000584,CMP-000584,2026-05-04T01:25:34+00:00,EXPIRED,MEDIUM,POLICY-v1
ALT-000585,CMP-000585,2026-01-09T18:36:44+00:00,ACTIONED,HIGH,POLICY-v1
ALT-000586,CMP-000586,2026-05-13T03:12:22+00:00,ACTIONED,LOW,POLICY-v1
ALT-000587,CMP-000587,2026-01-23T10:45:25+00:00,ACKNOWLEDGED,LOW,POLICY-v1
ALT-000588,CMP-000588,2026-05-28T15:00:25+00:00,ACTIONED,HIGH,POLICY-v1
ALT-000589,CMP-000589,2026-01-16T20:23:21+00:00,ACTIONED,HIGH,POLICY-v1
ALT-000590,CMP-000590,2026-02-25T23:56:23+00:00,ACKNOWLEDGED,HIGH,POLICY-v1
ALT-000591,CMP-000591,2026-05-09T19:06:26+00:00,ACTIONED,LOW,POLICY-v1
ALT-000592,CMP-000592,2026-06-04T04:15:15+00:00,ACKNOWLEDGED,MEDIUM,POLICY-v1
ALT-000593,CMP-000593,2026-04-03T22:28:26+00:00,ACTIONED,LOW,POLICY-v1
ALT-000594,CMP-000594,2026-02-16T06:38:34+00:00,ACTIONED,HIGH,POLICY-v1
ALT-000595,CMP-000595,2026-01-08T03:44:32+00:00,ACKNOWLEDGED,LOW,POLICY-v1
ALT-000596,CMP-000596,2026-04-04T22:52:28+00:00,ACTIONED,LOW,POLICY-v1
ALT-000597,CMP-000597,2026-06-23T13:54:09+00:00,ACKNOWLEDGED,LOW,POLICY-v1
ALT-000598,CMP-000598,2026-06-28T01:36:47+00:00,ACTIONED,MEDIUM,POLICY-v1
ALT-000599,CMP-000599,2026-02-04T13:08:15+00:00,ACKNOWLEDGED,HIGH,POLICY-v1
ALT-000600,CMP-000600,2026-05-25T04:35:24+00:00,PENDING,MEDIUM,POLICY-v1
ALT-000601,CMP-000601,2026-05-28T14:52:47+00:00,ACTIONED,LOW,POLICY-v1
ALT-000602,CMP-000602,2026-01-13T14:46:10+00:00,ACTIONED,LOW,POLICY-v1
ALT-000603,CMP-000603,2026-03-18T10:36:49+00:00,ACTIONED,HIGH,POLICY-v1
ALT-000604,CMP-000604,2026-04-15T10:48:02+00:00,ACTIONED,MEDIUM,POLICY-v1
ALT-000605,CMP-000605,2026-04-14T02:31:29+00:00,ACTIONED,LOW,POLICY-v1
ALT-000606,CMP-000606,2026-04-02T15:50:54+00:00,EXPIRED,HIGH,POLICY-v1
ALT-000607,CMP-000607,2026-04-19T10:56:15+00:00,ACKNOWLEDGED,MEDIUM,POLICY-v1
ALT-000608,CMP-000608,2026-02-24T20:56:03+00:00,ACTIONED,HIGH,POLICY-v1
ALT-000609,CMP-000609,2026-04-18T21:29:04+00:00,ACTIONED,LOW,POLICY-v1
ALT-000610,CMP-000610,2026-06-22T03:50:59+00:00,ACTIONED,HIGH,POLICY-v1
ALT-000611,CMP-000611,2026-03-02T20:08:11+00:00,ACKNOWLEDGED,MEDIUM,POLICY-v1
ALT-000612,CMP-000612,2026-03-28T07:34:13+00:00,ACTIONED,HIGH,POLICY-v1
ALT-000613,CMP-000613,2026-02-06T02:01:06+00:00,ACTIONED,LOW,POLICY-v1
ALT-000614,CMP-000614,2026-03-19T01:25:41+00:00,ACKNOWLEDGED,LOW,POLICY-v1
ALT-000615,CMP-000615,2026-03-08T12:19:54+00:00,PENDING,HIGH,POLICY-v1
ALT-000616,CMP-000616,2026-04-18T06:43:29+00:00,ACTIONED,HIGH,POLICY-v1
ALT-000617,CMP-000617,2026-02-26T00:45:50+00:00,EXPIRED,MEDIUM,POLICY-v1
ALT-000618,CMP-000618,2026-01-13T11:58:23+00:00,ACTIONED,HIGH,POLICY-v1
ALT-000619,CMP-000619,2026-06-12T20:45:20+00:00,ACTIONED,LOW,POLICY-v1
ALT-000620,CMP-000620,2026-04-20T08:58:54+00:00,PENDING,LOW,POLICY-v1
ALT-000621,CMP-000621,2026-03-22T07:16:17+00:00,ACTIONED,MEDIUM,POLICY-v1
ALT-000622,CMP-000622,2026-01-19T19:43:59+00:00,ACTIONED,LOW,POLICY-v1
ALT-000623,CMP-000623,2026-02-07T16:17:13+00:00,ACKNOWLEDGED,MEDIUM,POLICY-v1
ALT-000624,CMP-000624,2026-03-22T22:15:16+00:00,ACTIONED,MEDIUM,POLICY-v1
ALT-000625,CMP-000625,2026-02-22T19:52:19+00:00,PENDING,HIGH,POLICY-v1
ALT-000626,CMP-000626,2026-04-07T03:30:36+00:00,PENDING,HIGH,POLICY-v1
ALT-000627,CMP-000627,2026-01-03T17:03:33+00:00,ACTIONED,LOW,POLICY-v1
ALT-000628,CMP-000628,2026-01-04T11:47:49+00:00,ACTIONED,HIGH,POLICY-v1
ALT-000629,CMP-000629,2026-03-25T12:05:30+00:00,PENDING,HIGH,POLICY-v1
ALT-000630,CMP-000630,2026-04-23T21:20:39+00:00,ACTIONED,LOW,POLICY-v1
ALT-000631,CMP-000631,2026-05-09T02:38:21+00:00,ACTIONED,HIGH,POLICY-v1
ALT-000632,CMP-000632,2026-03-15T09:51:40+00:00,ACTIONED,HIGH,POLICY-v1
ALT-000633,CMP-000633,2026-01-20T09:31:49+00:00,ACTIONED,LOW,POLICY-v1
ALT-000634,CMP-000634,2026-06-22T07:17:40+00:00,EXPIRED,HIGH,POLICY-v1
ALT-000635,CMP-000635,2026-05-12T05:49:14+00:00,PENDING,LOW,POLICY-v1
ALT-000636,CMP-000636,2026-02-09T20:23:02+00:00,ACTIONED,HIGH,POLICY-v1
ALT-000637,CMP-000637,2026-01-17T19:01:36+00:00,ACTIONED,MEDIUM,POLICY-v1
ALT-000638,CMP-000638,2026-01-04T10:24:12+00:00,ACTIONED,LOW,POLICY-v1
ALT-000639,CMP-000639,2026-05-27T08:05:46+00:00,ACTIONED,MEDIUM,POLICY-v1
ALT-000640,CMP-000640,2026-06-26T23:00:50+00:00,ACTIONED,HIGH,POLICY-v1
ALT-000641,CMP-000641,2026-06-05T09:37:58+00:00,EXPIRED,MEDIUM,POLICY-v1
ALT-000642,CMP-000642,2026-01-27T20:05:16+00:00,ACTIONED,HIGH,POLICY-v1
ALT-000643,CMP-000643,2026-02-04T18:30:49+00:00,ACKNOWLEDGED,LOW,POLICY-v1
ALT-000644,CMP-000644,2026-06-17T15:35:26+00:00,ACKNOWLEDGED,LOW,POLICY-v1
ALT-000645,CMP-000645,2026-02-27T16:35:05+00:00,PENDING,MEDIUM,POLICY-v1
ALT-000646,CMP-000646,2026-05-24T02:09:07+00:00,PENDING,HIGH,POLICY-v1
ALT-000647,CMP-000647,2026-04-26T13:12:33+00:00,PENDING,HIGH,POLICY-v1
ALT-000648,CMP-000648,2026-03-01T02:05:11+00:00,ACKNOWLEDGED,HIGH,POLICY-v1
ALT-000649,CMP-000649,2026-01-21T15:23:01+00:00,PENDING,LOW,POLICY-v1
ALT-000650,CMP-000650,2026-01-08T23:26:00+00:00,PENDING,HIGH,POLICY-v1
ALT-000651,CMP-000651,2026-02-20T05:07:22+00:00,ACTIONED,LOW,POLICY-v1
ALT-000652,CMP-000652,2026-05-31T18:47:45+00:00,ACTIONED,MEDIUM,POLICY-v1
ALT-000653,CMP-000653,2026-02-13T07:24:07+00:00,EXPIRED,HIGH,POLICY-v1
ALT-000654,CMP-000654,2026-06-01T14:42:58+00:00,ACTIONED,MEDIUM,POLICY-v1
ALT-000655,CMP-000655,2026-04-07T04:13:09+00:00,ACKNOWLEDGED,MEDIUM,POLICY-v1
ALT-000656,CMP-000656,2026-05-20T05:35:09+00:00,PENDING,HIGH,POLICY-v1
ALT-000657,CMP-000657,2026-05-08T20:42:34+00:00,ACTIONED,MEDIUM,POLICY-v1
ALT-000658,CMP-000658,2026-03-25T00:57:32+00:00,ACTIONED,MEDIUM,POLICY-v1
ALT-000659,CMP-000659,2026-05-31T22:23:53+00:00,ACTIONED,HIGH,POLICY-v1
ALT-000660,CMP-000660,2026-04-19T17:05:33+00:00,EXPIRED,MEDIUM,POLICY-v1
ALT-000661,CMP-000661,2026-06-24T14:34:51+00:00,EXPIRED,LOW,POLICY-v1
ALT-000662,CMP-000662,2026-03-22T20:25:47+00:00,ACKNOWLEDGED,LOW,POLICY-v1
ALT-000663,CMP-000663,2026-03-13T14:30:45+00:00,PENDING,MEDIUM,POLICY-v1
ALT-000664,CMP-000664,2026-02-12T21:09:44+00:00,EXPIRED,MEDIUM,POLICY-v1
ALT-000665,CMP-000665,2026-02-07T21:09:00+00:00,EXPIRED,MEDIUM,POLICY-v1
ALT-000666,CMP-000666,2026-06-21T12:03:48+00:00,PENDING,LOW,POLICY-v1
ALT-000667,CMP-000667,2026-02-12T21:09:00+00:00,ACKNOWLEDGED,LOW,POLICY-v1
ALT-000668,CMP-000668,2026-01-08T06:25:16+00:00,ACTIONED,HIGH,POLICY-v1
ALT-000669,CMP-000669,2026-01-30T20:21:11+00:00,EXPIRED,MEDIUM,POLICY-v1
ALT-000670,CMP-000670,2026-01-10T13:21:40+00:00,PENDING,HIGH,POLICY-v1
ALT-000671,CMP-000671,2026-06-18T20:31:35+00:00,ACTIONED,LOW,POLICY-v1
ALT-000672,CMP-000672,2026-02-11T03:25:36+00:00,ACTIONED,LOW,POLICY-v1
ALT-000673,CMP-000673,2026-04-18T16:08:44+00:00,ACTIONED,MEDIUM,POLICY-v1
ALT-000674,CMP-000674,2026-03-05T19:48:37+00:00,PENDING,HIGH,POLICY-v1
ALT-000675,CMP-000675,2026-01-20T06:33:38+00:00,EXPIRED,LOW,POLICY-v1
ALT-000676,CMP-000676,2026-06-07T17:22:40+00:00,ACTIONED,LOW,POLICY-v1
ALT-000677,CMP-000677,2026-04-27T13:40:48+00:00,PENDING,HIGH,POLICY-v1
ALT-000678,CMP-000678,2026-04-03T08:49:22+00:00,ACTIONED,HIGH,POLICY-v1
ALT-000679,CMP-000679,2026-02-02T22:05:30+00:00,ACTIONED,HIGH,POLICY-v1
ALT-000680,CMP-000680,2026-04-23T22:01:39+00:00,PENDING,HIGH,POLICY-v1
ALT-000681,CMP-000681,2026-04-08T14:21:14+00:00,EXPIRED,HIGH,POLICY-v1
ALT-000682,CMP-000682,2026-04-24T11:40:34+00:00,EXPIRED,HIGH,POLICY-v1
ALT-000683,CMP-000683,2026-01-05T17:33:57+00:00,ACKNOWLEDGED,HIGH,POLICY-v1
ALT-000684,CMP-000684,2026-03-04T12:18:59+00:00,ACTIONED,MEDIUM,POLICY-v1
ALT-000685,CMP-000685,2026-05-17T09:45:04+00:00,PENDING,HIGH,POLICY-v1
ALT-000686,CMP-000686,2026-06-07T12:14:39+00:00,PENDING,LOW,POLICY-v1
ALT-000687,CMP-000687,2026-06-10T05:31:29+00:00,ACTIONED,HIGH,POLICY-v1
ALT-000688,CMP-000688,2026-01-16T19:23:31+00:00,ACTIONED,HIGH,POLICY-v1
ALT-000689,CMP-000689,2026-06-23T09:59:51+00:00,PENDING,MEDIUM,POLICY-v1
ALT-000690,CMP-000690,2026-02-04T01:15:18+00:00,ACTIONED,LOW,POLICY-v1
ALT-000691,CMP-000691,2026-03-22T11:38:35+00:00,ACTIONED,MEDIUM,POLICY-v1
ALT-000692,CMP-000692,2026-05-06T13:20:04+00:00,ACTIONED,HIGH,POLICY-v1
ALT-000693,CMP-000693,2026-04-22T10:59:34+00:00,ACTIONED,LOW,POLICY-v1
ALT-000694,CMP-000694,2026-06-12T20:55:47+00:00,ACTIONED,LOW,POLICY-v1
ALT-000695,CMP-000695,2026-06-12T01:04:37+00:00,ACKNOWLEDGED,LOW,POLICY-v1
ALT-000696,CMP-000696,2026-03-11T16:27:16+00:00,ACTIONED,LOW,POLICY-v1
ALT-000697,CMP-000697,2026-02-17T22:32:47+00:00,PENDING,MEDIUM,POLICY-v1
ALT-000698,CMP-000698,2026-04-09T20:38:33+00:00,EXPIRED,LOW,POLICY-v1
ALT-000699,CMP-000699,2026-05-30T15:12:03+00:00,ACKNOWLEDGED,HIGH,POLICY-v1
ALT-000700,CMP-000700,2026-05-16T19:31:32+00:00,ACTIONED,LOW,POLICY-v1
ALT-000701,CMP-000701,2026-02-10T11:37:35+00:00,ACKNOWLEDGED,MEDIUM,POLICY-v1
ALT-000702,CMP-000702,2026-04-05T14:50:31+00:00,ACKNOWLEDGED,MEDIUM,POLICY-v1
ALT-000703,CMP-000703,2026-05-12T17:27:22+00:00,ACKNOWLEDGED,HIGH,POLICY-v1
ALT-000704,CMP-000704,2026-04-12T00:58:33+00:00,ACKNOWLEDGED,MEDIUM,POLICY-v1
ALT-000705,CMP-000705,2026-03-08T03:33:06+00:00,ACTIONED,MEDIUM,POLICY-v1
ALT-000706,CMP-000706,2026-05-04T15:23:11+00:00,EXPIRED,HIGH,POLICY-v1
ALT-000707,CMP-000707,2026-06-02T11:09:55+00:00,ACTIONED,MEDIUM,POLICY-v1
ALT-000708,CMP-000708,2026-01-12T19:44:14+00:00,ACKNOWLEDGED,MEDIUM,POLICY-v1
ALT-000709,CMP-000709,2026-03-14T02:50:11+00:00,ACKNOWLEDGED,HIGH,POLICY-v1
ALT-000710,CMP-000710,2026-02-25T02:27:53+00:00,ACKNOWLEDGED,MEDIUM,POLICY-v1
ALT-000711,CMP-000711,2026-01-23T16:27:52+00:00,ACTIONED,HIGH,POLICY-v1
ALT-000712,CMP-000712,2026-01-08T09:50:42+00:00,PENDING,LOW,POLICY-v1
ALT-000713,CMP-000713,2026-02-23T06:24:04+00:00,EXPIRED,HIGH,POLICY-v1
ALT-000714,CMP-000714,2026-01-13T16:21:01+00:00,ACTIONED,MEDIUM,POLICY-v1
ALT-000715,CMP-000715,2026-06-27T12:56:31+00:00,ACTIONED,MEDIUM,POLICY-v1
ALT-000716,CMP-000716,2026-02-24T08:28:45+00:00,ACKNOWLEDGED,LOW,POLICY-v1
ALT-000717,CMP-000717,2026-04-17T07:31:50+00:00,ACTIONED,HIGH,POLICY-v1
ALT-000718,CMP-000718,2026-06-10T22:11:22+00:00,EXPIRED,MEDIUM,POLICY-v1
ALT-000719,CMP-000719,2026-05-02T15:32:23+00:00,ACTIONED,MEDIUM,POLICY-v1
ALT-000720,CMP-000720,2026-01-26T11:20:38+00:00,EXPIRED,HIGH,POLICY-v1
ALT-000721,CMP-000721,2026-02-24T15:18:16+00:00,ACTIONED,LOW,POLICY-v1
ALT-000722,CMP-000722,2026-03-02T07:50:20+00:00,ACTIONED,MEDIUM,POLICY-v1
ALT-000723,CMP-000723,2026-05-04T01:50:34+00:00,PENDING,MEDIUM,POLICY-v1
ALT-000724,CMP-000724,2026-01-03T05:53:15+00:00,ACTIONED,MEDIUM,POLICY-v1
ALT-000725,CMP-000725,2026-03-15T14:24:10+00:00,ACKNOWLEDGED,HIGH,POLICY-v1
ALT-000726,CMP-000726,2026-04-27T18:34:57+00:00,ACKNOWLEDGED,LOW,POLICY-v1
ALT-000727,CMP-000727,2026-06-16T12:46:10+00:00,ACTIONED,MEDIUM,POLICY-v1
ALT-000728,CMP-000728,2026-05-19T03:15:34+00:00,ACTIONED,LOW,POLICY-v1
ALT-000729,CMP-000729,2026-02-27T13:05:37+00:00,ACTIONED,MEDIUM,POLICY-v1
ALT-000730,CMP-000730,2026-04-08T07:29:08+00:00,EXPIRED,HIGH,POLICY-v1
ALT-000731,CMP-000731,2026-04-12T07:48:04+00:00,ACKNOWLEDGED,HIGH,POLICY-v1
ALT-000732,CMP-000732,2026-01-17T05:40:50+00:00,ACTIONED,HIGH,POLICY-v1
ALT-000733,CMP-000733,2026-05-23T12:34:51+00:00,EXPIRED,MEDIUM,POLICY-v1
ALT-000734,CMP-000734,2026-03-19T06:31:02+00:00,EXPIRED,LOW,POLICY-v1
ALT-000735,CMP-000735,2026-06-10T01:51:18+00:00,ACKNOWLEDGED,LOW,POLICY-v1
ALT-000736,CMP-000736,2026-04-06T03:53:36+00:00,ACTIONED,LOW,POLICY-v1
ALT-000737,CMP-000737,2026-05-16T05:15:42+00:00,EXPIRED,HIGH,POLICY-v1
ALT-000738,CMP-000738,2026-02-02T17:16:42+00:00,ACTIONED,HIGH,POLICY-v1
ALT-000739,CMP-000739,2026-03-13T02:14:53+00:00,ACTIONED,HIGH,POLICY-v1
ALT-000740,CMP-000740,2026-03-18T17:23:34+00:00,ACTIONED,LOW,POLICY-v1
ALT-000741,CMP-000741,2026-05-03T06:13:07+00:00,ACKNOWLEDGED,HIGH,POLICY-v1
ALT-000742,CMP-000742,2026-02-04T08:58:39+00:00,ACKNOWLEDGED,HIGH,POLICY-v1
ALT-000743,CMP-000743,2026-05-31T21:34:09+00:00,ACTIONED,LOW,POLICY-v1
ALT-000744,CMP-000744,2026-04-11T18:35:33+00:00,ACTIONED,MEDIUM,POLICY-v1
ALT-000745,CMP-000745,2026-04-28T02:51:45+00:00,PENDING,HIGH,POLICY-v1
ALT-000746,CMP-000746,2026-05-11T15:11:12+00:00,ACTIONED,LOW,POLICY-v1
ALT-000747,CMP-000747,2026-02-04T08:30:22+00:00,EXPIRED,HIGH,POLICY-v1
ALT-000748,CMP-000748,2026-06-04T05:54:22+00:00,ACTIONED,MEDIUM,POLICY-v1
ALT-000749,CMP-000749,2026-06-04T05:13:32+00:00,PENDING,HIGH,POLICY-v1
ALT-000750,CMP-000750,2026-06-17T13:33:49+00:00,PENDING,LOW,POLICY-v1
ALT-000751,CMP-000751,2026-06-20T19:30:03+00:00,EXPIRED,MEDIUM,POLICY-v1
ALT-000752,CMP-000752,2026-06-24T15:35:29+00:00,PENDING,LOW,POLICY-v1
ALT-000753,CMP-000753,2026-02-09T16:38:28+00:00,PENDING,LOW,POLICY-v1
ALT-000754,CMP-000754,2026-02-02T15:28:05+00:00,EXPIRED,HIGH,POLICY-v1
ALT-000755,CMP-000755,2026-01-16T18:34:44+00:00,ACKNOWLEDGED,HIGH,POLICY-v1
ALT-000756,CMP-000756,2026-04-13T18:10:44+00:00,ACTIONED,LOW,POLICY-v1
ALT-000757,CMP-000757,2026-03-27T13:15:18+00:00,ACTIONED,LOW,POLICY-v1
ALT-000758,CMP-000758,2026-03-17T13:44:08+00:00,ACKNOWLEDGED,MEDIUM,POLICY-v1
ALT-000759,CMP-000759,2026-01-11T05:13:51+00:00,EXPIRED,HIGH,POLICY-v1
ALT-000760,CMP-000760,2026-03-21T23:04:45+00:00,ACTIONED,HIGH,POLICY-v1
ALT-000761,CMP-000761,2026-06-07T21:29:30+00:00,ACKNOWLEDGED,LOW,POLICY-v1
ALT-000762,CMP-000762,2026-01-11T20:54:35+00:00,ACTIONED,HIGH,POLICY-v1
ALT-000763,CMP-000763,2026-02-06T02:10:33+00:00,EXPIRED,HIGH,POLICY-v1
ALT-000764,CMP-000764,2026-01-14T09:31:12+00:00,ACTIONED,HIGH,POLICY-v1
ALT-000765,CMP-000765,2026-01-14T12:50:20+00:00,PENDING,HIGH,POLICY-v1
ALT-000766,CMP-000766,2026-02-23T11:14:49+00:00,PENDING,MEDIUM,POLICY-v1
ALT-000767,CMP-000767,2026-03-23T05:24:16+00:00,EXPIRED,HIGH,POLICY-v1
ALT-000768,CMP-000768,2026-02-10T08:30:47+00:00,EXPIRED,MEDIUM,POLICY-v1
ALT-000769,CMP-000769,2026-04-10T09:28:33+00:00,ACTIONED,LOW,POLICY-v1
ALT-000770,CMP-000770,2026-03-25T03:49:31+00:00,ACKNOWLEDGED,MEDIUM,POLICY-v1
ALT-000771,CMP-000771,2026-01-08T05:28:21+00:00,ACTIONED,HIGH,POLICY-v1
ALT-000772,CMP-000772,2026-05-25T04:39:12+00:00,PENDING,LOW,POLICY-v1
ALT-000773,CMP-000773,2026-06-18T19:21:26+00:00,ACTIONED,HIGH,POLICY-v1
ALT-000774,CMP-000774,2026-04-20T00:51:58+00:00,ACTIONED,MEDIUM,POLICY-v1
ALT-000775,CMP-000775,2026-02-04T08:43:57+00:00,ACTIONED,MEDIUM,POLICY-v1
ALT-000776,CMP-000776,2026-06-16T00:58:50+00:00,ACTIONED,HIGH,POLICY-v1
ALT-000777,CMP-000777,2026-03-18T15:45:11+00:00,ACTIONED,HIGH,POLICY-v1
ALT-000778,CMP-000778,2026-05-09T03:53:40+00:00,ACKNOWLEDGED,MEDIUM,POLICY-v1
ALT-000779,CMP-000779,2026-04-23T09:51:50+00:00,ACKNOWLEDGED,MEDIUM,POLICY-v1
ALT-000780,CMP-000780,2026-06-06T09:16:20+00:00,EXPIRED,HIGH,POLICY-v1
ALT-000781,CMP-000781,2026-06-19T01:26:37+00:00,EXPIRED,LOW,POLICY-v1
ALT-000782,CMP-000782,2026-03-15T07:08:52+00:00,ACTIONED,LOW,POLICY-v1
ALT-000783,CMP-000783,2026-01-22T11:16:57+00:00,ACTIONED,LOW,POLICY-v1
ALT-000784,CMP-000784,2026-01-03T21:24:57+00:00,EXPIRED,MEDIUM,POLICY-v1
ALT-000785,CMP-000785,2026-01-30T14:40:35+00:00,ACKNOWLEDGED,LOW,POLICY-v1
ALT-000786,CMP-000786,2026-03-06T17:05:37+00:00,PENDING,LOW,POLICY-v1
ALT-000787,CMP-000787,2026-02-16T01:28:15+00:00,ACTIONED,HIGH,POLICY-v1
ALT-000788,CMP-000788,2026-02-04T15:08:42+00:00,PENDING,LOW,POLICY-v1
ALT-000789,CMP-000789,2026-05-12T10:58:11+00:00,EXPIRED,MEDIUM,POLICY-v1
ALT-000790,CMP-000790,2026-01-24T04:17:05+00:00,PENDING,MEDIUM,POLICY-v1
ALT-000791,CMP-000791,2026-01-15T20:17:48+00:00,ACKNOWLEDGED,LOW,POLICY-v1
ALT-000792,CMP-000792,2026-01-25T04:08:17+00:00,ACTIONED,MEDIUM,POLICY-v1
ALT-000793,CMP-000793,2026-03-30T01:25:13+00:00,ACTIONED,MEDIUM,POLICY-v1
ALT-000794,CMP-000794,2026-03-08T23:00:22+00:00,EXPIRED,LOW,POLICY-v1
ALT-000795,CMP-000795,2026-03-11T22:27:17+00:00,ACTIONED,HIGH,POLICY-v1
ALT-000796,CMP-000796,2026-01-08T05:45:33+00:00,ACTIONED,LOW,POLICY-v1
ALT-000797,CMP-000797,2026-03-13T09:43:55+00:00,ACTIONED,MEDIUM,POLICY-v1
ALT-000798,CMP-000798,2026-05-05T07:01:23+00:00,ACTIONED,LOW,POLICY-v1
ALT-000799,CMP-000799,2026-05-22T18:26:18+00:00,PENDING,HIGH,POLICY-v1
ALT-000800,CMP-000800,2026-03-01T09:40:15+00:00,ACKNOWLEDGED,LOW,POLICY-v1
ALT-000801,CMP-000801,2026-05-04T10:42:09+00:00,EXPIRED,LOW,POLICY-v1
ALT-000802,CMP-000802,2026-02-16T03:51:48+00:00,ACTIONED,MEDIUM,POLICY-v1
ALT-000803,CMP-000803,2026-06-01T23:39:56+00:00,ACKNOWLEDGED,LOW,POLICY-v1
ALT-000804,CMP-000804,2026-04-23T21:04:19+00:00,EXPIRED,LOW,POLICY-v1
ALT-000805,CMP-000805,2026-01-01T02:08:28+00:00,ACKNOWLEDGED,MEDIUM,POLICY-v1
ALT-000806,CMP-000806,2026-01-13T07:14:38+00:00,ACKNOWLEDGED,LOW,POLICY-v1
ALT-000807,CMP-000807,2026-02-08T08:28:57+00:00,PENDING,HIGH,POLICY-v1
ALT-000808,CMP-000808,2026-03-23T15:19:26+00:00,ACKNOWLEDGED,LOW,POLICY-v1
ALT-000809,CMP-000809,2026-05-05T18:22:27+00:00,ACTIONED,MEDIUM,POLICY-v1
ALT-000810,CMP-000810,2026-03-05T05:09:51+00:00,ACKNOWLEDGED,LOW,POLICY-v1
ALT-000811,CMP-000811,2026-02-05T04:30:37+00:00,EXPIRED,HIGH,POLICY-v1
ALT-000812,CMP-000812,2026-06-23T20:35:14+00:00,ACKNOWLEDGED,HIGH,POLICY-v1
ALT-000813,CMP-000813,2026-02-20T18:15:30+00:00,ACKNOWLEDGED,LOW,POLICY-v1
ALT-000814,CMP-000814,2026-04-16T08:49:48+00:00,ACTIONED,MEDIUM,POLICY-v1
ALT-000815,CMP-000815,2026-01-27T02:03:33+00:00,ACTIONED,MEDIUM,POLICY-v1
ALT-000816,CMP-000816,2026-01-21T17:04:17+00:00,ACTIONED,LOW,POLICY-v1
ALT-000817,CMP-000817,2026-01-12T12:58:11+00:00,ACKNOWLEDGED,HIGH,POLICY-v1
ALT-000818,CMP-000818,2026-05-29T23:39:07+00:00,PENDING,MEDIUM,POLICY-v1
ALT-000819,CMP-000819,2026-05-13T07:51:43+00:00,ACKNOWLEDGED,LOW,POLICY-v1
ALT-000820,CMP-000820,2026-02-15T20:07:24+00:00,EXPIRED,HIGH,POLICY-v1
ALT-000821,CMP-000821,2026-06-28T15:55:56+00:00,ACTIONED,MEDIUM,POLICY-v1
ALT-000822,CMP-000822,2026-04-02T06:35:42+00:00,ACTIONED,HIGH,POLICY-v1
ALT-000823,CMP-000823,2026-02-19T15:03:51+00:00,ACTIONED,MEDIUM,POLICY-v1
ALT-000824,CMP-000824,2026-05-05T01:17:08+00:00,ACKNOWLEDGED,LOW,POLICY-v1
ALT-000825,CMP-000825,2026-06-16T16:56:29+00:00,ACKNOWLEDGED,HIGH,POLICY-v1
ALT-000826,CMP-000826,2026-03-05T18:42:04+00:00,ACTIONED,MEDIUM,POLICY-v1
ALT-000827,CMP-000827,2026-03-12T17:11:27+00:00,ACKNOWLEDGED,HIGH,POLICY-v1
ALT-000828,CMP-000828,2026-06-28T18:17:10+00:00,ACTIONED,LOW,POLICY-v1
ALT-000829,CMP-000829,2026-01-27T11:25:34+00:00,ACKNOWLEDGED,LOW,POLICY-v1
ALT-000830,CMP-000830,2026-02-17T15:16:28+00:00,EXPIRED,MEDIUM,POLICY-v1
ALT-000831,CMP-000831,2026-01-25T22:21:38+00:00,ACKNOWLEDGED,LOW,POLICY-v1
ALT-000832,CMP-000832,2026-03-26T02:35:24+00:00,ACTIONED,LOW,POLICY-v1
ALT-000833,CMP-000833,2026-05-17T06:46:40+00:00,ACKNOWLEDGED,LOW,POLICY-v1
ALT-000834,CMP-000834,2026-04-15T12:08:39+00:00,ACTIONED,LOW,POLICY-v1
ALT-000835,CMP-000835,2026-01-19T03:02:44+00:00,ACTIONED,HIGH,POLICY-v1
ALT-000836,CMP-000836,2026-01-09T18:58:44+00:00,ACTIONED,MEDIUM,POLICY-v1
ALT-000837,CMP-000837,2026-02-15T14:46:15+00:00,PENDING,HIGH,POLICY-v1
ALT-000838,CMP-000838,2026-03-31T02:00:44+00:00,ACTIONED,LOW,POLICY-v1
ALT-000839,CMP-000839,2026-05-23T02:59:20+00:00,ACKNOWLEDGED,LOW,POLICY-v1
ALT-000840,CMP-000840,2026-04-24T09:56:05+00:00,ACTIONED,HIGH,POLICY-v1
ALT-000841,CMP-000841,2026-01-08T16:29:35+00:00,ACKNOWLEDGED,HIGH,POLICY-v1
ALT-000842,CMP-000842,2026-04-29T20:45:19+00:00,ACTIONED,LOW,POLICY-v1
ALT-000843,CMP-000843,2026-02-01T08:04:49+00:00,PENDING,MEDIUM,POLICY-v1
ALT-000844,CMP-000844,2026-04-04T02:21:37+00:00,ACTIONED,HIGH,POLICY-v1
ALT-000845,CMP-000845,2026-06-09T18:35:54+00:00,ACTIONED,HIGH,POLICY-v1
ALT-000846,CMP-000846,2026-02-11T02:37:03+00:00,ACKNOWLEDGED,HIGH,POLICY-v1
ALT-000847,CMP-000847,2026-06-12T03:18:54+00:00,ACTIONED,HIGH,POLICY-v1
ALT-000848,CMP-000848,2026-05-06T20:17:57+00:00,EXPIRED,LOW,POLICY-v1
ALT-000849,CMP-000849,2026-03-27T19:13:22+00:00,ACTIONED,MEDIUM,POLICY-v1
ALT-000850,CMP-000850,2026-03-13T02:31:43+00:00,ACKNOWLEDGED,MEDIUM,POLICY-v1
ALT-000851,CMP-000851,2026-06-05T20:03:07+00:00,ACKNOWLEDGED,LOW,POLICY-v1
ALT-000852,CMP-000852,2026-06-05T19:17:04+00:00,ACKNOWLEDGED,MEDIUM,POLICY-v1
ALT-000853,CMP-000853,2026-06-24T01:15:50+00:00,ACTIONED,LOW,POLICY-v1
ALT-000854,CMP-000854,2026-06-16T09:45:49+00:00,ACTIONED,HIGH,POLICY-v1
ALT-000855,CMP-000855,2026-04-26T05:03:57+00:00,ACKNOWLEDGED,HIGH,POLICY-v1
ALT-000856,CMP-000856,2026-04-27T06:07:04+00:00,ACKNOWLEDGED,HIGH,POLICY-v1
ALT-000857,CMP-000857,2026-05-03T11:31:15+00:00,ACTIONED,MEDIUM,POLICY-v1
ALT-000858,CMP-000858,2026-02-16T01:32:43+00:00,EXPIRED,HIGH,POLICY-v1
ALT-000859,CMP-000859,2026-02-08T22:06:00+00:00,ACKNOWLEDGED,MEDIUM,POLICY-v1
ALT-000860,CMP-000860,2026-04-26T11:09:27+00:00,EXPIRED,MEDIUM,POLICY-v1
ALT-000861,CMP-000861,2026-01-15T06:58:04+00:00,ACKNOWLEDGED,MEDIUM,POLICY-v1
ALT-000862,CMP-000862,2026-04-15T14:59:02+00:00,ACKNOWLEDGED,MEDIUM,POLICY-v1
ALT-000863,CMP-000863,2026-03-09T03:57:03+00:00,ACTIONED,MEDIUM,POLICY-v1
ALT-000864,CMP-000864,2026-05-09T01:52:57+00:00,EXPIRED,LOW,POLICY-v1
ALT-000865,CMP-000865,2026-06-09T10:03:36+00:00,ACTIONED,LOW,POLICY-v1
ALT-000866,CMP-000866,2026-03-04T21:28:29+00:00,EXPIRED,HIGH,POLICY-v1
ALT-000867,CMP-000867,2026-03-07T12:56:34+00:00,ACKNOWLEDGED,MEDIUM,POLICY-v1
ALT-000868,CMP-000868,2026-03-05T09:34:02+00:00,ACTIONED,HIGH,POLICY-v1
ALT-000869,CMP-000869,2026-05-13T09:11:41+00:00,ACTIONED,HIGH,POLICY-v1
ALT-000870,CMP-000870,2026-04-13T06:18:58+00:00,ACTIONED,LOW,POLICY-v1
ALT-000871,CMP-000871,2026-03-28T23:39:53+00:00,EXPIRED,LOW,POLICY-v1
ALT-000872,CMP-000872,2026-02-27T22:09:30+00:00,ACTIONED,HIGH,POLICY-v1
ALT-000873,CMP-000873,2026-02-24T00:59:44+00:00,ACKNOWLEDGED,MEDIUM,POLICY-v1
ALT-000874,CMP-000874,2026-03-19T06:54:00+00:00,ACTIONED,LOW,POLICY-v1
ALT-000875,CMP-000875,2026-01-01T07:07:03+00:00,PENDING,LOW,POLICY-v1
ALT-000876,CMP-000876,2026-02-28T14:40:50+00:00,ACTIONED,MEDIUM,POLICY-v1
ALT-000877,CMP-000877,2026-06-25T23:28:19+00:00,ACTIONED,LOW,POLICY-v1
ALT-000878,CMP-000878,2026-03-20T02:20:37+00:00,EXPIRED,LOW,POLICY-v1
ALT-000879,CMP-000879,2026-03-25T23:10:27+00:00,ACTIONED,MEDIUM,POLICY-v1
ALT-000880,CMP-000880,2026-03-08T20:08:12+00:00,EXPIRED,LOW,POLICY-v1
ALT-000881,CMP-000881,2026-02-04T10:14:51+00:00,ACTIONED,HIGH,POLICY-v1
ALT-000882,CMP-000882,2026-01-22T01:55:15+00:00,ACTIONED,HIGH,POLICY-v1
ALT-000883,CMP-000883,2026-05-17T08:18:37+00:00,ACTIONED,MEDIUM,POLICY-v1
ALT-000884,CMP-000884,2026-04-12T06:13:48+00:00,EXPIRED,LOW,POLICY-v1
ALT-000885,CMP-000885,2026-05-31T05:41:18+00:00,PENDING,HIGH,POLICY-v1
ALT-000886,CMP-000886,2026-04-17T13:36:28+00:00,ACKNOWLEDGED,HIGH,POLICY-v1
ALT-000887,CMP-000887,2026-06-21T07:03:41+00:00,ACKNOWLEDGED,MEDIUM,POLICY-v1
ALT-000888,CMP-000888,2026-01-12T17:14:51+00:00,ACTIONED,HIGH,POLICY-v1
ALT-000889,CMP-000889,2026-06-27T10:11:36+00:00,ACTIONED,LOW,POLICY-v1
ALT-000890,CMP-000890,2026-01-14T15:33:41+00:00,EXPIRED,MEDIUM,POLICY-v1
ALT-000891,CMP-000891,2026-05-06T02:15:50+00:00,EXPIRED,HIGH,POLICY-v1
ALT-000892,CMP-000892,2026-06-13T23:50:45+00:00,ACKNOWLEDGED,HIGH,POLICY-v1
ALT-000893,CMP-000893,2026-06-27T21:16:02+00:00,ACKNOWLEDGED,HIGH,POLICY-v1
ALT-000894,CMP-000894,2026-02-10T18:32:11+00:00,ACTIONED,LOW,POLICY-v1
ALT-000895,CMP-000895,2026-06-22T01:33:36+00:00,ACTIONED,MEDIUM,POLICY-v1
ALT-000896,CMP-000896,2026-03-10T07:18:43+00:00,ACTIONED,HIGH,POLICY-v1
ALT-000897,CMP-000897,2026-06-29T08:49:07+00:00,PENDING,HIGH,POLICY-v1
ALT-000898,CMP-000898,2026-06-08T15:53:01+00:00,ACTIONED,LOW,POLICY-v1
ALT-000899,CMP-000899,2026-02-22T08:22:54+00:00,ACTIONED,HIGH,POLICY-v1
ALT-000900,CMP-000900,2026-01-03T02:29:18+00:00,ACTIONED,MEDIUM,POLICY-v1
ALT-000901,CMP-000901,2026-01-09T04:33:12+00:00,ACTIONED,HIGH,POLICY-v1
ALT-000902,CMP-000902,2026-06-23T08:21:15+00:00,ACTIONED,HIGH,POLICY-v1
ALT-000903,CMP-000903,2026-06-05T05:07:34+00:00,ACTIONED,LOW,POLICY-v1
ALT-000904,CMP-000904,2026-04-19T07:31:36+00:00,ACTIONED,LOW,POLICY-v1
ALT-000905,CMP-000905,2026-05-20T21:12:39+00:00,PENDING,LOW,POLICY-v1
ALT-000906,CMP-000906,2026-02-01T19:27:01+00:00,ACKNOWLEDGED,HIGH,POLICY-v1
ALT-000907,CMP-000907,2026-05-22T05:40:59+00:00,ACTIONED,LOW,POLICY-v1
ALT-000908,CMP-000908,2026-05-20T20:21:05+00:00,ACKNOWLEDGED,LOW,POLICY-v1
ALT-000909,CMP-000909,2026-05-20T09:39:31+00:00,ACTIONED,LOW,POLICY-v1
ALT-000910,CMP-000910,2026-03-19T14:17:48+00:00,ACKNOWLEDGED,MEDIUM,POLICY-v1
ALT-000911,CMP-000911,2026-03-18T08:43:17+00:00,EXPIRED,MEDIUM,POLICY-v1
ALT-000912,CMP-000912,2026-05-28T05:14:26+00:00,ACKNOWLEDGED,LOW,POLICY-v1
ALT-000913,CMP-000913,2026-05-09T12:46:58+00:00,ACTIONED,HIGH,POLICY-v1
ALT-000914,CMP-000914,2026-04-28T00:58:55+00:00,EXPIRED,HIGH,POLICY-v1
ALT-000915,CMP-000915,2026-06-14T09:51:26+00:00,ACTIONED,LOW,POLICY-v1
ALT-000916,CMP-000916,2026-01-19T04:23:58+00:00,ACTIONED,LOW,POLICY-v1
ALT-000917,CMP-000917,2026-04-06T21:39:52+00:00,ACTIONED,LOW,POLICY-v1
ALT-000918,CMP-000918,2026-05-14T14:18:29+00:00,PENDING,LOW,POLICY-v1
ALT-000919,CMP-000919,2026-05-25T04:28:03+00:00,ACTIONED,LOW,POLICY-v1
ALT-000920,CMP-000920,2026-02-20T15:25:19+00:00,ACTIONED,MEDIUM,POLICY-v1
ALT-000921,CMP-000921,2026-03-21T03:43:29+00:00,ACTIONED,LOW,POLICY-v1
ALT-000922,CMP-000922,2026-04-03T20:40:11+00:00,ACKNOWLEDGED,HIGH,POLICY-v1
ALT-000923,CMP-000923,2026-06-16T05:58:09+00:00,ACTIONED,HIGH,POLICY-v1
ALT-000924,CMP-000924,2026-04-01T23:05:52+00:00,ACKNOWLEDGED,MEDIUM,POLICY-v1
ALT-000925,CMP-000925,2026-01-18T17:06:20+00:00,ACKNOWLEDGED,HIGH,POLICY-v1
ALT-000926,CMP-000926,2026-05-03T00:28:58+00:00,EXPIRED,MEDIUM,POLICY-v1
ALT-000927,CMP-000927,2026-03-07T02:52:03+00:00,ACKNOWLEDGED,HIGH,POLICY-v1
ALT-000928,CMP-000928,2026-04-29T12:28:41+00:00,ACKNOWLEDGED,MEDIUM,POLICY-v1
ALT-000929,CMP-000929,2026-01-04T13:58:14+00:00,ACKNOWLEDGED,MEDIUM,POLICY-v1
ALT-000930,CMP-000930,2026-04-30T05:15:38+00:00,PENDING,LOW,POLICY-v1
ALT-000931,CMP-000931,2026-02-04T06:44:32+00:00,ACTIONED,LOW,POLICY-v1
ALT-000932,CMP-000932,2026-05-26T05:26:23+00:00,PENDING,LOW,POLICY-v1
ALT-000933,CMP-000933,2026-01-30T10:36:14+00:00,PENDING,HIGH,POLICY-v1
ALT-000934,CMP-000934,2026-04-24T05:06:04+00:00,PENDING,MEDIUM,POLICY-v1
ALT-000935,CMP-000935,2026-02-01T21:57:07+00:00,ACTIONED,LOW,POLICY-v1
ALT-000936,CMP-000936,2026-04-16T13:13:54+00:00,ACTIONED,MEDIUM,POLICY-v1
ALT-000937,CMP-000937,2026-01-04T03:58:27+00:00,ACTIONED,HIGH,POLICY-v1
ALT-000938,CMP-000938,2026-06-05T02:51:47+00:00,ACKNOWLEDGED,MEDIUM,POLICY-v1
ALT-000939,CMP-000939,2026-05-31T05:36:56+00:00,ACTIONED,MEDIUM,POLICY-v1
ALT-000940,CMP-000940,2026-04-28T02:10:41+00:00,ACTIONED,MEDIUM,POLICY-v1
ALT-000941,CMP-000941,2026-06-19T10:29:32+00:00,ACTIONED,MEDIUM,POLICY-v1
ALT-000942,CMP-000942,2026-02-22T12:27:36+00:00,ACTIONED,MEDIUM,POLICY-v1
ALT-000943,CMP-000943,2026-04-19T07:01:58+00:00,ACTIONED,HIGH,POLICY-v1
ALT-000944,CMP-000944,2026-05-02T19:09:41+00:00,ACTIONED,LOW,POLICY-v1
ALT-000945,CMP-000945,2026-06-17T02:25:50+00:00,ACTIONED,MEDIUM,POLICY-v1
ALT-000946,CMP-000946,2026-05-09T10:16:09+00:00,ACKNOWLEDGED,LOW,POLICY-v1
ALT-000947,CMP-000947,2026-05-01T05:03:28+00:00,ACTIONED,HIGH,POLICY-v1
ALT-000948,CMP-000948,2026-04-16T06:26:09+00:00,ACKNOWLEDGED,MEDIUM,POLICY-v1
ALT-000949,CMP-000949,2026-03-10T19:55:10+00:00,ACKNOWLEDGED,MEDIUM,POLICY-v1
ALT-000950,CMP-000950,2026-06-01T15:22:37+00:00,ACTIONED,LOW,POLICY-v1
ALT-000951,CMP-000951,2026-02-25T16:19:26+00:00,EXPIRED,MEDIUM,POLICY-v1
ALT-000952,CMP-000952,2026-01-22T14:14:30+00:00,ACTIONED,MEDIUM,POLICY-v1
ALT-000953,CMP-000953,2026-05-19T06:16:03+00:00,ACTIONED,HIGH,POLICY-v1
ALT-000954,CMP-000954,2026-04-14T01:01:22+00:00,ACKNOWLEDGED,MEDIUM,POLICY-v1
ALT-000955,CMP-000955,2026-06-24T12:28:07+00:00,EXPIRED,HIGH,POLICY-v1
ALT-000956,CMP-000956,2026-03-28T23:42:10+00:00,EXPIRED,HIGH,POLICY-v1
ALT-000957,CMP-000957,2026-04-21T09:53:42+00:00,ACTIONED,HIGH,POLICY-v1
ALT-000958,CMP-000958,2026-01-06T10:29:44+00:00,PENDING,MEDIUM,POLICY-v1
ALT-000959,CMP-000959,2026-01-30T18:49:57+00:00,PENDING,MEDIUM,POLICY-v1
ALT-000960,CMP-000960,2026-04-07T15:19:50+00:00,ACTIONED,MEDIUM,POLICY-v1
ALT-000961,CMP-000961,2026-02-19T23:33:31+00:00,ACTIONED,LOW,POLICY-v1
ALT-000962,CMP-000962,2026-05-17T01:59:28+00:00,ACKNOWLEDGED,LOW,POLICY-v1
ALT-000963,CMP-000963,2026-03-03T14:01:27+00:00,EXPIRED,HIGH,POLICY-v1
ALT-000964,CMP-000964,2026-03-09T04:43:41+00:00,ACKNOWLEDGED,HIGH,POLICY-v1
ALT-000965,CMP-000965,2026-01-05T19:44:35+00:00,ACTIONED,HIGH,POLICY-v1
ALT-000966,CMP-000966,2026-06-15T03:29:14+00:00,ACTIONED,LOW,POLICY-v1
ALT-000967,CMP-000967,2026-06-07T12:06:16+00:00,EXPIRED,LOW,POLICY-v1
ALT-000968,CMP-000968,2026-06-24T18:04:07+00:00,ACTIONED,LOW,POLICY-v1
ALT-000969,CMP-000969,2026-04-09T16:06:02+00:00,ACTIONED,LOW,POLICY-v1
ALT-000970,CMP-000970,2026-06-08T09:51:27+00:00,ACTIONED,LOW,POLICY-v1
ALT-000971,CMP-000971,2026-05-26T03:03:32+00:00,ACTIONED,MEDIUM,POLICY-v1
ALT-000972,CMP-000972,2026-06-05T13:07:54+00:00,ACTIONED,MEDIUM,POLICY-v1
ALT-000973,CMP-000973,2026-04-10T19:52:25+00:00,ACKNOWLEDGED,HIGH,POLICY-v1
ALT-000974,CMP-000974,2026-04-30T11:28:24+00:00,ACTIONED,HIGH,POLICY-v1
ALT-000975,CMP-000975,2026-05-31T07:31:47+00:00,ACTIONED,MEDIUM,POLICY-v1
ALT-000976,CMP-000976,2026-03-16T12:27:33+00:00,ACTIONED,MEDIUM,POLICY-v1
ALT-000977,CMP-000977,2026-04-26T02:09:14+00:00,ACTIONED,LOW,POLICY-v1
ALT-000978,CMP-000978,2026-05-03T12:22:13+00:00,ACKNOWLEDGED,MEDIUM,POLICY-v1
ALT-000979,CMP-000979,2026-06-18T17:44:55+00:00,ACTIONED,MEDIUM,POLICY-v1
ALT-000980,CMP-000980,2026-05-20T17:13:27+00:00,ACTIONED,HIGH,POLICY-v1
ALT-000981,CMP-000981,2026-06-02T19:09:57+00:00,ACTIONED,HIGH,POLICY-v1
ALT-000982,CMP-000982,2026-06-03T12:38:23+00:00,ACTIONED,LOW,POLICY-v1
ALT-000983,CMP-000983,2026-02-11T23:24:09+00:00,ACTIONED,LOW,POLICY-v1
ALT-000984,CMP-000984,2026-06-15T10:01:57+00:00,ACKNOWLEDGED,MEDIUM,POLICY-v1
ALT-000985,CMP-000985,2026-04-28T17:53:05+00:00,ACTIONED,HIGH,POLICY-v1
ALT-000986,CMP-000986,2026-06-14T03:13:27+00:00,ACKNOWLEDGED,LOW,POLICY-v1
ALT-000987,CMP-000987,2026-05-18T10:18:12+00:00,ACTIONED,HIGH,POLICY-v1
ALT-000988,CMP-000988,2026-01-19T23:21:21+00:00,ACTIONED,HIGH,POLICY-v1
ALT-000989,CMP-000989,2026-05-30T20:43:23+00:00,ACTIONED,LOW,POLICY-v1
ALT-000990,CMP-000990,2026-04-16T12:59:50+00:00,ACKNOWLEDGED,LOW,POLICY-v1
ALT-000991,CMP-000991,2026-04-16T14:53:42+00:00,PENDING,HIGH,POLICY-v1
ALT-000992,CMP-000992,2026-04-17T23:10:48+00:00,PENDING,MEDIUM,POLICY-v1
ALT-000993,CMP-000993,2026-03-04T23:04:51+00:00,PENDING,MEDIUM,POLICY-v1
ALT-000994,CMP-000994,2026-01-16T15:37:19+00:00,ACKNOWLEDGED,MEDIUM,POLICY-v1
ALT-000995,CMP-000995,2026-03-02T03:39:40+00:00,EXPIRED,LOW,POLICY-v1
ALT-000996,CMP-000996,2026-06-18T16:18:57+00:00,ACTIONED,HIGH,POLICY-v1
ALT-000997,CMP-000997,2026-03-20T07:05:50+00:00,PENDING,MEDIUM,POLICY-v1
ALT-000998,CMP-000998,2026-02-16T18:26:11+00:00,PENDING,MEDIUM,POLICY-v1
ALT-000999,CMP-000999,2026-03-22T06:57:38+00:00,ACTIONED,HIGH,POLICY-v1
ALT-001000,CMP-001000,2026-02-04T12:38:56+00:00,PENDING,MEDIUM,POLICY-v1
ALT-001001,CMP-001001,2026-02-18T20:43:33+00:00,ACTIONED,MEDIUM,POLICY-v1
ALT-001002,CMP-001002,2026-01-08T23:31:31+00:00,ACTIONED,HIGH,POLICY-v1
ALT-001003,CMP-001003,2026-06-05T12:33:50+00:00,ACTIONED,LOW,POLICY-v1
ALT-001004,CMP-001004,2026-06-09T16:38:37+00:00,ACKNOWLEDGED,MEDIUM,POLICY-v1
ALT-001005,CMP-001005,2026-01-01T00:12:56+00:00,EXPIRED,LOW,POLICY-v1
ALT-001006,CMP-001006,2026-05-15T23:07:36+00:00,ACKNOWLEDGED,LOW,POLICY-v1
ALT-001007,CMP-001007,2026-05-04T03:12:23+00:00,ACTIONED,HIGH,POLICY-v1
ALT-001008,CMP-001008,2026-01-25T06:02:35+00:00,ACTIONED,LOW,POLICY-v1
ALT-001009,CMP-001009,2026-05-11T05:27:06+00:00,ACKNOWLEDGED,LOW,POLICY-v1
ALT-001010,CMP-001010,2026-02-22T04:42:16+00:00,ACTIONED,MEDIUM,POLICY-v1
ALT-001011,CMP-001011,2026-06-25T13:44:40+00:00,ACKNOWLEDGED,HIGH,POLICY-v1
ALT-001012,CMP-001012,2026-04-02T21:15:08+00:00,PENDING,HIGH,POLICY-v1
ALT-001013,CMP-001013,2026-02-14T06:42:53+00:00,ACTIONED,HIGH,POLICY-v1
ALT-001014,CMP-001014,2026-04-22T12:06:59+00:00,ACTIONED,MEDIUM,POLICY-v1
ALT-001015,CMP-001015,2026-05-12T09:18:11+00:00,ACTIONED,MEDIUM,POLICY-v1
ALT-001016,CMP-001016,2026-03-04T21:45:12+00:00,ACTIONED,LOW,POLICY-v1
ALT-001017,CMP-001017,2026-02-08T22:00:26+00:00,ACTIONED,LOW,POLICY-v1
ALT-001018,CMP-001018,2026-04-03T01:10:10+00:00,ACTIONED,MEDIUM,POLICY-v1
ALT-001019,CMP-001019,2026-05-17T16:36:43+00:00,ACKNOWLEDGED,MEDIUM,POLICY-v1
ALT-001020,CMP-001020,2026-05-10T19:56:56+00:00,ACTIONED,LOW,POLICY-v1
ALT-001021,CMP-001021,2026-02-18T22:17:46+00:00,ACTIONED,LOW,POLICY-v1
ALT-001022,CMP-001022,2026-05-05T15:43:25+00:00,ACKNOWLEDGED,LOW,POLICY-v1
ALT-001023,CMP-001023,2026-06-15T07:01:11+00:00,ACTIONED,MEDIUM,POLICY-v1
ALT-001024,CMP-001024,2026-04-09T06:31:37+00:00,PENDING,LOW,POLICY-v1
ALT-001025,CMP-001025,2026-04-20T08:11:55+00:00,ACKNOWLEDGED,MEDIUM,POLICY-v1
ALT-001026,CMP-001026,2026-03-16T03:42:59+00:00,ACTIONED,MEDIUM,POLICY-v1
ALT-001027,CMP-001027,2026-02-19T15:45:38+00:00,ACTIONED,HIGH,POLICY-v1
ALT-001028,CMP-001028,2026-03-29T11:25:29+00:00,ACKNOWLEDGED,LOW,POLICY-v1
ALT-001029,CMP-001029,2026-05-11T10:00:05+00:00,ACKNOWLEDGED,LOW,POLICY-v1
ALT-001030,CMP-001030,2026-05-18T17:30:28+00:00,PENDING,LOW,POLICY-v1
ALT-001031,CMP-001031,2026-06-13T11:45:14+00:00,ACTIONED,HIGH,POLICY-v1
ALT-001032,CMP-001032,2026-01-16T17:51:27+00:00,PENDING,HIGH,POLICY-v1
ALT-001033,CMP-001033,2026-01-16T02:26:37+00:00,ACTIONED,MEDIUM,POLICY-v1
ALT-001034,CMP-001034,2026-01-28T04:17:18+00:00,EXPIRED,MEDIUM,POLICY-v1
ALT-001035,CMP-001035,2026-02-13T23:09:26+00:00,PENDING,LOW,POLICY-v1
ALT-001036,CMP-001036,2026-03-07T03:57:10+00:00,ACTIONED,HIGH,POLICY-v1
ALT-001037,CMP-001037,2026-03-14T22:53:16+00:00,ACKNOWLEDGED,LOW,POLICY-v1
ALT-001038,CMP-001038,2026-06-07T22:25:24+00:00,ACKNOWLEDGED,LOW,POLICY-v1
ALT-001039,CMP-001039,2026-02-26T15:55:35+00:00,ACTIONED,MEDIUM,POLICY-v1
ALT-001040,CMP-001040,2026-02-04T19:37:17+00:00,ACKNOWLEDGED,MEDIUM,POLICY-v1
ALT-001041,CMP-001041,2026-01-05T03:42:41+00:00,ACKNOWLEDGED,MEDIUM,POLICY-v1
ALT-001042,CMP-001042,2026-05-01T00:51:16+00:00,EXPIRED,MEDIUM,POLICY-v1
ALT-001043,CMP-001043,2026-01-21T00:03:13+00:00,ACTIONED,LOW,POLICY-v1
ALT-001044,CMP-001044,2026-03-15T22:51:02+00:00,PENDING,LOW,POLICY-v1
ALT-001045,CMP-001045,2026-04-29T05:17:39+00:00,ACTIONED,LOW,POLICY-v1
ALT-001046,CMP-001046,2026-03-09T06:48:32+00:00,ACTIONED,HIGH,POLICY-v1
ALT-001047,CMP-001047,2026-06-18T01:23:58+00:00,ACKNOWLEDGED,HIGH,POLICY-v1
ALT-001048,CMP-001048,2026-04-23T18:10:48+00:00,ACTIONED,MEDIUM,POLICY-v1
ALT-001049,CMP-001049,2026-03-16T08:38:59+00:00,EXPIRED,LOW,POLICY-v1
ALT-001050,CMP-001050,2026-05-31T11:57:16+00:00,ACKNOWLEDGED,MEDIUM,POLICY-v1
ALT-001051,CMP-001051,2026-06-28T19:53:13+00:00,PENDING,MEDIUM,POLICY-v1
ALT-001052,CMP-001052,2026-03-16T01:29:23+00:00,ACTIONED,LOW,POLICY-v1
ALT-001053,CMP-001053,2026-04-21T19:15:43+00:00,ACKNOWLEDGED,LOW,POLICY-v1
ALT-001054,CMP-001054,2026-06-08T14:11:20+00:00,ACTIONED,MEDIUM,POLICY-v1
ALT-001055,CMP-001055,2026-06-06T23:04:21+00:00,ACTIONED,HIGH,POLICY-v1
ALT-001056,CMP-001056,2026-04-27T13:39:01+00:00,ACTIONED,HIGH,POLICY-v1
ALT-001057,CMP-001057,2026-06-11T18:01:57+00:00,EXPIRED,MEDIUM,POLICY-v1
ALT-001058,CMP-001058,2026-01-16T08:53:04+00:00,ACKNOWLEDGED,MEDIUM,POLICY-v1
ALT-001059,CMP-001059,2026-02-08T10:45:27+00:00,EXPIRED,MEDIUM,POLICY-v1
ALT-001060,CMP-001060,2026-06-04T09:30:28+00:00,ACKNOWLEDGED,LOW,POLICY-v1
ALT-001061,CMP-001061,2026-01-07T20:02:24+00:00,ACKNOWLEDGED,LOW,POLICY-v1
ALT-001062,CMP-001062,2026-02-07T12:13:00+00:00,ACTIONED,HIGH,POLICY-v1
ALT-001063,CMP-001063,2026-04-26T10:12:21+00:00,ACKNOWLEDGED,HIGH,POLICY-v1
ALT-001064,CMP-001064,2026-03-02T10:12:16+00:00,ACTIONED,MEDIUM,POLICY-v1
ALT-001065,CMP-001065,2026-02-14T10:23:43+00:00,PENDING,MEDIUM,POLICY-v1
ALT-001066,CMP-001066,2026-01-11T15:00:10+00:00,ACTIONED,LOW,POLICY-v1
ALT-001067,CMP-001067,2026-04-17T22:25:28+00:00,PENDING,MEDIUM,POLICY-v1
ALT-001068,CMP-001068,2026-04-14T21:08:39+00:00,ACTIONED,HIGH,POLICY-v1
ALT-001069,CMP-001069,2026-01-01T11:22:04+00:00,ACKNOWLEDGED,LOW,POLICY-v1
ALT-001070,CMP-001070,2026-06-24T05:21:53+00:00,ACKNOWLEDGED,LOW,POLICY-v1
ALT-001071,CMP-001071,2026-04-27T23:27:19+00:00,ACTIONED,LOW,POLICY-v1
ALT-001072,CMP-001072,2026-04-01T21:38:01+00:00,ACTIONED,LOW,POLICY-v1
ALT-001073,CMP-001073,2026-05-27T18:02:29+00:00,ACTIONED,MEDIUM,POLICY-v1
ALT-001074,CMP-001074,2026-02-08T00:13:25+00:00,ACTIONED,LOW,POLICY-v1
ALT-001075,CMP-001075,2026-06-27T09:00:14+00:00,PENDING,MEDIUM,POLICY-v1
ALT-001076,CMP-001076,2026-06-04T10:16:11+00:00,EXPIRED,LOW,POLICY-v1
ALT-001077,CMP-001077,2026-06-26T11:49:35+00:00,ACTIONED,LOW,POLICY-v1
ALT-001078,CMP-001078,2026-02-01T04:54:48+00:00,ACTIONED,MEDIUM,POLICY-v1
ALT-001079,CMP-001079,2026-06-08T09:37:21+00:00,PENDING,HIGH,POLICY-v1
ALT-001080,CMP-001080,2026-03-31T12:17:04+00:00,ACTIONED,LOW,POLICY-v1
ALT-001081,CMP-001081,2026-02-07T00:07:51+00:00,ACTIONED,MEDIUM,POLICY-v1
ALT-001082,CMP-001082,2026-04-23T04:00:15+00:00,ACKNOWLEDGED,MEDIUM,POLICY-v1
ALT-001083,CMP-001083,2026-01-08T19:51:34+00:00,ACTIONED,LOW,POLICY-v1
ALT-001084,CMP-001084,2026-01-23T22:55:46+00:00,ACTIONED,MEDIUM,POLICY-v1
ALT-001085,CMP-001085,2026-04-14T11:21:22+00:00,ACTIONED,HIGH,POLICY-v1
ALT-001086,CMP-001086,2026-04-30T17:52:12+00:00,ACTIONED,LOW,POLICY-v1
ALT-001087,CMP-001087,2026-05-02T01:36:09+00:00,ACTIONED,HIGH,POLICY-v1
ALT-001088,CMP-001088,2026-03-25T11:39:02+00:00,ACKNOWLEDGED,HIGH,POLICY-v1
ALT-001089,CMP-001089,2026-05-25T10:22:01+00:00,ACTIONED,LOW,POLICY-v1
ALT-001090,CMP-001090,2026-06-19T05:54:25+00:00,ACTIONED,HIGH,POLICY-v1
ALT-001091,CMP-001091,2026-02-11T08:10:26+00:00,ACKNOWLEDGED,MEDIUM,POLICY-v1
ALT-001092,CMP-001092,2026-04-16T03:31:26+00:00,ACTIONED,LOW,POLICY-v1
ALT-001093,CMP-001093,2026-01-23T19:47:25+00:00,EXPIRED,MEDIUM,POLICY-v1
ALT-001094,CMP-001094,2026-01-04T10:36:35+00:00,ACTIONED,MEDIUM,POLICY-v1
ALT-001095,CMP-001095,2026-05-21T04:41:34+00:00,EXPIRED,HIGH,POLICY-v1
ALT-001096,CMP-001096,2026-03-10T09:25:19+00:00,ACTIONED,MEDIUM,POLICY-v1
ALT-001097,CMP-001097,2026-03-29T00:33:24+00:00,ACTIONED,HIGH,POLICY-v1
ALT-001098,CMP-001098,2026-03-05T22:26:01+00:00,ACTIONED,MEDIUM,POLICY-v1
ALT-001099,CMP-001099,2026-02-07T01:30:29+00:00,ACKNOWLEDGED,MEDIUM,POLICY-v1
ALT-001100,CMP-001100,2026-01-31T14:35:57+00:00,EXPIRED,MEDIUM,POLICY-v1
ALT-001101,CMP-001101,2026-04-10T09:27:31+00:00,ACTIONED,HIGH,POLICY-v1
ALT-001102,CMP-001102,2026-03-16T23:03:32+00:00,EXPIRED,LOW,POLICY-v1
ALT-001103,CMP-001103,2026-03-19T23:29:19+00:00,ACTIONED,HIGH,POLICY-v1
ALT-001104,CMP-001104,2026-02-28T03:26:41+00:00,ACTIONED,MEDIUM,POLICY-v1
ALT-001105,CMP-001105,2026-04-12T03:02:12+00:00,EXPIRED,HIGH,POLICY-v1
ALT-001106,CMP-001106,2026-05-04T12:51:15+00:00,ACTIONED,LOW,POLICY-v1
ALT-001107,CMP-001107,2026-04-01T23:07:56+00:00,EXPIRED,LOW,POLICY-v1
ALT-001108,CMP-001108,2026-03-29T12:05:31+00:00,PENDING,HIGH,POLICY-v1
ALT-001109,CMP-001109,2026-06-19T20:55:40+00:00,ACTIONED,MEDIUM,POLICY-v1
ALT-001110,CMP-001110,2026-05-13T02:00:35+00:00,PENDING,HIGH,POLICY-v1
ALT-001111,CMP-001111,2026-06-15T20:12:01+00:00,ACTIONED,HIGH,POLICY-v1
ALT-001112,CMP-001112,2026-05-18T01:30:40+00:00,ACTIONED,LOW,POLICY-v1
ALT-001113,CMP-001113,2026-04-16T13:16:50+00:00,ACTIONED,LOW,POLICY-v1
ALT-001114,CMP-001114,2026-05-30T17:42:35+00:00,ACKNOWLEDGED,HIGH,POLICY-v1
ALT-001115,CMP-001115,2026-05-06T15:43:26+00:00,ACTIONED,MEDIUM,POLICY-v1
ALT-001116,CMP-001116,2026-02-22T18:07:15+00:00,PENDING,HIGH,POLICY-v1
ALT-001117,CMP-001117,2026-05-29T01:39:51+00:00,ACTIONED,LOW,POLICY-v1
ALT-001118,CMP-001118,2026-03-25T11:09:05+00:00,ACTIONED,LOW,POLICY-v1
ALT-001119,CMP-001119,2026-03-25T06:43:49+00:00,ACTIONED,LOW,POLICY-v1
ALT-001120,CMP-001120,2026-05-03T22:20:24+00:00,ACTIONED,LOW,POLICY-v1
ALT-001121,CMP-001121,2026-01-10T00:39:48+00:00,EXPIRED,LOW,POLICY-v1
ALT-001122,CMP-001122,2026-03-01T02:40:43+00:00,ACKNOWLEDGED,HIGH,POLICY-v1
ALT-001123,CMP-001123,2026-04-16T23:17:26+00:00,EXPIRED,MEDIUM,POLICY-v1
ALT-001124,CMP-001124,2026-04-14T10:40:08+00:00,ACTIONED,MEDIUM,POLICY-v1
ALT-001125,CMP-001125,2026-06-25T00:39:09+00:00,PENDING,LOW,POLICY-v1
ALT-001126,CMP-001126,2026-05-10T11:39:42+00:00,ACKNOWLEDGED,MEDIUM,POLICY-v1
ALT-001127,CMP-001127,2026-06-06T20:35:23+00:00,EXPIRED,LOW,POLICY-v1
ALT-001128,CMP-001128,2026-03-24T03:08:25+00:00,ACTIONED,HIGH,POLICY-v1
ALT-001129,CMP-001129,2026-01-02T07:36:47+00:00,ACTIONED,MEDIUM,POLICY-v1
ALT-001130,CMP-001130,2026-04-19T08:34:33+00:00,ACTIONED,LOW,POLICY-v1
ALT-001131,CMP-001131,2026-06-15T16:13:16+00:00,PENDING,LOW,POLICY-v1
ALT-001132,CMP-001132,2026-04-25T12:30:05+00:00,ACTIONED,HIGH,POLICY-v1
ALT-001133,CMP-001133,2026-05-30T12:18:16+00:00,ACKNOWLEDGED,LOW,POLICY-v1
ALT-001134,CMP-001134,2026-06-13T17:47:45+00:00,ACTIONED,HIGH,POLICY-v1
ALT-001135,CMP-001135,2026-03-02T14:10:03+00:00,ACKNOWLEDGED,MEDIUM,POLICY-v1
ALT-001136,CMP-001136,2026-01-16T13:02:19+00:00,ACTIONED,LOW,POLICY-v1
ALT-001137,CMP-001137,2026-01-26T11:13:24+00:00,ACTIONED,MEDIUM,POLICY-v1
ALT-001138,CMP-001138,2026-04-08T10:51:37+00:00,ACTIONED,MEDIUM,POLICY-v1
ALT-001139,CMP-001139,2026-05-09T10:58:00+00:00,ACKNOWLEDGED,LOW,POLICY-v1
ALT-001140,CMP-001140,2026-01-31T02:30:14+00:00,PENDING,MEDIUM,POLICY-v1
ALT-001141,CMP-001141,2026-05-14T01:30:58+00:00,ACTIONED,HIGH,POLICY-v1
ALT-001142,CMP-001142,2026-04-21T09:41:14+00:00,ACTIONED,HIGH,POLICY-v1
ALT-001143,CMP-001143,2026-06-22T12:27:30+00:00,PENDING,MEDIUM,POLICY-v1
ALT-001144,CMP-001144,2026-04-20T12:13:52+00:00,ACTIONED,LOW,POLICY-v1
ALT-001145,CMP-001145,2026-05-11T16:35:50+00:00,ACTIONED,MEDIUM,POLICY-v1
ALT-001146,CMP-001146,2026-04-29T00:23:01+00:00,ACTIONED,HIGH,POLICY-v1
ALT-001147,CMP-001147,2026-02-23T09:54:16+00:00,EXPIRED,HIGH,POLICY-v1
ALT-001148,CMP-001148,2026-04-10T20:47:30+00:00,PENDING,LOW,POLICY-v1
ALT-001149,CMP-001149,2026-06-28T22:02:01+00:00,ACTIONED,LOW,POLICY-v1
ALT-001150,CMP-001150,2026-01-15T14:18:22+00:00,ACTIONED,LOW,POLICY-v1
ALT-001151,CMP-001151,2026-01-05T21:18:12+00:00,ACTIONED,MEDIUM,POLICY-v1
ALT-001152,CMP-001152,2026-04-17T03:20:04+00:00,ACTIONED,MEDIUM,POLICY-v1
ALT-001153,CMP-001153,2026-04-11T01:31:10+00:00,ACKNOWLEDGED,MEDIUM,POLICY-v1
ALT-001154,CMP-001154,2026-01-26T13:01:13+00:00,ACKNOWLEDGED,MEDIUM,POLICY-v1
ALT-001155,CMP-001155,2026-03-17T12:01:04+00:00,ACKNOWLEDGED,MEDIUM,POLICY-v1
ALT-001156,CMP-001156,2026-06-03T17:47:14+00:00,ACKNOWLEDGED,HIGH,POLICY-v1
ALT-001157,CMP-001157,2026-06-29T01:33:54+00:00,PENDING,MEDIUM,POLICY-v1
ALT-001158,CMP-001158,2026-03-28T18:27:46+00:00,PENDING,MEDIUM,POLICY-v1
ALT-001159,CMP-001159,2026-03-14T06:25:14+00:00,ACKNOWLEDGED,LOW,POLICY-v1
ALT-001160,CMP-001160,2026-06-12T13:54:56+00:00,ACTIONED,LOW,POLICY-v1
ALT-001161,CMP-001161,2026-03-29T11:34:14+00:00,EXPIRED,HIGH,POLICY-v1
ALT-001162,CMP-001162,2026-04-12T04:14:00+00:00,PENDING,MEDIUM,POLICY-v1
ALT-001163,CMP-001163,2026-05-21T18:10:42+00:00,ACTIONED,LOW,POLICY-v1
ALT-001164,CMP-001164,2026-05-09T12:56:23+00:00,ACTIONED,LOW,POLICY-v1
ALT-001165,CMP-001165,2026-03-05T04:56:10+00:00,EXPIRED,LOW,POLICY-v1
ALT-001166,CMP-001166,2026-01-17T05:27:03+00:00,ACTIONED,LOW,POLICY-v1
ALT-001167,CMP-001167,2026-03-29T07:50:14+00:00,ACTIONED,MEDIUM,POLICY-v1
ALT-001168,CMP-001168,2026-01-13T06:42:53+00:00,ACKNOWLEDGED,HIGH,POLICY-v1
ALT-001169,CMP-001169,2026-03-08T12:50:47+00:00,PENDING,MEDIUM,POLICY-v1
ALT-001170,CMP-001170,2026-01-28T01:34:17+00:00,ACTIONED,LOW,POLICY-v1
ALT-001171,CMP-001171,2026-05-20T23:13:02+00:00,ACKNOWLEDGED,HIGH,POLICY-v1
ALT-001172,CMP-001172,2026-03-24T21:32:49+00:00,EXPIRED,HIGH,POLICY-v1
ALT-001173,CMP-001173,2026-04-20T01:37:36+00:00,ACKNOWLEDGED,HIGH,POLICY-v1
ALT-001174,CMP-001174,2026-02-07T12:50:46+00:00,ACKNOWLEDGED,MEDIUM,POLICY-v1
ALT-001175,CMP-001175,2026-03-29T07:52:35+00:00,ACTIONED,MEDIUM,POLICY-v1
ALT-001176,CMP-001176,2026-06-15T01:54:51+00:00,ACTIONED,HIGH,POLICY-v1
ALT-001177,CMP-001177,2026-06-16T04:35:58+00:00,PENDING,LOW,POLICY-v1
ALT-001178,CMP-001178,2026-05-31T04:59:59+00:00,PENDING,LOW,POLICY-v1
ALT-001179,CMP-001179,2026-01-28T08:16:34+00:00,ACTIONED,HIGH,POLICY-v1
ALT-001180,CMP-001180,2026-04-05T05:13:29+00:00,ACTIONED,LOW,POLICY-v1
ALT-001181,CMP-001181,2026-05-31T18:00:24+00:00,ACTIONED,MEDIUM,POLICY-v1
ALT-001182,CMP-001182,2026-01-28T12:37:34+00:00,ACTIONED,LOW,POLICY-v1
ALT-001183,CMP-001183,2026-06-02T02:01:46+00:00,ACKNOWLEDGED,HIGH,POLICY-v1
ALT-001184,CMP-001184,2026-04-28T18:31:47+00:00,ACTIONED,HIGH,POLICY-v1
ALT-001185,CMP-001185,2026-06-12T15:24:42+00:00,ACTIONED,LOW,POLICY-v1
ALT-001186,CMP-001186,2026-03-19T08:41:48+00:00,ACTIONED,LOW,POLICY-v1
ALT-001187,CMP-001187,2026-01-07T08:42:44+00:00,PENDING,MEDIUM,POLICY-v1
ALT-001188,CMP-001188,2026-03-18T06:06:39+00:00,ACTIONED,HIGH,POLICY-v1
ALT-001189,CMP-001189,2026-01-01T06:19:27+00:00,ACKNOWLEDGED,HIGH,POLICY-v1
ALT-001190,CMP-001190,2026-05-13T11:57:39+00:00,ACTIONED,MEDIUM,POLICY-v1
ALT-001191,CMP-001191,2026-01-05T06:07:42+00:00,ACKNOWLEDGED,MEDIUM,POLICY-v1
ALT-001192,CMP-001192,2026-05-14T08:25:29+00:00,ACTIONED,HIGH,POLICY-v1
ALT-001193,CMP-001193,2026-01-19T13:59:33+00:00,ACTIONED,LOW,POLICY-v1
ALT-001194,CMP-001194,2026-03-20T10:11:42+00:00,EXPIRED,HIGH,POLICY-v1
ALT-001195,CMP-001195,2026-04-05T21:05:35+00:00,ACTIONED,HIGH,POLICY-v1
ALT-001196,CMP-001196,2026-03-20T13:00:09+00:00,ACKNOWLEDGED,LOW,POLICY-v1
ALT-001197,CMP-001197,2026-05-28T12:24:07+00:00,PENDING,LOW,POLICY-v1
ALT-001198,CMP-001198,2026-02-24T18:54:59+00:00,PENDING,LOW,POLICY-v1
ALT-001199,CMP-001199,2026-04-01T20:29:29+00:00,ACTIONED,HIGH,POLICY-v1
ALT-001200,CMP-001200,2026-01-23T02:45:58+00:00,ACKNOWLEDGED,LOW,POLICY-v1
ALT-001201,CMP-001201,2026-06-11T17:44:51+00:00,ACKNOWLEDGED,LOW,POLICY-v1
ALT-001202,CMP-001202,2026-04-06T22:15:45+00:00,ACTIONED,LOW,POLICY-v1
ALT-001203,CMP-001203,2026-06-19T20:52:50+00:00,PENDING,MEDIUM,POLICY-v1
ALT-001204,CMP-001204,2026-06-23T16:31:46+00:00,ACTIONED,HIGH,POLICY-v1
ALT-001205,CMP-001205,2026-01-02T01:03:12+00:00,ACTIONED,MEDIUM,POLICY-v1
ALT-001206,CMP-001206,2026-06-14T17:27:57+00:00,ACTIONED,MEDIUM,POLICY-v1
ALT-001207,CMP-001207,2026-01-12T08:48:53+00:00,ACTIONED,LOW,POLICY-v1
ALT-001208,CMP-001208,2026-03-06T23:34:21+00:00,PENDING,MEDIUM,POLICY-v1
ALT-001209,CMP-001209,2026-03-18T09:15:51+00:00,ACKNOWLEDGED,MEDIUM,POLICY-v1
ALT-001210,CMP-001210,2026-04-21T01:08:10+00:00,ACTIONED,LOW,POLICY-v1
ALT-001211,CMP-001211,2026-06-29T20:57:40+00:00,EXPIRED,MEDIUM,POLICY-v1
ALT-001212,CMP-001212,2026-06-11T01:08:54+00:00,ACKNOWLEDGED,HIGH,POLICY-v1
ALT-001213,CMP-001213,2026-06-05T05:39:09+00:00,EXPIRED,HIGH,POLICY-v1
ALT-001214,CMP-001214,2026-06-05T16:29:02+00:00,ACTIONED,LOW,POLICY-v1
ALT-001215,CMP-001215,2026-01-21T01:25:32+00:00,ACKNOWLEDGED,LOW,POLICY-v1
ALT-001216,CMP-001216,2026-03-17T16:14:47+00:00,ACTIONED,HIGH,POLICY-v1
ALT-001217,CMP-001217,2026-01-21T02:56:02+00:00,ACTIONED,LOW,POLICY-v1
ALT-001218,CMP-001218,2026-06-02T21:16:50+00:00,ACTIONED,MEDIUM,POLICY-v1
ALT-001219,CMP-001219,2026-01-28T06:18:06+00:00,ACKNOWLEDGED,HIGH,POLICY-v1
ALT-001220,CMP-001220,2026-04-03T05:44:32+00:00,PENDING,HIGH,POLICY-v1
ALT-001221,CMP-001221,2026-01-30T02:50:46+00:00,ACTIONED,HIGH,POLICY-v1
ALT-001222,CMP-001222,2026-03-16T03:46:52+00:00,ACTIONED,LOW,POLICY-v1
ALT-001223,CMP-001223,2026-02-13T06:23:03+00:00,EXPIRED,HIGH,POLICY-v1
ALT-001224,CMP-001224,2026-03-08T08:37:55+00:00,ACTIONED,MEDIUM,POLICY-v1
ALT-001225,CMP-001225,2026-05-18T04:27:12+00:00,ACTIONED,LOW,POLICY-v1
ALT-001226,CMP-001226,2026-03-27T10:57:51+00:00,ACTIONED,MEDIUM,POLICY-v1
ALT-001227,CMP-001227,2026-05-29T21:17:09+00:00,ACTIONED,MEDIUM,POLICY-v1
ALT-001228,CMP-001228,2026-05-29T23:19:17+00:00,ACKNOWLEDGED,HIGH,POLICY-v1
ALT-001229,CMP-001229,2026-03-22T16:42:29+00:00,ACTIONED,MEDIUM,POLICY-v1
ALT-001230,CMP-001230,2026-01-08T09:36:20+00:00,ACTIONED,MEDIUM,POLICY-v1
ALT-001231,CMP-001231,2026-04-12T19:55:51+00:00,EXPIRED,HIGH,POLICY-v1
ALT-001232,CMP-001232,2026-02-19T02:49:51+00:00,EXPIRED,MEDIUM,POLICY-v1
ALT-001233,CMP-001233,2026-05-31T03:21:07+00:00,EXPIRED,HIGH,POLICY-v1
ALT-001234,CMP-001234,2026-01-19T00:37:20+00:00,ACKNOWLEDGED,HIGH,POLICY-v1
ALT-001235,CMP-001235,2026-01-13T10:11:18+00:00,ACTIONED,LOW,POLICY-v1
ALT-001236,CMP-001236,2026-04-21T16:51:28+00:00,ACTIONED,LOW,POLICY-v1
ALT-001237,CMP-001237,2026-06-12T06:10:25+00:00,ACTIONED,LOW,POLICY-v1
ALT-001238,CMP-001238,2026-02-14T00:08:51+00:00,ACTIONED,HIGH,POLICY-v1
ALT-001239,CMP-001239,2026-06-02T02:51:29+00:00,ACTIONED,HIGH,POLICY-v1
ALT-001240,CMP-001240,2026-05-28T08:34:36+00:00,ACTIONED,MEDIUM,POLICY-v1
ALT-001241,CMP-001241,2026-04-10T04:48:47+00:00,ACTIONED,MEDIUM,POLICY-v1
ALT-001242,CMP-001242,2026-02-14T02:23:32+00:00,ACTIONED,LOW,POLICY-v1
ALT-001243,CMP-001243,2026-06-03T00:44:36+00:00,ACKNOWLEDGED,HIGH,POLICY-v1
ALT-001244,CMP-001244,2026-01-17T22:19:24+00:00,ACTIONED,HIGH,POLICY-v1
ALT-001245,CMP-001245,2026-01-07T09:31:05+00:00,ACTIONED,HIGH,POLICY-v1
ALT-001246,CMP-001246,2026-02-25T14:10:10+00:00,ACTIONED,MEDIUM,POLICY-v1
ALT-001247,CMP-001247,2026-05-27T15:42:33+00:00,ACTIONED,MEDIUM,POLICY-v1
ALT-001248,CMP-001248,2026-01-06T14:16:34+00:00,PENDING,MEDIUM,POLICY-v1
ALT-001249,CMP-001249,2026-05-03T15:41:53+00:00,PENDING,MEDIUM,POLICY-v1
ALT-001250,CMP-001250,2026-05-13T18:59:41+00:00,ACTIONED,HIGH,POLICY-v1
ALT-001251,CMP-001251,2026-02-15T16:51:48+00:00,ACKNOWLEDGED,LOW,POLICY-v1
ALT-001252,CMP-001252,2026-06-23T02:59:23+00:00,ACKNOWLEDGED,LOW,POLICY-v1
ALT-001253,CMP-001253,2026-03-27T17:57:52+00:00,ACTIONED,LOW,POLICY-v1
ALT-001254,CMP-001254,2026-04-03T14:09:56+00:00,ACTIONED,LOW,POLICY-v1
ALT-001255,CMP-001255,2026-05-15T12:13:16+00:00,ACTIONED,HIGH,POLICY-v1
ALT-001256,CMP-001256,2026-06-23T18:24:02+00:00,PENDING,LOW,POLICY-v1
ALT-001257,CMP-001257,2026-05-07T12:42:57+00:00,ACKNOWLEDGED,LOW,POLICY-v1
ALT-001258,CMP-001258,2026-06-08T10:02:15+00:00,PENDING,MEDIUM,POLICY-v1
ALT-001259,CMP-001259,2026-05-05T17:46:12+00:00,ACTIONED,LOW,POLICY-v1
ALT-001260,CMP-001260,2026-01-28T10:09:58+00:00,EXPIRED,HIGH,POLICY-v1
ALT-001261,CMP-001261,2026-03-07T08:14:04+00:00,ACTIONED,HIGH,POLICY-v1
ALT-001262,CMP-001262,2026-03-06T15:45:29+00:00,ACTIONED,LOW,POLICY-v1
ALT-001263,CMP-001263,2026-02-05T14:15:29+00:00,ACTIONED,LOW,POLICY-v1
ALT-001264,CMP-001264,2026-01-17T07:07:34+00:00,EXPIRED,HIGH,POLICY-v1
ALT-001265,CMP-001265,2026-01-11T23:21:21+00:00,ACKNOWLEDGED,LOW,POLICY-v1
ALT-001266,CMP-001266,2026-04-16T17:03:53+00:00,ACTIONED,HIGH,POLICY-v1
ALT-001267,CMP-001267,2026-05-12T07:48:05+00:00,EXPIRED,HIGH,POLICY-v1
ALT-001268,CMP-001268,2026-04-23T15:25:41+00:00,ACTIONED,LOW,POLICY-v1
ALT-001269,CMP-001269,2026-04-02T08:16:00+00:00,ACTIONED,LOW,POLICY-v1
ALT-001270,CMP-001270,2026-04-18T10:12:16+00:00,ACTIONED,MEDIUM,POLICY-v1
ALT-001271,CMP-001271,2026-03-10T20:24:36+00:00,ACTIONED,HIGH,POLICY-v1
ALT-001272,CMP-001272,2026-04-19T06:28:07+00:00,EXPIRED,HIGH,POLICY-v1
ALT-001273,CMP-001273,2026-06-11T00:26:07+00:00,ACTIONED,MEDIUM,POLICY-v1
ALT-001274,CMP-001274,2026-04-19T00:01:57+00:00,ACTIONED,LOW,POLICY-v1
ALT-001275,CMP-001275,2026-03-24T19:02:27+00:00,ACTIONED,HIGH,POLICY-v1
ALT-001276,CMP-001276,2026-02-09T14:54:36+00:00,ACTIONED,HIGH,POLICY-v1
ALT-001277,CMP-001277,2026-06-10T08:40:44+00:00,ACTIONED,HIGH,POLICY-v1
ALT-001278,CMP-001278,2026-02-08T13:00:34+00:00,ACKNOWLEDGED,HIGH,POLICY-v1
ALT-001279,CMP-001279,2026-01-09T20:15:51+00:00,ACTIONED,HIGH,POLICY-v1
ALT-001280,CMP-001280,2026-02-28T22:53:05+00:00,ACTIONED,LOW,POLICY-v1
ALT-001281,CMP-001281,2026-02-21T06:31:56+00:00,ACTIONED,HIGH,POLICY-v1
ALT-001282,CMP-001282,2026-05-05T16:10:47+00:00,ACKNOWLEDGED,LOW,POLICY-v1
ALT-001283,CMP-001283,2026-05-01T10:25:19+00:00,ACTIONED,HIGH,POLICY-v1
ALT-001284,CMP-001284,2026-04-05T01:49:04+00:00,ACTIONED,MEDIUM,POLICY-v1
ALT-001285,CMP-001285,2026-05-31T03:05:25+00:00,ACTIONED,MEDIUM,POLICY-v1
ALT-001286,CMP-001286,2026-05-06T16:17:59+00:00,ACTIONED,LOW,POLICY-v1
ALT-001287,CMP-001287,2026-02-05T19:23:50+00:00,ACKNOWLEDGED,HIGH,POLICY-v1
ALT-001288,CMP-001288,2026-06-25T10:52:56+00:00,ACKNOWLEDGED,MEDIUM,POLICY-v1
ALT-001289,CMP-001289,2026-05-14T07:12:45+00:00,ACTIONED,LOW,POLICY-v1
ALT-001290,CMP-001290,2026-05-19T02:59:15+00:00,ACTIONED,HIGH,POLICY-v1
ALT-001291,CMP-001291,2026-06-25T16:58:20+00:00,ACTIONED,MEDIUM,POLICY-v1
ALT-001292,CMP-001292,2026-03-31T23:16:51+00:00,ACTIONED,MEDIUM,POLICY-v1
ALT-001293,CMP-001293,2026-01-02T12:37:40+00:00,ACKNOWLEDGED,LOW,POLICY-v1
ALT-001294,CMP-001294,2026-05-08T09:53:46+00:00,ACTIONED,MEDIUM,POLICY-v1
ALT-001295,CMP-001295,2026-04-26T18:45:50+00:00,ACKNOWLEDGED,MEDIUM,POLICY-v1
ALT-001296,CMP-001296,2026-04-25T02:51:02+00:00,PENDING,LOW,POLICY-v1
ALT-001297,CMP-001297,2026-02-14T13:23:06+00:00,PENDING,LOW,POLICY-v1
ALT-001298,CMP-001298,2026-03-18T11:08:09+00:00,EXPIRED,LOW,POLICY-v1
ALT-001299,CMP-001299,2026-04-10T09:31:38+00:00,ACTIONED,MEDIUM,POLICY-v1
ALT-001300,CMP-001300,2026-03-07T17:44:06+00:00,EXPIRED,HIGH,POLICY-v1
ALT-001301,CMP-001301,2026-05-07T19:19:53+00:00,PENDING,MEDIUM,POLICY-v1
ALT-001302,CMP-001302,2026-02-20T21:14:58+00:00,ACTIONED,LOW,POLICY-v1
ALT-001303,CMP-001303,2026-02-14T11:12:26+00:00,ACTIONED,LOW,POLICY-v1
ALT-001304,CMP-001304,2026-06-24T12:18:29+00:00,EXPIRED,HIGH,POLICY-v1
ALT-001305,CMP-001305,2026-05-15T14:47:38+00:00,ACTIONED,LOW,POLICY-v1
ALT-001306,CMP-001306,2026-05-20T03:59:33+00:00,ACTIONED,HIGH,POLICY-v1
ALT-001307,CMP-001307,2026-05-11T18:02:13+00:00,EXPIRED,HIGH,POLICY-v1
ALT-001308,CMP-001308,2026-05-24T05:33:34+00:00,ACTIONED,LOW,POLICY-v1
ALT-001309,CMP-001309,2026-06-09T21:18:54+00:00,ACTIONED,LOW,POLICY-v1
ALT-001310,CMP-001310,2026-05-13T06:47:44+00:00,ACTIONED,HIGH,POLICY-v1
ALT-001311,CMP-001311,2026-01-12T03:16:30+00:00,ACTIONED,MEDIUM,POLICY-v1
ALT-001312,CMP-001312,2026-01-28T22:51:09+00:00,PENDING,MEDIUM,POLICY-v1
ALT-001313,CMP-001313,2026-01-27T14:45:01+00:00,EXPIRED,HIGH,POLICY-v1
ALT-001314,CMP-001314,2026-01-20T16:43:57+00:00,PENDING,HIGH,POLICY-v1
ALT-001315,CMP-001315,2026-04-03T05:29:12+00:00,ACTIONED,MEDIUM,POLICY-v1
ALT-001316,CMP-001316,2026-04-04T04:42:00+00:00,ACTIONED,HIGH,POLICY-v1
ALT-001317,CMP-001317,2026-05-16T22:38:13+00:00,ACTIONED,MEDIUM,POLICY-v1
ALT-001318,CMP-001318,2026-05-16T14:30:56+00:00,ACTIONED,HIGH,POLICY-v1
ALT-001319,CMP-001319,2026-04-07T06:03:19+00:00,ACTIONED,HIGH,POLICY-v1
ALT-001320,CMP-001320,2026-03-11T14:59:37+00:00,PENDING,LOW,POLICY-v1
ALT-001321,CMP-001321,2026-05-26T22:48:05+00:00,EXPIRED,LOW,POLICY-v1
ALT-001322,CMP-001322,2026-03-07T04:25:16+00:00,PENDING,MEDIUM,POLICY-v1
ALT-001323,CMP-001323,2026-05-15T01:29:50+00:00,ACTIONED,LOW,POLICY-v1
ALT-001324,CMP-001324,2026-06-23T01:31:46+00:00,ACTIONED,MEDIUM,POLICY-v1
ALT-001325,CMP-001325,2026-06-20T23:44:19+00:00,ACTIONED,LOW,POLICY-v1
ALT-001326,CMP-001326,2026-02-11T04:09:57+00:00,PENDING,LOW,POLICY-v1
ALT-001327,CMP-001327,2026-02-22T17:18:28+00:00,ACTIONED,MEDIUM,POLICY-v1
ALT-001328,CMP-001328,2026-04-15T21:02:15+00:00,PENDING,HIGH,POLICY-v1
ALT-001329,CMP-001329,2026-05-01T17:30:14+00:00,ACKNOWLEDGED,LOW,POLICY-v1
ALT-001330,CMP-001330,2026-01-03T13:47:13+00:00,ACKNOWLEDGED,LOW,POLICY-v1
ALT-001331,CMP-001331,2026-05-16T19:17:58+00:00,ACTIONED,MEDIUM,POLICY-v1
ALT-001332,CMP-001332,2026-01-04T22:26:46+00:00,PENDING,HIGH,POLICY-v1
ALT-001333,CMP-001333,2026-03-23T18:00:09+00:00,EXPIRED,HIGH,POLICY-v1
ALT-001334,CMP-001334,2026-01-01T08:37:20+00:00,ACTIONED,LOW,POLICY-v1
ALT-001335,CMP-001335,2026-02-25T14:24:18+00:00,EXPIRED,LOW,POLICY-v1
ALT-001336,CMP-001336,2026-02-04T12:24:15+00:00,ACKNOWLEDGED,MEDIUM,POLICY-v1
ALT-001337,CMP-001337,2026-03-29T15:56:13+00:00,ACTIONED,MEDIUM,POLICY-v1
ALT-001338,CMP-001338,2026-05-31T02:32:28+00:00,ACTIONED,LOW,POLICY-v1
ALT-001339,CMP-001339,2026-04-30T18:01:14+00:00,ACTIONED,MEDIUM,POLICY-v1
ALT-001340,CMP-001340,2026-02-01T23:15:09+00:00,ACTIONED,LOW,POLICY-v1
ALT-001341,CMP-001341,2026-06-08T06:37:02+00:00,EXPIRED,LOW,POLICY-v1
ALT-001342,CMP-001342,2026-03-07T15:38:17+00:00,ACTIONED,MEDIUM,POLICY-v1
ALT-001343,CMP-001343,2026-01-06T14:32:05+00:00,ACTIONED,LOW,POLICY-v1
ALT-001344,CMP-001344,2026-01-02T12:21:34+00:00,ACTIONED,MEDIUM,POLICY-v1
ALT-001345,CMP-001345,2026-01-05T13:32:51+00:00,ACTIONED,LOW,POLICY-v1
ALT-001346,CMP-001346,2026-05-10T03:48:03+00:00,ACTIONED,HIGH,POLICY-v1
ALT-001347,CMP-001347,2026-05-05T13:06:48+00:00,ACTIONED,HIGH,POLICY-v1
ALT-001348,CMP-001348,2026-04-01T19:59:43+00:00,EXPIRED,LOW,POLICY-v1
ALT-001349,CMP-001349,2026-03-01T21:17:24+00:00,ACTIONED,HIGH,POLICY-v1
ALT-001350,CMP-001350,2026-04-25T01:05:06+00:00,ACKNOWLEDGED,LOW,POLICY-v1
ALT-001351,CMP-001351,2026-02-07T12:13:37+00:00,EXPIRED,MEDIUM,POLICY-v1
ALT-001352,CMP-001352,2026-02-02T12:53:48+00:00,ACKNOWLEDGED,MEDIUM,POLICY-v1
ALT-001353,CMP-001353,2026-02-02T11:54:06+00:00,EXPIRED,HIGH,POLICY-v1
ALT-001354,CMP-001354,2026-02-13T18:51:24+00:00,ACKNOWLEDGED,LOW,POLICY-v1
ALT-001355,CMP-001355,2026-01-24T04:40:57+00:00,EXPIRED,MEDIUM,POLICY-v1
ALT-001356,CMP-001356,2026-02-27T06:29:01+00:00,ACTIONED,HIGH,POLICY-v1
ALT-001357,CMP-001357,2026-01-31T13:00:59+00:00,ACKNOWLEDGED,LOW,POLICY-v1
ALT-001358,CMP-001358,2026-05-04T00:53:20+00:00,ACTIONED,HIGH,POLICY-v1
ALT-001359,CMP-001359,2026-01-08T19:44:10+00:00,PENDING,HIGH,POLICY-v1
ALT-001360,CMP-001360,2026-03-05T17:27:39+00:00,ACTIONED,LOW,POLICY-v1
ALT-001361,CMP-001361,2026-02-01T03:46:05+00:00,ACTIONED,HIGH,POLICY-v1
ALT-001362,CMP-001362,2026-05-07T19:20:41+00:00,ACTIONED,LOW,POLICY-v1
ALT-001363,CMP-001363,2026-01-14T09:16:28+00:00,ACKNOWLEDGED,HIGH,POLICY-v1
ALT-001364,CMP-001364,2026-06-13T23:28:56+00:00,ACTIONED,MEDIUM,POLICY-v1
ALT-001365,CMP-001365,2026-02-08T22:52:52+00:00,EXPIRED,HIGH,POLICY-v1
ALT-001366,CMP-001366,2026-02-16T12:35:03+00:00,EXPIRED,MEDIUM,POLICY-v1
ALT-001367,CMP-001367,2026-04-19T08:41:56+00:00,ACTIONED,MEDIUM,POLICY-v1
ALT-001368,CMP-001368,2026-02-16T10:36:34+00:00,ACTIONED,LOW,POLICY-v1
ALT-001369,CMP-001369,2026-01-22T06:42:26+00:00,ACTIONED,LOW,POLICY-v1
ALT-001370,CMP-001370,2026-02-21T01:07:08+00:00,ACKNOWLEDGED,HIGH,POLICY-v1
ALT-001371,CMP-001371,2026-06-07T15:16:24+00:00,ACKNOWLEDGED,MEDIUM,POLICY-v1
ALT-001372,CMP-001372,2026-04-21T02:52:57+00:00,EXPIRED,LOW,POLICY-v1
ALT-001373,CMP-001373,2026-06-29T01:42:17+00:00,ACTIONED,HIGH,POLICY-v1
ALT-001374,CMP-001374,2026-03-27T17:00:50+00:00,ACTIONED,LOW,POLICY-v1
ALT-001375,CMP-001375,2026-03-08T22:21:46+00:00,ACTIONED,MEDIUM,POLICY-v1
ALT-001376,CMP-001376,2026-02-20T05:22:01+00:00,ACTIONED,MEDIUM,POLICY-v1
ALT-001377,CMP-001377,2026-05-30T13:05:40+00:00,ACTIONED,HIGH,POLICY-v1
ALT-001378,CMP-001378,2026-02-13T00:23:23+00:00,ACTIONED,HIGH,POLICY-v1
ALT-001379,CMP-001379,2026-01-29T12:04:15+00:00,EXPIRED,MEDIUM,POLICY-v1
ALT-001380,CMP-001380,2026-01-12T20:33:18+00:00,ACKNOWLEDGED,MEDIUM,POLICY-v1
ALT-001381,CMP-001381,2026-06-25T07:51:43+00:00,PENDING,MEDIUM,POLICY-v1
ALT-001382,CMP-001382,2026-02-16T14:03:37+00:00,ACTIONED,MEDIUM,POLICY-v1
ALT-001383,CMP-001383,2026-04-10T16:57:22+00:00,EXPIRED,HIGH,POLICY-v1
ALT-001384,CMP-001384,2026-01-02T01:03:22+00:00,ACTIONED,LOW,POLICY-v1
ALT-001385,CMP-001385,2026-01-30T03:53:04+00:00,ACTIONED,MEDIUM,POLICY-v1
ALT-001386,CMP-001386,2026-04-25T00:27:48+00:00,ACKNOWLEDGED,HIGH,POLICY-v1
ALT-001387,CMP-001387,2026-02-15T07:06:03+00:00,ACTIONED,LOW,POLICY-v1
ALT-001388,CMP-001388,2026-01-15T10:46:05+00:00,ACTIONED,HIGH,POLICY-v1
ALT-001389,CMP-001389,2026-05-01T18:07:06+00:00,ACTIONED,HIGH,POLICY-v1
ALT-001390,CMP-001390,2026-06-18T23:04:42+00:00,EXPIRED,HIGH,POLICY-v1
ALT-001391,CMP-001391,2026-04-01T13:23:56+00:00,ACTIONED,LOW,POLICY-v1
ALT-001392,CMP-001392,2026-04-11T20:47:51+00:00,EXPIRED,LOW,POLICY-v1
ALT-001393,CMP-001393,2026-03-02T22:27:12+00:00,ACKNOWLEDGED,HIGH,POLICY-v1
ALT-001394,CMP-001394,2026-01-05T08:14:35+00:00,EXPIRED,MEDIUM,POLICY-v1
ALT-001395,CMP-001395,2026-04-16T01:54:37+00:00,ACTIONED,HIGH,POLICY-v1
ALT-001396,CMP-001396,2026-04-14T08:34:30+00:00,ACTIONED,HIGH,POLICY-v1
ALT-001397,CMP-001397,2026-03-29T01:05:22+00:00,ACTIONED,MEDIUM,POLICY-v1
ALT-001398,CMP-001398,2026-06-05T06:48:30+00:00,ACTIONED,HIGH,POLICY-v1
ALT-001399,CMP-001399,2026-03-02T04:21:16+00:00,EXPIRED,MEDIUM,POLICY-v1
ALT-001400,CMP-001400,2026-04-04T04:18:53+00:00,ACTIONED,MEDIUM,POLICY-v1
ALT-001401,CMP-001401,2026-04-23T16:05:36+00:00,ACTIONED,HIGH,POLICY-v1
ALT-001402,CMP-001402,2026-01-26T09:59:57+00:00,EXPIRED,LOW,POLICY-v1
ALT-001403,CMP-001403,2026-03-04T03:49:44+00:00,ACTIONED,MEDIUM,POLICY-v1
ALT-001404,CMP-001404,2026-03-22T03:21:07+00:00,ACTIONED,LOW,POLICY-v1
ALT-001405,CMP-001405,2026-05-03T21:29:06+00:00,ACTIONED,MEDIUM,POLICY-v1
ALT-001406,CMP-001406,2026-02-05T07:34:53+00:00,ACTIONED,LOW,POLICY-v1
ALT-001407,CMP-001407,2026-03-15T09:01:19+00:00,ACTIONED,LOW,POLICY-v1
ALT-001408,CMP-001408,2026-04-20T19:54:28+00:00,ACTIONED,HIGH,POLICY-v1
ALT-001409,CMP-001409,2026-01-08T10:07:49+00:00,ACTIONED,MEDIUM,POLICY-v1
ALT-001410,CMP-001410,2026-05-03T23:16:18+00:00,ACKNOWLEDGED,MEDIUM,POLICY-v1
ALT-001411,CMP-001411,2026-03-19T01:20:29+00:00,EXPIRED,LOW,POLICY-v1
ALT-001412,CMP-001412,2026-04-21T07:28:12+00:00,PENDING,LOW,POLICY-v1
ALT-001413,CMP-001413,2026-03-05T13:26:05+00:00,ACTIONED,LOW,POLICY-v1
ALT-001414,CMP-001414,2026-03-21T21:14:47+00:00,ACTIONED,MEDIUM,POLICY-v1
ALT-001415,CMP-001415,2026-05-24T18:25:27+00:00,PENDING,LOW,POLICY-v1
ALT-001416,CMP-001416,2026-03-29T23:18:55+00:00,ACTIONED,MEDIUM,POLICY-v1
ALT-001417,CMP-001417,2026-03-24T08:23:44+00:00,ACTIONED,HIGH,POLICY-v1
ALT-001418,CMP-001418,2026-01-25T01:23:37+00:00,ACTIONED,HIGH,POLICY-v1
ALT-001419,CMP-001419,2026-06-11T22:42:43+00:00,ACTIONED,HIGH,POLICY-v1
ALT-001420,CMP-001420,2026-05-07T16:12:10+00:00,ACTIONED,MEDIUM,POLICY-v1
ALT-001421,CMP-001421,2026-01-01T17:49:29+00:00,PENDING,MEDIUM,POLICY-v1
ALT-001422,CMP-001422,2026-06-03T07:38:30+00:00,ACTIONED,LOW,POLICY-v1
ALT-001423,CMP-001423,2026-02-06T06:28:20+00:00,ACTIONED,LOW,POLICY-v1
ALT-001424,CMP-001424,2026-01-08T16:00:21+00:00,ACKNOWLEDGED,MEDIUM,POLICY-v1
ALT-001425,CMP-001425,2026-06-14T00:21:03+00:00,ACKNOWLEDGED,MEDIUM,POLICY-v1
ALT-001426,CMP-001426,2026-01-24T16:46:37+00:00,ACTIONED,HIGH,POLICY-v1
ALT-001427,CMP-001427,2026-05-18T05:12:58+00:00,PENDING,LOW,POLICY-v1
ALT-001428,CMP-001428,2026-03-30T02:39:00+00:00,ACKNOWLEDGED,HIGH,POLICY-v1
ALT-001429,CMP-001429,2026-01-15T21:41:09+00:00,ACKNOWLEDGED,LOW,POLICY-v1
ALT-001430,CMP-001430,2026-03-17T05:13:56+00:00,ACKNOWLEDGED,LOW,POLICY-v1
ALT-001431,CMP-001431,2026-02-07T22:30:46+00:00,ACTIONED,HIGH,POLICY-v1
ALT-001432,CMP-001432,2026-02-23T16:56:46+00:00,ACKNOWLEDGED,MEDIUM,POLICY-v1
ALT-001433,CMP-001433,2026-02-18T11:49:10+00:00,ACTIONED,HIGH,POLICY-v1
ALT-001434,CMP-001434,2026-05-13T02:30:34+00:00,ACTIONED,HIGH,POLICY-v1
ALT-001435,CMP-001435,2026-02-19T16:44:25+00:00,ACTIONED,LOW,POLICY-v1
ALT-001436,CMP-001436,2026-02-20T05:59:22+00:00,ACTIONED,LOW,POLICY-v1
ALT-001437,CMP-001437,2026-02-17T07:01:08+00:00,PENDING,LOW,POLICY-v1
ALT-001438,CMP-001438,2026-02-07T23:59:38+00:00,ACTIONED,HIGH,POLICY-v1
ALT-001439,CMP-001439,2026-02-12T22:29:13+00:00,PENDING,HIGH,POLICY-v1
ALT-001440,CMP-001440,2026-04-15T02:56:09+00:00,ACTIONED,HIGH,POLICY-v1
ALT-001441,CMP-001441,2026-06-27T08:03:24+00:00,PENDING,MEDIUM,POLICY-v1
ALT-001442,CMP-001442,2026-05-11T21:02:00+00:00,ACTIONED,MEDIUM,POLICY-v1
ALT-001443,CMP-001443,2026-04-23T17:37:11+00:00,ACKNOWLEDGED,LOW,POLICY-v1
ALT-001444,CMP-001444,2026-06-22T00:54:43+00:00,PENDING,MEDIUM,POLICY-v1
ALT-001445,CMP-001445,2026-03-09T03:23:57+00:00,ACTIONED,LOW,POLICY-v1
ALT-001446,CMP-001446,2026-05-20T15:26:49+00:00,ACTIONED,MEDIUM,POLICY-v1
ALT-001447,CMP-001447,2026-06-27T10:21:47+00:00,ACTIONED,HIGH,POLICY-v1
ALT-001448,CMP-001448,2026-04-15T12:30:29+00:00,ACKNOWLEDGED,LOW,POLICY-v1
ALT-001449,CMP-001449,2026-04-06T11:42:30+00:00,EXPIRED,LOW,POLICY-v1
ALT-001450,CMP-001450,2026-06-10T10:45:43+00:00,ACKNOWLEDGED,HIGH,POLICY-v1
ALT-001451,CMP-001451,2026-06-25T15:06:37+00:00,ACKNOWLEDGED,MEDIUM,POLICY-v1
ALT-001452,CMP-001452,2026-03-26T11:27:08+00:00,PENDING,HIGH,POLICY-v1
ALT-001453,CMP-001453,2026-06-05T12:26:09+00:00,ACTIONED,MEDIUM,POLICY-v1
ALT-001454,CMP-001454,2026-03-08T08:55:39+00:00,ACTIONED,HIGH,POLICY-v1
ALT-001455,CMP-001455,2026-06-21T21:21:45+00:00,ACTIONED,HIGH,POLICY-v1
ALT-001456,CMP-001456,2026-02-21T06:35:33+00:00,PENDING,LOW,POLICY-v1
ALT-001457,CMP-001457,2026-04-01T06:03:10+00:00,EXPIRED,HIGH,POLICY-v1
ALT-001458,CMP-001458,2026-04-09T15:35:33+00:00,ACTIONED,LOW,POLICY-v1
ALT-001459,CMP-001459,2026-02-02T19:43:31+00:00,PENDING,HIGH,POLICY-v1
ALT-001460,CMP-001460,2026-04-23T19:59:50+00:00,ACTIONED,LOW,POLICY-v1
ALT-001461,CMP-001461,2026-03-09T16:56:10+00:00,ACTIONED,HIGH,POLICY-v1
ALT-001462,CMP-001462,2026-01-30T18:06:44+00:00,ACKNOWLEDGED,MEDIUM,POLICY-v1
ALT-001463,CMP-001463,2026-01-26T23:50:31+00:00,EXPIRED,MEDIUM,POLICY-v1
ALT-001464,CMP-001464,2026-02-13T14:29:13+00:00,ACTIONED,MEDIUM,POLICY-v1
ALT-001465,CMP-001465,2026-02-25T17:02:53+00:00,EXPIRED,MEDIUM,POLICY-v1
ALT-001466,CMP-001466,2026-04-29T18:33:14+00:00,ACTIONED,MEDIUM,POLICY-v1
ALT-001467,CMP-001467,2026-04-29T05:50:41+00:00,ACTIONED,HIGH,POLICY-v1
ALT-001468,CMP-001468,2026-01-03T07:25:43+00:00,ACTIONED,MEDIUM,POLICY-v1
ALT-001469,CMP-001469,2026-01-01T07:07:59+00:00,ACKNOWLEDGED,MEDIUM,POLICY-v1
ALT-001470,CMP-001470,2026-06-26T21:47:50+00:00,ACTIONED,HIGH,POLICY-v1
ALT-001471,CMP-001471,2026-06-11T07:10:15+00:00,PENDING,MEDIUM,POLICY-v1
ALT-001472,CMP-001472,2026-04-27T19:19:45+00:00,ACKNOWLEDGED,LOW,POLICY-v1
ALT-001473,CMP-001473,2026-05-24T16:53:45+00:00,PENDING,MEDIUM,POLICY-v1
ALT-001474,CMP-001474,2026-05-27T08:29:32+00:00,ACTIONED,MEDIUM,POLICY-v1
ALT-001475,CMP-001475,2026-03-30T06:35:33+00:00,ACTIONED,MEDIUM,POLICY-v1
ALT-001476,CMP-001476,2026-03-15T00:18:48+00:00,ACTIONED,MEDIUM,POLICY-v1
ALT-001477,CMP-001477,2026-06-22T23:33:45+00:00,ACKNOWLEDGED,MEDIUM,POLICY-v1
ALT-001478,CMP-001478,2026-03-23T08:48:52+00:00,PENDING,HIGH,POLICY-v1
ALT-001479,CMP-001479,2026-03-11T01:45:10+00:00,ACTIONED,LOW,POLICY-v1
ALT-001480,CMP-001480,2026-04-10T16:45:55+00:00,ACKNOWLEDGED,LOW,POLICY-v1
ALT-001481,CMP-001481,2026-01-28T02:47:32+00:00,ACTIONED,MEDIUM,POLICY-v1
ALT-001482,CMP-001482,2026-06-03T20:41:59+00:00,ACTIONED,LOW,POLICY-v1
ALT-001483,CMP-001483,2026-03-07T06:38:14+00:00,EXPIRED,LOW,POLICY-v1
ALT-001484,CMP-001484,2026-05-19T19:54:29+00:00,PENDING,MEDIUM,POLICY-v1
ALT-001485,CMP-001485,2026-04-23T05:07:28+00:00,ACTIONED,LOW,POLICY-v1
ALT-001486,CMP-001486,2026-05-08T01:49:38+00:00,ACTIONED,MEDIUM,POLICY-v1
ALT-001487,CMP-001487,2026-01-21T01:13:12+00:00,ACTIONED,MEDIUM,POLICY-v1
ALT-001488,CMP-001488,2026-05-26T01:35:22+00:00,PENDING,MEDIUM,POLICY-v1
ALT-001489,CMP-001489,2026-06-07T15:41:10+00:00,EXPIRED,LOW,POLICY-v1
ALT-001490,CMP-001490,2026-03-08T05:49:02+00:00,EXPIRED,HIGH,POLICY-v1
ALT-001491,CMP-001491,2026-06-29T19:32:54+00:00,ACKNOWLEDGED,LOW,POLICY-v1
ALT-001492,CMP-001492,2026-05-09T21:32:49+00:00,ACKNOWLEDGED,MEDIUM,POLICY-v1
ALT-001493,CMP-001493,2026-04-17T05:03:49+00:00,ACTIONED,LOW,POLICY-v1
ALT-001494,CMP-001494,2026-01-10T16:45:59+00:00,ACTIONED,MEDIUM,POLICY-v1
ALT-001495,CMP-001495,2026-06-05T05:11:44+00:00,ACKNOWLEDGED,MEDIUM,POLICY-v1
ALT-001496,CMP-001496,2026-06-04T19:14:45+00:00,ACKNOWLEDGED,MEDIUM,POLICY-v1
ALT-001497,CMP-001497,2026-06-16T23:33:24+00:00,ACTIONED,HIGH,POLICY-v1
ALT-001498,CMP-001498,2026-01-06T18:03:33+00:00,ACTIONED,MEDIUM,POLICY-v1
ALT-001499,CMP-001499,2026-04-27T06:52:21+00:00,ACTIONED,HIGH,POLICY-v1
ALT-001500,CMP-001500,2026-04-12T03:08:03+00:00,EXPIRED,MEDIUM,POLICY-v1
ALT-001501,CMP-001501,2026-06-22T12:22:59+00:00,PENDING,HIGH,POLICY-v1
ALT-001502,CMP-001502,2026-03-26T04:04:55+00:00,ACKNOWLEDGED,MEDIUM,POLICY-v1
ALT-001503,CMP-001503,2026-02-06T14:23:22+00:00,EXPIRED,HIGH,POLICY-v1
ALT-001504,CMP-001504,2026-02-21T13:14:52+00:00,PENDING,HIGH,POLICY-v1
ALT-001505,CMP-001505,2026-02-14T10:10:17+00:00,PENDING,LOW,POLICY-v1
ALT-001506,CMP-001506,2026-04-27T11:23:33+00:00,ACTIONED,MEDIUM,POLICY-v1
ALT-001507,CMP-001507,2026-04-14T14:46:43+00:00,ACKNOWLEDGED,HIGH,POLICY-v1
ALT-001508,CMP-001508,2026-05-16T04:53:28+00:00,EXPIRED,MEDIUM,POLICY-v1
ALT-001509,CMP-001509,2026-05-11T20:06:22+00:00,EXPIRED,HIGH,POLICY-v1
ALT-001510,CMP-001510,2026-06-02T10:39:51+00:00,EXPIRED,LOW,POLICY-v1
ALT-001511,CMP-001511,2026-02-13T09:19:20+00:00,ACKNOWLEDGED,LOW,POLICY-v1
ALT-001512,CMP-001512,2026-06-18T05:54:35+00:00,ACTIONED,MEDIUM,POLICY-v1
ALT-001513,CMP-001513,2026-06-26T06:09:16+00:00,PENDING,MEDIUM,POLICY-v1
ALT-001514,CMP-001514,2026-04-22T12:34:33+00:00,PENDING,LOW,POLICY-v1
ALT-001515,CMP-001515,2026-01-11T06:13:14+00:00,ACKNOWLEDGED,HIGH,POLICY-v1
ALT-001516,CMP-001516,2026-01-28T10:38:50+00:00,PENDING,LOW,POLICY-v1
ALT-001517,CMP-001517,2026-06-26T10:34:25+00:00,ACTIONED,LOW,POLICY-v1
ALT-001518,CMP-001518,2026-04-02T20:12:39+00:00,EXPIRED,LOW,POLICY-v1
ALT-001519,CMP-001519,2026-01-26T01:42:06+00:00,PENDING,MEDIUM,POLICY-v1
ALT-001520,CMP-001520,2026-02-22T21:35:02+00:00,ACTIONED,LOW,POLICY-v1
ALT-001521,CMP-001521,2026-06-19T03:40:07+00:00,EXPIRED,LOW,POLICY-v1
ALT-001522,CMP-001522,2026-02-01T18:21:15+00:00,PENDING,LOW,POLICY-v1
ALT-001523,CMP-001523,2026-05-14T15:46:59+00:00,ACTIONED,LOW,POLICY-v1
ALT-001524,CMP-001524,2026-02-23T09:10:18+00:00,PENDING,LOW,POLICY-v1
ALT-001525,CMP-001525,2026-02-02T21:41:06+00:00,ACTIONED,LOW,POLICY-v1
ALT-001526,CMP-001526,2026-01-24T23:03:01+00:00,ACTIONED,LOW,POLICY-v1
ALT-001527,CMP-001527,2026-04-22T03:26:00+00:00,ACTIONED,HIGH,POLICY-v1
ALT-001528,CMP-001528,2026-06-19T01:28:13+00:00,ACTIONED,HIGH,POLICY-v1
ALT-001529,CMP-001529,2026-05-21T06:05:26+00:00,ACTIONED,HIGH,POLICY-v1
ALT-001530,CMP-001530,2026-02-10T22:49:06+00:00,PENDING,MEDIUM,POLICY-v1
ALT-001531,CMP-001531,2026-03-24T03:26:10+00:00,ACTIONED,LOW,POLICY-v1
ALT-001532,CMP-001532,2026-03-07T01:28:43+00:00,ACTIONED,HIGH,POLICY-v1
ALT-001533,CMP-001533,2026-03-08T02:10:40+00:00,ACTIONED,LOW,POLICY-v1
ALT-001534,CMP-001534,2026-06-29T17:04:49+00:00,ACKNOWLEDGED,HIGH,POLICY-v1
ALT-001535,CMP-001535,2026-06-21T00:26:30+00:00,ACTIONED,LOW,POLICY-v1
ALT-001536,CMP-001536,2026-02-27T16:20:21+00:00,ACTIONED,MEDIUM,POLICY-v1
ALT-001537,CMP-001537,2026-01-08T06:49:47+00:00,ACKNOWLEDGED,LOW,POLICY-v1
ALT-001538,CMP-001538,2026-01-18T03:43:24+00:00,ACTIONED,HIGH,POLICY-v1
ALT-001539,CMP-001539,2026-02-13T15:24:46+00:00,ACTIONED,HIGH,POLICY-v1
ALT-001540,CMP-001540,2026-03-09T18:51:23+00:00,ACTIONED,MEDIUM,POLICY-v1
ALT-001541,CMP-001541,2026-01-30T15:42:04+00:00,PENDING,MEDIUM,POLICY-v1
ALT-001542,CMP-001542,2026-03-30T02:29:39+00:00,ACKNOWLEDGED,LOW,POLICY-v1
ALT-001543,CMP-001543,2026-02-07T05:54:29+00:00,ACTIONED,HIGH,POLICY-v1
ALT-001544,CMP-001544,2026-04-14T10:07:40+00:00,ACTIONED,HIGH,POLICY-v1
ALT-001545,CMP-001545,2026-06-15T16:12:12+00:00,PENDING,MEDIUM,POLICY-v1
ALT-001546,CMP-001546,2026-05-10T09:42:11+00:00,ACTIONED,LOW,POLICY-v1
ALT-001547,CMP-001547,2026-02-05T22:58:14+00:00,ACTIONED,MEDIUM,POLICY-v1
ALT-001548,CMP-001548,2026-03-13T07:56:41+00:00,ACTIONED,HIGH,POLICY-v1
ALT-001549,CMP-001549,2026-03-15T01:33:06+00:00,EXPIRED,HIGH,POLICY-v1
ALT-001550,CMP-001550,2026-04-08T17:27:24+00:00,ACKNOWLEDGED,LOW,POLICY-v1
ALT-001551,CMP-001551,2026-05-19T11:18:47+00:00,EXPIRED,MEDIUM,POLICY-v1
ALT-001552,CMP-001552,2026-03-14T21:11:09+00:00,PENDING,LOW,POLICY-v1
ALT-001553,CMP-001553,2026-03-06T04:55:35+00:00,EXPIRED,MEDIUM,POLICY-v1
ALT-001554,CMP-001554,2026-02-18T09:43:43+00:00,PENDING,MEDIUM,POLICY-v1
ALT-001555,CMP-001555,2026-01-13T02:42:27+00:00,ACTIONED,LOW,POLICY-v1
ALT-001556,CMP-001556,2026-06-09T02:03:18+00:00,ACKNOWLEDGED,LOW,POLICY-v1
ALT-001557,CMP-001557,2026-01-19T20:18:25+00:00,ACTIONED,MEDIUM,POLICY-v1
ALT-001558,CMP-001558,2026-02-12T21:48:08+00:00,PENDING,LOW,POLICY-v1
ALT-001559,CMP-001559,2026-02-03T07:51:45+00:00,ACKNOWLEDGED,HIGH,POLICY-v1
ALT-001560,CMP-001560,2026-03-27T09:35:31+00:00,PENDING,HIGH,POLICY-v1
ALT-001561,CMP-001561,2026-03-22T10:22:03+00:00,ACTIONED,LOW,POLICY-v1
ALT-001562,CMP-001562,2026-06-27T18:34:41+00:00,EXPIRED,LOW,POLICY-v1
ALT-001563,CMP-001563,2026-04-26T02:00:48+00:00,PENDING,LOW,POLICY-v1
ALT-001564,CMP-001564,2026-02-10T19:09:56+00:00,PENDING,LOW,POLICY-v1
ALT-001565,CMP-001565,2026-06-22T14:30:25+00:00,ACTIONED,MEDIUM,POLICY-v1
ALT-001566,CMP-001566,2026-04-19T10:13:42+00:00,PENDING,LOW,POLICY-v1
ALT-001567,CMP-001567,2026-03-31T02:49:59+00:00,EXPIRED,MEDIUM,POLICY-v1
ALT-001568,CMP-001568,2026-02-05T20:57:28+00:00,ACKNOWLEDGED,HIGH,POLICY-v1
ALT-001569,CMP-001569,2026-04-16T12:30:33+00:00,EXPIRED,MEDIUM,POLICY-v1
ALT-001570,CMP-001570,2026-05-27T14:03:53+00:00,ACTIONED,MEDIUM,POLICY-v1
ALT-001571,CMP-001571,2026-05-13T00:03:46+00:00,EXPIRED,MEDIUM,POLICY-v1
ALT-001572,CMP-001572,2026-06-19T12:58:17+00:00,ACTIONED,HIGH,POLICY-v1
ALT-001573,CMP-001573,2026-03-13T03:22:49+00:00,EXPIRED,HIGH,POLICY-v1
ALT-001574,CMP-001574,2026-05-14T23:44:26+00:00,PENDING,LOW,POLICY-v1
ALT-001575,CMP-001575,2026-02-10T19:32:43+00:00,ACTIONED,HIGH,POLICY-v1
ALT-001576,CMP-001576,2026-06-18T15:43:09+00:00,ACKNOWLEDGED,HIGH,POLICY-v1
ALT-001577,CMP-001577,2026-05-21T18:35:08+00:00,ACTIONED,LOW,POLICY-v1
ALT-001578,CMP-001578,2026-05-26T06:07:40+00:00,ACKNOWLEDGED,HIGH,POLICY-v1
ALT-001579,CMP-001579,2026-05-31T11:56:22+00:00,ACKNOWLEDGED,HIGH,POLICY-v1
ALT-001580,CMP-001580,2026-02-05T03:22:43+00:00,ACTIONED,MEDIUM,POLICY-v1
ALT-001581,CMP-001581,2026-01-06T08:09:33+00:00,ACKNOWLEDGED,HIGH,POLICY-v1
ALT-001582,CMP-001582,2026-02-25T07:15:07+00:00,ACTIONED,LOW,POLICY-v1
ALT-001583,CMP-001583,2026-01-29T07:52:23+00:00,ACTIONED,MEDIUM,POLICY-v1
ALT-001584,CMP-001584,2026-03-21T02:27:09+00:00,EXPIRED,LOW,POLICY-v1
ALT-001585,CMP-001585,2026-05-13T01:25:29+00:00,ACKNOWLEDGED,MEDIUM,POLICY-v1
ALT-001586,CMP-001586,2026-03-02T21:03:05+00:00,EXPIRED,LOW,POLICY-v1
ALT-001587,CMP-001587,2026-03-08T14:42:23+00:00,ACTIONED,HIGH,POLICY-v1
ALT-001588,CMP-001588,2026-04-15T13:17:41+00:00,ACKNOWLEDGED,LOW,POLICY-v1
ALT-001589,CMP-001589,2026-02-06T12:31:34+00:00,ACTIONED,MEDIUM,POLICY-v1
ALT-001590,CMP-001590,2026-06-23T17:00:22+00:00,ACTIONED,MEDIUM,POLICY-v1
ALT-001591,CMP-001591,2026-02-16T14:32:47+00:00,EXPIRED,LOW,POLICY-v1
ALT-001592,CMP-001592,2026-01-10T16:39:33+00:00,PENDING,HIGH,POLICY-v1
ALT-001593,CMP-001593,2026-03-09T01:52:16+00:00,ACTIONED,MEDIUM,POLICY-v1
ALT-001594,CMP-001594,2026-02-25T20:58:51+00:00,PENDING,MEDIUM,POLICY-v1
ALT-001595,CMP-001595,2026-05-24T09:38:29+00:00,ACTIONED,LOW,POLICY-v1
ALT-001596,CMP-001596,2026-01-21T18:06:59+00:00,PENDING,HIGH,POLICY-v1
ALT-001597,CMP-001597,2026-06-05T11:01:05+00:00,PENDING,LOW,POLICY-v1
ALT-001598,CMP-001598,2026-06-16T17:41:26+00:00,PENDING,LOW,POLICY-v1
ALT-001599,CMP-001599,2026-03-15T23:21:05+00:00,EXPIRED,MEDIUM,POLICY-v1
ALT-001600,CMP-001600,2026-04-30T04:12:25+00:00,ACTIONED,MEDIUM,POLICY-v1
ALT-001601,CMP-001601,2026-01-07T01:54:01+00:00,PENDING,LOW,POLICY-v1
ALT-001602,CMP-001602,2026-01-30T08:02:06+00:00,ACTIONED,LOW,POLICY-v1
ALT-001603,CMP-001603,2026-02-03T01:04:41+00:00,ACTIONED,LOW,POLICY-v1
ALT-001604,CMP-001604,2026-06-28T01:46:50+00:00,ACTIONED,MEDIUM,POLICY-v1
ALT-001605,CMP-001605,2026-01-18T04:15:17+00:00,ACKNOWLEDGED,LOW,POLICY-v1
ALT-001606,CMP-001606,2026-02-07T05:59:33+00:00,ACKNOWLEDGED,HIGH,POLICY-v1
ALT-001607,CMP-001607,2026-01-16T11:04:20+00:00,ACTIONED,HIGH,POLICY-v1
ALT-001608,CMP-001608,2026-02-23T12:07:54+00:00,ACTIONED,MEDIUM,POLICY-v1
ALT-001609,CMP-001609,2026-05-16T10:02:08+00:00,ACKNOWLEDGED,HIGH,POLICY-v1
ALT-001610,CMP-001610,2026-05-25T18:45:56+00:00,ACTIONED,HIGH,POLICY-v1
ALT-001611,CMP-001611,2026-02-07T00:34:45+00:00,EXPIRED,MEDIUM,POLICY-v1
ALT-001612,CMP-001612,2026-06-27T01:29:36+00:00,PENDING,MEDIUM,POLICY-v1
ALT-001613,CMP-001613,2026-04-11T20:15:46+00:00,EXPIRED,MEDIUM,POLICY-v1
ALT-001614,CMP-001614,2026-06-22T22:55:24+00:00,EXPIRED,MEDIUM,POLICY-v1
ALT-001615,CMP-001615,2026-04-06T17:14:19+00:00,ACTIONED,LOW,POLICY-v1
ALT-001616,CMP-001616,2026-05-29T21:32:10+00:00,ACTIONED,LOW,POLICY-v1
ALT-001617,CMP-001617,2026-04-20T07:30:50+00:00,ACTIONED,MEDIUM,POLICY-v1
ALT-001618,CMP-001618,2026-05-25T00:54:28+00:00,ACTIONED,MEDIUM,POLICY-v1
ALT-001619,CMP-001619,2026-02-23T08:31:18+00:00,EXPIRED,LOW,POLICY-v1
ALT-001620,CMP-001620,2026-01-19T03:14:28+00:00,ACTIONED,LOW,POLICY-v1
ALT-001621,CMP-001621,2026-03-18T03:11:48+00:00,ACTIONED,HIGH,POLICY-v1
ALT-001622,CMP-001622,2026-04-10T16:42:38+00:00,ACTIONED,MEDIUM,POLICY-v1
ALT-001623,CMP-001623,2026-04-01T03:11:36+00:00,ACTIONED,MEDIUM,POLICY-v1
ALT-001624,CMP-001624,2026-06-12T16:45:50+00:00,ACTIONED,MEDIUM,POLICY-v1
ALT-001625,CMP-001625,2026-06-27T16:23:44+00:00,PENDING,LOW,POLICY-v1
ALT-001626,CMP-001626,2026-03-18T14:38:13+00:00,ACKNOWLEDGED,MEDIUM,POLICY-v1
ALT-001627,CMP-001627,2026-02-09T16:04:41+00:00,ACTIONED,HIGH,POLICY-v1
ALT-001628,CMP-001628,2026-04-20T06:14:07+00:00,EXPIRED,MEDIUM,POLICY-v1
ALT-001629,CMP-001629,2026-05-11T01:57:12+00:00,ACTIONED,LOW,POLICY-v1
ALT-001630,CMP-001630,2026-05-23T09:16:26+00:00,ACTIONED,LOW,POLICY-v1
ALT-001631,CMP-001631,2026-03-19T18:35:59+00:00,ACKNOWLEDGED,HIGH,POLICY-v1
ALT-001632,CMP-001632,2026-03-08T00:56:55+00:00,PENDING,HIGH,POLICY-v1
ALT-001633,CMP-001633,2026-04-24T06:37:42+00:00,EXPIRED,LOW,POLICY-v1
ALT-001634,CMP-001634,2026-01-04T08:18:41+00:00,ACTIONED,MEDIUM,POLICY-v1
ALT-001635,CMP-001635,2026-06-06T02:05:45+00:00,ACKNOWLEDGED,MEDIUM,POLICY-v1
ALT-001636,CMP-001636,2026-03-25T20:19:13+00:00,ACKNOWLEDGED,LOW,POLICY-v1
ALT-001637,CMP-001637,2026-02-17T22:48:36+00:00,ACTIONED,LOW,POLICY-v1
ALT-001638,CMP-001638,2026-03-03T00:18:10+00:00,PENDING,LOW,POLICY-v1
ALT-001639,CMP-001639,2026-06-29T04:49:44+00:00,EXPIRED,LOW,POLICY-v1
ALT-001640,CMP-001640,2026-06-09T08:29:03+00:00,ACTIONED,MEDIUM,POLICY-v1
ALT-001641,CMP-001641,2026-04-04T11:46:18+00:00,PENDING,LOW,POLICY-v1
ALT-001642,CMP-001642,2026-05-18T10:32:04+00:00,ACTIONED,MEDIUM,POLICY-v1
ALT-001643,CMP-001643,2026-02-03T12:25:43+00:00,ACTIONED,MEDIUM,POLICY-v1
ALT-001644,CMP-001644,2026-05-15T16:07:53+00:00,ACTIONED,HIGH,POLICY-v1
ALT-001645,CMP-001645,2026-02-06T19:58:16+00:00,EXPIRED,MEDIUM,POLICY-v1
ALT-001646,CMP-001646,2026-05-07T17:26:50+00:00,ACTIONED,MEDIUM,POLICY-v1
ALT-001647,CMP-001647,2026-02-22T14:26:52+00:00,ACKNOWLEDGED,MEDIUM,POLICY-v1
ALT-001648,CMP-001648,2026-05-28T17:41:11+00:00,ACTIONED,MEDIUM,POLICY-v1
ALT-001649,CMP-001649,2026-02-18T23:53:34+00:00,ACKNOWLEDGED,MEDIUM,POLICY-v1
ALT-001650,CMP-001650,2026-02-05T08:30:40+00:00,EXPIRED,LOW,POLICY-v1
ALT-001651,CMP-001651,2026-03-15T03:05:24+00:00,ACTIONED,HIGH,POLICY-v1
ALT-001652,CMP-001652,2026-02-20T00:03:15+00:00,ACTIONED,LOW,POLICY-v1
ALT-001653,CMP-001653,2026-05-20T05:22:12+00:00,ACTIONED,MEDIUM,POLICY-v1
ALT-001654,CMP-001654,2026-05-26T01:12:21+00:00,ACTIONED,LOW,POLICY-v1
ALT-001655,CMP-001655,2026-02-09T02:51:32+00:00,ACKNOWLEDGED,HIGH,POLICY-v1
ALT-001656,CMP-001656,2026-01-22T21:42:52+00:00,ACTIONED,LOW,POLICY-v1
ALT-001657,CMP-001657,2026-05-29T22:17:21+00:00,ACKNOWLEDGED,HIGH,POLICY-v1
ALT-001658,CMP-001658,2026-01-09T03:18:22+00:00,ACTIONED,MEDIUM,POLICY-v1
ALT-001659,CMP-001659,2026-04-12T13:34:26+00:00,EXPIRED,MEDIUM,POLICY-v1
ALT-001660,CMP-001660,2026-05-09T20:49:17+00:00,ACTIONED,LOW,POLICY-v1
ALT-001661,CMP-001661,2026-06-06T05:19:54+00:00,ACTIONED,LOW,POLICY-v1
ALT-001662,CMP-001662,2026-06-10T13:11:50+00:00,PENDING,LOW,POLICY-v1
ALT-001663,CMP-001663,2026-05-28T19:17:20+00:00,EXPIRED,LOW,POLICY-v1
ALT-001664,CMP-001664,2026-02-14T09:26:41+00:00,PENDING,MEDIUM,POLICY-v1
ALT-001665,CMP-001665,2026-06-26T03:28:01+00:00,ACTIONED,MEDIUM,POLICY-v1
ALT-001666,CMP-001666,2026-02-21T15:49:54+00:00,EXPIRED,LOW,POLICY-v1
ALT-001667,CMP-001667,2026-01-10T10:12:00+00:00,PENDING,MEDIUM,POLICY-v1
ALT-001668,CMP-001668,2026-05-08T03:36:32+00:00,ACTIONED,HIGH,POLICY-v1
ALT-001669,CMP-001669,2026-01-30T00:46:28+00:00,ACTIONED,HIGH,POLICY-v1
ALT-001670,CMP-001670,2026-04-03T05:04:11+00:00,ACTIONED,MEDIUM,POLICY-v1
ALT-001671,CMP-001671,2026-02-22T07:01:44+00:00,ACTIONED,MEDIUM,POLICY-v1
ALT-001672,CMP-001672,2026-01-07T06:46:00+00:00,ACTIONED,HIGH,POLICY-v1
ALT-001673,CMP-001673,2026-05-01T00:16:55+00:00,ACTIONED,LOW,POLICY-v1
ALT-001674,CMP-001674,2026-01-01T06:10:04+00:00,ACTIONED,LOW,POLICY-v1
ALT-001675,CMP-001675,2026-02-07T05:54:05+00:00,ACTIONED,MEDIUM,POLICY-v1
ALT-001676,CMP-001676,2026-01-08T13:23:23+00:00,EXPIRED,HIGH,POLICY-v1
ALT-001677,CMP-001677,2026-06-13T01:10:24+00:00,ACTIONED,HIGH,POLICY-v1
ALT-001678,CMP-001678,2026-06-25T14:25:06+00:00,EXPIRED,MEDIUM,POLICY-v1
ALT-001679,CMP-001679,2026-03-15T16:48:54+00:00,ACTIONED,MEDIUM,POLICY-v1
ALT-001680,CMP-001680,2026-03-28T12:03:27+00:00,PENDING,MEDIUM,POLICY-v1
ALT-001681,CMP-001681,2026-05-18T16:20:21+00:00,EXPIRED,HIGH,POLICY-v1
ALT-001682,CMP-001682,2026-05-03T03:09:35+00:00,ACKNOWLEDGED,MEDIUM,POLICY-v1
ALT-001683,CMP-001683,2026-04-04T19:24:31+00:00,ACTIONED,LOW,POLICY-v1
ALT-001684,CMP-001684,2026-06-14T05:58:09+00:00,PENDING,LOW,POLICY-v1
ALT-001685,CMP-001685,2026-01-12T13:48:59+00:00,PENDING,MEDIUM,POLICY-v1
ALT-001686,CMP-001686,2026-05-03T18:26:28+00:00,ACKNOWLEDGED,HIGH,POLICY-v1
ALT-001687,CMP-001687,2026-03-13T16:21:26+00:00,ACTIONED,HIGH,POLICY-v1
ALT-001688,CMP-001688,2026-04-25T07:56:56+00:00,ACKNOWLEDGED,MEDIUM,POLICY-v1
ALT-001689,CMP-001689,2026-04-22T15:46:40+00:00,ACTIONED,HIGH,POLICY-v1
ALT-001690,CMP-001690,2026-01-21T06:52:36+00:00,ACKNOWLEDGED,MEDIUM,POLICY-v1
ALT-001691,CMP-001691,2026-04-10T06:40:23+00:00,PENDING,MEDIUM,POLICY-v1
ALT-001692,CMP-001692,2026-05-21T00:06:27+00:00,ACKNOWLEDGED,LOW,POLICY-v1
ALT-001693,CMP-001693,2026-01-12T20:18:42+00:00,ACTIONED,LOW,POLICY-v1
ALT-001694,CMP-001694,2026-03-02T21:04:45+00:00,ACKNOWLEDGED,MEDIUM,POLICY-v1
ALT-001695,CMP-001695,2026-03-06T00:24:21+00:00,ACKNOWLEDGED,LOW,POLICY-v1
ALT-001696,CMP-001696,2026-06-19T02:01:42+00:00,ACKNOWLEDGED,HIGH,POLICY-v1
ALT-001697,CMP-001697,2026-02-15T14:32:56+00:00,ACKNOWLEDGED,LOW,POLICY-v1
ALT-001698,CMP-001698,2026-01-09T06:04:47+00:00,ACTIONED,HIGH,POLICY-v1
ALT-001699,CMP-001699,2026-01-23T15:44:07+00:00,EXPIRED,MEDIUM,POLICY-v1
ALT-001700,CMP-001700,2026-04-17T22:40:44+00:00,ACTIONED,LOW,POLICY-v1
ALT-001701,CMP-001701,2026-02-17T22:12:12+00:00,ACKNOWLEDGED,MEDIUM,POLICY-v1
ALT-001702,CMP-001702,2026-06-28T01:08:49+00:00,ACTIONED,HIGH,POLICY-v1
ALT-001703,CMP-001703,2026-02-26T19:32:29+00:00,PENDING,LOW,POLICY-v1
ALT-001704,CMP-001704,2026-06-20T13:34:12+00:00,ACTIONED,HIGH,POLICY-v1
ALT-001705,CMP-001705,2026-04-26T08:03:19+00:00,ACTIONED,LOW,POLICY-v1
ALT-001706,CMP-001706,2026-06-11T04:42:45+00:00,ACTIONED,HIGH,POLICY-v1
ALT-001707,CMP-001707,2026-05-12T08:14:29+00:00,ACTIONED,LOW,POLICY-v1
ALT-001708,CMP-001708,2026-06-23T03:54:49+00:00,ACTIONED,HIGH,POLICY-v1
ALT-001709,CMP-001709,2026-05-01T05:01:18+00:00,ACTIONED,LOW,POLICY-v1
ALT-001710,CMP-001710,2026-01-02T15:36:34+00:00,ACKNOWLEDGED,HIGH,POLICY-v1
ALT-001711,CMP-001711,2026-02-13T01:39:55+00:00,ACTIONED,LOW,POLICY-v1
ALT-001712,CMP-001712,2026-04-01T15:28:01+00:00,PENDING,LOW,POLICY-v1
ALT-001713,CMP-001713,2026-06-20T02:15:32+00:00,ACTIONED,HIGH,POLICY-v1
ALT-001714,CMP-001714,2026-02-15T13:34:38+00:00,ACTIONED,MEDIUM,POLICY-v1
ALT-001715,CMP-001715,2026-03-19T10:12:05+00:00,ACKNOWLEDGED,HIGH,POLICY-v1
ALT-001716,CMP-001716,2026-05-03T20:37:45+00:00,ACTIONED,LOW,POLICY-v1
ALT-001717,CMP-001717,2026-04-02T05:00:27+00:00,ACKNOWLEDGED,MEDIUM,POLICY-v1
ALT-001718,CMP-001718,2026-03-19T21:00:23+00:00,ACTIONED,MEDIUM,POLICY-v1
ALT-001719,CMP-001719,2026-01-29T02:02:26+00:00,EXPIRED,MEDIUM,POLICY-v1
ALT-001720,CMP-001720,2026-02-25T16:40:57+00:00,ACTIONED,HIGH,POLICY-v1
ALT-001721,CMP-001721,2026-06-10T23:17:04+00:00,ACKNOWLEDGED,HIGH,POLICY-v1
ALT-001722,CMP-001722,2026-01-25T19:33:32+00:00,PENDING,MEDIUM,POLICY-v1
ALT-001723,CMP-001723,2026-06-18T23:10:44+00:00,ACKNOWLEDGED,LOW,POLICY-v1
ALT-001724,CMP-001724,2026-02-02T10:08:39+00:00,ACTIONED,LOW,POLICY-v1
ALT-001725,CMP-001725,2026-04-01T09:35:57+00:00,ACTIONED,HIGH,POLICY-v1
ALT-001726,CMP-001726,2026-02-01T17:01:34+00:00,ACTIONED,MEDIUM,POLICY-v1
ALT-001727,CMP-001727,2026-06-14T10:05:48+00:00,ACKNOWLEDGED,MEDIUM,POLICY-v1
ALT-001728,CMP-001728,2026-04-29T16:51:06+00:00,PENDING,HIGH,POLICY-v1
ALT-001729,CMP-001729,2026-06-28T17:30:10+00:00,PENDING,HIGH,POLICY-v1
ALT-001730,CMP-001730,2026-03-28T23:22:35+00:00,EXPIRED,HIGH,POLICY-v1
ALT-001731,CMP-001731,2026-06-09T12:46:44+00:00,ACTIONED,LOW,POLICY-v1
ALT-001732,CMP-001732,2026-06-07T10:48:54+00:00,ACTIONED,MEDIUM,POLICY-v1
ALT-001733,CMP-001733,2026-04-21T21:32:45+00:00,EXPIRED,MEDIUM,POLICY-v1
ALT-001734,CMP-001734,2026-02-26T13:22:58+00:00,ACTIONED,LOW,POLICY-v1
ALT-001735,CMP-001735,2026-03-10T15:09:23+00:00,ACTIONED,HIGH,POLICY-v1
ALT-001736,CMP-001736,2026-02-12T06:20:48+00:00,ACKNOWLEDGED,HIGH,POLICY-v1
ALT-001737,CMP-001737,2026-04-07T07:04:42+00:00,ACKNOWLEDGED,LOW,POLICY-v1
ALT-001738,CMP-001738,2026-05-22T18:56:23+00:00,ACKNOWLEDGED,LOW,POLICY-v1
ALT-001739,CMP-001739,2026-03-22T14:51:12+00:00,ACTIONED,HIGH,POLICY-v1
ALT-001740,CMP-001740,2026-05-07T21:13:50+00:00,ACTIONED,MEDIUM,POLICY-v1
ALT-001741,CMP-001741,2026-05-13T15:17:59+00:00,ACKNOWLEDGED,HIGH,POLICY-v1
ALT-001742,CMP-001742,2026-02-08T05:50:37+00:00,ACKNOWLEDGED,HIGH,POLICY-v1
ALT-001743,CMP-001743,2026-02-23T14:00:06+00:00,ACTIONED,MEDIUM,POLICY-v1
ALT-001744,CMP-001744,2026-06-02T09:38:19+00:00,EXPIRED,MEDIUM,POLICY-v1
ALT-001745,CMP-001745,2026-06-12T12:15:26+00:00,EXPIRED,HIGH,POLICY-v1
ALT-001746,CMP-001746,2026-01-10T15:21:59+00:00,ACTIONED,HIGH,POLICY-v1
ALT-001747,CMP-001747,2026-01-10T02:03:35+00:00,ACKNOWLEDGED,HIGH,POLICY-v1
ALT-001748,CMP-001748,2026-05-21T00:10:42+00:00,ACTIONED,MEDIUM,POLICY-v1
ALT-001749,CMP-001749,2026-05-11T12:39:27+00:00,ACKNOWLEDGED,HIGH,POLICY-v1
ALT-001750,CMP-001750,2026-03-18T09:02:15+00:00,ACTIONED,MEDIUM,POLICY-v1
ALT-001751,CMP-001751,2026-05-23T20:08:03+00:00,ACKNOWLEDGED,LOW,POLICY-v1
ALT-001752,CMP-001752,2026-06-21T11:44:10+00:00,PENDING,HIGH,POLICY-v1
ALT-001753,CMP-001753,2026-04-05T23:00:18+00:00,ACTIONED,LOW,POLICY-v1
ALT-001754,CMP-001754,2026-05-28T15:03:49+00:00,ACTIONED,HIGH,POLICY-v1
ALT-001755,CMP-001755,2026-06-07T18:59:35+00:00,ACTIONED,MEDIUM,POLICY-v1
ALT-001756,CMP-001756,2026-04-11T16:58:52+00:00,ACTIONED,LOW,POLICY-v1
ALT-001757,CMP-001757,2026-06-21T15:50:44+00:00,EXPIRED,LOW,POLICY-v1
ALT-001758,CMP-001758,2026-03-04T12:36:06+00:00,PENDING,HIGH,POLICY-v1
ALT-001759,CMP-001759,2026-05-20T20:59:32+00:00,ACTIONED,MEDIUM,POLICY-v1
ALT-001760,CMP-001760,2026-02-02T22:02:05+00:00,PENDING,MEDIUM,POLICY-v1
ALT-001761,CMP-001761,2026-01-10T05:12:01+00:00,ACTIONED,HIGH,POLICY-v1
ALT-001762,CMP-001762,2026-02-03T23:07:06+00:00,ACTIONED,HIGH,POLICY-v1
ALT-001763,CMP-001763,2026-03-19T17:21:25+00:00,EXPIRED,MEDIUM,POLICY-v1
ALT-001764,CMP-001764,2026-02-08T00:14:19+00:00,PENDING,MEDIUM,POLICY-v1
ALT-001765,CMP-001765,2026-04-19T21:42:54+00:00,ACKNOWLEDGED,LOW,POLICY-v1
ALT-001766,CMP-001766,2026-05-26T21:51:19+00:00,ACTIONED,LOW,POLICY-v1
ALT-001767,CMP-001767,2026-01-27T22:04:41+00:00,ACTIONED,MEDIUM,POLICY-v1
ALT-001768,CMP-001768,2026-04-12T21:09:58+00:00,PENDING,MEDIUM,POLICY-v1
ALT-001769,CMP-001769,2026-03-29T16:36:43+00:00,ACTIONED,MEDIUM,POLICY-v1
ALT-001770,CMP-001770,2026-04-24T07:11:41+00:00,ACTIONED,LOW,POLICY-v1
ALT-001771,CMP-001771,2026-02-05T21:28:15+00:00,ACTIONED,LOW,POLICY-v1
ALT-001772,CMP-001772,2026-06-14T10:44:57+00:00,PENDING,MEDIUM,POLICY-v1
ALT-001773,CMP-001773,2026-05-11T16:09:25+00:00,ACTIONED,HIGH,POLICY-v1
ALT-001774,CMP-001774,2026-03-08T20:02:41+00:00,ACTIONED,LOW,POLICY-v1
ALT-001775,CMP-001775,2026-04-07T07:12:04+00:00,ACTIONED,LOW,POLICY-v1
ALT-001776,CMP-001776,2026-05-22T05:11:41+00:00,ACTIONED,MEDIUM,POLICY-v1
ALT-001777,CMP-001777,2026-04-15T02:21:41+00:00,ACTIONED,LOW,POLICY-v1
ALT-001778,CMP-001778,2026-03-14T03:50:14+00:00,ACTIONED,MEDIUM,POLICY-v1
ALT-001779,CMP-001779,2026-04-21T01:25:21+00:00,ACTIONED,LOW,POLICY-v1
ALT-001780,CMP-001780,2026-05-04T04:18:08+00:00,ACTIONED,MEDIUM,POLICY-v1
ALT-001781,CMP-001781,2026-03-09T15:01:09+00:00,ACKNOWLEDGED,HIGH,POLICY-v1
ALT-001782,CMP-001782,2026-01-04T11:14:27+00:00,PENDING,LOW,POLICY-v1
ALT-001783,CMP-001783,2026-03-02T01:42:54+00:00,ACKNOWLEDGED,MEDIUM,POLICY-v1
ALT-001784,CMP-001784,2026-05-06T01:43:40+00:00,ACKNOWLEDGED,MEDIUM,POLICY-v1
ALT-001785,CMP-001785,2026-03-06T18:56:14+00:00,ACTIONED,LOW,POLICY-v1
ALT-001786,CMP-001786,2026-03-14T07:50:32+00:00,ACTIONED,MEDIUM,POLICY-v1
ALT-001787,CMP-001787,2026-02-22T22:02:43+00:00,ACTIONED,MEDIUM,POLICY-v1
ALT-001788,CMP-001788,2026-02-12T14:47:07+00:00,ACTIONED,LOW,POLICY-v1
ALT-001789,CMP-001789,2026-02-19T10:16:47+00:00,ACTIONED,HIGH,POLICY-v1
ALT-001790,CMP-001790,2026-02-15T06:19:26+00:00,ACKNOWLEDGED,HIGH,POLICY-v1
ALT-001791,CMP-001791,2026-02-11T19:55:37+00:00,EXPIRED,HIGH,POLICY-v1
ALT-001792,CMP-001792,2026-03-13T12:38:33+00:00,PENDING,MEDIUM,POLICY-v1
ALT-001793,CMP-001793,2026-06-22T10:22:06+00:00,EXPIRED,HIGH,POLICY-v1
ALT-001794,CMP-001794,2026-05-31T16:45:44+00:00,EXPIRED,MEDIUM,POLICY-v1
ALT-001795,CMP-001795,2026-06-24T23:26:09+00:00,ACTIONED,MEDIUM,POLICY-v1
ALT-001796,CMP-001796,2026-02-27T14:46:56+00:00,EXPIRED,MEDIUM,POLICY-v1
ALT-001797,CMP-001797,2026-01-11T00:09:58+00:00,ACKNOWLEDGED,MEDIUM,POLICY-v1
ALT-001798,CMP-001798,2026-02-05T16:16:57+00:00,ACTIONED,LOW,POLICY-v1
ALT-001799,CMP-001799,2026-03-20T08:18:03+00:00,ACKNOWLEDGED,HIGH,POLICY-v1
ALT-001800,CMP-001800,2026-05-23T08:53:51+00:00,ACKNOWLEDGED,MEDIUM,POLICY-v1
ALT-001801,CMP-001801,2026-06-28T00:34:16+00:00,ACTIONED,MEDIUM,POLICY-v1
ALT-001802,CMP-001802,2026-02-22T18:45:14+00:00,ACKNOWLEDGED,LOW,POLICY-v1
ALT-001803,CMP-001803,2026-02-09T14:42:50+00:00,PENDING,MEDIUM,POLICY-v1
ALT-001804,CMP-001804,2026-04-13T03:07:46+00:00,ACTIONED,MEDIUM,POLICY-v1
ALT-001805,CMP-001805,2026-05-20T09:19:25+00:00,ACTIONED,HIGH,POLICY-v1
ALT-001806,CMP-001806,2026-06-16T15:33:47+00:00,ACKNOWLEDGED,MEDIUM,POLICY-v1
ALT-001807,CMP-001807,2026-02-18T02:19:59+00:00,ACTIONED,HIGH,POLICY-v1
ALT-001808,CMP-001808,2026-01-31T23:40:50+00:00,ACTIONED,HIGH,POLICY-v1
ALT-001809,CMP-001809,2026-02-12T12:53:13+00:00,ACTIONED,LOW,POLICY-v1
ALT-001810,CMP-001810,2026-05-01T16:20:23+00:00,EXPIRED,MEDIUM,POLICY-v1
ALT-001811,CMP-001811,2026-01-25T07:04:04+00:00,ACTIONED,HIGH,POLICY-v1
ALT-001812,CMP-001812,2026-05-17T05:28:10+00:00,EXPIRED,MEDIUM,POLICY-v1
ALT-001813,CMP-001813,2026-06-15T01:27:05+00:00,EXPIRED,MEDIUM,POLICY-v1
ALT-001814,CMP-001814,2026-04-20T06:31:19+00:00,ACTIONED,LOW,POLICY-v1
ALT-001815,CMP-001815,2026-05-23T11:47:11+00:00,ACKNOWLEDGED,HIGH,POLICY-v1
ALT-001816,CMP-001816,2026-03-13T14:41:03+00:00,EXPIRED,MEDIUM,POLICY-v1
ALT-001817,CMP-001817,2026-02-06T05:45:50+00:00,EXPIRED,MEDIUM,POLICY-v1
ALT-001818,CMP-001818,2026-03-07T01:56:25+00:00,EXPIRED,HIGH,POLICY-v1
ALT-001819,CMP-001819,2026-05-20T13:15:36+00:00,ACTIONED,HIGH,POLICY-v1
ALT-001820,CMP-001820,2026-03-10T04:17:48+00:00,ACTIONED,MEDIUM,POLICY-v1
ALT-001821,CMP-001821,2026-03-02T20:39:13+00:00,ACTIONED,MEDIUM,POLICY-v1
ALT-001822,CMP-001822,2026-01-22T09:18:18+00:00,EXPIRED,HIGH,POLICY-v1
ALT-001823,CMP-001823,2026-06-17T12:25:24+00:00,EXPIRED,MEDIUM,POLICY-v1
ALT-001824,CMP-001824,2026-02-15T12:24:43+00:00,ACTIONED,MEDIUM,POLICY-v1
ALT-001825,CMP-001825,2026-02-20T18:50:36+00:00,PENDING,MEDIUM,POLICY-v1
ALT-001826,CMP-001826,2026-01-17T07:38:16+00:00,ACKNOWLEDGED,MEDIUM,POLICY-v1
ALT-001827,CMP-001827,2026-02-18T11:11:04+00:00,ACTIONED,LOW,POLICY-v1
ALT-001828,CMP-001828,2026-01-04T04:49:58+00:00,PENDING,MEDIUM,POLICY-v1
ALT-001829,CMP-001829,2026-02-27T04:35:11+00:00,PENDING,LOW,POLICY-v1
ALT-001830,CMP-001830,2026-05-06T11:37:52+00:00,ACTIONED,LOW,POLICY-v1
ALT-001831,CMP-001831,2026-02-19T22:13:25+00:00,ACTIONED,LOW,POLICY-v1
ALT-001832,CMP-001832,2026-01-22T21:23:02+00:00,PENDING,HIGH,POLICY-v1
ALT-001833,CMP-001833,2026-01-29T16:32:03+00:00,ACTIONED,HIGH,POLICY-v1
ALT-001834,CMP-001834,2026-06-22T09:20:39+00:00,ACTIONED,MEDIUM,POLICY-v1
ALT-001835,CMP-001835,2026-05-23T07:03:42+00:00,ACTIONED,HIGH,POLICY-v1
ALT-001836,CMP-001836,2026-06-25T21:51:51+00:00,PENDING,HIGH,POLICY-v1
ALT-001837,CMP-001837,2026-05-25T12:51:08+00:00,ACTIONED,MEDIUM,POLICY-v1
ALT-001838,CMP-001838,2026-06-29T19:24:16+00:00,PENDING,LOW,POLICY-v1
ALT-001839,CMP-001839,2026-03-01T10:32:23+00:00,EXPIRED,MEDIUM,POLICY-v1
ALT-001840,CMP-001840,2026-04-18T00:48:10+00:00,ACTIONED,MEDIUM,POLICY-v1
ALT-001841,CMP-001841,2026-06-11T18:36:48+00:00,ACTIONED,HIGH,POLICY-v1
ALT-001842,CMP-001842,2026-04-06T17:07:29+00:00,ACTIONED,HIGH,POLICY-v1
ALT-001843,CMP-001843,2026-03-24T15:18:33+00:00,ACKNOWLEDGED,HIGH,POLICY-v1
ALT-001844,CMP-001844,2026-02-08T05:34:14+00:00,EXPIRED,HIGH,POLICY-v1
ALT-001845,CMP-001845,2026-05-28T19:52:02+00:00,ACTIONED,HIGH,POLICY-v1
ALT-001846,CMP-001846,2026-03-25T07:01:38+00:00,ACTIONED,MEDIUM,POLICY-v1
ALT-001847,CMP-001847,2026-06-06T06:37:29+00:00,ACTIONED,MEDIUM,POLICY-v1
ALT-001848,CMP-001848,2026-04-06T12:58:17+00:00,ACTIONED,MEDIUM,POLICY-v1
ALT-001849,CMP-001849,2026-03-08T13:24:44+00:00,ACTIONED,HIGH,POLICY-v1
ALT-001850,CMP-001850,2026-05-01T11:33:03+00:00,ACTIONED,LOW,POLICY-v1
ALT-001851,CMP-001851,2026-02-14T16:22:19+00:00,ACTIONED,MEDIUM,POLICY-v1
ALT-001852,CMP-001852,2026-02-24T01:21:24+00:00,ACTIONED,HIGH,POLICY-v1
ALT-001853,CMP-001853,2026-05-11T10:09:27+00:00,ACTIONED,HIGH,POLICY-v1
ALT-001854,CMP-001854,2026-04-22T03:37:46+00:00,ACTIONED,LOW,POLICY-v1
ALT-001855,CMP-001855,2026-05-30T05:28:14+00:00,ACTIONED,HIGH,POLICY-v1
ALT-001856,CMP-001856,2026-06-12T14:15:33+00:00,ACTIONED,LOW,POLICY-v1
ALT-001857,CMP-001857,2026-06-01T07:57:13+00:00,ACTIONED,HIGH,POLICY-v1
ALT-001858,CMP-001858,2026-01-01T13:51:50+00:00,ACTIONED,MEDIUM,POLICY-v1
ALT-001859,CMP-001859,2026-06-29T08:26:37+00:00,ACTIONED,MEDIUM,POLICY-v1
ALT-001860,CMP-001860,2026-02-19T18:17:51+00:00,EXPIRED,MEDIUM,POLICY-v1
ALT-001861,CMP-001861,2026-04-02T02:21:57+00:00,ACTIONED,MEDIUM,POLICY-v1
ALT-001862,CMP-001862,2026-04-11T16:13:17+00:00,EXPIRED,HIGH,POLICY-v1
ALT-001863,CMP-001863,2026-04-28T02:58:06+00:00,ACTIONED,LOW,POLICY-v1
ALT-001864,CMP-001864,2026-01-17T14:23:10+00:00,ACTIONED,MEDIUM,POLICY-v1
ALT-001865,CMP-001865,2026-01-20T22:31:36+00:00,ACTIONED,MEDIUM,POLICY-v1
ALT-001866,CMP-001866,2026-05-06T03:42:43+00:00,ACTIONED,HIGH,POLICY-v1
ALT-001867,CMP-001867,2026-02-21T16:05:44+00:00,PENDING,LOW,POLICY-v1
ALT-001868,CMP-001868,2026-05-19T06:45:33+00:00,ACKNOWLEDGED,HIGH,POLICY-v1
ALT-001869,CMP-001869,2026-05-30T02:08:39+00:00,ACTIONED,LOW,POLICY-v1
ALT-001870,CMP-001870,2026-04-12T05:06:50+00:00,ACTIONED,MEDIUM,POLICY-v1
ALT-001871,CMP-001871,2026-03-12T13:34:44+00:00,ACTIONED,HIGH,POLICY-v1
ALT-001872,CMP-001872,2026-02-28T13:53:23+00:00,ACTIONED,HIGH,POLICY-v1
ALT-001873,CMP-001873,2026-04-30T16:48:49+00:00,ACTIONED,HIGH,POLICY-v1
ALT-001874,CMP-001874,2026-04-24T02:11:25+00:00,PENDING,LOW,POLICY-v1
ALT-001875,CMP-001875,2026-06-16T10:23:47+00:00,ACTIONED,HIGH,POLICY-v1
ALT-001876,CMP-001876,2026-04-10T23:30:14+00:00,ACTIONED,LOW,POLICY-v1
ALT-001877,CMP-001877,2026-03-07T13:28:37+00:00,ACTIONED,HIGH,POLICY-v1
ALT-001878,CMP-001878,2026-03-20T01:25:01+00:00,ACTIONED,LOW,POLICY-v1
ALT-001879,CMP-001879,2026-01-18T02:49:36+00:00,ACKNOWLEDGED,MEDIUM,POLICY-v1
ALT-001880,CMP-001880,2026-03-15T23:20:13+00:00,EXPIRED,LOW,POLICY-v1
ALT-001881,CMP-001881,2026-04-03T04:59:51+00:00,ACTIONED,HIGH,POLICY-v1
ALT-001882,CMP-001882,2026-05-21T19:36:29+00:00,ACKNOWLEDGED,LOW,POLICY-v1
ALT-001883,CMP-001883,2026-05-03T11:16:15+00:00,PENDING,MEDIUM,POLICY-v1
ALT-001884,CMP-001884,2026-02-20T01:26:46+00:00,ACTIONED,MEDIUM,POLICY-v1
ALT-001885,CMP-001885,2026-06-11T07:56:03+00:00,EXPIRED,MEDIUM,POLICY-v1
ALT-001886,CMP-001886,2026-01-06T07:16:20+00:00,ACTIONED,LOW,POLICY-v1
ALT-001887,CMP-001887,2026-06-14T22:49:44+00:00,ACTIONED,MEDIUM,POLICY-v1
ALT-001888,CMP-001888,2026-01-09T01:52:07+00:00,ACKNOWLEDGED,LOW,POLICY-v1
ALT-001889,CMP-001889,2026-05-29T20:40:36+00:00,ACKNOWLEDGED,MEDIUM,POLICY-v1
ALT-001890,CMP-001890,2026-01-13T17:57:47+00:00,ACTIONED,LOW,POLICY-v1
ALT-001891,CMP-001891,2026-03-22T15:07:19+00:00,ACTIONED,LOW,POLICY-v1
ALT-001892,CMP-001892,2026-02-25T11:50:20+00:00,EXPIRED,HIGH,POLICY-v1
ALT-001893,CMP-001893,2026-02-12T01:25:03+00:00,PENDING,MEDIUM,POLICY-v1
ALT-001894,CMP-001894,2026-03-29T15:27:39+00:00,ACKNOWLEDGED,HIGH,POLICY-v1
ALT-001895,CMP-001895,2026-05-13T16:42:27+00:00,ACTIONED,LOW,POLICY-v1
ALT-001896,CMP-001896,2026-01-12T01:17:40+00:00,ACTIONED,MEDIUM,POLICY-v1
ALT-001897,CMP-001897,2026-04-25T19:14:13+00:00,PENDING,LOW,POLICY-v1
ALT-001898,CMP-001898,2026-04-29T23:43:28+00:00,ACTIONED,LOW,POLICY-v1
ALT-001899,CMP-001899,2026-01-24T08:55:59+00:00,ACTIONED,LOW,POLICY-v1
ALT-001900,CMP-001900,2026-05-13T19:58:09+00:00,ACTIONED,MEDIUM,POLICY-v1
ALT-001901,CMP-001901,2026-05-30T22:16:07+00:00,EXPIRED,LOW,POLICY-v1
ALT-001902,CMP-001902,2026-05-17T11:02:56+00:00,ACTIONED,MEDIUM,POLICY-v1
ALT-001903,CMP-001903,2026-04-05T19:36:23+00:00,ACTIONED,LOW,POLICY-v1
ALT-001904,CMP-001904,2026-04-03T14:56:09+00:00,ACTIONED,HIGH,POLICY-v1
ALT-001905,CMP-001905,2026-01-01T16:15:36+00:00,ACTIONED,LOW,POLICY-v1
ALT-001906,CMP-001906,2026-03-25T01:13:35+00:00,EXPIRED,HIGH,POLICY-v1
ALT-001907,CMP-001907,2026-02-11T05:36:18+00:00,PENDING,HIGH,POLICY-v1
ALT-001908,CMP-001908,2026-02-01T21:30:18+00:00,ACTIONED,LOW,POLICY-v1
ALT-001909,CMP-001909,2026-06-09T04:48:50+00:00,ACKNOWLEDGED,HIGH,POLICY-v1
ALT-001910,CMP-001910,2026-06-15T23:41:17+00:00,PENDING,LOW,POLICY-v1
ALT-001911,CMP-001911,2026-03-31T18:38:46+00:00,ACTIONED,LOW,POLICY-v1
ALT-001912,CMP-001912,2026-03-14T06:10:32+00:00,ACTIONED,LOW,POLICY-v1
ALT-001913,CMP-001913,2026-06-10T08:20:04+00:00,ACTIONED,MEDIUM,POLICY-v1
ALT-001914,CMP-001914,2026-02-02T22:31:14+00:00,EXPIRED,LOW,POLICY-v1
ALT-001915,CMP-001915,2026-02-04T20:40:50+00:00,ACTIONED,MEDIUM,POLICY-v1
ALT-001916,CMP-001916,2026-04-12T04:51:16+00:00,ACKNOWLEDGED,HIGH,POLICY-v1
ALT-001917,CMP-001917,2026-01-18T22:08:31+00:00,ACKNOWLEDGED,LOW,POLICY-v1
ALT-001918,CMP-001918,2026-01-12T09:23:06+00:00,ACTIONED,LOW,POLICY-v1
ALT-001919,CMP-001919,2026-06-06T23:35:44+00:00,ACTIONED,LOW,POLICY-v1
ALT-001920,CMP-001920,2026-04-27T21:02:59+00:00,ACTIONED,HIGH,POLICY-v1
ALT-001921,CMP-001921,2026-04-07T07:06:51+00:00,PENDING,MEDIUM,POLICY-v1
ALT-001922,CMP-001922,2026-04-15T00:19:31+00:00,ACKNOWLEDGED,HIGH,POLICY-v1
ALT-001923,CMP-001923,2026-05-09T13:03:41+00:00,ACKNOWLEDGED,MEDIUM,POLICY-v1
ALT-001924,CMP-001924,2026-05-19T01:17:05+00:00,ACTIONED,MEDIUM,POLICY-v1
ALT-001925,CMP-001925,2026-05-26T14:19:54+00:00,PENDING,HIGH,POLICY-v1
ALT-001926,CMP-001926,2026-06-02T16:50:10+00:00,ACTIONED,HIGH,POLICY-v1
ALT-001927,CMP-001927,2026-04-30T11:20:16+00:00,ACTIONED,MEDIUM,POLICY-v1
ALT-001928,CMP-001928,2026-05-07T23:16:07+00:00,PENDING,LOW,POLICY-v1
ALT-001929,CMP-001929,2026-02-08T22:11:16+00:00,ACKNOWLEDGED,MEDIUM,POLICY-v1
ALT-001930,CMP-001930,2026-01-21T17:01:23+00:00,PENDING,LOW,POLICY-v1
ALT-001931,CMP-001931,2026-05-10T10:46:01+00:00,ACTIONED,LOW,POLICY-v1
ALT-001932,CMP-001932,2026-04-08T04:33:33+00:00,PENDING,LOW,POLICY-v1
ALT-001933,CMP-001933,2026-03-16T00:24:34+00:00,ACTIONED,HIGH,POLICY-v1
ALT-001934,CMP-001934,2026-05-26T06:42:03+00:00,ACTIONED,HIGH,POLICY-v1
ALT-001935,CMP-001935,2026-06-28T19:53:52+00:00,ACTIONED,LOW,POLICY-v1
ALT-001936,CMP-001936,2026-06-10T02:02:15+00:00,ACKNOWLEDGED,HIGH,POLICY-v1
ALT-001937,CMP-001937,2026-04-21T16:05:15+00:00,PENDING,MEDIUM,POLICY-v1
ALT-001938,CMP-001938,2026-04-21T01:38:56+00:00,ACKNOWLEDGED,LOW,POLICY-v1
ALT-001939,CMP-001939,2026-04-18T05:22:28+00:00,EXPIRED,LOW,POLICY-v1
ALT-001940,CMP-001940,2026-01-02T04:03:26+00:00,EXPIRED,MEDIUM,POLICY-v1
ALT-001941,CMP-001941,2026-01-06T14:33:42+00:00,ACTIONED,MEDIUM,POLICY-v1
ALT-001942,CMP-001942,2026-05-07T16:22:57+00:00,ACTIONED,HIGH,POLICY-v1
ALT-001943,CMP-001943,2026-02-14T10:13:11+00:00,ACTIONED,MEDIUM,POLICY-v1
ALT-001944,CMP-001944,2026-01-13T03:10:02+00:00,ACTIONED,LOW,POLICY-v1
ALT-001945,CMP-001945,2026-03-22T14:13:51+00:00,ACTIONED,LOW,POLICY-v1
ALT-001946,CMP-001946,2026-02-06T08:31:43+00:00,ACTIONED,MEDIUM,POLICY-v1
ALT-001947,CMP-001947,2026-02-11T13:48:08+00:00,ACKNOWLEDGED,LOW,POLICY-v1
ALT-001948,CMP-001948,2026-02-13T22:24:19+00:00,PENDING,LOW,POLICY-v1
ALT-001949,CMP-001949,2026-01-31T14:29:43+00:00,EXPIRED,LOW,POLICY-v1
ALT-001950,CMP-001950,2026-03-06T06:30:24+00:00,EXPIRED,HIGH,POLICY-v1
ALT-001951,CMP-001951,2026-02-21T02:08:19+00:00,PENDING,MEDIUM,POLICY-v1
ALT-001952,CMP-001952,2026-04-01T08:01:04+00:00,ACKNOWLEDGED,LOW,POLICY-v1
ALT-001953,CMP-001953,2026-02-04T16:18:45+00:00,PENDING,MEDIUM,POLICY-v1
ALT-001954,CMP-001954,2026-05-07T06:33:25+00:00,ACTIONED,LOW,POLICY-v1
ALT-001955,CMP-001955,2026-06-15T12:16:58+00:00,ACTIONED,LOW,POLICY-v1
ALT-001956,CMP-001956,2026-05-31T09:26:36+00:00,ACKNOWLEDGED,MEDIUM,POLICY-v1
ALT-001957,CMP-001957,2026-01-04T22:49:32+00:00,ACKNOWLEDGED,HIGH,POLICY-v1
ALT-001958,CMP-001958,2026-01-05T02:42:17+00:00,ACKNOWLEDGED,LOW,POLICY-v1
ALT-001959,CMP-001959,2026-05-17T06:40:30+00:00,EXPIRED,MEDIUM,POLICY-v1
ALT-001960,CMP-001960,2026-03-05T22:40:21+00:00,ACKNOWLEDGED,LOW,POLICY-v1
ALT-001961,CMP-001961,2026-06-11T03:44:56+00:00,ACTIONED,LOW,POLICY-v1
ALT-001962,CMP-001962,2026-01-16T09:47:54+00:00,PENDING,HIGH,POLICY-v1
ALT-001963,CMP-001963,2026-02-24T04:58:07+00:00,ACTIONED,MEDIUM,POLICY-v1
ALT-001964,CMP-001964,2026-06-10T23:14:29+00:00,ACTIONED,LOW,POLICY-v1
ALT-001965,CMP-001965,2026-01-14T13:49:57+00:00,ACTIONED,HIGH,POLICY-v1
ALT-001966,CMP-001966,2026-03-02T16:23:54+00:00,ACKNOWLEDGED,HIGH,POLICY-v1
ALT-001967,CMP-001967,2026-06-01T03:06:22+00:00,ACKNOWLEDGED,MEDIUM,POLICY-v1
ALT-001968,CMP-001968,2026-05-05T20:32:18+00:00,EXPIRED,LOW,POLICY-v1
ALT-001969,CMP-001969,2026-03-08T07:41:33+00:00,ACTIONED,MEDIUM,POLICY-v1
ALT-001970,CMP-001970,2026-06-27T14:28:55+00:00,ACKNOWLEDGED,MEDIUM,POLICY-v1
ALT-001971,CMP-001971,2026-01-24T21:49:00+00:00,PENDING,MEDIUM,POLICY-v1
ALT-001972,CMP-001972,2026-03-22T12:45:16+00:00,ACTIONED,LOW,POLICY-v1
ALT-001973,CMP-001973,2026-05-14T04:47:50+00:00,PENDING,LOW,POLICY-v1
ALT-001974,CMP-001974,2026-05-14T03:40:29+00:00,ACTIONED,HIGH,POLICY-v1
ALT-001975,CMP-001975,2026-05-21T15:31:20+00:00,PENDING,HIGH,POLICY-v1
ALT-001976,CMP-001976,2026-02-05T11:23:49+00:00,ACTIONED,LOW,POLICY-v1
ALT-001977,CMP-001977,2026-03-26T14:27:29+00:00,EXPIRED,LOW,POLICY-v1
ALT-001978,CMP-001978,2026-01-31T00:00:22+00:00,ACTIONED,HIGH,POLICY-v1
ALT-001979,CMP-001979,2026-03-04T14:57:23+00:00,ACTIONED,LOW,POLICY-v1
ALT-001980,CMP-001980,2026-01-19T06:01:11+00:00,EXPIRED,MEDIUM,POLICY-v1
ALT-001981,CMP-001981,2026-02-07T02:00:36+00:00,PENDING,LOW,POLICY-v1
ALT-001982,CMP-001982,2026-01-22T01:49:00+00:00,EXPIRED,HIGH,POLICY-v1
ALT-001983,CMP-001983,2026-04-28T19:55:03+00:00,EXPIRED,HIGH,POLICY-v1
ALT-001984,CMP-001984,2026-06-12T03:59:06+00:00,ACTIONED,HIGH,POLICY-v1
ALT-001985,CMP-001985,2026-06-26T14:22:35+00:00,EXPIRED,MEDIUM,POLICY-v1
ALT-001986,CMP-001986,2026-05-29T08:41:18+00:00,ACKNOWLEDGED,MEDIUM,POLICY-v1
ALT-001987,CMP-001987,2026-05-29T11:34:37+00:00,ACTIONED,LOW,POLICY-v1
ALT-001988,CMP-001988,2026-04-28T19:32:28+00:00,ACTIONED,MEDIUM,POLICY-v1
ALT-001989,CMP-001989,2026-03-20T21:26:02+00:00,ACTIONED,LOW,POLICY-v1
ALT-001990,CMP-001990,2026-01-04T07:20:36+00:00,ACTIONED,LOW,POLICY-v1
ALT-001991,CMP-001991,2026-06-15T02:04:09+00:00,ACTIONED,LOW,POLICY-v1
ALT-001992,CMP-001992,2026-04-11T20:56:40+00:00,ACTIONED,HIGH,POLICY-v1
ALT-001993,CMP-001993,2026-01-03T20:57:27+00:00,ACKNOWLEDGED,HIGH,POLICY-v1
ALT-001994,CMP-001994,2026-06-24T20:55:08+00:00,PENDING,LOW,POLICY-v1
ALT-001995,CMP-001995,2026-05-02T00:17:45+00:00,ACTIONED,HIGH,POLICY-v1
ALT-001996,CMP-001996,2026-05-21T15:48:30+00:00,ACTIONED,LOW,POLICY-v1
ALT-001997,CMP-001997,2026-03-04T03:22:28+00:00,ACTIONED,HIGH,POLICY-v1
ALT-001998,CMP-001998,2026-02-22T23:57:36+00:00,PENDING,MEDIUM,POLICY-v1
ALT-001999,CMP-001999,2026-03-17T07:26:32+00:00,ACKNOWLEDGED,HIGH,POLICY-v1
ALT-002000,CMP-002000,2026-03-23T15:53:54+00:00,ACTIONED,LOW,POLICY-v1
ALT-002001,CMP-002001,2026-06-26T09:49:19+00:00,ACTIONED,HIGH,POLICY-v1
ALT-002002,CMP-002002,2026-05-18T18:06:17+00:00,ACTIONED,HIGH,POLICY-v1
ALT-002003,CMP-002003,2026-06-09T21:42:16+00:00,ACKNOWLEDGED,HIGH,POLICY-v1
ALT-002004,CMP-002004,2026-02-17T16:57:24+00:00,PENDING,MEDIUM,POLICY-v1
ALT-002005,CMP-002005,2026-01-31T19:28:44+00:00,ACTIONED,HIGH,POLICY-v1
ALT-002006,CMP-002006,2026-05-27T01:48:13+00:00,PENDING,MEDIUM,POLICY-v1
ALT-002007,CMP-002007,2026-04-05T21:59:54+00:00,ACTIONED,HIGH,POLICY-v1
ALT-002008,CMP-002008,2026-02-19T17:17:07+00:00,PENDING,MEDIUM,POLICY-v1
ALT-002009,CMP-002009,2026-04-17T23:06:09+00:00,ACTIONED,HIGH,POLICY-v1
ALT-002010,CMP-002010,2026-02-13T06:13:50+00:00,ACTIONED,LOW,POLICY-v1
ALT-002011,CMP-002011,2026-01-31T17:35:38+00:00,ACTIONED,LOW,POLICY-v1
ALT-002012,CMP-002012,2026-01-27T09:50:08+00:00,ACTIONED,HIGH,POLICY-v1
ALT-002013,CMP-002013,2026-04-14T04:02:08+00:00,PENDING,MEDIUM,POLICY-v1
ALT-002014,CMP-002014,2026-05-05T00:24:50+00:00,EXPIRED,MEDIUM,POLICY-v1
ALT-002015,CMP-002015,2026-06-24T18:53:17+00:00,ACTIONED,HIGH,POLICY-v1
ALT-002016,CMP-002016,2026-01-08T01:44:10+00:00,ACKNOWLEDGED,MEDIUM,POLICY-v1
ALT-002017,CMP-002017,2026-03-26T19:25:17+00:00,ACTIONED,HIGH,POLICY-v1
ALT-002018,CMP-002018,2026-04-22T19:30:00+00:00,ACTIONED,LOW,POLICY-v1
ALT-002019,CMP-002019,2026-05-10T08:27:57+00:00,ACKNOWLEDGED,MEDIUM,POLICY-v1
ALT-002020,CMP-002020,2026-05-11T20:26:09+00:00,ACKNOWLEDGED,MEDIUM,POLICY-v1
ALT-002021,CMP-002021,2026-02-17T20:44:08+00:00,ACTIONED,LOW,POLICY-v1
ALT-002022,CMP-002022,2026-03-03T04:13:30+00:00,ACKNOWLEDGED,LOW,POLICY-v1
ALT-002023,CMP-002023,2026-03-30T02:43:14+00:00,ACTIONED,HIGH,POLICY-v1
ALT-002024,CMP-002024,2026-03-30T15:46:27+00:00,PENDING,LOW,POLICY-v1
ALT-002025,CMP-002025,2026-01-11T23:56:20+00:00,ACTIONED,MEDIUM,POLICY-v1
ALT-002026,CMP-002026,2026-06-22T14:12:59+00:00,ACTIONED,LOW,POLICY-v1
ALT-002027,CMP-002027,2026-05-26T16:58:33+00:00,ACTIONED,HIGH,POLICY-v1
ALT-002028,CMP-002028,2026-01-05T12:13:41+00:00,ACTIONED,LOW,POLICY-v1
ALT-002029,CMP-002029,2026-02-14T09:17:05+00:00,PENDING,HIGH,POLICY-v1
ALT-002030,CMP-002030,2026-01-16T12:27:53+00:00,ACTIONED,LOW,POLICY-v1
ALT-002031,CMP-002031,2026-01-07T07:34:40+00:00,ACTIONED,HIGH,POLICY-v1
ALT-002032,CMP-002032,2026-04-11T16:35:31+00:00,ACKNOWLEDGED,LOW,POLICY-v1
ALT-002033,CMP-002033,2026-03-16T04:07:10+00:00,PENDING,HIGH,POLICY-v1
ALT-002034,CMP-002034,2026-05-22T09:21:41+00:00,PENDING,HIGH,POLICY-v1
ALT-002035,CMP-002035,2026-01-20T23:03:24+00:00,ACTIONED,LOW,POLICY-v1
ALT-002036,CMP-002036,2026-06-11T07:19:28+00:00,EXPIRED,LOW,POLICY-v1
ALT-002037,CMP-002037,2026-02-14T13:26:13+00:00,ACKNOWLEDGED,HIGH,POLICY-v1
ALT-002038,CMP-002038,2026-04-14T08:13:00+00:00,ACTIONED,HIGH,POLICY-v1
ALT-002039,CMP-002039,2026-01-19T02:26:36+00:00,ACTIONED,HIGH,POLICY-v1
ALT-002040,CMP-002040,2026-02-28T00:33:44+00:00,EXPIRED,MEDIUM,POLICY-v1
ALT-002041,CMP-002041,2026-01-16T05:51:17+00:00,PENDING,LOW,POLICY-v1
ALT-002042,CMP-002042,2026-02-18T19:10:58+00:00,PENDING,LOW,POLICY-v1
ALT-002043,CMP-002043,2026-06-07T07:42:22+00:00,ACTIONED,MEDIUM,POLICY-v1
ALT-002044,CMP-002044,2026-01-22T10:40:34+00:00,EXPIRED,HIGH,POLICY-v1
ALT-002045,CMP-002045,2026-01-26T14:33:30+00:00,EXPIRED,HIGH,POLICY-v1
ALT-002046,CMP-002046,2026-01-13T11:20:00+00:00,ACTIONED,LOW,POLICY-v1
ALT-002047,CMP-002047,2026-04-07T01:03:22+00:00,ACKNOWLEDGED,LOW,POLICY-v1
ALT-002048,CMP-002048,2026-05-24T02:39:13+00:00,ACTIONED,LOW,POLICY-v1
ALT-002049,CMP-002049,2026-05-20T19:57:55+00:00,ACKNOWLEDGED,LOW,POLICY-v1
ALT-002050,CMP-002050,2026-05-04T20:28:13+00:00,ACTIONED,LOW,POLICY-v1
ALT-002051,CMP-002051,2026-04-15T08:15:10+00:00,ACKNOWLEDGED,MEDIUM,POLICY-v1
ALT-002052,CMP-002052,2026-03-28T12:06:19+00:00,PENDING,HIGH,POLICY-v1
ALT-002053,CMP-002053,2026-01-06T16:15:40+00:00,ACTIONED,HIGH,POLICY-v1
ALT-002054,CMP-002054,2026-05-17T14:30:01+00:00,EXPIRED,HIGH,POLICY-v1
ALT-002055,CMP-002055,2026-01-31T18:56:42+00:00,ACKNOWLEDGED,MEDIUM,POLICY-v1
ALT-002056,CMP-002056,2026-03-14T22:24:05+00:00,PENDING,MEDIUM,POLICY-v1
ALT-002057,CMP-002057,2026-01-25T06:31:40+00:00,ACKNOWLEDGED,MEDIUM,POLICY-v1
ALT-002058,CMP-002058,2026-06-28T21:04:49+00:00,ACTIONED,LOW,POLICY-v1
ALT-002059,CMP-002059,2026-03-22T17:48:32+00:00,ACKNOWLEDGED,MEDIUM,POLICY-v1
ALT-002060,CMP-002060,2026-02-21T11:44:16+00:00,ACTIONED,MEDIUM,POLICY-v1
ALT-002061,CMP-002061,2026-06-13T16:58:28+00:00,EXPIRED,HIGH,POLICY-v1
ALT-002062,CMP-002062,2026-05-16T15:28:32+00:00,ACTIONED,HIGH,POLICY-v1
ALT-002063,CMP-002063,2026-03-28T21:11:27+00:00,ACTIONED,LOW,POLICY-v1
ALT-002064,CMP-002064,2026-06-20T23:49:47+00:00,ACTIONED,LOW,POLICY-v1
ALT-002065,CMP-002065,2026-02-09T13:13:14+00:00,ACTIONED,HIGH,POLICY-v1
ALT-002066,CMP-002066,2026-01-15T09:10:19+00:00,ACTIONED,LOW,POLICY-v1
ALT-002067,CMP-002067,2026-03-29T22:26:54+00:00,ACTIONED,MEDIUM,POLICY-v1
ALT-002068,CMP-002068,2026-04-16T00:20:00+00:00,ACTIONED,MEDIUM,POLICY-v1
ALT-002069,CMP-002069,2026-04-16T17:07:06+00:00,EXPIRED,HIGH,POLICY-v1
ALT-002070,CMP-002070,2026-03-04T23:00:24+00:00,ACTIONED,HIGH,POLICY-v1
ALT-002071,CMP-002071,2026-01-16T00:37:29+00:00,ACKNOWLEDGED,LOW,POLICY-v1
ALT-002072,CMP-002072,2026-01-27T22:47:49+00:00,PENDING,MEDIUM,POLICY-v1
ALT-002073,CMP-002073,2026-03-26T08:42:59+00:00,ACTIONED,LOW,POLICY-v1
ALT-002074,CMP-002074,2026-02-24T15:31:16+00:00,ACTIONED,LOW,POLICY-v1
ALT-002075,CMP-002075,2026-05-02T06:18:49+00:00,PENDING,LOW,POLICY-v1
ALT-002076,CMP-002076,2026-06-22T19:26:53+00:00,ACTIONED,LOW,POLICY-v1
ALT-002077,CMP-002077,2026-03-07T11:38:36+00:00,ACTIONED,LOW,POLICY-v1
ALT-002078,CMP-002078,2026-02-27T12:19:57+00:00,EXPIRED,LOW,POLICY-v1
ALT-002079,CMP-002079,2026-04-25T09:48:09+00:00,ACTIONED,HIGH,POLICY-v1
ALT-002080,CMP-002080,2026-05-16T10:17:30+00:00,ACTIONED,LOW,POLICY-v1
ALT-002081,CMP-002081,2026-02-21T14:35:17+00:00,PENDING,MEDIUM,POLICY-v1
ALT-002082,CMP-002082,2026-03-29T01:12:34+00:00,EXPIRED,LOW,POLICY-v1
ALT-002083,CMP-002083,2026-05-06T14:36:03+00:00,EXPIRED,LOW,POLICY-v1
ALT-002084,CMP-002084,2026-01-11T08:10:46+00:00,EXPIRED,LOW,POLICY-v1
ALT-002085,CMP-002085,2026-01-01T06:03:07+00:00,PENDING,LOW,POLICY-v1
ALT-002086,CMP-002086,2026-04-27T00:51:29+00:00,PENDING,HIGH,POLICY-v1
ALT-002087,CMP-002087,2026-05-13T04:58:27+00:00,EXPIRED,LOW,POLICY-v1
ALT-002088,CMP-002088,2026-05-15T17:40:11+00:00,ACTIONED,LOW,POLICY-v1
ALT-002089,CMP-002089,2026-05-31T18:47:38+00:00,EXPIRED,MEDIUM,POLICY-v1
ALT-002090,CMP-002090,2026-04-20T10:19:32+00:00,ACTIONED,LOW,POLICY-v1
ALT-002091,CMP-002091,2026-02-10T04:15:26+00:00,EXPIRED,MEDIUM,POLICY-v1
ALT-002092,CMP-002092,2026-04-16T06:43:32+00:00,ACTIONED,LOW,POLICY-v1
ALT-002093,CMP-002093,2026-05-21T23:35:20+00:00,ACTIONED,LOW,POLICY-v1
ALT-002094,CMP-002094,2026-06-19T17:27:00+00:00,ACTIONED,HIGH,POLICY-v1
ALT-002095,CMP-002095,2026-04-19T07:27:13+00:00,ACTIONED,MEDIUM,POLICY-v1
ALT-002096,CMP-002096,2026-04-13T06:49:27+00:00,EXPIRED,MEDIUM,POLICY-v1
ALT-002097,CMP-002097,2026-04-10T08:57:58+00:00,ACKNOWLEDGED,MEDIUM,POLICY-v1
ALT-002098,CMP-002098,2026-06-23T01:00:24+00:00,ACTIONED,MEDIUM,POLICY-v1
ALT-002099,CMP-002099,2026-04-01T17:49:46+00:00,ACKNOWLEDGED,LOW,POLICY-v1
ALT-002100,CMP-002100,2026-05-19T17:59:54+00:00,EXPIRED,HIGH,POLICY-v1
ALT-002101,CMP-002101,2026-05-25T07:29:54+00:00,ACKNOWLEDGED,LOW,POLICY-v1
ALT-002102,CMP-002102,2026-01-26T22:00:12+00:00,ACTIONED,HIGH,POLICY-v1
ALT-002103,CMP-002103,2026-05-06T03:14:34+00:00,ACTIONED,MEDIUM,POLICY-v1
ALT-002104,CMP-002104,2026-01-11T15:06:20+00:00,ACTIONED,HIGH,POLICY-v1
ALT-002105,CMP-002105,2026-02-01T20:57:15+00:00,ACTIONED,HIGH,POLICY-v1
ALT-002106,CMP-002106,2026-02-21T17:32:14+00:00,PENDING,MEDIUM,POLICY-v1
ALT-002107,CMP-002107,2026-02-16T16:51:18+00:00,ACTIONED,LOW,POLICY-v1
ALT-002108,CMP-002108,2026-03-23T12:15:47+00:00,PENDING,HIGH,POLICY-v1
ALT-002109,CMP-002109,2026-02-06T17:17:01+00:00,ACTIONED,LOW,POLICY-v1
ALT-002110,CMP-002110,2026-02-03T11:31:08+00:00,ACKNOWLEDGED,LOW,POLICY-v1
ALT-002111,CMP-002111,2026-05-15T19:06:45+00:00,ACTIONED,HIGH,POLICY-v1
ALT-002112,CMP-002112,2026-01-22T03:01:11+00:00,ACKNOWLEDGED,HIGH,POLICY-v1
ALT-002113,CMP-002113,2026-03-23T08:41:10+00:00,ACTIONED,LOW,POLICY-v1
ALT-002114,CMP-002114,2026-06-12T14:27:17+00:00,ACTIONED,MEDIUM,POLICY-v1
ALT-002115,CMP-002115,2026-02-26T07:59:16+00:00,ACTIONED,HIGH,POLICY-v1
ALT-002116,CMP-002116,2026-02-17T11:07:59+00:00,ACTIONED,HIGH,POLICY-v1
ALT-002117,CMP-002117,2026-04-01T04:37:11+00:00,PENDING,LOW,POLICY-v1
ALT-002118,CMP-002118,2026-03-03T18:35:04+00:00,ACTIONED,LOW,POLICY-v1
ALT-002119,CMP-002119,2026-03-30T03:05:33+00:00,ACTIONED,MEDIUM,POLICY-v1
ALT-002120,CMP-002120,2026-02-19T12:10:14+00:00,PENDING,LOW,POLICY-v1
ALT-002121,CMP-002121,2026-01-18T18:29:07+00:00,ACTIONED,HIGH,POLICY-v1
ALT-002122,CMP-002122,2026-01-23T18:09:20+00:00,PENDING,HIGH,POLICY-v1
ALT-002123,CMP-002123,2026-02-18T17:45:46+00:00,ACTIONED,LOW,POLICY-v1
ALT-002124,CMP-002124,2026-01-05T23:21:41+00:00,ACTIONED,LOW,POLICY-v1
ALT-002125,CMP-002125,2026-02-20T22:40:09+00:00,ACTIONED,LOW,POLICY-v1
ALT-002126,CMP-002126,2026-06-18T17:11:25+00:00,PENDING,HIGH,POLICY-v1
ALT-002127,CMP-002127,2026-01-09T01:23:16+00:00,ACTIONED,MEDIUM,POLICY-v1
ALT-002128,CMP-002128,2026-01-27T22:40:28+00:00,ACTIONED,LOW,POLICY-v1
ALT-002129,CMP-002129,2026-04-04T00:10:44+00:00,ACTIONED,HIGH,POLICY-v1
ALT-002130,CMP-002130,2026-06-22T23:57:47+00:00,ACTIONED,MEDIUM,POLICY-v1
ALT-002131,CMP-002131,2026-01-09T23:52:19+00:00,ACTIONED,LOW,POLICY-v1
ALT-002132,CMP-002132,2026-01-19T11:17:34+00:00,ACTIONED,LOW,POLICY-v1
ALT-002133,CMP-002133,2026-04-30T17:56:37+00:00,PENDING,MEDIUM,POLICY-v1
ALT-002134,CMP-002134,2026-06-20T10:10:49+00:00,ACTIONED,HIGH,POLICY-v1
ALT-002135,CMP-002135,2026-01-26T06:23:12+00:00,ACTIONED,LOW,POLICY-v1
ALT-002136,CMP-002136,2026-03-10T01:02:03+00:00,ACTIONED,HIGH,POLICY-v1
ALT-002137,CMP-002137,2026-06-05T10:13:44+00:00,ACTIONED,LOW,POLICY-v1
ALT-002138,CMP-002138,2026-02-02T17:22:08+00:00,PENDING,LOW,POLICY-v1
ALT-002139,CMP-002139,2026-02-13T05:10:49+00:00,ACKNOWLEDGED,MEDIUM,POLICY-v1
ALT-002140,CMP-002140,2026-04-29T11:19:46+00:00,ACKNOWLEDGED,LOW,POLICY-v1
ALT-002141,CMP-002141,2026-01-02T16:12:26+00:00,ACKNOWLEDGED,LOW,POLICY-v1
ALT-002142,CMP-002142,2026-06-28T15:35:39+00:00,EXPIRED,MEDIUM,POLICY-v1
ALT-002143,CMP-002143,2026-04-28T00:33:20+00:00,ACKNOWLEDGED,MEDIUM,POLICY-v1
ALT-002144,CMP-002144,2026-04-12T07:19:00+00:00,ACTIONED,MEDIUM,POLICY-v1
ALT-002145,CMP-002145,2026-05-09T07:45:37+00:00,EXPIRED,HIGH,POLICY-v1
ALT-002146,CMP-002146,2026-02-27T19:18:05+00:00,ACTIONED,LOW,POLICY-v1
ALT-002147,CMP-002147,2026-05-28T18:51:08+00:00,EXPIRED,HIGH,POLICY-v1
ALT-002148,CMP-002148,2026-01-17T13:41:05+00:00,ACKNOWLEDGED,HIGH,POLICY-v1
ALT-002149,CMP-002149,2026-01-20T00:13:06+00:00,EXPIRED,LOW,POLICY-v1
ALT-002150,CMP-002150,2026-06-16T14:45:12+00:00,PENDING,HIGH,POLICY-v1
ALT-002151,CMP-002151,2026-04-20T22:59:29+00:00,ACTIONED,HIGH,POLICY-v1
ALT-002152,CMP-002152,2026-03-02T10:57:25+00:00,ACKNOWLEDGED,HIGH,POLICY-v1
ALT-002153,CMP-002153,2026-01-21T14:13:16+00:00,EXPIRED,MEDIUM,POLICY-v1
ALT-002154,CMP-002154,2026-03-21T09:40:21+00:00,ACTIONED,HIGH,POLICY-v1
ALT-002155,CMP-002155,2026-02-24T06:53:06+00:00,ACTIONED,LOW,POLICY-v1
ALT-002156,CMP-002156,2026-06-17T14:14:34+00:00,ACTIONED,MEDIUM,POLICY-v1
ALT-002157,CMP-002157,2026-05-03T11:56:02+00:00,ACKNOWLEDGED,HIGH,POLICY-v1
ALT-002158,CMP-002158,2026-05-04T17:41:19+00:00,ACTIONED,MEDIUM,POLICY-v1
ALT-002159,CMP-002159,2026-04-03T03:00:21+00:00,ACTIONED,LOW,POLICY-v1
ALT-002160,CMP-002160,2026-04-20T16:26:13+00:00,PENDING,LOW,POLICY-v1
ALT-002161,CMP-002161,2026-01-30T07:09:56+00:00,ACKNOWLEDGED,HIGH,POLICY-v1
ALT-002162,CMP-002162,2026-03-19T13:25:26+00:00,ACKNOWLEDGED,MEDIUM,POLICY-v1
ALT-002163,CMP-002163,2026-01-03T11:20:18+00:00,ACTIONED,HIGH,POLICY-v1
ALT-002164,CMP-002164,2026-05-15T01:23:49+00:00,PENDING,LOW,POLICY-v1
ALT-002165,CMP-002165,2026-02-26T23:22:04+00:00,EXPIRED,MEDIUM,POLICY-v1
ALT-002166,CMP-002166,2026-04-22T05:32:08+00:00,ACTIONED,LOW,POLICY-v1
ALT-002167,CMP-002167,2026-05-01T00:37:08+00:00,ACKNOWLEDGED,HIGH,POLICY-v1
ALT-002168,CMP-002168,2026-04-05T16:08:56+00:00,ACKNOWLEDGED,HIGH,POLICY-v1
ALT-002169,CMP-002169,2026-06-19T17:37:26+00:00,ACTIONED,HIGH,POLICY-v1
ALT-002170,CMP-002170,2026-02-16T18:37:30+00:00,ACTIONED,MEDIUM,POLICY-v1
ALT-002171,CMP-002171,2026-05-14T05:56:01+00:00,ACTIONED,LOW,POLICY-v1
ALT-002172,CMP-002172,2026-05-22T21:58:42+00:00,ACKNOWLEDGED,HIGH,POLICY-v1
ALT-002173,CMP-002173,2026-03-01T12:25:11+00:00,ACTIONED,HIGH,POLICY-v1
ALT-002174,CMP-002174,2026-05-24T02:05:07+00:00,ACKNOWLEDGED,LOW,POLICY-v1
ALT-002175,CMP-002175,2026-02-08T08:16:49+00:00,PENDING,MEDIUM,POLICY-v1
ALT-002176,CMP-002176,2026-03-29T10:11:09+00:00,ACTIONED,HIGH,POLICY-v1
ALT-002177,CMP-002177,2026-05-29T22:06:54+00:00,ACTIONED,MEDIUM,POLICY-v1
ALT-002178,CMP-002178,2026-06-07T22:39:50+00:00,ACTIONED,MEDIUM,POLICY-v1
ALT-002179,CMP-002179,2026-05-21T06:21:30+00:00,EXPIRED,HIGH,POLICY-v1
ALT-002180,CMP-002180,2026-06-07T09:44:50+00:00,EXPIRED,MEDIUM,POLICY-v1
ALT-002181,CMP-002181,2026-04-23T12:01:29+00:00,ACKNOWLEDGED,LOW,POLICY-v1
ALT-002182,CMP-002182,2026-05-13T11:59:36+00:00,ACTIONED,MEDIUM,POLICY-v1
ALT-002183,CMP-002183,2026-01-20T18:27:01+00:00,EXPIRED,MEDIUM,POLICY-v1
ALT-002184,CMP-002184,2026-02-18T12:27:21+00:00,ACTIONED,HIGH,POLICY-v1
ALT-002185,CMP-002185,2026-06-07T18:48:21+00:00,ACTIONED,MEDIUM,POLICY-v1
ALT-002186,CMP-002186,2026-01-16T20:37:56+00:00,ACTIONED,HIGH,POLICY-v1
ALT-002187,CMP-002187,2026-06-21T03:40:49+00:00,ACKNOWLEDGED,MEDIUM,POLICY-v1
ALT-002188,CMP-002188,2026-06-08T19:58:53+00:00,ACTIONED,MEDIUM,POLICY-v1
ALT-002189,CMP-002189,2026-03-10T21:00:52+00:00,ACTIONED,LOW,POLICY-v1
ALT-002190,CMP-002190,2026-05-13T07:48:46+00:00,ACTIONED,HIGH,POLICY-v1
ALT-002191,CMP-002191,2026-02-21T00:39:08+00:00,PENDING,MEDIUM,POLICY-v1
ALT-002192,CMP-002192,2026-06-03T17:47:13+00:00,EXPIRED,LOW,POLICY-v1
ALT-002193,CMP-002193,2026-01-18T01:24:45+00:00,ACTIONED,HIGH,POLICY-v1
ALT-002194,CMP-002194,2026-03-21T05:42:55+00:00,EXPIRED,HIGH,POLICY-v1
ALT-002195,CMP-002195,2026-01-22T15:26:46+00:00,ACTIONED,MEDIUM,POLICY-v1
ALT-002196,CMP-002196,2026-02-04T18:41:35+00:00,EXPIRED,LOW,POLICY-v1
ALT-002197,CMP-002197,2026-03-27T23:36:46+00:00,ACTIONED,HIGH,POLICY-v1
ALT-002198,CMP-002198,2026-03-20T16:23:13+00:00,EXPIRED,LOW,POLICY-v1
ALT-002199,CMP-002199,2026-05-12T21:25:15+00:00,ACTIONED,LOW,POLICY-v1
ALT-002200,CMP-002200,2026-01-08T09:55:31+00:00,EXPIRED,LOW,POLICY-v1
ALT-002201,CMP-002201,2026-04-25T16:39:49+00:00,ACKNOWLEDGED,MEDIUM,POLICY-v1
ALT-002202,CMP-002202,2026-01-09T04:33:13+00:00,ACKNOWLEDGED,LOW,POLICY-v1
ALT-002203,CMP-002203,2026-02-04T03:59:23+00:00,EXPIRED,HIGH,POLICY-v1
ALT-002204,CMP-002204,2026-06-01T09:53:02+00:00,ACTIONED,HIGH,POLICY-v1
ALT-002205,CMP-002205,2026-05-13T06:57:53+00:00,ACTIONED,MEDIUM,POLICY-v1
ALT-002206,CMP-002206,2026-06-05T23:54:41+00:00,PENDING,LOW,POLICY-v1
ALT-002207,CMP-002207,2026-06-02T15:47:50+00:00,ACTIONED,MEDIUM,POLICY-v1
ALT-002208,CMP-002208,2026-01-29T07:24:23+00:00,EXPIRED,LOW,POLICY-v1
ALT-002209,CMP-002209,2026-05-28T09:32:21+00:00,ACTIONED,LOW,POLICY-v1
ALT-002210,CMP-002210,2026-04-14T04:56:39+00:00,ACTIONED,HIGH,POLICY-v1
ALT-002211,CMP-002211,2026-06-04T21:59:42+00:00,ACTIONED,MEDIUM,POLICY-v1
ALT-002212,CMP-002212,2026-06-13T03:43:07+00:00,ACTIONED,MEDIUM,POLICY-v1
ALT-002213,CMP-002213,2026-05-05T04:29:25+00:00,PENDING,MEDIUM,POLICY-v1
ALT-002214,CMP-002214,2026-05-06T03:34:00+00:00,ACTIONED,MEDIUM,POLICY-v1
ALT-002215,CMP-002215,2026-03-21T01:44:38+00:00,ACKNOWLEDGED,LOW,POLICY-v1
ALT-002216,CMP-002216,2026-03-02T17:00:34+00:00,EXPIRED,MEDIUM,POLICY-v1
ALT-002217,CMP-002217,2026-01-16T13:47:21+00:00,PENDING,MEDIUM,POLICY-v1
ALT-002218,CMP-002218,2026-04-14T11:24:16+00:00,ACTIONED,LOW,POLICY-v1
ALT-002219,CMP-002219,2026-02-04T10:39:51+00:00,ACKNOWLEDGED,MEDIUM,POLICY-v1
ALT-002220,CMP-002220,2026-03-30T08:34:36+00:00,ACKNOWLEDGED,HIGH,POLICY-v1
ALT-002221,CMP-002221,2026-01-11T04:47:54+00:00,PENDING,MEDIUM,POLICY-v1
ALT-002222,CMP-002222,2026-03-24T20:52:54+00:00,PENDING,HIGH,POLICY-v1
ALT-002223,CMP-002223,2026-02-03T18:53:27+00:00,EXPIRED,MEDIUM,POLICY-v1
ALT-002224,CMP-002224,2026-05-22T19:13:59+00:00,PENDING,HIGH,POLICY-v1
ALT-002225,CMP-002225,2026-02-15T03:18:54+00:00,ACTIONED,MEDIUM,POLICY-v1
ALT-002226,CMP-002226,2026-02-15T12:52:59+00:00,ACTIONED,MEDIUM,POLICY-v1
ALT-002227,CMP-002227,2026-03-26T01:02:06+00:00,ACTIONED,MEDIUM,POLICY-v1
ALT-002228,CMP-002228,2026-03-16T00:18:45+00:00,PENDING,HIGH,POLICY-v1
ALT-002229,CMP-002229,2026-04-26T07:26:54+00:00,PENDING,HIGH,POLICY-v1
ALT-002230,CMP-002230,2026-03-11T22:05:25+00:00,PENDING,HIGH,POLICY-v1
ALT-002231,CMP-002231,2026-05-31T03:53:33+00:00,EXPIRED,HIGH,POLICY-v1
ALT-002232,CMP-002232,2026-05-24T16:17:57+00:00,ACTIONED,LOW,POLICY-v1
ALT-002233,CMP-002233,2026-03-15T13:10:33+00:00,ACTIONED,LOW,POLICY-v1
ALT-002234,CMP-002234,2026-03-14T00:25:04+00:00,ACTIONED,HIGH,POLICY-v1
ALT-002235,CMP-002235,2026-04-17T14:54:45+00:00,ACKNOWLEDGED,MEDIUM,POLICY-v1
ALT-002236,CMP-002236,2026-01-26T11:27:32+00:00,ACTIONED,HIGH,POLICY-v1
ALT-002237,CMP-002237,2026-01-25T17:40:16+00:00,ACKNOWLEDGED,MEDIUM,POLICY-v1
ALT-002238,CMP-002238,2026-04-25T09:12:05+00:00,ACTIONED,LOW,POLICY-v1
ALT-002239,CMP-002239,2026-01-06T21:46:16+00:00,PENDING,LOW,POLICY-v1
ALT-002240,CMP-002240,2026-06-22T07:54:20+00:00,PENDING,MEDIUM,POLICY-v1
ALT-002241,CMP-002241,2026-05-03T15:43:31+00:00,EXPIRED,HIGH,POLICY-v1
ALT-002242,CMP-002242,2026-04-05T12:47:19+00:00,EXPIRED,MEDIUM,POLICY-v1
ALT-002243,CMP-002243,2026-05-22T17:47:13+00:00,ACKNOWLEDGED,LOW,POLICY-v1
ALT-002244,CMP-002244,2026-05-24T21:13:55+00:00,ACTIONED,HIGH,POLICY-v1
ALT-002245,CMP-002245,2026-03-22T16:39:53+00:00,ACKNOWLEDGED,MEDIUM,POLICY-v1
ALT-002246,CMP-002246,2026-01-13T20:25:48+00:00,ACTIONED,HIGH,POLICY-v1
ALT-002247,CMP-002247,2026-01-13T03:41:06+00:00,ACTIONED,HIGH,POLICY-v1
ALT-002248,CMP-002248,2026-01-14T19:24:03+00:00,ACTIONED,HIGH,POLICY-v1
ALT-002249,CMP-002249,2026-03-16T13:27:06+00:00,PENDING,LOW,POLICY-v1
ALT-002250,CMP-002250,2026-04-08T11:06:47+00:00,ACTIONED,LOW,POLICY-v1
ALT-002251,CMP-002251,2026-02-10T13:49:59+00:00,PENDING,MEDIUM,POLICY-v1
ALT-002252,CMP-002252,2026-05-01T19:44:18+00:00,ACKNOWLEDGED,LOW,POLICY-v1
ALT-002253,CMP-002253,2026-01-02T11:10:55+00:00,ACTIONED,MEDIUM,POLICY-v1
ALT-002254,CMP-002254,2026-02-10T22:17:22+00:00,PENDING,MEDIUM,POLICY-v1
ALT-002255,CMP-002255,2026-06-20T20:23:49+00:00,ACTIONED,MEDIUM,POLICY-v1
ALT-002256,CMP-002256,2026-01-21T03:39:34+00:00,PENDING,MEDIUM,POLICY-v1
ALT-002257,CMP-002257,2026-03-24T10:02:54+00:00,ACTIONED,HIGH,POLICY-v1
ALT-002258,CMP-002258,2026-02-15T09:44:39+00:00,ACTIONED,LOW,POLICY-v1
ALT-002259,CMP-002259,2026-05-02T10:54:22+00:00,ACKNOWLEDGED,MEDIUM,POLICY-v1
ALT-002260,CMP-002260,2026-05-12T20:12:37+00:00,PENDING,LOW,POLICY-v1
ALT-002261,CMP-002261,2026-05-23T19:36:58+00:00,PENDING,LOW,POLICY-v1
ALT-002262,CMP-002262,2026-03-16T07:05:44+00:00,ACTIONED,MEDIUM,POLICY-v1
ALT-002263,CMP-002263,2026-06-27T08:41:45+00:00,ACTIONED,HIGH,POLICY-v1
ALT-002264,CMP-002264,2026-01-06T17:36:54+00:00,ACKNOWLEDGED,MEDIUM,POLICY-v1
ALT-002265,CMP-002265,2026-01-28T20:42:30+00:00,PENDING,HIGH,POLICY-v1
ALT-002266,CMP-002266,2026-03-05T20:21:15+00:00,ACTIONED,MEDIUM,POLICY-v1
ALT-002267,CMP-002267,2026-03-28T17:12:16+00:00,ACTIONED,MEDIUM,POLICY-v1
ALT-002268,CMP-002268,2026-03-29T14:17:37+00:00,PENDING,LOW,POLICY-v1
ALT-002269,CMP-002269,2026-06-15T16:23:38+00:00,ACTIONED,MEDIUM,POLICY-v1
ALT-002270,CMP-002270,2026-06-13T12:25:47+00:00,ACTIONED,MEDIUM,POLICY-v1
ALT-002271,CMP-002271,2026-01-08T16:00:13+00:00,ACTIONED,HIGH,POLICY-v1
ALT-002272,CMP-002272,2026-06-26T03:40:57+00:00,ACTIONED,HIGH,POLICY-v1
ALT-002273,CMP-002273,2026-02-06T22:57:12+00:00,ACTIONED,LOW,POLICY-v1
ALT-002274,CMP-002274,2026-05-25T18:11:01+00:00,ACKNOWLEDGED,HIGH,POLICY-v1
ALT-002275,CMP-002275,2026-05-07T21:23:23+00:00,ACTIONED,LOW,POLICY-v1
ALT-002276,CMP-002276,2026-06-17T08:43:02+00:00,ACTIONED,LOW,POLICY-v1
ALT-002277,CMP-002277,2026-06-25T06:12:21+00:00,ACKNOWLEDGED,MEDIUM,POLICY-v1
ALT-002278,CMP-002278,2026-05-23T17:30:35+00:00,ACTIONED,HIGH,POLICY-v1
ALT-002279,CMP-002279,2026-02-25T23:07:52+00:00,EXPIRED,LOW,POLICY-v1
ALT-002280,CMP-002280,2026-03-19T19:33:44+00:00,ACTIONED,LOW,POLICY-v1
ALT-002281,CMP-002281,2026-01-22T04:18:06+00:00,ACTIONED,LOW,POLICY-v1
ALT-002282,CMP-002282,2026-01-18T06:26:23+00:00,ACKNOWLEDGED,LOW,POLICY-v1
ALT-002283,CMP-002283,2026-05-02T17:52:04+00:00,PENDING,LOW,POLICY-v1
ALT-002284,CMP-002284,2026-02-14T23:40:04+00:00,ACTIONED,HIGH,POLICY-v1
ALT-002285,CMP-002285,2026-05-14T06:35:39+00:00,ACTIONED,LOW,POLICY-v1
ALT-002286,CMP-002286,2026-04-18T00:04:57+00:00,ACTIONED,LOW,POLICY-v1
ALT-002287,CMP-002287,2026-03-20T13:47:09+00:00,ACTIONED,MEDIUM,POLICY-v1
ALT-002288,CMP-002288,2026-05-10T19:44:02+00:00,ACTIONED,MEDIUM,POLICY-v1
ALT-002289,CMP-002289,2026-01-03T16:03:48+00:00,ACKNOWLEDGED,HIGH,POLICY-v1
ALT-002290,CMP-002290,2026-03-28T22:09:07+00:00,EXPIRED,HIGH,POLICY-v1
ALT-002291,CMP-002291,2026-04-19T22:59:26+00:00,PENDING,LOW,POLICY-v1
ALT-002292,CMP-002292,2026-05-04T03:03:50+00:00,ACTIONED,HIGH,POLICY-v1
ALT-002293,CMP-002293,2026-05-09T21:01:08+00:00,EXPIRED,MEDIUM,POLICY-v1
ALT-002294,CMP-002294,2026-06-23T19:21:19+00:00,ACTIONED,MEDIUM,POLICY-v1
ALT-002295,CMP-002295,2026-04-11T17:36:34+00:00,ACTIONED,HIGH,POLICY-v1
ALT-002296,CMP-002296,2026-01-30T05:41:56+00:00,PENDING,LOW,POLICY-v1
ALT-002297,CMP-002297,2026-03-16T05:48:13+00:00,PENDING,HIGH,POLICY-v1
ALT-002298,CMP-002298,2026-03-21T13:11:46+00:00,PENDING,MEDIUM,POLICY-v1
ALT-002299,CMP-002299,2026-02-28T13:02:10+00:00,EXPIRED,HIGH,POLICY-v1
ALT-002300,CMP-002300,2026-05-10T11:16:50+00:00,PENDING,HIGH,POLICY-v1
ALT-002301,CMP-002301,2026-05-01T06:26:29+00:00,EXPIRED,MEDIUM,POLICY-v1
ALT-002302,CMP-002302,2026-02-01T18:10:44+00:00,ACTIONED,MEDIUM,POLICY-v1
ALT-002303,CMP-002303,2026-04-29T21:53:53+00:00,ACTIONED,MEDIUM,POLICY-v1
ALT-002304,CMP-002304,2026-02-04T01:18:05+00:00,ACTIONED,LOW,POLICY-v1
ALT-002305,CMP-002305,2026-06-14T13:53:27+00:00,ACTIONED,HIGH,POLICY-v1
ALT-002306,CMP-002306,2026-03-28T01:56:22+00:00,ACKNOWLEDGED,HIGH,POLICY-v1
ALT-002307,CMP-002307,2026-04-21T16:45:10+00:00,ACKNOWLEDGED,HIGH,POLICY-v1
ALT-002308,CMP-002308,2026-04-25T19:33:13+00:00,ACKNOWLEDGED,HIGH,POLICY-v1
ALT-002309,CMP-002309,2026-02-03T06:41:06+00:00,PENDING,HIGH,POLICY-v1
ALT-002310,CMP-002310,2026-03-07T13:13:39+00:00,ACKNOWLEDGED,LOW,POLICY-v1
ALT-002311,CMP-002311,2026-03-01T10:28:31+00:00,ACTIONED,HIGH,POLICY-v1
ALT-002312,CMP-002312,2026-01-11T06:25:17+00:00,ACTIONED,HIGH,POLICY-v1
ALT-002313,CMP-002313,2026-04-03T17:48:01+00:00,ACTIONED,HIGH,POLICY-v1
ALT-002314,CMP-002314,2026-03-14T12:13:30+00:00,ACKNOWLEDGED,MEDIUM,POLICY-v1
ALT-002315,CMP-002315,2026-04-04T06:40:42+00:00,PENDING,HIGH,POLICY-v1
ALT-002316,CMP-002316,2026-04-15T06:27:49+00:00,PENDING,HIGH,POLICY-v1
ALT-002317,CMP-002317,2026-02-07T04:05:44+00:00,PENDING,HIGH,POLICY-v1
ALT-002318,CMP-002318,2026-03-27T06:53:45+00:00,ACTIONED,MEDIUM,POLICY-v1
ALT-002319,CMP-002319,2026-05-08T22:55:09+00:00,ACTIONED,LOW,POLICY-v1
ALT-002320,CMP-002320,2026-02-17T00:00:57+00:00,PENDING,MEDIUM,POLICY-v1
ALT-002321,CMP-002321,2026-01-06T15:45:23+00:00,ACKNOWLEDGED,MEDIUM,POLICY-v1
ALT-002322,CMP-002322,2026-04-14T00:31:01+00:00,ACTIONED,LOW,POLICY-v1
ALT-002323,CMP-002323,2026-05-15T00:18:40+00:00,ACTIONED,MEDIUM,POLICY-v1
ALT-002324,CMP-002324,2026-03-28T22:17:09+00:00,ACTIONED,LOW,POLICY-v1
ALT-002325,CMP-002325,2026-05-18T22:34:32+00:00,ACTIONED,HIGH,POLICY-v1
ALT-002326,CMP-002326,2026-05-05T23:37:30+00:00,EXPIRED,HIGH,POLICY-v1
ALT-002327,CMP-002327,2026-03-12T18:27:38+00:00,ACTIONED,HIGH,POLICY-v1
ALT-002328,CMP-002328,2026-05-30T15:20:30+00:00,EXPIRED,LOW,POLICY-v1
ALT-002329,CMP-002329,2026-03-03T10:54:54+00:00,ACKNOWLEDGED,LOW,POLICY-v1
ALT-002330,CMP-002330,2026-06-21T19:24:31+00:00,ACTIONED,LOW,POLICY-v1
ALT-002331,CMP-002331,2026-04-12T16:55:36+00:00,ACTIONED,MEDIUM,POLICY-v1
ALT-002332,CMP-002332,2026-02-26T03:28:22+00:00,ACKNOWLEDGED,MEDIUM,POLICY-v1
ALT-002333,CMP-002333,2026-05-20T13:43:17+00:00,PENDING,LOW,POLICY-v1
ALT-002334,CMP-002334,2026-03-17T04:25:59+00:00,ACTIONED,LOW,POLICY-v1
ALT-002335,CMP-002335,2026-02-25T02:40:52+00:00,EXPIRED,MEDIUM,POLICY-v1
ALT-002336,CMP-002336,2026-02-19T04:43:14+00:00,ACTIONED,HIGH,POLICY-v1
ALT-002337,CMP-002337,2026-03-23T05:00:34+00:00,ACKNOWLEDGED,MEDIUM,POLICY-v1
ALT-002338,CMP-002338,2026-06-22T14:35:18+00:00,ACTIONED,LOW,POLICY-v1
ALT-002339,CMP-002339,2026-01-14T18:16:49+00:00,ACTIONED,LOW,POLICY-v1
ALT-002340,CMP-002340,2026-05-16T10:10:20+00:00,ACKNOWLEDGED,LOW,POLICY-v1
ALT-002341,CMP-002341,2026-03-17T05:09:00+00:00,ACKNOWLEDGED,MEDIUM,POLICY-v1
ALT-002342,CMP-002342,2026-03-10T02:37:46+00:00,ACTIONED,HIGH,POLICY-v1
ALT-002343,CMP-002343,2026-06-15T07:39:03+00:00,EXPIRED,LOW,POLICY-v1
ALT-002344,CMP-002344,2026-06-29T21:47:34+00:00,ACTIONED,HIGH,POLICY-v1
ALT-002345,CMP-002345,2026-01-15T13:50:41+00:00,ACKNOWLEDGED,LOW,POLICY-v1
ALT-002346,CMP-002346,2026-03-29T16:35:27+00:00,ACTIONED,MEDIUM,POLICY-v1
ALT-002347,CMP-002347,2026-06-22T18:08:29+00:00,EXPIRED,HIGH,POLICY-v1
ALT-002348,CMP-002348,2026-05-05T06:26:13+00:00,ACTIONED,HIGH,POLICY-v1
ALT-002349,CMP-002349,2026-02-20T14:10:28+00:00,ACTIONED,MEDIUM,POLICY-v1
ALT-002350,CMP-002350,2026-06-04T23:34:30+00:00,EXPIRED,LOW,POLICY-v1
ALT-002351,CMP-002351,2026-04-20T23:22:36+00:00,EXPIRED,MEDIUM,POLICY-v1
ALT-002352,CMP-002352,2026-03-24T06:13:03+00:00,EXPIRED,HIGH,POLICY-v1
ALT-002353,CMP-002353,2026-06-29T05:39:21+00:00,PENDING,HIGH,POLICY-v1
ALT-002354,CMP-002354,2026-01-31T21:57:25+00:00,ACTIONED,HIGH,POLICY-v1
ALT-002355,CMP-002355,2026-05-24T07:11:43+00:00,PENDING,MEDIUM,POLICY-v1
ALT-002356,CMP-002356,2026-01-01T01:31:04+00:00,ACTIONED,HIGH,POLICY-v1
ALT-002357,CMP-002357,2026-05-28T06:01:23+00:00,ACKNOWLEDGED,LOW,POLICY-v1
ALT-002358,CMP-002358,2026-06-19T21:24:29+00:00,ACTIONED,HIGH,POLICY-v1
ALT-002359,CMP-002359,2026-03-18T08:40:42+00:00,EXPIRED,LOW,POLICY-v1
ALT-002360,CMP-002360,2026-02-01T18:29:24+00:00,EXPIRED,LOW,POLICY-v1
ALT-002361,CMP-002361,2026-06-24T18:43:41+00:00,ACKNOWLEDGED,LOW,POLICY-v1
ALT-002362,CMP-002362,2026-03-05T23:11:12+00:00,ACTIONED,HIGH,POLICY-v1
ALT-002363,CMP-002363,2026-03-30T12:16:35+00:00,ACTIONED,HIGH,POLICY-v1
ALT-002364,CMP-002364,2026-05-07T21:27:18+00:00,EXPIRED,MEDIUM,POLICY-v1
ALT-002365,CMP-002365,2026-02-17T17:49:49+00:00,ACTIONED,MEDIUM,POLICY-v1
ALT-002366,CMP-002366,2026-04-08T08:55:06+00:00,ACTIONED,HIGH,POLICY-v1
ALT-002367,CMP-002367,2026-05-27T14:13:51+00:00,ACKNOWLEDGED,LOW,POLICY-v1
ALT-002368,CMP-002368,2026-03-17T11:55:54+00:00,EXPIRED,LOW,POLICY-v1
ALT-002369,CMP-002369,2026-01-13T10:29:38+00:00,ACTIONED,LOW,POLICY-v1
ALT-002370,CMP-002370,2026-06-06T05:52:17+00:00,ACTIONED,MEDIUM,POLICY-v1
ALT-002371,CMP-002371,2026-02-18T21:58:32+00:00,ACTIONED,MEDIUM,POLICY-v1
ALT-002372,CMP-002372,2026-03-26T18:05:35+00:00,ACTIONED,MEDIUM,POLICY-v1
ALT-002373,CMP-002373,2026-03-24T06:02:54+00:00,ACTIONED,HIGH,POLICY-v1
ALT-002374,CMP-002374,2026-01-16T22:19:53+00:00,ACKNOWLEDGED,LOW,POLICY-v1
ALT-002375,CMP-002375,2026-05-25T10:25:27+00:00,ACTIONED,MEDIUM,POLICY-v1
ALT-002376,CMP-002376,2026-06-19T01:52:02+00:00,ACTIONED,HIGH,POLICY-v1
ALT-002377,CMP-002377,2026-01-10T02:20:17+00:00,ACTIONED,LOW,POLICY-v1
ALT-002378,CMP-002378,2026-01-21T02:17:29+00:00,PENDING,HIGH,POLICY-v1
ALT-002379,CMP-002379,2026-04-07T07:59:47+00:00,ACKNOWLEDGED,HIGH,POLICY-v1
ALT-002380,CMP-002380,2026-03-26T22:17:24+00:00,ACTIONED,MEDIUM,POLICY-v1
ALT-002381,CMP-002381,2026-03-16T14:17:11+00:00,PENDING,LOW,POLICY-v1
ALT-002382,CMP-002382,2026-02-08T10:36:48+00:00,ACTIONED,MEDIUM,POLICY-v1
ALT-002383,CMP-002383,2026-03-28T14:26:25+00:00,EXPIRED,HIGH,POLICY-v1
ALT-002384,CMP-002384,2026-06-14T18:30:13+00:00,ACTIONED,HIGH,POLICY-v1
ALT-002385,CMP-002385,2026-06-17T19:32:25+00:00,ACTIONED,HIGH,POLICY-v1
ALT-002386,CMP-002386,2026-01-30T06:45:42+00:00,EXPIRED,MEDIUM,POLICY-v1
ALT-002387,CMP-002387,2026-03-25T12:41:50+00:00,ACTIONED,LOW,POLICY-v1
ALT-002388,CMP-002388,2026-01-25T05:51:42+00:00,ACKNOWLEDGED,HIGH,POLICY-v1
ALT-002389,CMP-002389,2026-03-04T01:14:16+00:00,ACKNOWLEDGED,HIGH,POLICY-v1
ALT-002390,CMP-002390,2026-01-27T13:18:39+00:00,EXPIRED,MEDIUM,POLICY-v1
ALT-002391,CMP-002391,2026-02-15T23:34:55+00:00,ACKNOWLEDGED,LOW,POLICY-v1
ALT-002392,CMP-002392,2026-02-11T00:08:30+00:00,ACTIONED,LOW,POLICY-v1
ALT-002393,CMP-002393,2026-02-10T15:56:36+00:00,ACTIONED,MEDIUM,POLICY-v1
ALT-002394,CMP-002394,2026-03-31T11:15:29+00:00,ACTIONED,HIGH,POLICY-v1
ALT-002395,CMP-002395,2026-02-20T15:12:16+00:00,ACKNOWLEDGED,MEDIUM,POLICY-v1
ALT-002396,CMP-002396,2026-06-01T08:53:14+00:00,ACTIONED,MEDIUM,POLICY-v1
ALT-002397,CMP-002397,2026-04-21T18:47:05+00:00,EXPIRED,LOW,POLICY-v1
ALT-002398,CMP-002398,2026-02-13T08:15:21+00:00,EXPIRED,LOW,POLICY-v1
ALT-002399,CMP-002399,2026-05-17T01:32:37+00:00,ACTIONED,HIGH,POLICY-v1
ALT-002400,CMP-002400,2026-01-30T17:35:19+00:00,ACTIONED,LOW,POLICY-v1
ALT-002401,CMP-002401,2026-01-22T09:38:17+00:00,ACTIONED,HIGH,POLICY-v1
ALT-002402,CMP-002402,2026-05-01T08:11:37+00:00,ACTIONED,LOW,POLICY-v1
ALT-002403,CMP-002403,2026-05-23T10:07:45+00:00,ACKNOWLEDGED,HIGH,POLICY-v1
ALT-002404,CMP-002404,2026-01-29T17:14:55+00:00,ACTIONED,LOW,POLICY-v1
ALT-002405,CMP-002405,2026-03-16T09:35:37+00:00,ACTIONED,LOW,POLICY-v1
ALT-002406,CMP-002406,2026-05-31T11:25:07+00:00,ACKNOWLEDGED,MEDIUM,POLICY-v1
ALT-002407,CMP-002407,2026-01-17T07:28:54+00:00,ACTIONED,HIGH,POLICY-v1
ALT-002408,CMP-002408,2026-03-03T19:07:04+00:00,ACTIONED,MEDIUM,POLICY-v1
ALT-002409,CMP-002409,2026-05-04T09:49:38+00:00,PENDING,MEDIUM,POLICY-v1
ALT-002410,CMP-002410,2026-05-27T11:10:14+00:00,PENDING,LOW,POLICY-v1
ALT-002411,CMP-002411,2026-05-13T13:14:30+00:00,ACTIONED,LOW,POLICY-v1
ALT-002412,CMP-002412,2026-03-19T05:53:46+00:00,ACTIONED,MEDIUM,POLICY-v1
ALT-002413,CMP-002413,2026-05-24T22:44:22+00:00,ACTIONED,HIGH,POLICY-v1
ALT-002414,CMP-002414,2026-04-30T13:32:09+00:00,ACTIONED,MEDIUM,POLICY-v1
ALT-002415,CMP-002415,2026-03-18T00:05:03+00:00,EXPIRED,MEDIUM,POLICY-v1
ALT-002416,CMP-002416,2026-03-15T22:33:21+00:00,ACTIONED,MEDIUM,POLICY-v1
ALT-002417,CMP-002417,2026-03-13T01:59:47+00:00,ACKNOWLEDGED,MEDIUM,POLICY-v1
ALT-002418,CMP-002418,2026-03-21T18:18:56+00:00,ACKNOWLEDGED,LOW,POLICY-v1
ALT-002419,CMP-002419,2026-06-23T21:26:43+00:00,EXPIRED,LOW,POLICY-v1
ALT-002420,CMP-002420,2026-02-27T00:01:20+00:00,ACTIONED,HIGH,POLICY-v1
ALT-002421,CMP-002421,2026-06-06T00:30:46+00:00,PENDING,LOW,POLICY-v1
ALT-002422,CMP-002422,2026-06-03T12:18:58+00:00,EXPIRED,MEDIUM,POLICY-v1
ALT-002423,CMP-002423,2026-06-05T04:37:35+00:00,ACTIONED,LOW,POLICY-v1
ALT-002424,CMP-002424,2026-01-27T03:34:50+00:00,ACTIONED,MEDIUM,POLICY-v1
ALT-002425,CMP-002425,2026-02-11T03:09:15+00:00,ACKNOWLEDGED,HIGH,POLICY-v1
ALT-002426,CMP-002426,2026-03-24T09:10:05+00:00,ACKNOWLEDGED,MEDIUM,POLICY-v1
ALT-002427,CMP-002427,2026-05-05T18:52:45+00:00,EXPIRED,HIGH,POLICY-v1
ALT-002428,CMP-002428,2026-01-29T05:20:19+00:00,ACTIONED,LOW,POLICY-v1
ALT-002429,CMP-002429,2026-04-12T13:06:29+00:00,ACTIONED,MEDIUM,POLICY-v1
ALT-002430,CMP-002430,2026-01-07T06:49:46+00:00,ACKNOWLEDGED,HIGH,POLICY-v1
ALT-002431,CMP-002431,2026-05-18T11:29:46+00:00,EXPIRED,MEDIUM,POLICY-v1
ALT-002432,CMP-002432,2026-03-15T21:45:47+00:00,PENDING,HIGH,POLICY-v1
ALT-002433,CMP-002433,2026-04-10T20:58:12+00:00,EXPIRED,MEDIUM,POLICY-v1
ALT-002434,CMP-002434,2026-05-08T08:30:42+00:00,PENDING,HIGH,POLICY-v1
ALT-002435,CMP-002435,2026-04-16T05:59:28+00:00,ACTIONED,HIGH,POLICY-v1
ALT-002436,CMP-002436,2026-02-21T18:35:31+00:00,ACTIONED,HIGH,POLICY-v1
ALT-002437,CMP-002437,2026-04-04T22:53:09+00:00,ACTIONED,HIGH,POLICY-v1
ALT-002438,CMP-002438,2026-04-19T11:56:47+00:00,ACTIONED,LOW,POLICY-v1
ALT-002439,CMP-002439,2026-01-06T18:54:05+00:00,ACTIONED,MEDIUM,POLICY-v1
ALT-002440,CMP-002440,2026-01-26T13:40:17+00:00,PENDING,LOW,POLICY-v1
ALT-002441,CMP-002441,2026-06-29T19:43:01+00:00,ACTIONED,MEDIUM,POLICY-v1
ALT-002442,CMP-002442,2026-06-25T12:29:32+00:00,ACTIONED,LOW,POLICY-v1
ALT-002443,CMP-002443,2026-01-18T12:29:21+00:00,ACTIONED,MEDIUM,POLICY-v1
ALT-002444,CMP-002444,2026-06-05T14:44:10+00:00,ACTIONED,MEDIUM,POLICY-v1
ALT-002445,CMP-002445,2026-05-11T17:16:38+00:00,PENDING,MEDIUM,POLICY-v1
ALT-002446,CMP-002446,2026-03-04T08:19:56+00:00,ACTIONED,LOW,POLICY-v1
ALT-002447,CMP-002447,2026-01-04T15:40:44+00:00,ACKNOWLEDGED,MEDIUM,POLICY-v1
ALT-002448,CMP-002448,2026-06-28T05:23:41+00:00,ACKNOWLEDGED,MEDIUM,POLICY-v1
ALT-002449,CMP-002449,2026-02-24T19:51:08+00:00,ACKNOWLEDGED,LOW,POLICY-v1
ALT-002450,CMP-002450,2026-03-02T21:30:51+00:00,ACTIONED,MEDIUM,POLICY-v1
ALT-002451,CMP-002451,2026-01-23T17:01:27+00:00,ACTIONED,LOW,POLICY-v1
ALT-002452,CMP-002452,2026-06-21T10:08:50+00:00,PENDING,MEDIUM,POLICY-v1
ALT-002453,CMP-002453,2026-01-12T02:48:57+00:00,PENDING,LOW,POLICY-v1
ALT-002454,CMP-002454,2026-04-19T06:21:14+00:00,ACTIONED,HIGH,POLICY-v1
ALT-002455,CMP-002455,2026-06-08T00:46:52+00:00,ACTIONED,MEDIUM,POLICY-v1
ALT-002456,CMP-002456,2026-01-04T16:52:07+00:00,ACTIONED,MEDIUM,POLICY-v1
ALT-002457,CMP-002457,2026-06-27T02:45:23+00:00,ACTIONED,HIGH,POLICY-v1
ALT-002458,CMP-002458,2026-06-11T11:13:05+00:00,PENDING,LOW,POLICY-v1
ALT-002459,CMP-002459,2026-03-01T14:25:48+00:00,ACKNOWLEDGED,HIGH,POLICY-v1
ALT-002460,CMP-002460,2026-02-27T18:36:50+00:00,ACTIONED,HIGH,POLICY-v1
ALT-002461,CMP-002461,2026-06-21T06:26:12+00:00,ACTIONED,MEDIUM,POLICY-v1
ALT-002462,CMP-002462,2026-02-10T21:46:23+00:00,ACTIONED,LOW,POLICY-v1
ALT-002463,CMP-002463,2026-03-15T13:52:26+00:00,ACTIONED,LOW,POLICY-v1
ALT-002464,CMP-002464,2026-01-26T00:39:45+00:00,ACKNOWLEDGED,LOW,POLICY-v1
ALT-002465,CMP-002465,2026-03-27T14:02:52+00:00,ACTIONED,LOW,POLICY-v1
ALT-002466,CMP-002466,2026-03-03T11:43:09+00:00,ACKNOWLEDGED,LOW,POLICY-v1
ALT-002467,CMP-002467,2026-01-12T05:59:25+00:00,ACTIONED,MEDIUM,POLICY-v1
ALT-002468,CMP-002468,2026-02-16T01:17:06+00:00,ACTIONED,LOW,POLICY-v1
ALT-002469,CMP-002469,2026-04-04T20:14:26+00:00,ACTIONED,LOW,POLICY-v1
ALT-002470,CMP-002470,2026-04-10T17:23:02+00:00,ACTIONED,LOW,POLICY-v1
ALT-002471,CMP-002471,2026-03-09T02:30:18+00:00,ACTIONED,LOW,POLICY-v1
ALT-002472,CMP-002472,2026-04-22T14:31:19+00:00,ACTIONED,LOW,POLICY-v1
ALT-002473,CMP-002473,2026-05-22T01:38:41+00:00,ACTIONED,HIGH,POLICY-v1
ALT-002474,CMP-002474,2026-03-18T03:05:46+00:00,ACTIONED,MEDIUM,POLICY-v1
ALT-002475,CMP-002475,2026-04-18T02:07:26+00:00,ACTIONED,LOW,POLICY-v1
ALT-002476,CMP-002476,2026-03-08T04:02:24+00:00,PENDING,HIGH,POLICY-v1
ALT-002477,CMP-002477,2026-02-20T21:40:01+00:00,ACTIONED,LOW,POLICY-v1
ALT-002478,CMP-002478,2026-01-09T04:00:22+00:00,EXPIRED,MEDIUM,POLICY-v1
ALT-002479,CMP-002479,2026-03-19T03:47:05+00:00,ACKNOWLEDGED,HIGH,POLICY-v1
ALT-002480,CMP-002480,2026-05-12T05:23:46+00:00,ACKNOWLEDGED,LOW,POLICY-v1
ALT-002481,CMP-002481,2026-01-12T01:48:35+00:00,ACKNOWLEDGED,LOW,POLICY-v1
ALT-002482,CMP-002482,2026-04-09T09:23:40+00:00,ACTIONED,LOW,POLICY-v1
ALT-002483,CMP-002483,2026-02-12T00:20:44+00:00,ACKNOWLEDGED,HIGH,POLICY-v1
ALT-002484,CMP-002484,2026-04-23T07:52:56+00:00,ACKNOWLEDGED,MEDIUM,POLICY-v1
ALT-002485,CMP-002485,2026-04-04T21:40:35+00:00,ACTIONED,LOW,POLICY-v1
ALT-002486,CMP-002486,2026-02-23T03:29:56+00:00,PENDING,MEDIUM,POLICY-v1
ALT-002487,CMP-002487,2026-04-01T11:20:31+00:00,ACTIONED,LOW,POLICY-v1
ALT-002488,CMP-002488,2026-05-04T06:49:33+00:00,EXPIRED,MEDIUM,POLICY-v1
ALT-002489,CMP-002489,2026-05-06T01:44:26+00:00,ACTIONED,MEDIUM,POLICY-v1
ALT-002490,CMP-002490,2026-03-21T09:46:54+00:00,ACTIONED,HIGH,POLICY-v1
ALT-002491,CMP-002491,2026-04-25T22:19:46+00:00,ACKNOWLEDGED,MEDIUM,POLICY-v1
ALT-002492,CMP-002492,2026-04-30T13:31:55+00:00,ACKNOWLEDGED,LOW,POLICY-v1
ALT-002493,CMP-002493,2026-05-01T11:42:31+00:00,ACTIONED,HIGH,POLICY-v1
ALT-002494,CMP-002494,2026-03-25T13:27:14+00:00,EXPIRED,HIGH,POLICY-v1
ALT-002495,CMP-002495,2026-01-15T21:06:36+00:00,ACKNOWLEDGED,MEDIUM,POLICY-v1
ALT-002496,CMP-002496,2026-04-09T04:18:39+00:00,EXPIRED,HIGH,POLICY-v1
ALT-002497,CMP-002497,2026-06-11T15:10:35+00:00,ACKNOWLEDGED,MEDIUM,POLICY-v1
ALT-002498,CMP-002498,2026-06-18T20:34:28+00:00,PENDING,MEDIUM,POLICY-v1
ALT-002499,CMP-002499,2026-06-10T11:08:13+00:00,ACTIONED,HIGH,POLICY-v1
ALT-002500,CMP-002500,2026-02-25T04:24:54+00:00,ACTIONED,MEDIUM,POLICY-v1
ALT-002501,CMP-002501,2026-01-05T08:42:42+00:00,ACTIONED,LOW,POLICY-v1
ALT-002502,CMP-002502,2026-06-11T10:39:29+00:00,PENDING,HIGH,POLICY-v1
ALT-002503,CMP-002503,2026-02-27T00:57:55+00:00,ACKNOWLEDGED,LOW,POLICY-v1
ALT-002504,CMP-002504,2026-04-15T22:46:28+00:00,ACKNOWLEDGED,MEDIUM,POLICY-v1
ALT-002505,CMP-002505,2026-05-26T09:37:06+00:00,ACTIONED,LOW,POLICY-v1
ALT-002506,CMP-002506,2026-01-16T08:26:55+00:00,ACTIONED,MEDIUM,POLICY-v1
ALT-002507,CMP-002507,2026-01-24T12:06:00+00:00,ACKNOWLEDGED,HIGH,POLICY-v1
ALT-002508,CMP-002508,2026-04-25T03:22:55+00:00,ACKNOWLEDGED,HIGH,POLICY-v1
ALT-002509,CMP-002509,2026-04-25T13:32:29+00:00,ACTIONED,MEDIUM,POLICY-v1
ALT-002510,CMP-002510,2026-02-01T21:17:28+00:00,ACTIONED,HIGH,POLICY-v1
ALT-002511,CMP-002511,2026-01-06T06:24:13+00:00,PENDING,LOW,POLICY-v1
ALT-002512,CMP-002512,2026-02-19T10:02:58+00:00,ACTIONED,HIGH,POLICY-v1
ALT-002513,CMP-002513,2026-04-30T11:01:22+00:00,ACTIONED,MEDIUM,POLICY-v1
ALT-002514,CMP-002514,2026-04-13T14:52:20+00:00,ACTIONED,HIGH,POLICY-v1
ALT-002515,CMP-002515,2026-05-02T23:25:07+00:00,ACKNOWLEDGED,MEDIUM,POLICY-v1
ALT-002516,CMP-002516,2026-06-03T05:29:32+00:00,ACTIONED,LOW,POLICY-v1
ALT-002517,CMP-002517,2026-03-21T12:25:00+00:00,ACKNOWLEDGED,LOW,POLICY-v1
ALT-002518,CMP-002518,2026-05-10T02:25:19+00:00,ACTIONED,MEDIUM,POLICY-v1
ALT-002519,CMP-002519,2026-01-06T00:08:24+00:00,PENDING,HIGH,POLICY-v1
ALT-002520,CMP-002520,2026-05-14T09:40:08+00:00,PENDING,LOW,POLICY-v1
ALT-002521,CMP-002521,2026-05-31T20:53:09+00:00,ACKNOWLEDGED,MEDIUM,POLICY-v1
ALT-002522,CMP-002522,2026-06-19T07:38:15+00:00,PENDING,MEDIUM,POLICY-v1
ALT-002523,CMP-002523,2026-03-27T02:33:03+00:00,ACTIONED,HIGH,POLICY-v1
ALT-002524,CMP-002524,2026-02-14T15:14:13+00:00,ACTIONED,MEDIUM,POLICY-v1
ALT-002525,CMP-002525,2026-04-01T20:43:54+00:00,ACKNOWLEDGED,LOW,POLICY-v1
ALT-002526,CMP-002526,2026-02-27T19:38:23+00:00,ACTIONED,LOW,POLICY-v1
ALT-002527,CMP-002527,2026-06-11T13:51:17+00:00,ACTIONED,MEDIUM,POLICY-v1
ALT-002528,CMP-002528,2026-01-09T19:47:37+00:00,ACTIONED,MEDIUM,POLICY-v1
ALT-002529,CMP-002529,2026-02-23T19:29:24+00:00,ACTIONED,MEDIUM,POLICY-v1
ALT-002530,CMP-002530,2026-05-24T03:33:53+00:00,ACKNOWLEDGED,LOW,POLICY-v1
ALT-002531,CMP-002531,2026-05-31T15:18:19+00:00,ACTIONED,HIGH,POLICY-v1
ALT-002532,CMP-002532,2026-06-15T20:35:25+00:00,ACTIONED,LOW,POLICY-v1
ALT-002533,CMP-002533,2026-04-14T01:28:05+00:00,ACTIONED,LOW,POLICY-v1
ALT-002534,CMP-002534,2026-06-22T10:41:05+00:00,ACTIONED,LOW,POLICY-v1
ALT-002535,CMP-002535,2026-04-20T04:31:06+00:00,PENDING,MEDIUM,POLICY-v1
ALT-002536,CMP-002536,2026-05-14T00:12:09+00:00,ACTIONED,HIGH,POLICY-v1
ALT-002537,CMP-002537,2026-02-02T06:49:40+00:00,EXPIRED,MEDIUM,POLICY-v1
ALT-002538,CMP-002538,2026-05-12T04:40:04+00:00,EXPIRED,LOW,POLICY-v1
ALT-002539,CMP-002539,2026-04-12T12:37:52+00:00,ACTIONED,MEDIUM,POLICY-v1
ALT-002540,CMP-002540,2026-02-27T18:09:36+00:00,ACTIONED,LOW,POLICY-v1
ALT-002541,CMP-002541,2026-06-15T23:13:26+00:00,ACTIONED,HIGH,POLICY-v1
ALT-002542,CMP-002542,2026-05-05T08:14:13+00:00,ACTIONED,MEDIUM,POLICY-v1
ALT-002543,CMP-002543,2026-04-03T01:30:21+00:00,ACTIONED,HIGH,POLICY-v1
ALT-002544,CMP-002544,2026-06-05T08:53:21+00:00,PENDING,MEDIUM,POLICY-v1
ALT-002545,CMP-002545,2026-06-23T07:35:51+00:00,ACTIONED,HIGH,POLICY-v1
ALT-002546,CMP-002546,2026-03-06T00:29:19+00:00,ACKNOWLEDGED,HIGH,POLICY-v1
ALT-002547,CMP-002547,2026-04-03T05:13:19+00:00,ACKNOWLEDGED,HIGH,POLICY-v1
ALT-002548,CMP-002548,2026-01-16T01:36:00+00:00,ACTIONED,LOW,POLICY-v1
ALT-002549,CMP-002549,2026-06-28T15:01:17+00:00,ACKNOWLEDGED,HIGH,POLICY-v1
ALT-002550,CMP-002550,2026-03-28T10:20:04+00:00,ACKNOWLEDGED,MEDIUM,POLICY-v1
ALT-002551,CMP-002551,2026-04-22T18:47:38+00:00,ACTIONED,HIGH,POLICY-v1
ALT-002552,CMP-002552,2026-01-30T17:36:35+00:00,ACTIONED,HIGH,POLICY-v1
ALT-002553,CMP-002553,2026-01-07T13:31:33+00:00,EXPIRED,LOW,POLICY-v1
ALT-002554,CMP-002554,2026-06-29T01:23:41+00:00,ACTIONED,HIGH,POLICY-v1
ALT-002555,CMP-002555,2026-05-23T20:36:09+00:00,PENDING,LOW,POLICY-v1
ALT-002556,CMP-002556,2026-01-03T01:10:20+00:00,EXPIRED,LOW,POLICY-v1
ALT-002557,CMP-002557,2026-05-05T01:20:36+00:00,ACKNOWLEDGED,MEDIUM,POLICY-v1
ALT-002558,CMP-002558,2026-04-29T18:04:25+00:00,ACTIONED,LOW,POLICY-v1
ALT-002559,CMP-002559,2026-04-06T09:52:31+00:00,ACKNOWLEDGED,MEDIUM,POLICY-v1
ALT-002560,CMP-002560,2026-05-30T17:20:05+00:00,ACTIONED,HIGH,POLICY-v1
ALT-002561,CMP-002561,2026-06-16T17:34:49+00:00,ACTIONED,HIGH,POLICY-v1
ALT-002562,CMP-002562,2026-01-25T10:36:42+00:00,EXPIRED,LOW,POLICY-v1
ALT-002563,CMP-002563,2026-02-17T18:10:49+00:00,ACTIONED,HIGH,POLICY-v1
ALT-002564,CMP-002564,2026-01-13T18:50:07+00:00,ACKNOWLEDGED,MEDIUM,POLICY-v1
ALT-002565,CMP-002565,2026-04-17T14:40:35+00:00,EXPIRED,MEDIUM,POLICY-v1
ALT-002566,CMP-002566,2026-02-07T15:01:12+00:00,ACTIONED,HIGH,POLICY-v1
ALT-002567,CMP-002567,2026-05-02T21:46:13+00:00,EXPIRED,MEDIUM,POLICY-v1
ALT-002568,CMP-002568,2026-06-13T07:35:30+00:00,PENDING,MEDIUM,POLICY-v1
ALT-002569,CMP-002569,2026-01-10T17:20:04+00:00,ACTIONED,MEDIUM,POLICY-v1
ALT-002570,CMP-002570,2026-04-19T10:43:34+00:00,ACTIONED,MEDIUM,POLICY-v1
ALT-002571,CMP-002571,2026-06-24T05:08:13+00:00,PENDING,LOW,POLICY-v1
ALT-002572,CMP-002572,2026-06-25T14:05:30+00:00,ACTIONED,HIGH,POLICY-v1
ALT-002573,CMP-002573,2026-01-21T15:05:34+00:00,ACKNOWLEDGED,LOW,POLICY-v1
ALT-002574,CMP-002574,2026-04-08T07:39:45+00:00,ACTIONED,MEDIUM,POLICY-v1
ALT-002575,CMP-002575,2026-01-28T11:00:33+00:00,ACTIONED,MEDIUM,POLICY-v1
ALT-002576,CMP-002576,2026-05-20T23:23:48+00:00,ACTIONED,MEDIUM,POLICY-v1
ALT-002577,CMP-002577,2026-06-24T02:03:03+00:00,ACTIONED,LOW,POLICY-v1
ALT-002578,CMP-002578,2026-06-14T22:09:30+00:00,ACTIONED,MEDIUM,POLICY-v1
ALT-002579,CMP-002579,2026-04-11T00:56:58+00:00,ACTIONED,MEDIUM,POLICY-v1
ALT-002580,CMP-002580,2026-05-20T14:09:24+00:00,PENDING,LOW,POLICY-v1
ALT-002581,CMP-002581,2026-01-28T17:34:27+00:00,ACKNOWLEDGED,MEDIUM,POLICY-v1
ALT-002582,CMP-002582,2026-03-21T04:30:24+00:00,ACTIONED,LOW,POLICY-v1
ALT-002583,CMP-002583,2026-06-20T10:07:21+00:00,PENDING,MEDIUM,POLICY-v1
ALT-002584,CMP-002584,2026-06-12T08:44:33+00:00,ACTIONED,LOW,POLICY-v1
ALT-002585,CMP-002585,2026-04-13T15:27:38+00:00,ACTIONED,MEDIUM,POLICY-v1
ALT-002586,CMP-002586,2026-06-14T22:20:25+00:00,EXPIRED,MEDIUM,POLICY-v1
ALT-002587,CMP-002587,2026-01-09T00:57:02+00:00,ACKNOWLEDGED,LOW,POLICY-v1
ALT-002588,CMP-002588,2026-06-05T06:30:46+00:00,ACTIONED,MEDIUM,POLICY-v1
ALT-002589,CMP-002589,2026-02-25T21:00:30+00:00,EXPIRED,MEDIUM,POLICY-v1
ALT-002590,CMP-002590,2026-01-19T00:16:27+00:00,ACKNOWLEDGED,HIGH,POLICY-v1
ALT-002591,CMP-002591,2026-04-11T21:36:37+00:00,EXPIRED,LOW,POLICY-v1
ALT-002592,CMP-002592,2026-02-26T10:05:49+00:00,ACTIONED,LOW,POLICY-v1
ALT-002593,CMP-002593,2026-04-18T06:55:46+00:00,ACTIONED,MEDIUM,POLICY-v1
ALT-002594,CMP-002594,2026-06-27T10:11:46+00:00,ACTIONED,HIGH,POLICY-v1
ALT-002595,CMP-002595,2026-04-07T04:20:13+00:00,ACTIONED,HIGH,POLICY-v1
ALT-002596,CMP-002596,2026-06-06T13:31:24+00:00,EXPIRED,MEDIUM,POLICY-v1
ALT-002597,CMP-002597,2026-05-07T02:29:46+00:00,PENDING,MEDIUM,POLICY-v1
ALT-002598,CMP-002598,2026-05-07T17:04:24+00:00,EXPIRED,MEDIUM,POLICY-v1
ALT-002599,CMP-002599,2026-02-06T19:07:15+00:00,PENDING,HIGH,POLICY-v1
ALT-002600,CMP-002600,2026-02-17T22:55:27+00:00,ACKNOWLEDGED,LOW,POLICY-v1
ALT-002601,CMP-002601,2026-01-06T01:30:57+00:00,ACTIONED,MEDIUM,POLICY-v1
ALT-002602,CMP-002602,2026-06-01T16:11:25+00:00,EXPIRED,HIGH,POLICY-v1
ALT-002603,CMP-002603,2026-01-27T18:30:05+00:00,ACTIONED,LOW,POLICY-v1
ALT-002604,CMP-002604,2026-05-01T14:35:45+00:00,ACTIONED,LOW,POLICY-v1
ALT-002605,CMP-002605,2026-02-05T04:20:24+00:00,ACTIONED,MEDIUM,POLICY-v1
ALT-002606,CMP-002606,2026-06-24T13:17:39+00:00,ACTIONED,HIGH,POLICY-v1
ALT-002607,CMP-002607,2026-02-22T23:54:18+00:00,ACKNOWLEDGED,HIGH,POLICY-v1
ALT-002608,CMP-002608,2026-03-16T14:13:39+00:00,ACTIONED,HIGH,POLICY-v1
ALT-002609,CMP-002609,2026-04-02T21:51:37+00:00,PENDING,LOW,POLICY-v1
ALT-002610,CMP-002610,2026-01-13T19:57:00+00:00,EXPIRED,HIGH,POLICY-v1
ALT-002611,CMP-002611,2026-05-09T08:49:29+00:00,PENDING,LOW,POLICY-v1
ALT-002612,CMP-002612,2026-04-04T00:47:59+00:00,ACTIONED,HIGH,POLICY-v1
ALT-002613,CMP-002613,2026-05-22T20:43:26+00:00,ACTIONED,MEDIUM,POLICY-v1
ALT-002614,CMP-002614,2026-05-28T17:13:50+00:00,EXPIRED,MEDIUM,POLICY-v1
ALT-002615,CMP-002615,2026-06-04T05:20:06+00:00,ACTIONED,LOW,POLICY-v1
ALT-002616,CMP-002616,2026-01-11T17:05:51+00:00,ACTIONED,LOW,POLICY-v1
ALT-002617,CMP-002617,2026-04-15T09:21:31+00:00,ACKNOWLEDGED,HIGH,POLICY-v1
ALT-002618,CMP-002618,2026-06-29T13:53:41+00:00,ACKNOWLEDGED,HIGH,POLICY-v1
ALT-002619,CMP-002619,2026-02-22T23:38:34+00:00,ACTIONED,HIGH,POLICY-v1
ALT-002620,CMP-002620,2026-05-15T11:12:50+00:00,ACKNOWLEDGED,HIGH,POLICY-v1
ALT-002621,CMP-002621,2026-05-05T13:28:00+00:00,PENDING,HIGH,POLICY-v1
ALT-002622,CMP-002622,2026-05-17T18:28:47+00:00,ACKNOWLEDGED,MEDIUM,POLICY-v1
ALT-002623,CMP-002623,2026-03-23T08:06:37+00:00,ACTIONED,MEDIUM,POLICY-v1
ALT-002624,CMP-002624,2026-06-05T18:02:48+00:00,ACTIONED,LOW,POLICY-v1
ALT-002625,CMP-002625,2026-03-30T04:22:31+00:00,EXPIRED,MEDIUM,POLICY-v1
ALT-002626,CMP-002626,2026-02-04T09:34:14+00:00,ACKNOWLEDGED,LOW,POLICY-v1
ALT-002627,CMP-002627,2026-02-18T16:11:11+00:00,ACTIONED,MEDIUM,POLICY-v1
ALT-002628,CMP-002628,2026-06-24T10:37:02+00:00,EXPIRED,LOW,POLICY-v1
ALT-002629,CMP-002629,2026-04-21T03:38:36+00:00,ACTIONED,MEDIUM,POLICY-v1
ALT-002630,CMP-002630,2026-05-10T16:07:12+00:00,ACKNOWLEDGED,HIGH,POLICY-v1
ALT-002631,CMP-002631,2026-01-23T08:32:33+00:00,ACTIONED,LOW,POLICY-v1
ALT-002632,CMP-002632,2026-05-22T00:13:24+00:00,ACTIONED,MEDIUM,POLICY-v1
ALT-002633,CMP-002633,2026-02-19T06:25:24+00:00,ACTIONED,HIGH,POLICY-v1
ALT-002634,CMP-002634,2026-02-19T20:55:08+00:00,ACTIONED,MEDIUM,POLICY-v1
ALT-002635,CMP-002635,2026-05-16T23:45:21+00:00,EXPIRED,LOW,POLICY-v1
ALT-002636,CMP-002636,2026-06-09T17:32:30+00:00,ACTIONED,HIGH,POLICY-v1
ALT-002637,CMP-002637,2026-03-22T19:55:09+00:00,PENDING,HIGH,POLICY-v1
ALT-002638,CMP-002638,2026-05-27T09:17:13+00:00,ACTIONED,HIGH,POLICY-v1
ALT-002639,CMP-002639,2026-03-21T08:20:58+00:00,PENDING,LOW,POLICY-v1
ALT-002640,CMP-002640,2026-04-15T14:51:00+00:00,ACTIONED,LOW,POLICY-v1
ALT-002641,CMP-002641,2026-02-19T19:23:00+00:00,ACKNOWLEDGED,MEDIUM,POLICY-v1
ALT-002642,CMP-002642,2026-05-03T02:44:34+00:00,ACTIONED,LOW,POLICY-v1
ALT-002643,CMP-002643,2026-01-03T21:57:04+00:00,EXPIRED,HIGH,POLICY-v1
ALT-002644,CMP-002644,2026-05-08T13:50:52+00:00,EXPIRED,HIGH,POLICY-v1
ALT-002645,CMP-002645,2026-04-10T03:22:24+00:00,ACTIONED,MEDIUM,POLICY-v1
ALT-002646,CMP-002646,2026-04-28T04:44:17+00:00,EXPIRED,HIGH,POLICY-v1
ALT-002647,CMP-002647,2026-03-06T12:14:55+00:00,ACKNOWLEDGED,LOW,POLICY-v1
ALT-002648,CMP-002648,2026-04-07T21:27:11+00:00,ACTIONED,MEDIUM,POLICY-v1
ALT-002649,CMP-002649,2026-04-13T01:21:05+00:00,PENDING,LOW,POLICY-v1
ALT-002650,CMP-002650,2026-05-12T00:25:31+00:00,ACTIONED,MEDIUM,POLICY-v1
ALT-002651,CMP-002651,2026-04-29T21:30:01+00:00,ACTIONED,HIGH,POLICY-v1
ALT-002652,CMP-002652,2026-01-23T17:54:33+00:00,ACTIONED,HIGH,POLICY-v1
ALT-002653,CMP-002653,2026-04-27T05:03:49+00:00,PENDING,HIGH,POLICY-v1
ALT-002654,CMP-002654,2026-04-15T22:34:20+00:00,ACKNOWLEDGED,MEDIUM,POLICY-v1
ALT-002655,CMP-002655,2026-05-07T19:37:06+00:00,ACTIONED,MEDIUM,POLICY-v1
ALT-002656,CMP-002656,2026-01-24T14:48:01+00:00,EXPIRED,MEDIUM,POLICY-v1
ALT-002657,CMP-002657,2026-04-05T00:46:04+00:00,ACTIONED,HIGH,POLICY-v1
ALT-002658,CMP-002658,2026-06-01T17:16:21+00:00,ACKNOWLEDGED,MEDIUM,POLICY-v1
ALT-002659,CMP-002659,2026-06-28T02:53:22+00:00,EXPIRED,HIGH,POLICY-v1
ALT-002660,CMP-002660,2026-04-01T02:23:34+00:00,ACTIONED,HIGH,POLICY-v1
ALT-002661,CMP-002661,2026-05-19T20:11:17+00:00,ACTIONED,MEDIUM,POLICY-v1
ALT-002662,CMP-002662,2026-03-12T02:17:17+00:00,EXPIRED,HIGH,POLICY-v1
ALT-002663,CMP-002663,2026-02-13T13:00:26+00:00,ACTIONED,LOW,POLICY-v1
ALT-002664,CMP-002664,2026-06-14T11:00:23+00:00,ACTIONED,HIGH,POLICY-v1
ALT-002665,CMP-002665,2026-03-26T05:15:45+00:00,ACTIONED,LOW,POLICY-v1
ALT-002666,CMP-002666,2026-04-06T23:13:05+00:00,ACKNOWLEDGED,MEDIUM,POLICY-v1
ALT-002667,CMP-002667,2026-01-01T10:10:05+00:00,PENDING,HIGH,POLICY-v1
ALT-002668,CMP-002668,2026-03-23T21:01:31+00:00,ACTIONED,MEDIUM,POLICY-v1
ALT-002669,CMP-002669,2026-04-20T00:56:15+00:00,ACTIONED,HIGH,POLICY-v1
ALT-002670,CMP-002670,2026-04-17T23:37:29+00:00,EXPIRED,LOW,POLICY-v1
ALT-002671,CMP-002671,2026-01-13T17:00:46+00:00,ACKNOWLEDGED,LOW,POLICY-v1
ALT-002672,CMP-002672,2026-05-24T11:20:03+00:00,ACTIONED,MEDIUM,POLICY-v1
ALT-002673,CMP-002673,2026-04-11T04:35:18+00:00,ACTIONED,HIGH,POLICY-v1
ALT-002674,CMP-002674,2026-03-10T11:24:42+00:00,PENDING,HIGH,POLICY-v1
ALT-002675,CMP-002675,2026-05-18T16:41:11+00:00,ACTIONED,HIGH,POLICY-v1
ALT-002676,CMP-002676,2026-04-13T01:52:55+00:00,ACTIONED,LOW,POLICY-v1
ALT-002677,CMP-002677,2026-03-17T12:25:18+00:00,ACTIONED,HIGH,POLICY-v1
ALT-002678,CMP-002678,2026-06-23T08:31:08+00:00,EXPIRED,LOW,POLICY-v1
ALT-002679,CMP-002679,2026-04-17T20:41:51+00:00,ACTIONED,LOW,POLICY-v1
ALT-002680,CMP-002680,2026-05-26T01:57:38+00:00,ACKNOWLEDGED,LOW,POLICY-v1
ALT-002681,CMP-002681,2026-04-28T06:39:35+00:00,ACKNOWLEDGED,HIGH,POLICY-v1
ALT-002682,CMP-002682,2026-04-19T09:34:50+00:00,ACTIONED,HIGH,POLICY-v1
ALT-002683,CMP-002683,2026-05-24T10:18:58+00:00,ACKNOWLEDGED,LOW,POLICY-v1
ALT-002684,CMP-002684,2026-02-16T20:58:57+00:00,EXPIRED,MEDIUM,POLICY-v1
ALT-002685,CMP-002685,2026-03-06T11:35:51+00:00,ACTIONED,MEDIUM,POLICY-v1
ALT-002686,CMP-002686,2026-03-26T08:37:12+00:00,ACTIONED,MEDIUM,POLICY-v1
ALT-002687,CMP-002687,2026-03-29T03:34:36+00:00,ACTIONED,LOW,POLICY-v1
ALT-002688,CMP-002688,2026-04-12T08:13:09+00:00,ACTIONED,MEDIUM,POLICY-v1
ALT-002689,CMP-002689,2026-04-23T03:51:13+00:00,EXPIRED,MEDIUM,POLICY-v1
ALT-002690,CMP-002690,2026-03-08T17:42:57+00:00,ACTIONED,LOW,POLICY-v1
ALT-002691,CMP-002691,2026-06-12T23:58:17+00:00,ACKNOWLEDGED,LOW,POLICY-v1
ALT-002692,CMP-002692,2026-06-17T06:41:03+00:00,ACTIONED,MEDIUM,POLICY-v1
ALT-002693,CMP-002693,2026-03-24T02:30:09+00:00,ACTIONED,MEDIUM,POLICY-v1
ALT-002694,CMP-002694,2026-03-02T22:10:46+00:00,ACKNOWLEDGED,MEDIUM,POLICY-v1
ALT-002695,CMP-002695,2026-03-30T16:26:40+00:00,ACTIONED,LOW,POLICY-v1
ALT-002696,CMP-002696,2026-03-25T02:55:07+00:00,ACTIONED,HIGH,POLICY-v1
ALT-002697,CMP-002697,2026-05-22T01:07:15+00:00,ACTIONED,HIGH,POLICY-v1
ALT-002698,CMP-002698,2026-04-04T17:51:18+00:00,ACTIONED,MEDIUM,POLICY-v1
ALT-002699,CMP-002699,2026-03-18T23:23:31+00:00,EXPIRED,LOW,POLICY-v1
ALT-002700,CMP-002700,2026-02-19T14:56:56+00:00,ACTIONED,MEDIUM,POLICY-v1
ALT-002701,CMP-002701,2026-04-07T07:24:12+00:00,EXPIRED,MEDIUM,POLICY-v1
ALT-002702,CMP-002702,2026-05-06T09:39:05+00:00,ACKNOWLEDGED,LOW,POLICY-v1
ALT-002703,CMP-002703,2026-05-09T02:39:03+00:00,EXPIRED,LOW,POLICY-v1
ALT-002704,CMP-002704,2026-04-29T23:06:25+00:00,PENDING,MEDIUM,POLICY-v1
ALT-002705,CMP-002705,2026-02-16T17:15:27+00:00,PENDING,LOW,POLICY-v1
ALT-002706,CMP-002706,2026-02-03T22:26:35+00:00,ACKNOWLEDGED,MEDIUM,POLICY-v1
ALT-002707,CMP-002707,2026-06-04T04:32:42+00:00,ACTIONED,LOW,POLICY-v1
ALT-002708,CMP-002708,2026-01-14T17:15:20+00:00,EXPIRED,LOW,POLICY-v1
ALT-002709,CMP-002709,2026-05-11T19:36:35+00:00,EXPIRED,MEDIUM,POLICY-v1
ALT-002710,CMP-002710,2026-06-20T04:28:19+00:00,EXPIRED,HIGH,POLICY-v1
ALT-002711,CMP-002711,2026-05-04T01:11:26+00:00,EXPIRED,MEDIUM,POLICY-v1
ALT-002712,CMP-002712,2026-06-23T15:19:17+00:00,EXPIRED,MEDIUM,POLICY-v1
ALT-002713,CMP-002713,2026-01-27T23:32:45+00:00,ACTIONED,LOW,POLICY-v1
ALT-002714,CMP-002714,2026-04-13T20:32:37+00:00,ACTIONED,LOW,POLICY-v1
ALT-002715,CMP-002715,2026-02-25T01:38:29+00:00,ACTIONED,MEDIUM,POLICY-v1
ALT-002716,CMP-002716,2026-06-16T10:18:45+00:00,ACKNOWLEDGED,LOW,POLICY-v1
ALT-002717,CMP-002717,2026-02-24T10:03:11+00:00,ACTIONED,HIGH,POLICY-v1
ALT-002718,CMP-002718,2026-01-23T15:36:29+00:00,ACTIONED,HIGH,POLICY-v1
ALT-002719,CMP-002719,2026-02-14T14:41:21+00:00,EXPIRED,HIGH,POLICY-v1
ALT-002720,CMP-002720,2026-01-05T20:46:22+00:00,ACTIONED,HIGH,POLICY-v1
ALT-002721,CMP-002721,2026-04-17T11:56:48+00:00,ACTIONED,HIGH,POLICY-v1
ALT-002722,CMP-002722,2026-04-30T21:45:19+00:00,ACTIONED,HIGH,POLICY-v1
ALT-002723,CMP-002723,2026-02-24T15:55:47+00:00,ACTIONED,MEDIUM,POLICY-v1
ALT-002724,CMP-002724,2026-04-07T23:14:51+00:00,ACKNOWLEDGED,HIGH,POLICY-v1
ALT-002725,CMP-002725,2026-05-14T22:51:30+00:00,ACTIONED,MEDIUM,POLICY-v1
ALT-002726,CMP-002726,2026-05-30T02:47:52+00:00,PENDING,LOW,POLICY-v1
ALT-002727,CMP-002727,2026-02-01T09:59:42+00:00,EXPIRED,MEDIUM,POLICY-v1
ALT-002728,CMP-002728,2026-05-23T02:10:11+00:00,PENDING,LOW,POLICY-v1
ALT-002729,CMP-002729,2026-02-16T23:20:17+00:00,ACTIONED,HIGH,POLICY-v1
ALT-002730,CMP-002730,2026-03-27T18:44:17+00:00,EXPIRED,HIGH,POLICY-v1
ALT-002731,CMP-002731,2026-03-04T06:40:12+00:00,ACTIONED,HIGH,POLICY-v1
ALT-002732,CMP-002732,2026-05-16T12:16:22+00:00,ACTIONED,MEDIUM,POLICY-v1
ALT-002733,CMP-002733,2026-01-22T10:39:07+00:00,PENDING,LOW,POLICY-v1
ALT-002734,CMP-002734,2026-06-25T03:48:00+00:00,ACTIONED,HIGH,POLICY-v1
ALT-002735,CMP-002735,2026-05-09T13:57:20+00:00,ACTIONED,MEDIUM,POLICY-v1
ALT-002736,CMP-002736,2026-05-08T02:10:46+00:00,EXPIRED,HIGH,POLICY-v1
ALT-002737,CMP-002737,2026-04-20T02:07:21+00:00,ACTIONED,MEDIUM,POLICY-v1
ALT-002738,CMP-002738,2026-01-07T02:32:52+00:00,ACTIONED,MEDIUM,POLICY-v1
ALT-002739,CMP-002739,2026-06-05T04:38:21+00:00,EXPIRED,HIGH,POLICY-v1
ALT-002740,CMP-002740,2026-04-08T13:07:36+00:00,PENDING,MEDIUM,POLICY-v1
ALT-002741,CMP-002741,2026-03-04T21:29:39+00:00,ACTIONED,HIGH,POLICY-v1
ALT-002742,CMP-002742,2026-06-06T11:13:12+00:00,ACTIONED,MEDIUM,POLICY-v1
ALT-002743,CMP-002743,2026-04-27T19:04:21+00:00,PENDING,LOW,POLICY-v1
ALT-002744,CMP-002744,2026-02-10T18:11:56+00:00,ACTIONED,MEDIUM,POLICY-v1
ALT-002745,CMP-002745,2026-03-19T19:05:31+00:00,EXPIRED,MEDIUM,POLICY-v1
ALT-002746,CMP-002746,2026-02-10T22:19:58+00:00,ACTIONED,MEDIUM,POLICY-v1
ALT-002747,CMP-002747,2026-03-19T23:48:18+00:00,EXPIRED,MEDIUM,POLICY-v1
ALT-002748,CMP-002748,2026-03-22T21:19:51+00:00,ACTIONED,MEDIUM,POLICY-v1
ALT-002749,CMP-002749,2026-05-11T07:50:05+00:00,ACTIONED,HIGH,POLICY-v1
ALT-002750,CMP-002750,2026-02-10T19:00:30+00:00,ACKNOWLEDGED,MEDIUM,POLICY-v1
ALT-002751,CMP-002751,2026-02-03T07:32:45+00:00,ACTIONED,LOW,POLICY-v1
ALT-002752,CMP-002752,2026-06-15T19:53:24+00:00,PENDING,HIGH,POLICY-v1
ALT-002753,CMP-002753,2026-03-19T23:36:04+00:00,ACTIONED,HIGH,POLICY-v1
ALT-002754,CMP-002754,2026-03-30T18:04:05+00:00,ACTIONED,MEDIUM,POLICY-v1
ALT-002755,CMP-002755,2026-04-09T16:41:58+00:00,PENDING,HIGH,POLICY-v1
ALT-002756,CMP-002756,2026-05-30T22:38:12+00:00,ACTIONED,MEDIUM,POLICY-v1
ALT-002757,CMP-002757,2026-05-06T13:15:26+00:00,ACTIONED,MEDIUM,POLICY-v1
ALT-002758,CMP-002758,2026-04-16T14:48:39+00:00,PENDING,LOW,POLICY-v1
ALT-002759,CMP-002759,2026-01-10T20:05:47+00:00,ACTIONED,HIGH,POLICY-v1
ALT-002760,CMP-002760,2026-06-23T15:39:55+00:00,ACKNOWLEDGED,LOW,POLICY-v1
ALT-002761,CMP-002761,2026-06-03T10:48:11+00:00,ACTIONED,HIGH,POLICY-v1
ALT-002762,CMP-002762,2026-03-07T15:51:01+00:00,ACKNOWLEDGED,HIGH,POLICY-v1
ALT-002763,CMP-002763,2026-02-07T06:16:09+00:00,PENDING,MEDIUM,POLICY-v1
ALT-002764,CMP-002764,2026-03-28T08:56:41+00:00,ACTIONED,MEDIUM,POLICY-v1
ALT-002765,CMP-002765,2026-05-13T03:48:59+00:00,ACTIONED,LOW,POLICY-v1
ALT-002766,CMP-002766,2026-05-08T16:58:40+00:00,ACTIONED,MEDIUM,POLICY-v1
ALT-002767,CMP-002767,2026-02-13T12:49:30+00:00,ACTIONED,LOW,POLICY-v1
ALT-002768,CMP-002768,2026-04-07T11:00:54+00:00,PENDING,HIGH,POLICY-v1
ALT-002769,CMP-002769,2026-02-09T06:58:51+00:00,EXPIRED,MEDIUM,POLICY-v1
ALT-002770,CMP-002770,2026-06-19T21:36:24+00:00,ACKNOWLEDGED,HIGH,POLICY-v1
ALT-002771,CMP-002771,2026-05-23T05:22:52+00:00,ACTIONED,HIGH,POLICY-v1
ALT-002772,CMP-002772,2026-04-16T09:31:51+00:00,ACTIONED,LOW,POLICY-v1
ALT-002773,CMP-002773,2026-06-08T19:55:49+00:00,PENDING,MEDIUM,POLICY-v1
ALT-002774,CMP-002774,2026-06-05T09:12:23+00:00,ACTIONED,HIGH,POLICY-v1
ALT-002775,CMP-002775,2026-03-10T00:58:50+00:00,ACKNOWLEDGED,MEDIUM,POLICY-v1
ALT-002776,CMP-002776,2026-04-23T17:58:03+00:00,EXPIRED,HIGH,POLICY-v1
ALT-002777,CMP-002777,2026-03-05T16:10:22+00:00,ACKNOWLEDGED,LOW,POLICY-v1
ALT-002778,CMP-002778,2026-04-12T15:02:33+00:00,ACTIONED,LOW,POLICY-v1
ALT-002779,CMP-002779,2026-05-29T22:51:53+00:00,ACTIONED,MEDIUM,POLICY-v1
ALT-002780,CMP-002780,2026-04-24T16:00:30+00:00,ACTIONED,LOW,POLICY-v1
ALT-002781,CMP-002781,2026-04-25T03:03:23+00:00,ACTIONED,LOW,POLICY-v1
ALT-002782,CMP-002782,2026-04-29T23:26:55+00:00,ACTIONED,LOW,POLICY-v1
ALT-002783,CMP-002783,2026-03-09T08:06:18+00:00,ACTIONED,MEDIUM,POLICY-v1
ALT-002784,CMP-002784,2026-02-10T10:51:33+00:00,ACTIONED,LOW,POLICY-v1
ALT-002785,CMP-002785,2026-03-21T03:24:44+00:00,ACTIONED,HIGH,POLICY-v1
ALT-002786,CMP-002786,2026-06-18T22:51:41+00:00,PENDING,MEDIUM,POLICY-v1
ALT-002787,CMP-002787,2026-02-17T01:25:59+00:00,ACTIONED,MEDIUM,POLICY-v1
ALT-002788,CMP-002788,2026-02-23T06:39:59+00:00,ACTIONED,HIGH,POLICY-v1
ALT-002789,CMP-002789,2026-05-09T01:54:41+00:00,ACTIONED,HIGH,POLICY-v1
ALT-002790,CMP-002790,2026-01-20T02:57:31+00:00,PENDING,HIGH,POLICY-v1
ALT-002791,CMP-002791,2026-03-28T05:13:51+00:00,ACTIONED,HIGH,POLICY-v1
ALT-002792,CMP-002792,2026-04-21T12:11:07+00:00,EXPIRED,MEDIUM,POLICY-v1
ALT-002793,CMP-002793,2026-02-02T15:08:38+00:00,ACTIONED,MEDIUM,POLICY-v1
ALT-002794,CMP-002794,2026-04-27T15:39:15+00:00,ACKNOWLEDGED,LOW,POLICY-v1
ALT-002795,CMP-002795,2026-01-11T21:11:49+00:00,ACTIONED,HIGH,POLICY-v1
ALT-002796,CMP-002796,2026-05-15T03:44:14+00:00,PENDING,HIGH,POLICY-v1
ALT-002797,CMP-002797,2026-02-28T14:44:38+00:00,ACTIONED,HIGH,POLICY-v1
ALT-002798,CMP-002798,2026-02-03T09:10:52+00:00,ACKNOWLEDGED,HIGH,POLICY-v1
ALT-002799,CMP-002799,2026-05-19T22:14:27+00:00,EXPIRED,MEDIUM,POLICY-v1
ALT-002800,CMP-002800,2026-02-05T17:09:35+00:00,ACTIONED,LOW,POLICY-v1
ALT-002801,CMP-002801,2026-02-12T03:23:26+00:00,ACKNOWLEDGED,HIGH,POLICY-v1
ALT-002802,CMP-002802,2026-02-01T07:29:58+00:00,ACTIONED,HIGH,POLICY-v1
ALT-002803,CMP-002803,2026-05-11T10:50:01+00:00,ACKNOWLEDGED,HIGH,POLICY-v1
ALT-002804,CMP-002804,2026-01-13T09:17:24+00:00,ACKNOWLEDGED,MEDIUM,POLICY-v1
ALT-002805,CMP-002805,2026-06-29T00:15:36+00:00,EXPIRED,HIGH,POLICY-v1
ALT-002806,CMP-002806,2026-01-11T19:36:27+00:00,EXPIRED,LOW,POLICY-v1
ALT-002807,CMP-002807,2026-03-14T06:19:47+00:00,ACTIONED,MEDIUM,POLICY-v1
ALT-002808,CMP-002808,2026-01-30T00:47:15+00:00,ACTIONED,HIGH,POLICY-v1
ALT-002809,CMP-002809,2026-01-22T21:23:04+00:00,ACTIONED,MEDIUM,POLICY-v1
ALT-002810,CMP-002810,2026-01-03T12:55:49+00:00,EXPIRED,LOW,POLICY-v1
ALT-002811,CMP-002811,2026-06-10T00:38:20+00:00,PENDING,HIGH,POLICY-v1
ALT-002812,CMP-002812,2026-02-17T01:22:21+00:00,ACTIONED,LOW,POLICY-v1
ALT-002813,CMP-002813,2026-01-31T08:34:08+00:00,ACTIONED,HIGH,POLICY-v1
ALT-002814,CMP-002814,2026-01-27T17:20:59+00:00,ACKNOWLEDGED,MEDIUM,POLICY-v1
ALT-002815,CMP-002815,2026-06-21T15:38:22+00:00,EXPIRED,HIGH,POLICY-v1
ALT-002816,CMP-002816,2026-05-16T13:48:27+00:00,ACTIONED,HIGH,POLICY-v1
ALT-002817,CMP-002817,2026-03-22T22:35:53+00:00,ACKNOWLEDGED,MEDIUM,POLICY-v1
ALT-002818,CMP-002818,2026-05-15T17:14:30+00:00,EXPIRED,MEDIUM,POLICY-v1
ALT-002819,CMP-002819,2026-02-03T11:01:21+00:00,PENDING,MEDIUM,POLICY-v1
ALT-002820,CMP-002820,2026-01-13T08:13:38+00:00,EXPIRED,LOW,POLICY-v1
ALT-002821,CMP-002821,2026-03-21T06:51:10+00:00,ACKNOWLEDGED,MEDIUM,POLICY-v1
ALT-002822,CMP-002822,2026-02-02T03:58:09+00:00,PENDING,LOW,POLICY-v1
ALT-002823,CMP-002823,2026-04-19T10:31:52+00:00,ACTIONED,MEDIUM,POLICY-v1
ALT-002824,CMP-002824,2026-04-22T23:48:53+00:00,ACTIONED,MEDIUM,POLICY-v1
ALT-002825,CMP-002825,2026-03-01T07:34:28+00:00,PENDING,MEDIUM,POLICY-v1
ALT-002826,CMP-002826,2026-01-17T13:47:10+00:00,ACTIONED,HIGH,POLICY-v1
ALT-002827,CMP-002827,2026-03-29T10:39:54+00:00,EXPIRED,HIGH,POLICY-v1
ALT-002828,CMP-002828,2026-03-01T10:54:08+00:00,ACTIONED,HIGH,POLICY-v1
ALT-002829,CMP-002829,2026-04-01T06:19:22+00:00,EXPIRED,LOW,POLICY-v1
ALT-002830,CMP-002830,2026-03-01T22:55:22+00:00,ACTIONED,MEDIUM,POLICY-v1
ALT-002831,CMP-002831,2026-06-21T05:31:20+00:00,ACTIONED,HIGH,POLICY-v1
ALT-002832,CMP-002832,2026-01-19T20:37:48+00:00,ACTIONED,HIGH,POLICY-v1
ALT-002833,CMP-002833,2026-03-22T16:29:56+00:00,PENDING,MEDIUM,POLICY-v1
ALT-002834,CMP-002834,2026-04-21T15:32:46+00:00,ACKNOWLEDGED,HIGH,POLICY-v1
ALT-002835,CMP-002835,2026-05-21T07:07:12+00:00,ACKNOWLEDGED,MEDIUM,POLICY-v1
ALT-002836,CMP-002836,2026-05-26T10:07:12+00:00,ACTIONED,HIGH,POLICY-v1
ALT-002837,CMP-002837,2026-04-12T06:35:11+00:00,PENDING,LOW,POLICY-v1
ALT-002838,CMP-002838,2026-06-07T20:38:36+00:00,ACKNOWLEDGED,LOW,POLICY-v1
ALT-002839,CMP-002839,2026-06-29T23:27:20+00:00,PENDING,MEDIUM,POLICY-v1
ALT-002840,CMP-002840,2026-05-05T15:09:54+00:00,ACTIONED,HIGH,POLICY-v1
ALT-002841,CMP-002841,2026-03-01T00:54:57+00:00,ACKNOWLEDGED,LOW,POLICY-v1
ALT-002842,CMP-002842,2026-01-07T18:21:15+00:00,EXPIRED,MEDIUM,POLICY-v1
ALT-002843,CMP-002843,2026-04-05T03:05:25+00:00,PENDING,LOW,POLICY-v1
ALT-002844,CMP-002844,2026-02-10T15:24:07+00:00,ACKNOWLEDGED,MEDIUM,POLICY-v1
ALT-002845,CMP-002845,2026-04-25T20:09:59+00:00,EXPIRED,LOW,POLICY-v1
ALT-002846,CMP-002846,2026-03-22T12:25:27+00:00,ACTIONED,LOW,POLICY-v1
ALT-002847,CMP-002847,2026-01-14T00:58:02+00:00,ACTIONED,MEDIUM,POLICY-v1
ALT-002848,CMP-002848,2026-02-19T23:18:13+00:00,ACTIONED,LOW,POLICY-v1
ALT-002849,CMP-002849,2026-04-20T11:12:53+00:00,ACTIONED,LOW,POLICY-v1
ALT-002850,CMP-002850,2026-01-13T12:31:07+00:00,EXPIRED,HIGH,POLICY-v1
ALT-002851,CMP-002851,2026-03-26T21:38:51+00:00,PENDING,HIGH,POLICY-v1
ALT-002852,CMP-002852,2026-06-08T17:06:55+00:00,ACKNOWLEDGED,MEDIUM,POLICY-v1
ALT-002853,CMP-002853,2026-02-14T16:22:36+00:00,ACTIONED,HIGH,POLICY-v1
ALT-002854,CMP-002854,2026-03-11T21:08:03+00:00,ACTIONED,HIGH,POLICY-v1
ALT-002855,CMP-002855,2026-02-08T21:11:44+00:00,ACTIONED,LOW,POLICY-v1
ALT-002856,CMP-002856,2026-02-10T07:47:02+00:00,ACTIONED,HIGH,POLICY-v1
ALT-002857,CMP-002857,2026-02-23T09:45:16+00:00,ACKNOWLEDGED,LOW,POLICY-v1
ALT-002858,CMP-002858,2026-06-28T23:53:30+00:00,ACTIONED,LOW,POLICY-v1
ALT-002859,CMP-002859,2026-01-11T02:26:10+00:00,ACKNOWLEDGED,MEDIUM,POLICY-v1
ALT-002860,CMP-002860,2026-03-04T13:00:30+00:00,ACTIONED,HIGH,POLICY-v1
ALT-002861,CMP-002861,2026-05-29T22:09:20+00:00,ACKNOWLEDGED,LOW,POLICY-v1
ALT-002862,CMP-002862,2026-01-04T06:20:21+00:00,EXPIRED,HIGH,POLICY-v1
ALT-002863,CMP-002863,2026-05-19T01:56:45+00:00,ACTIONED,LOW,POLICY-v1
ALT-002864,CMP-002864,2026-05-28T00:31:13+00:00,ACTIONED,MEDIUM,POLICY-v1
ALT-002865,CMP-002865,2026-01-03T05:44:39+00:00,ACKNOWLEDGED,MEDIUM,POLICY-v1
ALT-002866,CMP-002866,2026-04-25T17:16:25+00:00,ACTIONED,LOW,POLICY-v1
ALT-002867,CMP-002867,2026-01-04T10:06:47+00:00,ACTIONED,LOW,POLICY-v1
ALT-002868,CMP-002868,2026-03-24T04:17:31+00:00,ACTIONED,MEDIUM,POLICY-v1
ALT-002869,CMP-002869,2026-05-12T01:58:16+00:00,ACKNOWLEDGED,MEDIUM,POLICY-v1
ALT-002870,CMP-002870,2026-06-25T23:01:17+00:00,ACTIONED,LOW,POLICY-v1
ALT-002871,CMP-002871,2026-06-04T11:50:26+00:00,ACKNOWLEDGED,HIGH,POLICY-v1
ALT-002872,CMP-002872,2026-06-15T11:10:09+00:00,ACTIONED,MEDIUM,POLICY-v1
ALT-002873,CMP-002873,2026-02-16T21:53:40+00:00,ACTIONED,LOW,POLICY-v1
ALT-002874,CMP-002874,2026-05-09T06:49:35+00:00,ACKNOWLEDGED,MEDIUM,POLICY-v1
ALT-002875,CMP-002875,2026-04-28T20:44:47+00:00,EXPIRED,HIGH,POLICY-v1
ALT-002876,CMP-002876,2026-03-25T22:00:13+00:00,ACKNOWLEDGED,LOW,POLICY-v1
ALT-002877,CMP-002877,2026-02-03T02:56:56+00:00,ACTIONED,HIGH,POLICY-v1
ALT-002878,CMP-002878,2026-04-06T14:29:45+00:00,EXPIRED,MEDIUM,POLICY-v1
ALT-002879,CMP-002879,2026-04-08T01:26:32+00:00,EXPIRED,MEDIUM,POLICY-v1
ALT-002880,CMP-002880,2026-02-22T10:48:49+00:00,ACTIONED,HIGH,POLICY-v1
ALT-002881,CMP-002881,2026-06-10T05:28:28+00:00,ACKNOWLEDGED,MEDIUM,POLICY-v1
ALT-002882,CMP-002882,2026-01-28T21:21:06+00:00,ACTIONED,HIGH,POLICY-v1
ALT-002883,CMP-002883,2026-03-21T23:11:48+00:00,ACTIONED,LOW,POLICY-v1
ALT-002884,CMP-002884,2026-04-19T19:49:07+00:00,ACTIONED,HIGH,POLICY-v1
ALT-002885,CMP-002885,2026-06-01T12:45:29+00:00,EXPIRED,MEDIUM,POLICY-v1
ALT-002886,CMP-002886,2026-05-04T23:48:03+00:00,EXPIRED,HIGH,POLICY-v1
ALT-002887,CMP-002887,2026-06-09T22:05:04+00:00,ACKNOWLEDGED,HIGH,POLICY-v1
ALT-002888,CMP-002888,2026-01-02T06:15:35+00:00,ACKNOWLEDGED,LOW,POLICY-v1
ALT-002889,CMP-002889,2026-05-20T04:33:15+00:00,PENDING,HIGH,POLICY-v1
ALT-002890,CMP-002890,2026-03-28T04:18:36+00:00,ACTIONED,LOW,POLICY-v1
ALT-002891,CMP-002891,2026-05-26T08:48:04+00:00,ACKNOWLEDGED,MEDIUM,POLICY-v1
ALT-002892,CMP-002892,2026-03-23T13:58:17+00:00,ACTIONED,HIGH,POLICY-v1
ALT-002893,CMP-002893,2026-01-13T02:28:44+00:00,ACTIONED,LOW,POLICY-v1
ALT-002894,CMP-002894,2026-06-12T00:39:19+00:00,ACTIONED,LOW,POLICY-v1
ALT-002895,CMP-002895,2026-01-13T19:20:27+00:00,ACTIONED,MEDIUM,POLICY-v1
ALT-002896,CMP-002896,2026-04-18T18:17:23+00:00,PENDING,LOW,POLICY-v1
ALT-002897,CMP-002897,2026-05-09T04:46:34+00:00,ACTIONED,HIGH,POLICY-v1
ALT-002898,CMP-002898,2026-05-21T16:30:17+00:00,ACTIONED,HIGH,POLICY-v1
ALT-002899,CMP-002899,2026-02-28T13:02:01+00:00,ACTIONED,LOW,POLICY-v1
ALT-002900,CMP-002900,2026-06-20T07:07:23+00:00,ACTIONED,MEDIUM,POLICY-v1
ALT-002901,CMP-002901,2026-05-11T22:51:15+00:00,ACKNOWLEDGED,MEDIUM,POLICY-v1
ALT-002902,CMP-002902,2026-03-09T10:19:33+00:00,ACTIONED,LOW,POLICY-v1
ALT-002903,CMP-002903,2026-02-16T12:38:47+00:00,EXPIRED,HIGH,POLICY-v1
ALT-002904,CMP-002904,2026-02-14T01:05:03+00:00,ACTIONED,HIGH,POLICY-v1
ALT-002905,CMP-002905,2026-06-20T08:08:08+00:00,ACTIONED,HIGH,POLICY-v1
ALT-002906,CMP-002906,2026-05-03T02:11:09+00:00,ACTIONED,LOW,POLICY-v1
ALT-002907,CMP-002907,2026-05-21T15:43:15+00:00,ACKNOWLEDGED,MEDIUM,POLICY-v1
ALT-002908,CMP-002908,2026-05-09T04:36:38+00:00,ACTIONED,HIGH,POLICY-v1
ALT-002909,CMP-002909,2026-03-24T13:52:54+00:00,ACKNOWLEDGED,LOW,POLICY-v1
ALT-002910,CMP-002910,2026-04-04T11:58:03+00:00,ACKNOWLEDGED,MEDIUM,POLICY-v1
ALT-002911,CMP-002911,2026-02-17T20:45:55+00:00,EXPIRED,HIGH,POLICY-v1
ALT-002912,CMP-002912,2026-06-24T22:46:12+00:00,ACKNOWLEDGED,LOW,POLICY-v1
ALT-002913,CMP-002913,2026-03-18T13:26:56+00:00,PENDING,HIGH,POLICY-v1
ALT-002914,CMP-002914,2026-01-13T15:52:54+00:00,ACTIONED,MEDIUM,POLICY-v1
ALT-002915,CMP-002915,2026-01-21T03:18:09+00:00,ACTIONED,MEDIUM,POLICY-v1
ALT-002916,CMP-002916,2026-04-30T09:03:14+00:00,ACTIONED,HIGH,POLICY-v1
ALT-002917,CMP-002917,2026-04-29T12:53:54+00:00,ACTIONED,HIGH,POLICY-v1
ALT-002918,CMP-002918,2026-06-11T13:14:45+00:00,ACTIONED,MEDIUM,POLICY-v1
ALT-002919,CMP-002919,2026-05-09T08:18:19+00:00,ACTIONED,HIGH,POLICY-v1
ALT-002920,CMP-002920,2026-04-04T12:47:07+00:00,EXPIRED,MEDIUM,POLICY-v1
ALT-002921,CMP-002921,2026-06-22T21:27:15+00:00,ACTIONED,LOW,POLICY-v1
ALT-002922,CMP-002922,2026-02-25T16:16:40+00:00,ACTIONED,LOW,POLICY-v1
ALT-002923,CMP-002923,2026-06-23T08:27:16+00:00,EXPIRED,MEDIUM,POLICY-v1
ALT-002924,CMP-002924,2026-06-08T21:36:40+00:00,ACTIONED,LOW,POLICY-v1
ALT-002925,CMP-002925,2026-06-15T21:46:48+00:00,ACTIONED,HIGH,POLICY-v1
ALT-002926,CMP-002926,2026-02-19T10:53:26+00:00,ACTIONED,LOW,POLICY-v1
ALT-002927,CMP-002927,2026-05-10T14:13:25+00:00,PENDING,HIGH,POLICY-v1
ALT-002928,CMP-002928,2026-03-13T08:16:36+00:00,ACTIONED,MEDIUM,POLICY-v1
ALT-002929,CMP-002929,2026-05-05T03:20:28+00:00,EXPIRED,HIGH,POLICY-v1
ALT-002930,CMP-002930,2026-02-20T14:02:12+00:00,ACKNOWLEDGED,HIGH,POLICY-v1
ALT-002931,CMP-002931,2026-04-03T18:53:04+00:00,ACTIONED,LOW,POLICY-v1
ALT-002932,CMP-002932,2026-02-13T10:10:17+00:00,PENDING,HIGH,POLICY-v1
ALT-002933,CMP-002933,2026-03-10T01:13:49+00:00,ACKNOWLEDGED,MEDIUM,POLICY-v1
ALT-002934,CMP-002934,2026-01-29T12:32:44+00:00,PENDING,HIGH,POLICY-v1
ALT-002935,CMP-002935,2026-06-26T13:25:45+00:00,ACTIONED,LOW,POLICY-v1
ALT-002936,CMP-002936,2026-06-04T02:42:48+00:00,PENDING,LOW,POLICY-v1
ALT-002937,CMP-002937,2026-04-25T20:56:53+00:00,PENDING,LOW,POLICY-v1
ALT-002938,CMP-002938,2026-02-15T22:35:20+00:00,ACKNOWLEDGED,MEDIUM,POLICY-v1
ALT-002939,CMP-002939,2026-02-02T00:18:35+00:00,ACTIONED,HIGH,POLICY-v1
ALT-002940,CMP-002940,2026-06-18T12:55:42+00:00,ACKNOWLEDGED,HIGH,POLICY-v1
ALT-002941,CMP-002941,2026-06-14T09:58:01+00:00,PENDING,HIGH,POLICY-v1
ALT-002942,CMP-002942,2026-01-07T18:09:16+00:00,EXPIRED,LOW,POLICY-v1
ALT-002943,CMP-002943,2026-06-01T09:43:21+00:00,PENDING,MEDIUM,POLICY-v1
ALT-002944,CMP-002944,2026-02-22T03:04:39+00:00,ACTIONED,LOW,POLICY-v1
ALT-002945,CMP-002945,2026-02-17T19:18:12+00:00,PENDING,LOW,POLICY-v1
ALT-002946,CMP-002946,2026-01-27T06:54:54+00:00,EXPIRED,LOW,POLICY-v1
ALT-002947,CMP-002947,2026-05-27T00:16:49+00:00,ACTIONED,HIGH,POLICY-v1
ALT-002948,CMP-002948,2026-03-19T12:52:11+00:00,EXPIRED,MEDIUM,POLICY-v1
ALT-002949,CMP-002949,2026-04-25T04:58:34+00:00,ACKNOWLEDGED,HIGH,POLICY-v1
ALT-002950,CMP-002950,2026-06-06T20:01:51+00:00,PENDING,HIGH,POLICY-v1
ALT-002951,CMP-002951,2026-06-03T18:41:42+00:00,PENDING,LOW,POLICY-v1
ALT-002952,CMP-002952,2026-03-13T11:24:31+00:00,ACKNOWLEDGED,LOW,POLICY-v1
ALT-002953,CMP-002953,2026-01-11T20:14:12+00:00,ACTIONED,HIGH,POLICY-v1
ALT-002954,CMP-002954,2026-06-05T19:36:11+00:00,ACTIONED,HIGH,POLICY-v1
ALT-002955,CMP-002955,2026-04-08T13:08:43+00:00,ACKNOWLEDGED,HIGH,POLICY-v1
ALT-002956,CMP-002956,2026-03-02T03:23:40+00:00,ACTIONED,HIGH,POLICY-v1
ALT-002957,CMP-002957,2026-06-19T09:04:21+00:00,ACTIONED,MEDIUM,POLICY-v1
ALT-002958,CMP-002958,2026-05-14T13:32:46+00:00,EXPIRED,LOW,POLICY-v1
ALT-002959,CMP-002959,2026-04-29T11:33:55+00:00,ACTIONED,LOW,POLICY-v1
ALT-002960,CMP-002960,2026-05-12T14:39:49+00:00,ACTIONED,LOW,POLICY-v1
ALT-002961,CMP-002961,2026-04-17T18:43:18+00:00,ACKNOWLEDGED,LOW,POLICY-v1
ALT-002962,CMP-002962,2026-05-18T20:34:52+00:00,ACKNOWLEDGED,HIGH,POLICY-v1
ALT-002963,CMP-002963,2026-03-30T12:18:35+00:00,ACTIONED,LOW,POLICY-v1
ALT-002964,CMP-002964,2026-05-17T02:18:18+00:00,ACTIONED,MEDIUM,POLICY-v1
ALT-002965,CMP-002965,2026-04-29T20:35:48+00:00,ACKNOWLEDGED,MEDIUM,POLICY-v1
ALT-002966,CMP-002966,2026-04-11T11:56:22+00:00,ACTIONED,LOW,POLICY-v1
ALT-002967,CMP-002967,2026-03-08T11:06:21+00:00,EXPIRED,HIGH,POLICY-v1
ALT-002968,CMP-002968,2026-06-23T23:36:33+00:00,EXPIRED,MEDIUM,POLICY-v1
ALT-002969,CMP-002969,2026-04-15T11:20:16+00:00,ACTIONED,HIGH,POLICY-v1
ALT-002970,CMP-002970,2026-02-10T04:14:22+00:00,ACTIONED,LOW,POLICY-v1
ALT-002971,CMP-002971,2026-06-02T08:36:09+00:00,ACTIONED,MEDIUM,POLICY-v1
ALT-002972,CMP-002972,2026-05-14T14:39:16+00:00,ACTIONED,LOW,POLICY-v1
ALT-002973,CMP-002973,2026-01-12T23:56:16+00:00,ACKNOWLEDGED,LOW,POLICY-v1
ALT-002974,CMP-002974,2026-04-13T07:17:11+00:00,EXPIRED,LOW,POLICY-v1
ALT-002975,CMP-002975,2026-01-03T18:50:48+00:00,ACKNOWLEDGED,HIGH,POLICY-v1
ALT-002976,CMP-002976,2026-04-14T13:51:29+00:00,ACKNOWLEDGED,LOW,POLICY-v1
ALT-002977,CMP-002977,2026-01-09T05:27:22+00:00,PENDING,HIGH,POLICY-v1
ALT-002978,CMP-002978,2026-01-11T21:46:28+00:00,ACKNOWLEDGED,HIGH,POLICY-v1
ALT-002979,CMP-002979,2026-03-05T06:13:42+00:00,ACTIONED,HIGH,POLICY-v1
ALT-002980,CMP-002980,2026-02-10T12:44:07+00:00,ACTIONED,LOW,POLICY-v1
ALT-002981,CMP-002981,2026-03-22T16:58:45+00:00,ACTIONED,LOW,POLICY-v1
ALT-002982,CMP-002982,2026-04-09T16:30:51+00:00,ACTIONED,MEDIUM,POLICY-v1
ALT-002983,CMP-002983,2026-05-19T09:29:37+00:00,ACKNOWLEDGED,HIGH,POLICY-v1
ALT-002984,CMP-002984,2026-03-11T03:19:57+00:00,EXPIRED,MEDIUM,POLICY-v1
ALT-002985,CMP-002985,2026-02-19T04:38:22+00:00,ACTIONED,MEDIUM,POLICY-v1
ALT-002986,CMP-002986,2026-03-02T08:58:30+00:00,ACTIONED,MEDIUM,POLICY-v1
ALT-002987,CMP-002987,2026-02-13T22:39:09+00:00,PENDING,LOW,POLICY-v1
ALT-002988,CMP-002988,2026-02-13T02:33:40+00:00,ACTIONED,MEDIUM,POLICY-v1
ALT-002989,CMP-002989,2026-02-05T22:27:32+00:00,ACKNOWLEDGED,MEDIUM,POLICY-v1
ALT-002990,CMP-002990,2026-06-28T15:46:02+00:00,PENDING,HIGH,POLICY-v1
ALT-002991,CMP-002991,2026-01-25T18:09:17+00:00,ACTIONED,HIGH,POLICY-v1
ALT-002992,CMP-002992,2026-01-25T22:45:47+00:00,ACTIONED,MEDIUM,POLICY-v1
ALT-002993,CMP-002993,2026-05-30T20:20:04+00:00,ACKNOWLEDGED,LOW,POLICY-v1
ALT-002994,CMP-002994,2026-04-05T15:42:18+00:00,ACTIONED,HIGH,POLICY-v1
ALT-002995,CMP-002995,2026-06-03T12:27:01+00:00,ACTIONED,HIGH,POLICY-v1
ALT-002996,CMP-002996,2026-03-30T06:55:40+00:00,ACTIONED,HIGH,POLICY-v1
ALT-002997,CMP-002997,2026-02-16T02:01:08+00:00,ACTIONED,HIGH,POLICY-v1
ALT-002998,CMP-002998,2026-04-01T15:03:50+00:00,PENDING,LOW,POLICY-v1
ALT-002999,CMP-002999,2026-03-25T10:18:54+00:00,PENDING,HIGH,POLICY-v1
ALT-003000,CMP-003000,2026-02-26T02:28:38+00:00,ACTIONED,MEDIUM,POLICY-v1
ALT-003001,CMP-003001,2026-01-13T05:54:21+00:00,ACTIONED,LOW,POLICY-v1
ALT-003002,CMP-003002,2026-03-01T23:20:46+00:00,PENDING,MEDIUM,POLICY-v1
ALT-003003,CMP-003003,2026-01-16T21:00:11+00:00,EXPIRED,MEDIUM,POLICY-v1
ALT-003004,CMP-003004,2026-03-15T19:11:22+00:00,ACTIONED,HIGH,POLICY-v1
ALT-003005,CMP-003005,2026-01-12T10:55:44+00:00,ACTIONED,HIGH,POLICY-v1
ALT-003006,CMP-003006,2026-06-28T14:45:03+00:00,PENDING,HIGH,POLICY-v1
ALT-003007,CMP-003007,2026-05-22T16:50:20+00:00,ACKNOWLEDGED,MEDIUM,POLICY-v1
ALT-003008,CMP-003008,2026-04-17T22:40:47+00:00,ACTIONED,MEDIUM,POLICY-v1
ALT-003009,CMP-003009,2026-02-24T13:26:43+00:00,PENDING,MEDIUM,POLICY-v1
ALT-003010,CMP-003010,2026-04-12T16:19:33+00:00,ACTIONED,LOW,POLICY-v1
ALT-003011,CMP-003011,2026-04-11T03:26:29+00:00,ACTIONED,MEDIUM,POLICY-v1
ALT-003012,CMP-003012,2026-04-14T05:04:49+00:00,EXPIRED,HIGH,POLICY-v1
ALT-003013,CMP-003013,2026-06-21T18:44:25+00:00,ACTIONED,HIGH,POLICY-v1
ALT-003014,CMP-003014,2026-04-05T21:17:33+00:00,ACTIONED,MEDIUM,POLICY-v1
ALT-003015,CMP-003015,2026-03-27T00:59:14+00:00,ACKNOWLEDGED,LOW,POLICY-v1
ALT-003016,CMP-003016,2026-01-24T09:04:52+00:00,ACTIONED,MEDIUM,POLICY-v1
ALT-003017,CMP-003017,2026-01-27T12:51:15+00:00,ACKNOWLEDGED,MEDIUM,POLICY-v1
ALT-003018,CMP-003018,2026-05-09T23:15:33+00:00,ACTIONED,LOW,POLICY-v1
ALT-003019,CMP-003019,2026-06-21T20:49:05+00:00,ACKNOWLEDGED,LOW,POLICY-v1
ALT-003020,CMP-003020,2026-06-18T03:01:40+00:00,ACTIONED,MEDIUM,POLICY-v1
ALT-003021,CMP-003021,2026-03-23T20:33:04+00:00,EXPIRED,MEDIUM,POLICY-v1
ALT-003022,CMP-003022,2026-06-21T10:27:26+00:00,ACTIONED,LOW,POLICY-v1
ALT-003023,CMP-003023,2026-06-11T15:21:21+00:00,EXPIRED,HIGH,POLICY-v1
ALT-003024,CMP-003024,2026-02-19T02:59:06+00:00,ACKNOWLEDGED,MEDIUM,POLICY-v1
ALT-003025,CMP-003025,2026-06-14T12:56:49+00:00,ACTIONED,LOW,POLICY-v1
ALT-003026,CMP-003026,2026-01-29T02:34:59+00:00,ACTIONED,HIGH,POLICY-v1
ALT-003027,CMP-003027,2026-04-17T19:51:56+00:00,EXPIRED,MEDIUM,POLICY-v1
ALT-003028,CMP-003028,2026-05-29T19:00:04+00:00,ACKNOWLEDGED,MEDIUM,POLICY-v1
ALT-003029,CMP-003029,2026-04-16T04:45:42+00:00,ACTIONED,LOW,POLICY-v1
ALT-003030,CMP-003030,2026-02-05T15:40:15+00:00,EXPIRED,HIGH,POLICY-v1
ALT-003031,CMP-003031,2026-05-21T03:01:51+00:00,ACTIONED,HIGH,POLICY-v1
ALT-003032,CMP-003032,2026-02-05T01:53:21+00:00,ACTIONED,MEDIUM,POLICY-v1
ALT-003033,CMP-003033,2026-01-27T09:19:09+00:00,PENDING,HIGH,POLICY-v1
ALT-003034,CMP-003034,2026-01-16T08:47:43+00:00,PENDING,LOW,POLICY-v1
ALT-003035,CMP-003035,2026-03-29T08:35:54+00:00,ACTIONED,HIGH,POLICY-v1
ALT-003036,CMP-003036,2026-01-04T14:27:11+00:00,ACTIONED,LOW,POLICY-v1
ALT-003037,CMP-003037,2026-01-05T15:25:32+00:00,ACTIONED,HIGH,POLICY-v1
ALT-003038,CMP-003038,2026-04-17T17:07:52+00:00,ACTIONED,MEDIUM,POLICY-v1
ALT-003039,CMP-003039,2026-02-03T02:43:25+00:00,ACTIONED,HIGH,POLICY-v1
ALT-003040,CMP-003040,2026-06-04T00:03:18+00:00,ACTIONED,MEDIUM,POLICY-v1
ALT-003041,CMP-003041,2026-04-25T23:16:54+00:00,ACTIONED,LOW,POLICY-v1
ALT-003042,CMP-003042,2026-01-11T17:48:52+00:00,ACTIONED,HIGH,POLICY-v1
ALT-003043,CMP-003043,2026-05-19T07:32:11+00:00,ACTIONED,HIGH,POLICY-v1
ALT-003044,CMP-003044,2026-04-02T18:26:05+00:00,ACTIONED,LOW,POLICY-v1
ALT-003045,CMP-003045,2026-05-12T22:12:34+00:00,ACTIONED,MEDIUM,POLICY-v1
ALT-003046,CMP-003046,2026-01-31T08:07:20+00:00,ACTIONED,HIGH,POLICY-v1
ALT-003047,CMP-003047,2026-04-02T06:38:56+00:00,ACTIONED,LOW,POLICY-v1
ALT-003048,CMP-003048,2026-05-19T13:05:51+00:00,ACKNOWLEDGED,HIGH,POLICY-v1
ALT-003049,CMP-003049,2026-03-05T14:46:13+00:00,ACTIONED,HIGH,POLICY-v1
ALT-003050,CMP-003050,2026-03-01T08:22:41+00:00,ACKNOWLEDGED,MEDIUM,POLICY-v1
ALT-003051,CMP-003051,2026-06-27T06:03:06+00:00,ACKNOWLEDGED,HIGH,POLICY-v1
ALT-003052,CMP-003052,2026-06-08T08:17:04+00:00,ACKNOWLEDGED,LOW,POLICY-v1
ALT-003053,CMP-003053,2026-01-03T16:46:09+00:00,ACTIONED,MEDIUM,POLICY-v1
ALT-003054,CMP-003054,2026-03-08T03:22:36+00:00,PENDING,HIGH,POLICY-v1
ALT-003055,CMP-003055,2026-03-26T20:19:09+00:00,ACTIONED,LOW,POLICY-v1
ALT-003056,CMP-003056,2026-02-19T12:56:07+00:00,ACTIONED,MEDIUM,POLICY-v1
ALT-003057,CMP-003057,2026-03-01T17:35:02+00:00,ACKNOWLEDGED,HIGH,POLICY-v1
ALT-003058,CMP-003058,2026-02-13T12:26:29+00:00,ACKNOWLEDGED,MEDIUM,POLICY-v1
ALT-003059,CMP-003059,2026-03-31T04:32:01+00:00,PENDING,MEDIUM,POLICY-v1
ALT-003060,CMP-003060,2026-01-30T03:07:50+00:00,ACTIONED,MEDIUM,POLICY-v1
ALT-003061,CMP-003061,2026-03-31T12:29:13+00:00,EXPIRED,LOW,POLICY-v1
ALT-003062,CMP-003062,2026-05-07T19:18:48+00:00,ACKNOWLEDGED,MEDIUM,POLICY-v1
ALT-003063,CMP-003063,2026-02-24T03:28:14+00:00,ACTIONED,MEDIUM,POLICY-v1
ALT-003064,CMP-003064,2026-03-11T08:28:09+00:00,ACTIONED,LOW,POLICY-v1
ALT-003065,CMP-003065,2026-02-03T19:34:27+00:00,PENDING,HIGH,POLICY-v1
ALT-003066,CMP-003066,2026-04-04T12:38:38+00:00,ACTIONED,LOW,POLICY-v1
ALT-003067,CMP-003067,2026-06-27T23:43:28+00:00,ACKNOWLEDGED,LOW,POLICY-v1
ALT-003068,CMP-003068,2026-04-18T23:21:33+00:00,ACKNOWLEDGED,MEDIUM,POLICY-v1
ALT-003069,CMP-003069,2026-06-27T09:13:47+00:00,EXPIRED,HIGH,POLICY-v1
ALT-003070,CMP-003070,2026-02-17T12:41:59+00:00,EXPIRED,HIGH,POLICY-v1
ALT-003071,CMP-003071,2026-04-14T00:58:55+00:00,ACKNOWLEDGED,HIGH,POLICY-v1
ALT-003072,CMP-003072,2026-02-10T09:30:53+00:00,EXPIRED,HIGH,POLICY-v1
ALT-003073,CMP-003073,2026-04-18T19:51:10+00:00,ACTIONED,HIGH,POLICY-v1
ALT-003074,CMP-003074,2026-04-15T12:54:07+00:00,ACTIONED,HIGH,POLICY-v1
ALT-003075,CMP-003075,2026-05-31T14:47:47+00:00,ACTIONED,LOW,POLICY-v1
ALT-003076,CMP-003076,2026-03-20T03:24:34+00:00,ACKNOWLEDGED,LOW,POLICY-v1
ALT-003077,CMP-003077,2026-01-04T00:21:32+00:00,ACTIONED,HIGH,POLICY-v1
ALT-003078,CMP-003078,2026-02-18T04:42:37+00:00,ACTIONED,HIGH,POLICY-v1
ALT-003079,CMP-003079,2026-03-13T21:00:17+00:00,ACTIONED,MEDIUM,POLICY-v1
ALT-003080,CMP-003080,2026-01-04T00:33:08+00:00,ACTIONED,HIGH,POLICY-v1
ALT-003081,CMP-003081,2026-02-06T07:52:49+00:00,EXPIRED,MEDIUM,POLICY-v1
ALT-003082,CMP-003082,2026-04-10T07:55:30+00:00,ACTIONED,MEDIUM,POLICY-v1
ALT-003083,CMP-003083,2026-05-31T14:07:05+00:00,ACTIONED,LOW,POLICY-v1
ALT-003084,CMP-003084,2026-04-22T19:00:44+00:00,ACTIONED,LOW,POLICY-v1
ALT-003085,CMP-003085,2026-03-02T15:40:18+00:00,ACTIONED,MEDIUM,POLICY-v1
ALT-003086,CMP-003086,2026-06-23T09:26:48+00:00,EXPIRED,HIGH,POLICY-v1
ALT-003087,CMP-003087,2026-01-04T04:08:21+00:00,ACTIONED,HIGH,POLICY-v1
ALT-003088,CMP-003088,2026-02-16T04:08:40+00:00,ACTIONED,MEDIUM,POLICY-v1
ALT-003089,CMP-003089,2026-05-23T02:49:09+00:00,ACTIONED,HIGH,POLICY-v1
ALT-003090,CMP-003090,2026-02-05T19:39:26+00:00,ACTIONED,HIGH,POLICY-v1
ALT-003091,CMP-003091,2026-06-29T03:21:01+00:00,PENDING,LOW,POLICY-v1
ALT-003092,CMP-003092,2026-03-05T09:28:47+00:00,ACTIONED,LOW,POLICY-v1
ALT-003093,CMP-003093,2026-03-04T12:20:20+00:00,ACTIONED,MEDIUM,POLICY-v1
ALT-003094,CMP-003094,2026-06-20T04:11:16+00:00,ACTIONED,LOW,POLICY-v1
ALT-003095,CMP-003095,2026-04-27T07:20:37+00:00,ACKNOWLEDGED,LOW,POLICY-v1
ALT-003096,CMP-003096,2026-05-26T02:06:45+00:00,ACTIONED,HIGH,POLICY-v1
ALT-003097,CMP-003097,2026-03-06T09:02:14+00:00,ACTIONED,MEDIUM,POLICY-v1
ALT-003098,CMP-003098,2026-06-22T19:23:30+00:00,EXPIRED,HIGH,POLICY-v1
ALT-003099,CMP-003099,2026-01-03T20:56:32+00:00,ACTIONED,LOW,POLICY-v1
ALT-003100,CMP-003100,2026-05-24T07:45:38+00:00,PENDING,LOW,POLICY-v1
ALT-003101,CMP-003101,2026-02-05T20:57:58+00:00,ACTIONED,HIGH,POLICY-v1
ALT-003102,CMP-003102,2026-01-17T10:05:49+00:00,ACTIONED,LOW,POLICY-v1
ALT-003103,CMP-003103,2026-03-23T20:32:52+00:00,ACTIONED,HIGH,POLICY-v1
ALT-003104,CMP-003104,2026-04-18T11:36:14+00:00,EXPIRED,LOW,POLICY-v1
ALT-003105,CMP-003105,2026-02-12T22:59:05+00:00,ACKNOWLEDGED,MEDIUM,POLICY-v1
ALT-003106,CMP-003106,2026-01-15T05:12:34+00:00,PENDING,MEDIUM,POLICY-v1
ALT-003107,CMP-003107,2026-01-21T02:32:47+00:00,ACTIONED,HIGH,POLICY-v1
ALT-003108,CMP-003108,2026-05-07T06:48:27+00:00,ACTIONED,MEDIUM,POLICY-v1
ALT-003109,CMP-003109,2026-02-07T21:40:50+00:00,ACTIONED,MEDIUM,POLICY-v1
ALT-003110,CMP-003110,2026-06-18T18:03:22+00:00,EXPIRED,HIGH,POLICY-v1
ALT-003111,CMP-003111,2026-03-15T11:01:05+00:00,ACTIONED,MEDIUM,POLICY-v1
ALT-003112,CMP-003112,2026-01-09T02:11:23+00:00,ACKNOWLEDGED,MEDIUM,POLICY-v1
ALT-003113,CMP-003113,2026-01-06T20:35:17+00:00,ACTIONED,MEDIUM,POLICY-v1
ALT-003114,CMP-003114,2026-01-03T16:25:33+00:00,ACTIONED,HIGH,POLICY-v1
ALT-003115,CMP-003115,2026-06-06T00:24:35+00:00,PENDING,MEDIUM,POLICY-v1
ALT-003116,CMP-003116,2026-04-29T21:11:30+00:00,ACTIONED,LOW,POLICY-v1
ALT-003117,CMP-003117,2026-03-05T06:41:23+00:00,PENDING,HIGH,POLICY-v1
ALT-003118,CMP-003118,2026-05-24T22:00:06+00:00,ACKNOWLEDGED,LOW,POLICY-v1
ALT-003119,CMP-003119,2026-05-09T01:16:46+00:00,PENDING,LOW,POLICY-v1
ALT-003120,CMP-003120,2026-01-01T04:33:54+00:00,ACKNOWLEDGED,HIGH,POLICY-v1
ALT-003121,CMP-003121,2026-06-22T06:54:40+00:00,EXPIRED,HIGH,POLICY-v1
ALT-003122,CMP-003122,2026-04-28T19:03:23+00:00,EXPIRED,HIGH,POLICY-v1
ALT-003123,CMP-003123,2026-06-08T12:14:39+00:00,PENDING,LOW,POLICY-v1
ALT-003124,CMP-003124,2026-04-28T17:04:12+00:00,ACTIONED,MEDIUM,POLICY-v1
ALT-003125,CMP-003125,2026-05-01T06:17:38+00:00,ACTIONED,LOW,POLICY-v1
ALT-003126,CMP-003126,2026-04-26T13:46:20+00:00,EXPIRED,MEDIUM,POLICY-v1
ALT-003127,CMP-003127,2026-03-25T17:51:41+00:00,EXPIRED,HIGH,POLICY-v1
ALT-003128,CMP-003128,2026-04-30T02:49:18+00:00,ACKNOWLEDGED,MEDIUM,POLICY-v1
ALT-003129,CMP-003129,2026-03-13T02:20:30+00:00,EXPIRED,HIGH,POLICY-v1
ALT-003130,CMP-003130,2026-04-13T12:41:56+00:00,EXPIRED,HIGH,POLICY-v1
ALT-003131,CMP-003131,2026-03-11T08:03:48+00:00,ACKNOWLEDGED,LOW,POLICY-v1
ALT-003132,CMP-003132,2026-06-11T14:06:19+00:00,ACKNOWLEDGED,HIGH,POLICY-v1
ALT-003133,CMP-003133,2026-05-24T15:08:59+00:00,ACTIONED,HIGH,POLICY-v1
ALT-003134,CMP-003134,2026-05-16T11:29:29+00:00,ACTIONED,MEDIUM,POLICY-v1
ALT-003135,CMP-003135,2026-02-02T20:18:42+00:00,ACTIONED,MEDIUM,POLICY-v1
ALT-003136,CMP-003136,2026-05-28T09:14:22+00:00,ACTIONED,HIGH,POLICY-v1
ALT-003137,CMP-003137,2026-03-15T07:44:43+00:00,EXPIRED,HIGH,POLICY-v1
ALT-003138,CMP-003138,2026-03-02T18:59:36+00:00,ACTIONED,LOW,POLICY-v1
ALT-003139,CMP-003139,2026-02-06T13:46:10+00:00,ACTIONED,HIGH,POLICY-v1
ALT-003140,CMP-003140,2026-03-30T03:13:25+00:00,ACTIONED,LOW,POLICY-v1
ALT-003141,CMP-003141,2026-05-03T04:55:18+00:00,ACTIONED,MEDIUM,POLICY-v1
ALT-003142,CMP-003142,2026-03-22T08:57:02+00:00,PENDING,MEDIUM,POLICY-v1
ALT-003143,CMP-003143,2026-04-07T13:33:47+00:00,PENDING,MEDIUM,POLICY-v1
ALT-003144,CMP-003144,2026-05-01T09:04:16+00:00,EXPIRED,HIGH,POLICY-v1
ALT-003145,CMP-003145,2026-06-21T00:06:54+00:00,ACTIONED,LOW,POLICY-v1
ALT-003146,CMP-003146,2026-03-18T16:52:05+00:00,ACKNOWLEDGED,HIGH,POLICY-v1
ALT-003147,CMP-003147,2026-06-14T03:24:11+00:00,ACTIONED,MEDIUM,POLICY-v1
ALT-003148,CMP-003148,2026-04-09T23:44:53+00:00,ACTIONED,MEDIUM,POLICY-v1
ALT-003149,CMP-003149,2026-03-21T02:53:05+00:00,ACTIONED,HIGH,POLICY-v1
ALT-003150,CMP-003150,2026-04-21T06:04:12+00:00,EXPIRED,HIGH,POLICY-v1
ALT-003151,CMP-003151,2026-06-18T20:02:55+00:00,EXPIRED,LOW,POLICY-v1
ALT-003152,CMP-003152,2026-04-19T04:17:25+00:00,ACTIONED,LOW,POLICY-v1
ALT-003153,CMP-003153,2026-06-24T20:42:48+00:00,ACTIONED,MEDIUM,POLICY-v1
ALT-003154,CMP-003154,2026-02-23T15:36:50+00:00,PENDING,LOW,POLICY-v1
ALT-003155,CMP-003155,2026-05-14T23:22:39+00:00,ACTIONED,HIGH,POLICY-v1
ALT-003156,CMP-003156,2026-01-07T23:19:18+00:00,EXPIRED,HIGH,POLICY-v1
ALT-003157,CMP-003157,2026-02-04T03:20:13+00:00,PENDING,LOW,POLICY-v1
ALT-003158,CMP-003158,2026-03-01T11:16:26+00:00,PENDING,LOW,POLICY-v1
ALT-003159,CMP-003159,2026-03-28T15:09:50+00:00,ACKNOWLEDGED,MEDIUM,POLICY-v1
ALT-003160,CMP-003160,2026-01-11T14:11:55+00:00,ACTIONED,LOW,POLICY-v1
ALT-003161,CMP-003161,2026-05-15T14:43:05+00:00,PENDING,HIGH,POLICY-v1
ALT-003162,CMP-003162,2026-01-21T01:38:20+00:00,EXPIRED,LOW,POLICY-v1
ALT-003163,CMP-003163,2026-03-08T20:17:49+00:00,EXPIRED,HIGH,POLICY-v1
ALT-003164,CMP-003164,2026-05-20T22:27:19+00:00,ACKNOWLEDGED,HIGH,POLICY-v1
ALT-003165,CMP-003165,2026-01-09T15:29:01+00:00,ACTIONED,HIGH,POLICY-v1
ALT-003166,CMP-003166,2026-01-18T01:19:11+00:00,ACKNOWLEDGED,HIGH,POLICY-v1
ALT-003167,CMP-003167,2026-05-08T19:55:35+00:00,ACTIONED,HIGH,POLICY-v1
ALT-003168,CMP-003168,2026-05-03T09:02:44+00:00,ACTIONED,MEDIUM,POLICY-v1
ALT-003169,CMP-003169,2026-04-20T21:24:58+00:00,ACTIONED,MEDIUM,POLICY-v1
ALT-003170,CMP-003170,2026-06-03T23:25:18+00:00,ACTIONED,MEDIUM,POLICY-v1
ALT-003171,CMP-003171,2026-03-15T06:02:36+00:00,EXPIRED,HIGH,POLICY-v1
ALT-003172,CMP-003172,2026-02-16T13:06:54+00:00,ACKNOWLEDGED,MEDIUM,POLICY-v1
ALT-003173,CMP-003173,2026-03-22T09:23:38+00:00,EXPIRED,MEDIUM,POLICY-v1
ALT-003174,CMP-003174,2026-05-02T02:11:23+00:00,ACTIONED,HIGH,POLICY-v1
ALT-003175,CMP-003175,2026-03-18T17:31:40+00:00,ACKNOWLEDGED,MEDIUM,POLICY-v1
ALT-003176,CMP-003176,2026-03-30T20:23:56+00:00,ACKNOWLEDGED,LOW,POLICY-v1
ALT-003177,CMP-003177,2026-01-15T21:02:53+00:00,ACTIONED,LOW,POLICY-v1
ALT-003178,CMP-003178,2026-02-03T22:24:16+00:00,ACKNOWLEDGED,HIGH,POLICY-v1
ALT-003179,CMP-003179,2026-04-23T09:59:04+00:00,ACTIONED,MEDIUM,POLICY-v1
ALT-003180,CMP-003180,2026-02-02T03:59:47+00:00,ACTIONED,LOW,POLICY-v1
ALT-003181,CMP-003181,2026-06-03T03:01:41+00:00,PENDING,HIGH,POLICY-v1
ALT-003182,CMP-003182,2026-03-15T10:15:04+00:00,ACTIONED,MEDIUM,POLICY-v1
ALT-003183,CMP-003183,2026-01-28T11:42:33+00:00,ACTIONED,MEDIUM,POLICY-v1
ALT-003184,CMP-003184,2026-05-19T01:05:49+00:00,ACTIONED,HIGH,POLICY-v1
ALT-003185,CMP-003185,2026-02-10T11:42:26+00:00,EXPIRED,HIGH,POLICY-v1
ALT-003186,CMP-003186,2026-05-18T16:05:58+00:00,ACTIONED,LOW,POLICY-v1
ALT-003187,CMP-003187,2026-05-29T06:15:32+00:00,ACTIONED,LOW,POLICY-v1
ALT-003188,CMP-003188,2026-06-02T01:16:48+00:00,ACTIONED,MEDIUM,POLICY-v1
ALT-003189,CMP-003189,2026-01-21T06:58:18+00:00,EXPIRED,MEDIUM,POLICY-v1
ALT-003190,CMP-003190,2026-02-23T00:49:07+00:00,ACKNOWLEDGED,MEDIUM,POLICY-v1
ALT-003191,CMP-003191,2026-03-09T12:52:02+00:00,ACTIONED,HIGH,POLICY-v1
ALT-003192,CMP-003192,2026-02-05T03:04:05+00:00,ACKNOWLEDGED,HIGH,POLICY-v1
ALT-003193,CMP-003193,2026-02-18T04:28:11+00:00,ACTIONED,HIGH,POLICY-v1
ALT-003194,CMP-003194,2026-01-10T07:19:47+00:00,ACTIONED,MEDIUM,POLICY-v1
ALT-003195,CMP-003195,2026-05-31T20:20:15+00:00,EXPIRED,HIGH,POLICY-v1
ALT-003196,CMP-003196,2026-06-08T15:11:22+00:00,EXPIRED,LOW,POLICY-v1
ALT-003197,CMP-003197,2026-03-01T03:10:47+00:00,EXPIRED,MEDIUM,POLICY-v1
ALT-003198,CMP-003198,2026-06-25T02:32:54+00:00,ACTIONED,LOW,POLICY-v1
ALT-003199,CMP-003199,2026-03-23T00:05:00+00:00,ACTIONED,LOW,POLICY-v1
ALT-003200,CMP-003200,2026-01-23T23:23:42+00:00,ACTIONED,MEDIUM,POLICY-v1
ALT-003201,CMP-003201,2026-06-07T04:01:26+00:00,ACTIONED,LOW,POLICY-v1
ALT-003202,CMP-003202,2026-02-21T03:20:40+00:00,EXPIRED,HIGH,POLICY-v1
ALT-003203,CMP-003203,2026-05-12T00:51:38+00:00,ACKNOWLEDGED,HIGH,POLICY-v1
ALT-003204,CMP-003204,2026-05-06T20:47:12+00:00,ACTIONED,HIGH,POLICY-v1
ALT-003205,CMP-003205,2026-03-31T10:56:33+00:00,EXPIRED,HIGH,POLICY-v1
ALT-003206,CMP-003206,2026-03-26T04:32:24+00:00,PENDING,HIGH,POLICY-v1
ALT-003207,CMP-003207,2026-04-16T07:57:13+00:00,EXPIRED,HIGH,POLICY-v1
ALT-003208,CMP-003208,2026-06-02T15:37:41+00:00,EXPIRED,LOW,POLICY-v1
ALT-003209,CMP-003209,2026-02-24T22:11:34+00:00,ACTIONED,HIGH,POLICY-v1
ALT-003210,CMP-003210,2026-04-16T10:47:10+00:00,ACTIONED,HIGH,POLICY-v1
ALT-003211,CMP-003211,2026-01-25T10:43:20+00:00,ACTIONED,MEDIUM,POLICY-v1
ALT-003212,CMP-003212,2026-01-23T07:38:54+00:00,ACTIONED,LOW,POLICY-v1
ALT-003213,CMP-003213,2026-01-08T00:14:09+00:00,PENDING,MEDIUM,POLICY-v1
ALT-003214,CMP-003214,2026-06-15T16:26:08+00:00,EXPIRED,LOW,POLICY-v1
ALT-003215,CMP-003215,2026-03-20T11:04:39+00:00,ACTIONED,MEDIUM,POLICY-v1
ALT-003216,CMP-003216,2026-03-29T22:54:32+00:00,ACTIONED,LOW,POLICY-v1
ALT-003217,CMP-003217,2026-02-13T21:12:52+00:00,ACTIONED,HIGH,POLICY-v1
ALT-003218,CMP-003218,2026-04-03T18:23:52+00:00,ACTIONED,MEDIUM,POLICY-v1
ALT-003219,CMP-003219,2026-01-28T17:07:58+00:00,ACTIONED,LOW,POLICY-v1
ALT-003220,CMP-003220,2026-06-13T05:51:55+00:00,ACTIONED,LOW,POLICY-v1
ALT-003221,CMP-003221,2026-06-16T03:59:11+00:00,ACTIONED,MEDIUM,POLICY-v1
ALT-003222,CMP-003222,2026-03-22T06:45:53+00:00,ACTIONED,LOW,POLICY-v1
ALT-003223,CMP-003223,2026-01-09T16:44:42+00:00,EXPIRED,LOW,POLICY-v1
ALT-003224,CMP-003224,2026-02-18T11:56:35+00:00,PENDING,LOW,POLICY-v1
ALT-003225,CMP-003225,2026-04-18T14:57:47+00:00,ACKNOWLEDGED,HIGH,POLICY-v1
ALT-003226,CMP-003226,2026-05-29T19:35:31+00:00,ACKNOWLEDGED,MEDIUM,POLICY-v1
ALT-003227,CMP-003227,2026-04-17T08:49:38+00:00,ACTIONED,HIGH,POLICY-v1
ALT-003228,CMP-003228,2026-04-25T07:04:48+00:00,ACKNOWLEDGED,HIGH,POLICY-v1
ALT-003229,CMP-003229,2026-03-02T16:23:35+00:00,EXPIRED,HIGH,POLICY-v1
ALT-003230,CMP-003230,2026-06-27T13:00:41+00:00,PENDING,MEDIUM,POLICY-v1
ALT-003231,CMP-003231,2026-04-30T00:59:09+00:00,PENDING,LOW,POLICY-v1
ALT-003232,CMP-003232,2026-03-27T12:39:38+00:00,PENDING,MEDIUM,POLICY-v1
ALT-003233,CMP-003233,2026-02-22T07:16:25+00:00,EXPIRED,MEDIUM,POLICY-v1
ALT-003234,CMP-003234,2026-04-07T01:17:56+00:00,ACTIONED,LOW,POLICY-v1
ALT-003235,CMP-003235,2026-03-02T03:22:23+00:00,ACKNOWLEDGED,HIGH,POLICY-v1
ALT-003236,CMP-003236,2026-04-27T03:46:30+00:00,ACTIONED,LOW,POLICY-v1
ALT-003237,CMP-003237,2026-03-24T01:39:43+00:00,EXPIRED,MEDIUM,POLICY-v1
ALT-003238,CMP-003238,2026-03-28T21:26:06+00:00,PENDING,MEDIUM,POLICY-v1
ALT-003239,CMP-003239,2026-04-06T01:04:00+00:00,ACTIONED,LOW,POLICY-v1
ALT-003240,CMP-003240,2026-03-10T02:12:51+00:00,ACTIONED,LOW,POLICY-v1
ALT-003241,CMP-003241,2026-01-08T19:17:00+00:00,ACTIONED,HIGH,POLICY-v1
ALT-003242,CMP-003242,2026-04-26T19:27:39+00:00,PENDING,MEDIUM,POLICY-v1
ALT-003243,CMP-003243,2026-02-09T20:17:34+00:00,ACTIONED,LOW,POLICY-v1
ALT-003244,CMP-003244,2026-02-19T22:16:34+00:00,PENDING,LOW,POLICY-v1
ALT-003245,CMP-003245,2026-02-20T04:20:19+00:00,PENDING,HIGH,POLICY-v1
ALT-003246,CMP-003246,2026-06-15T08:07:13+00:00,EXPIRED,HIGH,POLICY-v1
ALT-003247,CMP-003247,2026-01-01T22:17:53+00:00,ACKNOWLEDGED,LOW,POLICY-v1
ALT-003248,CMP-003248,2026-04-19T00:04:35+00:00,ACTIONED,HIGH,POLICY-v1
ALT-003249,CMP-003249,2026-04-20T17:15:17+00:00,ACTIONED,MEDIUM,POLICY-v1
ALT-003250,CMP-003250,2026-04-05T07:13:24+00:00,ACTIONED,HIGH,POLICY-v1
ALT-003251,CMP-003251,2026-01-10T04:00:52+00:00,PENDING,MEDIUM,POLICY-v1
ALT-003252,CMP-003252,2026-05-04T21:34:14+00:00,PENDING,LOW,POLICY-v1
ALT-003253,CMP-003253,2026-03-09T07:33:48+00:00,ACTIONED,HIGH,POLICY-v1
ALT-003254,CMP-003254,2026-05-01T10:12:57+00:00,PENDING,LOW,POLICY-v1
ALT-003255,CMP-003255,2026-03-12T18:14:59+00:00,ACTIONED,LOW,POLICY-v1
ALT-003256,CMP-003256,2026-02-26T20:01:15+00:00,EXPIRED,HIGH,POLICY-v1
ALT-003257,CMP-003257,2026-06-04T18:46:25+00:00,ACTIONED,MEDIUM,POLICY-v1
ALT-003258,CMP-003258,2026-01-30T22:02:43+00:00,PENDING,LOW,POLICY-v1
ALT-003259,CMP-003259,2026-06-17T09:06:01+00:00,ACKNOWLEDGED,HIGH,POLICY-v1
ALT-003260,CMP-003260,2026-05-08T05:37:33+00:00,ACTIONED,MEDIUM,POLICY-v1
ALT-003261,CMP-003261,2026-05-31T13:05:23+00:00,ACTIONED,HIGH,POLICY-v1
ALT-003262,CMP-003262,2026-03-18T05:16:16+00:00,ACKNOWLEDGED,LOW,POLICY-v1
ALT-003263,CMP-003263,2026-04-02T23:18:26+00:00,ACTIONED,LOW,POLICY-v1
ALT-003264,CMP-003264,2026-06-02T07:51:57+00:00,ACTIONED,LOW,POLICY-v1
ALT-003265,CMP-003265,2026-03-05T10:11:31+00:00,ACKNOWLEDGED,LOW,POLICY-v1
ALT-003266,CMP-003266,2026-03-21T04:36:19+00:00,PENDING,HIGH,POLICY-v1
ALT-003267,CMP-003267,2026-04-16T04:02:00+00:00,PENDING,MEDIUM,POLICY-v1
ALT-003268,CMP-003268,2026-03-08T14:01:24+00:00,ACTIONED,HIGH,POLICY-v1
ALT-003269,CMP-003269,2026-04-09T06:48:14+00:00,ACTIONED,MEDIUM,POLICY-v1
ALT-003270,CMP-003270,2026-02-10T06:53:46+00:00,ACKNOWLEDGED,LOW,POLICY-v1
ALT-003271,CMP-003271,2026-06-25T20:01:25+00:00,ACKNOWLEDGED,LOW,POLICY-v1
ALT-003272,CMP-003272,2026-03-10T02:18:10+00:00,EXPIRED,HIGH,POLICY-v1
ALT-003273,CMP-003273,2026-01-16T18:46:01+00:00,PENDING,LOW,POLICY-v1
ALT-003274,CMP-003274,2026-02-28T06:58:32+00:00,ACTIONED,HIGH,POLICY-v1
ALT-003275,CMP-003275,2026-01-19T18:23:38+00:00,ACTIONED,LOW,POLICY-v1
ALT-003276,CMP-003276,2026-01-26T20:28:00+00:00,PENDING,HIGH,POLICY-v1
ALT-003277,CMP-003277,2026-03-23T13:34:29+00:00,EXPIRED,HIGH,POLICY-v1
ALT-003278,CMP-003278,2026-05-26T12:29:42+00:00,ACTIONED,MEDIUM,POLICY-v1
ALT-003279,CMP-003279,2026-03-03T13:42:37+00:00,PENDING,HIGH,POLICY-v1
ALT-003280,CMP-003280,2026-06-09T00:22:51+00:00,EXPIRED,LOW,POLICY-v1
ALT-003281,CMP-003281,2026-02-13T12:04:25+00:00,ACTIONED,LOW,POLICY-v1
ALT-003282,CMP-003282,2026-03-03T23:18:28+00:00,PENDING,MEDIUM,POLICY-v1
ALT-003283,CMP-003283,2026-06-23T23:36:14+00:00,EXPIRED,LOW,POLICY-v1
ALT-003284,CMP-003284,2026-06-09T05:51:50+00:00,ACTIONED,HIGH,POLICY-v1
ALT-003285,CMP-003285,2026-01-07T02:53:39+00:00,EXPIRED,HIGH,POLICY-v1
ALT-003286,CMP-003286,2026-03-10T17:23:31+00:00,ACTIONED,LOW,POLICY-v1
ALT-003287,CMP-003287,2026-05-22T05:48:53+00:00,ACKNOWLEDGED,MEDIUM,POLICY-v1
ALT-003288,CMP-003288,2026-04-30T00:15:32+00:00,ACTIONED,HIGH,POLICY-v1
ALT-003289,CMP-003289,2026-06-03T04:19:51+00:00,ACTIONED,HIGH,POLICY-v1
ALT-003290,CMP-003290,2026-04-25T18:56:20+00:00,PENDING,HIGH,POLICY-v1
ALT-003291,CMP-003291,2026-01-27T06:52:52+00:00,ACTIONED,HIGH,POLICY-v1
ALT-003292,CMP-003292,2026-04-15T17:44:44+00:00,EXPIRED,LOW,POLICY-v1
ALT-003293,CMP-003293,2026-02-10T15:21:29+00:00,EXPIRED,MEDIUM,POLICY-v1
ALT-003294,CMP-003294,2026-03-18T18:06:49+00:00,ACTIONED,HIGH,POLICY-v1
ALT-003295,CMP-003295,2026-05-18T11:51:00+00:00,ACTIONED,HIGH,POLICY-v1
ALT-003296,CMP-003296,2026-01-02T14:49:41+00:00,ACTIONED,LOW,POLICY-v1
ALT-003297,CMP-003297,2026-03-23T17:43:35+00:00,PENDING,LOW,POLICY-v1
ALT-003298,CMP-003298,2026-05-20T02:20:01+00:00,EXPIRED,MEDIUM,POLICY-v1
ALT-003299,CMP-003299,2026-03-13T14:59:24+00:00,ACTIONED,MEDIUM,POLICY-v1
ALT-003300,CMP-003300,2026-02-27T13:10:57+00:00,EXPIRED,LOW,POLICY-v1
ALT-003301,CMP-003301,2026-05-18T15:12:08+00:00,ACTIONED,LOW,POLICY-v1
ALT-003302,CMP-003302,2026-05-15T09:39:31+00:00,PENDING,MEDIUM,POLICY-v1
ALT-003303,CMP-003303,2026-04-23T22:55:21+00:00,ACKNOWLEDGED,LOW,POLICY-v1
ALT-003304,CMP-003304,2026-04-15T08:22:14+00:00,PENDING,LOW,POLICY-v1
ALT-003305,CMP-003305,2026-02-11T17:46:50+00:00,ACKNOWLEDGED,HIGH,POLICY-v1
ALT-003306,CMP-003306,2026-01-03T17:59:11+00:00,ACKNOWLEDGED,MEDIUM,POLICY-v1
ALT-003307,CMP-003307,2026-01-23T13:42:50+00:00,PENDING,LOW,POLICY-v1
ALT-003308,CMP-003308,2026-02-14T02:59:02+00:00,ACTIONED,HIGH,POLICY-v1
ALT-003309,CMP-003309,2026-04-20T22:28:10+00:00,ACTIONED,HIGH,POLICY-v1
ALT-003310,CMP-003310,2026-02-26T18:48:41+00:00,PENDING,MEDIUM,POLICY-v1
ALT-003311,CMP-003311,2026-02-28T07:40:31+00:00,ACTIONED,MEDIUM,POLICY-v1
ALT-003312,CMP-003312,2026-03-24T05:25:34+00:00,ACTIONED,MEDIUM,POLICY-v1
ALT-003313,CMP-003313,2026-03-07T07:32:37+00:00,ACTIONED,MEDIUM,POLICY-v1
ALT-003314,CMP-003314,2026-02-11T06:12:15+00:00,PENDING,LOW,POLICY-v1
ALT-003315,CMP-003315,2026-05-12T20:16:33+00:00,PENDING,LOW,POLICY-v1
ALT-003316,CMP-003316,2026-05-07T10:27:50+00:00,ACTIONED,LOW,POLICY-v1
ALT-003317,CMP-003317,2026-05-16T12:10:31+00:00,ACKNOWLEDGED,LOW,POLICY-v1
ALT-003318,CMP-003318,2026-01-21T19:19:31+00:00,PENDING,HIGH,POLICY-v1
ALT-003319,CMP-003319,2026-04-19T11:46:03+00:00,ACTIONED,HIGH,POLICY-v1
ALT-003320,CMP-003320,2026-06-11T17:05:13+00:00,ACTIONED,HIGH,POLICY-v1
ALT-003321,CMP-003321,2026-03-22T15:22:48+00:00,ACTIONED,MEDIUM,POLICY-v1
ALT-003322,CMP-003322,2026-06-08T15:30:09+00:00,ACTIONED,LOW,POLICY-v1
ALT-003323,CMP-003323,2026-03-24T08:51:09+00:00,ACTIONED,HIGH,POLICY-v1
ALT-003324,CMP-003324,2026-02-09T06:16:02+00:00,ACKNOWLEDGED,MEDIUM,POLICY-v1
ALT-003325,CMP-003325,2026-04-12T02:50:50+00:00,ACTIONED,MEDIUM,POLICY-v1
ALT-003326,CMP-003326,2026-02-15T19:47:18+00:00,ACTIONED,LOW,POLICY-v1
ALT-003327,CMP-003327,2026-01-22T04:05:48+00:00,ACTIONED,MEDIUM,POLICY-v1
ALT-003328,CMP-003328,2026-06-17T03:22:38+00:00,ACKNOWLEDGED,HIGH,POLICY-v1
ALT-003329,CMP-003329,2026-05-25T13:04:01+00:00,ACTIONED,HIGH,POLICY-v1
ALT-003330,CMP-003330,2026-05-09T16:55:41+00:00,ACTIONED,LOW,POLICY-v1
ALT-003331,CMP-003331,2026-04-30T19:40:18+00:00,ACTIONED,MEDIUM,POLICY-v1
ALT-003332,CMP-003332,2026-05-05T11:48:12+00:00,ACTIONED,MEDIUM,POLICY-v1
ALT-003333,CMP-003333,2026-01-14T19:51:23+00:00,ACKNOWLEDGED,HIGH,POLICY-v1
ALT-003334,CMP-003334,2026-05-27T16:39:04+00:00,ACTIONED,HIGH,POLICY-v1
ALT-003335,CMP-003335,2026-05-04T13:07:17+00:00,ACTIONED,MEDIUM,POLICY-v1
ALT-003336,CMP-003336,2026-03-19T20:26:18+00:00,ACTIONED,MEDIUM,POLICY-v1
ALT-003337,CMP-003337,2026-02-22T03:19:53+00:00,EXPIRED,MEDIUM,POLICY-v1
ALT-003338,CMP-003338,2026-05-04T06:02:43+00:00,ACTIONED,HIGH,POLICY-v1
ALT-003339,CMP-003339,2026-04-14T11:02:35+00:00,ACTIONED,HIGH,POLICY-v1
ALT-003340,CMP-003340,2026-03-15T22:33:38+00:00,ACKNOWLEDGED,HIGH,POLICY-v1
ALT-003341,CMP-003341,2026-03-28T06:05:40+00:00,PENDING,MEDIUM,POLICY-v1
ALT-003342,CMP-003342,2026-03-10T04:54:02+00:00,ACTIONED,MEDIUM,POLICY-v1
ALT-003343,CMP-003343,2026-04-09T19:22:32+00:00,ACTIONED,HIGH,POLICY-v1
ALT-003344,CMP-003344,2026-05-11T02:58:03+00:00,ACTIONED,LOW,POLICY-v1
ALT-003345,CMP-003345,2026-03-24T16:21:59+00:00,ACKNOWLEDGED,HIGH,POLICY-v1
ALT-003346,CMP-003346,2026-01-14T01:03:08+00:00,ACKNOWLEDGED,HIGH,POLICY-v1
ALT-003347,CMP-003347,2026-04-20T19:13:38+00:00,EXPIRED,MEDIUM,POLICY-v1
ALT-003348,CMP-003348,2026-03-16T18:35:32+00:00,EXPIRED,HIGH,POLICY-v1
ALT-003349,CMP-003349,2026-04-16T01:35:00+00:00,PENDING,MEDIUM,POLICY-v1
ALT-003350,CMP-003350,2026-05-20T21:56:38+00:00,EXPIRED,HIGH,POLICY-v1
ALT-003351,CMP-003351,2026-03-13T10:08:06+00:00,ACTIONED,HIGH,POLICY-v1
ALT-003352,CMP-003352,2026-05-23T16:50:01+00:00,ACTIONED,MEDIUM,POLICY-v1
ALT-003353,CMP-003353,2026-05-14T08:56:45+00:00,ACKNOWLEDGED,MEDIUM,POLICY-v1
ALT-003354,CMP-003354,2026-01-27T18:00:09+00:00,ACTIONED,HIGH,POLICY-v1
ALT-003355,CMP-003355,2026-02-19T12:45:26+00:00,ACTIONED,MEDIUM,POLICY-v1
ALT-003356,CMP-003356,2026-05-29T11:26:11+00:00,ACTIONED,MEDIUM,POLICY-v1
ALT-003357,CMP-003357,2026-04-15T22:30:00+00:00,ACTIONED,LOW,POLICY-v1
ALT-003358,CMP-003358,2026-03-25T09:46:52+00:00,PENDING,HIGH,POLICY-v1
ALT-003359,CMP-003359,2026-03-30T01:02:09+00:00,ACTIONED,LOW,POLICY-v1
ALT-003360,CMP-003360,2026-06-06T16:40:17+00:00,PENDING,HIGH,POLICY-v1
ALT-003361,CMP-003361,2026-01-19T08:09:59+00:00,ACKNOWLEDGED,HIGH,POLICY-v1
ALT-003362,CMP-003362,2026-06-04T18:27:10+00:00,EXPIRED,LOW,POLICY-v1
ALT-003363,CMP-003363,2026-01-30T13:56:54+00:00,EXPIRED,HIGH,POLICY-v1
ALT-003364,CMP-003364,2026-05-22T19:50:34+00:00,ACKNOWLEDGED,MEDIUM,POLICY-v1
ALT-003365,CMP-003365,2026-06-08T07:38:19+00:00,EXPIRED,LOW,POLICY-v1
ALT-003366,CMP-003366,2026-03-28T01:07:03+00:00,ACTIONED,HIGH,POLICY-v1
ALT-003367,CMP-003367,2026-06-02T23:45:47+00:00,ACKNOWLEDGED,MEDIUM,POLICY-v1
ALT-003368,CMP-003368,2026-02-09T13:19:52+00:00,ACTIONED,MEDIUM,POLICY-v1
ALT-003369,CMP-003369,2026-03-29T10:02:15+00:00,ACTIONED,HIGH,POLICY-v1
ALT-003370,CMP-003370,2026-01-11T23:24:38+00:00,ACTIONED,LOW,POLICY-v1
ALT-003371,CMP-003371,2026-02-13T00:07:59+00:00,PENDING,MEDIUM,POLICY-v1
ALT-003372,CMP-003372,2026-04-27T01:33:28+00:00,EXPIRED,MEDIUM,POLICY-v1
ALT-003373,CMP-003373,2026-02-18T17:12:10+00:00,EXPIRED,MEDIUM,POLICY-v1
ALT-003374,CMP-003374,2026-02-09T08:37:55+00:00,ACKNOWLEDGED,MEDIUM,POLICY-v1
ALT-003375,CMP-003375,2026-06-26T18:42:23+00:00,EXPIRED,HIGH,POLICY-v1
ALT-003376,CMP-003376,2026-03-09T03:31:56+00:00,ACTIONED,LOW,POLICY-v1
ALT-003377,CMP-003377,2026-06-11T18:07:36+00:00,ACTIONED,MEDIUM,POLICY-v1
ALT-003378,CMP-003378,2026-05-26T05:17:09+00:00,ACKNOWLEDGED,HIGH,POLICY-v1
ALT-003379,CMP-003379,2026-04-07T10:42:21+00:00,ACKNOWLEDGED,MEDIUM,POLICY-v1
ALT-003380,CMP-003380,2026-03-20T01:04:40+00:00,ACTIONED,MEDIUM,POLICY-v1
ALT-003381,CMP-003381,2026-03-02T09:44:05+00:00,PENDING,LOW,POLICY-v1
ALT-003382,CMP-003382,2026-06-12T11:46:34+00:00,EXPIRED,MEDIUM,POLICY-v1
ALT-003383,CMP-003383,2026-06-05T06:55:34+00:00,ACTIONED,HIGH,POLICY-v1
ALT-003384,CMP-003384,2026-05-15T00:00:41+00:00,ACTIONED,MEDIUM,POLICY-v1
ALT-003385,CMP-003385,2026-01-17T03:12:15+00:00,ACTIONED,MEDIUM,POLICY-v1
ALT-003386,CMP-003386,2026-03-17T03:42:17+00:00,ACKNOWLEDGED,HIGH,POLICY-v1
ALT-003387,CMP-003387,2026-01-13T16:59:52+00:00,ACKNOWLEDGED,MEDIUM,POLICY-v1
ALT-003388,CMP-003388,2026-04-18T07:46:12+00:00,ACKNOWLEDGED,HIGH,POLICY-v1
ALT-003389,CMP-003389,2026-06-05T07:30:09+00:00,ACKNOWLEDGED,MEDIUM,POLICY-v1
ALT-003390,CMP-003390,2026-03-10T13:13:05+00:00,ACTIONED,HIGH,POLICY-v1
ALT-003391,CMP-003391,2026-03-04T03:35:17+00:00,ACTIONED,LOW,POLICY-v1
ALT-003392,CMP-003392,2026-03-24T04:04:55+00:00,ACTIONED,HIGH,POLICY-v1
ALT-003393,CMP-003393,2026-01-13T10:06:41+00:00,ACTIONED,MEDIUM,POLICY-v1
ALT-003394,CMP-003394,2026-06-14T11:50:05+00:00,ACKNOWLEDGED,MEDIUM,POLICY-v1
ALT-003395,CMP-003395,2026-05-18T13:39:32+00:00,ACTIONED,HIGH,POLICY-v1
ALT-003396,CMP-003396,2026-05-11T14:39:48+00:00,EXPIRED,MEDIUM,POLICY-v1
ALT-003397,CMP-003397,2026-06-23T12:43:43+00:00,EXPIRED,HIGH,POLICY-v1
ALT-003398,CMP-003398,2026-02-22T20:32:54+00:00,ACTIONED,LOW,POLICY-v1
ALT-003399,CMP-003399,2026-04-21T18:57:27+00:00,ACKNOWLEDGED,HIGH,POLICY-v1
ALT-003400,CMP-003400,2026-01-25T13:29:43+00:00,PENDING,HIGH,POLICY-v1
ALT-003401,CMP-003401,2026-03-16T11:45:02+00:00,ACTIONED,LOW,POLICY-v1
ALT-003402,CMP-003402,2026-01-16T14:32:41+00:00,ACTIONED,HIGH,POLICY-v1
ALT-003403,CMP-003403,2026-05-03T21:00:29+00:00,ACKNOWLEDGED,LOW,POLICY-v1
ALT-003404,CMP-003404,2026-01-09T03:59:49+00:00,ACKNOWLEDGED,LOW,POLICY-v1
ALT-003405,CMP-003405,2026-01-13T23:40:41+00:00,ACKNOWLEDGED,LOW,POLICY-v1
ALT-003406,CMP-003406,2026-02-25T15:03:53+00:00,PENDING,HIGH,POLICY-v1
ALT-003407,CMP-003407,2026-05-29T01:25:37+00:00,ACTIONED,HIGH,POLICY-v1
ALT-003408,CMP-003408,2026-03-27T10:07:34+00:00,ACTIONED,HIGH,POLICY-v1
ALT-003409,CMP-003409,2026-03-24T02:14:16+00:00,ACTIONED,HIGH,POLICY-v1
ALT-003410,CMP-003410,2026-05-30T02:46:15+00:00,EXPIRED,MEDIUM,POLICY-v1
ALT-003411,CMP-003411,2026-02-14T00:38:01+00:00,ACKNOWLEDGED,LOW,POLICY-v1
ALT-003412,CMP-003412,2026-01-27T18:45:53+00:00,ACTIONED,MEDIUM,POLICY-v1
ALT-003413,CMP-003413,2026-05-15T15:30:41+00:00,EXPIRED,LOW,POLICY-v1
ALT-003414,CMP-003414,2026-05-22T08:35:37+00:00,EXPIRED,MEDIUM,POLICY-v1
ALT-003415,CMP-003415,2026-06-14T03:10:24+00:00,ACTIONED,HIGH,POLICY-v1
ALT-003416,CMP-003416,2026-04-06T04:12:51+00:00,ACTIONED,MEDIUM,POLICY-v1
ALT-003417,CMP-003417,2026-04-14T02:18:57+00:00,EXPIRED,LOW,POLICY-v1
ALT-003418,CMP-003418,2026-03-06T03:10:20+00:00,PENDING,MEDIUM,POLICY-v1
ALT-003419,CMP-003419,2026-05-25T09:07:21+00:00,ACKNOWLEDGED,LOW,POLICY-v1
ALT-003420,CMP-003420,2026-03-20T14:16:00+00:00,PENDING,MEDIUM,POLICY-v1
ALT-003421,CMP-003421,2026-06-05T07:06:14+00:00,PENDING,HIGH,POLICY-v1
ALT-003422,CMP-003422,2026-06-21T22:03:30+00:00,PENDING,MEDIUM,POLICY-v1
ALT-003423,CMP-003423,2026-03-09T19:13:31+00:00,PENDING,HIGH,POLICY-v1
ALT-003424,CMP-003424,2026-02-27T20:43:12+00:00,ACKNOWLEDGED,LOW,POLICY-v1
ALT-003425,CMP-003425,2026-03-26T09:41:27+00:00,ACKNOWLEDGED,LOW,POLICY-v1
ALT-003426,CMP-003426,2026-02-06T21:35:07+00:00,EXPIRED,LOW,POLICY-v1
ALT-003427,CMP-003427,2026-02-13T09:43:41+00:00,ACTIONED,LOW,POLICY-v1
ALT-003428,CMP-003428,2026-06-16T15:56:37+00:00,EXPIRED,LOW,POLICY-v1
ALT-003429,CMP-003429,2026-02-08T15:13:04+00:00,ACTIONED,HIGH,POLICY-v1
ALT-003430,CMP-003430,2026-04-19T07:40:19+00:00,ACKNOWLEDGED,MEDIUM,POLICY-v1
ALT-003431,CMP-003431,2026-01-02T00:29:52+00:00,ACTIONED,LOW,POLICY-v1
ALT-003432,CMP-003432,2026-03-29T00:37:10+00:00,ACTIONED,LOW,POLICY-v1
ALT-003433,CMP-003433,2026-02-23T03:16:34+00:00,EXPIRED,LOW,POLICY-v1
ALT-003434,CMP-003434,2026-02-13T23:47:07+00:00,ACTIONED,LOW,POLICY-v1
ALT-003435,CMP-003435,2026-06-21T21:26:34+00:00,ACTIONED,LOW,POLICY-v1
ALT-003436,CMP-003436,2026-02-08T21:15:45+00:00,EXPIRED,HIGH,POLICY-v1
ALT-003437,CMP-003437,2026-02-26T06:44:44+00:00,ACKNOWLEDGED,LOW,POLICY-v1
ALT-003438,CMP-003438,2026-04-17T20:07:23+00:00,ACTIONED,HIGH,POLICY-v1
ALT-003439,CMP-003439,2026-01-28T17:01:16+00:00,ACTIONED,MEDIUM,POLICY-v1
ALT-003440,CMP-003440,2026-03-07T10:19:36+00:00,ACTIONED,HIGH,POLICY-v1
ALT-003441,CMP-003441,2026-06-28T03:08:21+00:00,EXPIRED,LOW,POLICY-v1
ALT-003442,CMP-003442,2026-03-19T22:56:49+00:00,ACTIONED,HIGH,POLICY-v1
ALT-003443,CMP-003443,2026-04-20T05:07:22+00:00,ACTIONED,MEDIUM,POLICY-v1
ALT-003444,CMP-003444,2026-03-11T21:30:56+00:00,ACKNOWLEDGED,MEDIUM,POLICY-v1
ALT-003445,CMP-003445,2026-04-07T15:58:19+00:00,ACKNOWLEDGED,LOW,POLICY-v1
ALT-003446,CMP-003446,2026-06-09T09:04:33+00:00,EXPIRED,MEDIUM,POLICY-v1
ALT-003447,CMP-003447,2026-01-06T22:02:55+00:00,EXPIRED,MEDIUM,POLICY-v1
ALT-003448,CMP-003448,2026-01-10T19:54:25+00:00,ACKNOWLEDGED,HIGH,POLICY-v1
ALT-003449,CMP-003449,2026-01-23T18:49:59+00:00,ACKNOWLEDGED,HIGH,POLICY-v1
ALT-003450,CMP-003450,2026-04-01T03:51:05+00:00,ACTIONED,LOW,POLICY-v1
ALT-003451,CMP-003451,2026-04-26T23:21:32+00:00,ACTIONED,HIGH,POLICY-v1
ALT-003452,CMP-003452,2026-06-16T18:32:07+00:00,EXPIRED,HIGH,POLICY-v1
ALT-003453,CMP-003453,2026-02-20T20:56:24+00:00,EXPIRED,LOW,POLICY-v1
ALT-003454,CMP-003454,2026-05-19T05:47:04+00:00,ACKNOWLEDGED,LOW,POLICY-v1
ALT-003455,CMP-003455,2026-05-09T12:13:11+00:00,ACTIONED,LOW,POLICY-v1
ALT-003456,CMP-003456,2026-02-04T11:14:30+00:00,ACKNOWLEDGED,HIGH,POLICY-v1
ALT-003457,CMP-003457,2026-04-17T22:25:54+00:00,EXPIRED,MEDIUM,POLICY-v1
ALT-003458,CMP-003458,2026-04-27T00:26:09+00:00,ACTIONED,HIGH,POLICY-v1
ALT-003459,CMP-003459,2026-02-23T14:25:08+00:00,ACTIONED,MEDIUM,POLICY-v1
ALT-003460,CMP-003460,2026-03-03T10:58:17+00:00,PENDING,HIGH,POLICY-v1
ALT-003461,CMP-003461,2026-04-03T22:22:45+00:00,ACTIONED,MEDIUM,POLICY-v1
ALT-003462,CMP-003462,2026-05-12T03:58:37+00:00,ACTIONED,HIGH,POLICY-v1
ALT-003463,CMP-003463,2026-05-07T17:18:56+00:00,PENDING,LOW,POLICY-v1
ALT-003464,CMP-003464,2026-06-16T22:56:53+00:00,ACTIONED,LOW,POLICY-v1
ALT-003465,CMP-003465,2026-01-27T17:05:34+00:00,EXPIRED,HIGH,POLICY-v1
ALT-003466,CMP-003466,2026-03-03T03:42:46+00:00,ACKNOWLEDGED,HIGH,POLICY-v1
ALT-003467,CMP-003467,2026-02-26T22:38:52+00:00,ACTIONED,LOW,POLICY-v1
ALT-003468,CMP-003468,2026-05-25T16:33:12+00:00,ACTIONED,HIGH,POLICY-v1
ALT-003469,CMP-003469,2026-06-23T08:22:48+00:00,ACTIONED,MEDIUM,POLICY-v1
ALT-003470,CMP-003470,2026-01-11T01:31:32+00:00,EXPIRED,MEDIUM,POLICY-v1
ALT-003471,CMP-003471,2026-04-01T14:08:24+00:00,ACTIONED,MEDIUM,POLICY-v1
ALT-003472,CMP-003472,2026-04-22T04:13:27+00:00,PENDING,LOW,POLICY-v1
ALT-003473,CMP-003473,2026-02-28T17:38:32+00:00,PENDING,MEDIUM,POLICY-v1
ALT-003474,CMP-003474,2026-02-18T07:21:33+00:00,ACKNOWLEDGED,LOW,POLICY-v1
ALT-003475,CMP-003475,2026-01-16T13:28:01+00:00,ACTIONED,MEDIUM,POLICY-v1
ALT-003476,CMP-003476,2026-04-08T08:31:05+00:00,ACKNOWLEDGED,LOW,POLICY-v1
ALT-003477,CMP-003477,2026-02-27T22:49:13+00:00,ACTIONED,MEDIUM,POLICY-v1
ALT-003478,CMP-003478,2026-05-29T21:38:40+00:00,ACKNOWLEDGED,HIGH,POLICY-v1
ALT-003479,CMP-003479,2026-02-24T11:26:48+00:00,PENDING,HIGH,POLICY-v1
ALT-003480,CMP-003480,2026-05-24T04:48:29+00:00,ACTIONED,HIGH,POLICY-v1
ALT-003481,CMP-003481,2026-05-27T00:03:59+00:00,PENDING,LOW,POLICY-v1
ALT-003482,CMP-003482,2026-04-24T09:11:40+00:00,ACKNOWLEDGED,HIGH,POLICY-v1
ALT-003483,CMP-003483,2026-01-30T14:22:29+00:00,ACTIONED,LOW,POLICY-v1
ALT-003484,CMP-003484,2026-06-19T01:41:50+00:00,ACTIONED,HIGH,POLICY-v1
ALT-003485,CMP-003485,2026-03-08T23:28:56+00:00,EXPIRED,LOW,POLICY-v1
ALT-003486,CMP-003486,2026-03-26T03:31:11+00:00,ACTIONED,LOW,POLICY-v1
ALT-003487,CMP-003487,2026-03-26T00:46:44+00:00,ACKNOWLEDGED,HIGH,POLICY-v1
ALT-003488,CMP-003488,2026-03-22T19:52:45+00:00,ACKNOWLEDGED,MEDIUM,POLICY-v1
ALT-003489,CMP-003489,2026-05-11T12:31:01+00:00,ACKNOWLEDGED,MEDIUM,POLICY-v1
ALT-003490,CMP-003490,2026-05-02T18:59:12+00:00,ACTIONED,HIGH,POLICY-v1
ALT-003491,CMP-003491,2026-05-04T06:46:00+00:00,PENDING,HIGH,POLICY-v1
ALT-003492,CMP-003492,2026-01-08T23:35:08+00:00,ACTIONED,HIGH,POLICY-v1
ALT-003493,CMP-003493,2026-06-20T19:39:21+00:00,ACTIONED,LOW,POLICY-v1
ALT-003494,CMP-003494,2026-06-13T07:08:09+00:00,ACKNOWLEDGED,HIGH,POLICY-v1
ALT-003495,CMP-003495,2026-03-17T20:18:07+00:00,ACTIONED,MEDIUM,POLICY-v1
ALT-003496,CMP-003496,2026-04-13T17:47:02+00:00,ACTIONED,HIGH,POLICY-v1
ALT-003497,CMP-003497,2026-01-09T01:06:41+00:00,PENDING,HIGH,POLICY-v1
ALT-003498,CMP-003498,2026-02-09T21:11:51+00:00,ACTIONED,HIGH,POLICY-v1
ALT-003499,CMP-003499,2026-05-28T18:18:03+00:00,ACTIONED,HIGH,POLICY-v1
ALT-003500,CMP-003500,2026-06-20T18:58:44+00:00,ACTIONED,MEDIUM,POLICY-v1
ALT-003501,CMP-003501,2026-03-22T17:18:47+00:00,ACKNOWLEDGED,HIGH,POLICY-v1
ALT-003502,CMP-003502,2026-04-16T02:23:26+00:00,ACKNOWLEDGED,HIGH,POLICY-v1
ALT-003503,CMP-003503,2026-03-29T05:39:52+00:00,ACKNOWLEDGED,LOW,POLICY-v1
ALT-003504,CMP-003504,2026-04-01T14:08:37+00:00,ACTIONED,MEDIUM,POLICY-v1
ALT-003505,CMP-003505,2026-01-20T14:01:54+00:00,ACKNOWLEDGED,LOW,POLICY-v1
ALT-003506,CMP-003506,2026-02-04T04:49:33+00:00,ACKNOWLEDGED,HIGH,POLICY-v1
ALT-003507,CMP-003507,2026-01-17T11:08:53+00:00,EXPIRED,LOW,POLICY-v1
ALT-003508,CMP-003508,2026-03-15T18:21:00+00:00,EXPIRED,HIGH,POLICY-v1
ALT-003509,CMP-003509,2026-04-10T09:15:03+00:00,EXPIRED,MEDIUM,POLICY-v1
ALT-003510,CMP-003510,2026-06-10T13:46:37+00:00,ACTIONED,HIGH,POLICY-v1
ALT-003511,CMP-003511,2026-05-13T06:30:45+00:00,PENDING,LOW,POLICY-v1
ALT-003512,CMP-003512,2026-06-12T13:18:18+00:00,EXPIRED,HIGH,POLICY-v1
ALT-003513,CMP-003513,2026-06-07T13:31:22+00:00,ACTIONED,MEDIUM,POLICY-v1
ALT-003514,CMP-003514,2026-02-25T14:06:39+00:00,ACKNOWLEDGED,MEDIUM,POLICY-v1
ALT-003515,CMP-003515,2026-05-13T08:49:10+00:00,PENDING,HIGH,POLICY-v1
ALT-003516,CMP-003516,2026-06-24T01:21:29+00:00,ACTIONED,HIGH,POLICY-v1
ALT-003517,CMP-003517,2026-03-20T19:20:24+00:00,ACKNOWLEDGED,HIGH,POLICY-v1
ALT-003518,CMP-003518,2026-05-07T12:52:38+00:00,ACTIONED,LOW,POLICY-v1
ALT-003519,CMP-003519,2026-04-24T12:39:30+00:00,ACKNOWLEDGED,HIGH,POLICY-v1
ALT-003520,CMP-003520,2026-01-04T13:17:27+00:00,EXPIRED,MEDIUM,POLICY-v1
ALT-003521,CMP-003521,2026-02-04T11:24:08+00:00,ACTIONED,HIGH,POLICY-v1
ALT-003522,CMP-003522,2026-01-05T00:00:00+00:00,ACKNOWLEDGED,HIGH,POLICY-v1
ALT-003523,CMP-003523,2026-02-06T18:14:32+00:00,PENDING,MEDIUM,POLICY-v1
ALT-003524,CMP-003524,2026-03-19T23:44:13+00:00,ACKNOWLEDGED,MEDIUM,POLICY-v1
ALT-003525,CMP-003525,2026-06-14T09:53:19+00:00,PENDING,HIGH,POLICY-v1
ALT-003526,CMP-003526,2026-03-09T19:14:31+00:00,EXPIRED,HIGH,POLICY-v1
ALT-003527,CMP-003527,2026-02-22T09:24:00+00:00,EXPIRED,LOW,POLICY-v1
ALT-003528,CMP-003528,2026-03-05T05:24:45+00:00,ACTIONED,HIGH,POLICY-v1
ALT-003529,CMP-003529,2026-05-31T10:19:15+00:00,EXPIRED,LOW,POLICY-v1
ALT-003530,CMP-003530,2026-04-17T03:30:15+00:00,PENDING,LOW,POLICY-v1
ALT-003531,CMP-003531,2026-03-12T20:40:15+00:00,ACTIONED,MEDIUM,POLICY-v1
ALT-003532,CMP-003532,2026-02-20T14:21:57+00:00,ACTIONED,MEDIUM,POLICY-v1
ALT-003533,CMP-003533,2026-05-16T05:58:09+00:00,EXPIRED,LOW,POLICY-v1
ALT-003534,CMP-003534,2026-01-01T10:09:40+00:00,ACKNOWLEDGED,LOW,POLICY-v1
ALT-003535,CMP-003535,2026-05-09T08:38:40+00:00,ACTIONED,LOW,POLICY-v1
ALT-003536,CMP-003536,2026-06-25T05:40:42+00:00,ACTIONED,MEDIUM,POLICY-v1
ALT-003537,CMP-003537,2026-05-31T00:37:13+00:00,ACKNOWLEDGED,HIGH,POLICY-v1
ALT-003538,CMP-003538,2026-01-30T06:50:20+00:00,ACTIONED,MEDIUM,POLICY-v1
ALT-003539,CMP-003539,2026-05-17T06:13:23+00:00,ACKNOWLEDGED,MEDIUM,POLICY-v1
ALT-003540,CMP-003540,2026-01-19T22:23:40+00:00,ACTIONED,HIGH,POLICY-v1
ALT-003541,CMP-003541,2026-06-28T13:28:24+00:00,ACTIONED,LOW,POLICY-v1
ALT-003542,CMP-003542,2026-02-23T08:52:50+00:00,ACTIONED,LOW,POLICY-v1
ALT-003543,CMP-003543,2026-01-25T19:48:11+00:00,PENDING,HIGH,POLICY-v1
ALT-003544,CMP-003544,2026-03-27T22:05:29+00:00,ACKNOWLEDGED,MEDIUM,POLICY-v1
ALT-003545,CMP-003545,2026-06-01T22:07:08+00:00,PENDING,HIGH,POLICY-v1
ALT-003546,CMP-003546,2026-05-30T07:08:35+00:00,ACTIONED,HIGH,POLICY-v1
ALT-003547,CMP-003547,2026-06-24T14:11:03+00:00,ACKNOWLEDGED,HIGH,POLICY-v1
ALT-003548,CMP-003548,2026-04-26T07:01:05+00:00,ACKNOWLEDGED,MEDIUM,POLICY-v1
ALT-003549,CMP-003549,2026-02-23T16:07:04+00:00,ACTIONED,MEDIUM,POLICY-v1
ALT-003550,CMP-003550,2026-06-13T11:10:43+00:00,ACTIONED,MEDIUM,POLICY-v1
ALT-003551,CMP-003551,2026-04-20T00:01:48+00:00,ACKNOWLEDGED,LOW,POLICY-v1
ALT-003552,CMP-003552,2026-02-23T15:16:29+00:00,EXPIRED,MEDIUM,POLICY-v1
ALT-003553,CMP-003553,2026-05-28T14:24:46+00:00,ACTIONED,LOW,POLICY-v1
ALT-003554,CMP-003554,2026-04-03T23:47:19+00:00,EXPIRED,LOW,POLICY-v1
ALT-003555,CMP-003555,2026-02-06T04:04:46+00:00,PENDING,MEDIUM,POLICY-v1
ALT-003556,CMP-003556,2026-02-14T22:56:17+00:00,ACKNOWLEDGED,HIGH,POLICY-v1
ALT-003557,CMP-003557,2026-03-02T14:27:41+00:00,PENDING,MEDIUM,POLICY-v1
ALT-003558,CMP-003558,2026-03-16T06:52:48+00:00,PENDING,HIGH,POLICY-v1
ALT-003559,CMP-003559,2026-02-07T22:48:04+00:00,ACTIONED,MEDIUM,POLICY-v1
ALT-003560,CMP-003560,2026-01-16T04:28:26+00:00,ACTIONED,MEDIUM,POLICY-v1
ALT-003561,CMP-003561,2026-04-01T23:18:30+00:00,PENDING,HIGH,POLICY-v1
ALT-003562,CMP-003562,2026-01-25T10:37:29+00:00,ACTIONED,LOW,POLICY-v1
ALT-003563,CMP-003563,2026-01-20T13:27:32+00:00,ACTIONED,HIGH,POLICY-v1
ALT-003564,CMP-003564,2026-01-09T01:16:33+00:00,PENDING,LOW,POLICY-v1
ALT-003565,CMP-003565,2026-02-15T04:35:08+00:00,ACKNOWLEDGED,HIGH,POLICY-v1
ALT-003566,CMP-003566,2026-04-22T15:39:23+00:00,EXPIRED,LOW,POLICY-v1
ALT-003567,CMP-003567,2026-02-10T05:21:08+00:00,PENDING,MEDIUM,POLICY-v1
ALT-003568,CMP-003568,2026-02-22T03:10:05+00:00,PENDING,LOW,POLICY-v1
ALT-003569,CMP-003569,2026-01-03T06:47:33+00:00,ACTIONED,LOW,POLICY-v1
ALT-003570,CMP-003570,2026-05-18T02:43:27+00:00,ACTIONED,HIGH,POLICY-v1
ALT-003571,CMP-003571,2026-01-31T17:27:51+00:00,ACTIONED,HIGH,POLICY-v1
ALT-003572,CMP-003572,2026-01-21T03:23:05+00:00,ACKNOWLEDGED,HIGH,POLICY-v1
ALT-003573,CMP-003573,2026-04-01T20:17:40+00:00,ACTIONED,HIGH,POLICY-v1
ALT-003574,CMP-003574,2026-06-28T01:36:27+00:00,ACTIONED,HIGH,POLICY-v1
ALT-003575,CMP-003575,2026-04-22T17:19:51+00:00,EXPIRED,LOW,POLICY-v1
ALT-003576,CMP-003576,2026-03-15T10:34:47+00:00,ACTIONED,LOW,POLICY-v1
ALT-003577,CMP-003577,2026-02-06T00:50:10+00:00,ACTIONED,HIGH,POLICY-v1
ALT-003578,CMP-003578,2026-04-21T04:55:55+00:00,ACTIONED,MEDIUM,POLICY-v1
ALT-003579,CMP-003579,2026-06-26T22:18:11+00:00,ACTIONED,LOW,POLICY-v1
ALT-003580,CMP-003580,2026-03-09T05:30:47+00:00,EXPIRED,MEDIUM,POLICY-v1
ALT-003581,CMP-003581,2026-02-28T19:25:36+00:00,ACTIONED,HIGH,POLICY-v1
ALT-003582,CMP-003582,2026-03-06T13:52:14+00:00,EXPIRED,HIGH,POLICY-v1
ALT-003583,CMP-003583,2026-01-10T20:42:00+00:00,PENDING,HIGH,POLICY-v1
ALT-003584,CMP-003584,2026-04-18T10:38:18+00:00,PENDING,HIGH,POLICY-v1
ALT-003585,CMP-003585,2026-03-28T22:10:30+00:00,PENDING,MEDIUM,POLICY-v1
ALT-003586,CMP-003586,2026-05-30T15:46:54+00:00,ACTIONED,LOW,POLICY-v1
ALT-003587,CMP-003587,2026-05-23T03:56:49+00:00,ACKNOWLEDGED,HIGH,POLICY-v1
ALT-003588,CMP-003588,2026-02-17T01:43:07+00:00,ACTIONED,LOW,POLICY-v1
ALT-003589,CMP-003589,2026-02-18T08:51:51+00:00,ACTIONED,HIGH,POLICY-v1
ALT-003590,CMP-003590,2026-01-14T00:02:40+00:00,ACKNOWLEDGED,HIGH,POLICY-v1
ALT-003591,CMP-003591,2026-02-20T12:35:47+00:00,ACTIONED,LOW,POLICY-v1
ALT-003592,CMP-003592,2026-03-29T07:13:15+00:00,ACTIONED,LOW,POLICY-v1
ALT-003593,CMP-003593,2026-04-09T17:01:52+00:00,ACTIONED,HIGH,POLICY-v1
ALT-003594,CMP-003594,2026-03-28T02:41:33+00:00,ACTIONED,LOW,POLICY-v1
ALT-003595,CMP-003595,2026-05-03T00:00:36+00:00,ACKNOWLEDGED,LOW,POLICY-v1
ALT-003596,CMP-003596,2026-05-16T19:13:44+00:00,EXPIRED,LOW,POLICY-v1
ALT-003597,CMP-003597,2026-02-10T18:46:58+00:00,ACTIONED,MEDIUM,POLICY-v1
ALT-003598,CMP-003598,2026-05-31T15:17:25+00:00,PENDING,HIGH,POLICY-v1
ALT-003599,CMP-003599,2026-06-11T20:03:58+00:00,ACTIONED,MEDIUM,POLICY-v1
ALT-003600,CMP-003600,2026-02-27T00:32:54+00:00,ACTIONED,LOW,POLICY-v1
ALT-003601,CMP-003601,2026-01-09T21:01:08+00:00,EXPIRED,MEDIUM,POLICY-v1
ALT-003602,CMP-003602,2026-06-21T21:08:27+00:00,EXPIRED,HIGH,POLICY-v1
ALT-003603,CMP-003603,2026-03-10T08:09:00+00:00,ACTIONED,HIGH,POLICY-v1
ALT-003604,CMP-003604,2026-06-02T17:41:14+00:00,ACTIONED,LOW,POLICY-v1
ALT-003605,CMP-003605,2026-01-29T19:28:01+00:00,ACTIONED,LOW,POLICY-v1
ALT-003606,CMP-003606,2026-02-07T17:32:44+00:00,ACTIONED,LOW,POLICY-v1
ALT-003607,CMP-003607,2026-03-27T15:47:01+00:00,ACTIONED,LOW,POLICY-v1
ALT-003608,CMP-003608,2026-03-07T22:04:39+00:00,ACTIONED,LOW,POLICY-v1
ALT-003609,CMP-003609,2026-05-29T09:27:35+00:00,PENDING,LOW,POLICY-v1
ALT-003610,CMP-003610,2026-06-04T09:40:44+00:00,EXPIRED,MEDIUM,POLICY-v1
ALT-003611,CMP-003611,2026-05-21T12:04:29+00:00,ACTIONED,MEDIUM,POLICY-v1
ALT-003612,CMP-003612,2026-04-23T05:33:33+00:00,ACTIONED,HIGH,POLICY-v1
ALT-003613,CMP-003613,2026-04-13T00:20:14+00:00,ACTIONED,LOW,POLICY-v1
ALT-003614,CMP-003614,2026-01-05T15:04:58+00:00,ACTIONED,LOW,POLICY-v1
ALT-003615,CMP-003615,2026-05-18T04:23:04+00:00,EXPIRED,LOW,POLICY-v1
ALT-003616,CMP-003616,2026-01-09T21:31:00+00:00,ACTIONED,LOW,POLICY-v1
ALT-003617,CMP-003617,2026-01-31T09:03:03+00:00,ACTIONED,HIGH,POLICY-v1
ALT-003618,CMP-003618,2026-02-27T13:49:18+00:00,ACTIONED,HIGH,POLICY-v1
ALT-003619,CMP-003619,2026-05-08T12:15:37+00:00,ACTIONED,MEDIUM,POLICY-v1
ALT-003620,CMP-003620,2026-01-22T23:28:51+00:00,ACTIONED,HIGH,POLICY-v1
ALT-003621,CMP-003621,2026-03-24T19:29:51+00:00,ACTIONED,LOW,POLICY-v1
ALT-003622,CMP-003622,2026-06-12T01:25:43+00:00,ACTIONED,LOW,POLICY-v1
ALT-003623,CMP-003623,2026-05-04T18:23:27+00:00,ACTIONED,LOW,POLICY-v1
ALT-003624,CMP-003624,2026-01-04T12:19:29+00:00,ACKNOWLEDGED,HIGH,POLICY-v1
ALT-003625,CMP-003625,2026-04-23T07:35:01+00:00,ACTIONED,LOW,POLICY-v1
ALT-003626,CMP-003626,2026-02-07T18:14:48+00:00,ACKNOWLEDGED,HIGH,POLICY-v1
ALT-003627,CMP-003627,2026-01-07T00:55:24+00:00,EXPIRED,MEDIUM,POLICY-v1
ALT-003628,CMP-003628,2026-03-12T14:46:21+00:00,ACTIONED,HIGH,POLICY-v1
ALT-003629,CMP-003629,2026-02-10T19:46:39+00:00,ACTIONED,HIGH,POLICY-v1
ALT-003630,CMP-003630,2026-01-25T11:24:41+00:00,ACTIONED,LOW,POLICY-v1
ALT-003631,CMP-003631,2026-04-08T13:09:36+00:00,ACKNOWLEDGED,MEDIUM,POLICY-v1
ALT-003632,CMP-003632,2026-05-03T04:29:18+00:00,ACTIONED,MEDIUM,POLICY-v1
ALT-003633,CMP-003633,2026-06-17T23:31:01+00:00,ACTIONED,LOW,POLICY-v1
ALT-003634,CMP-003634,2026-05-30T06:01:18+00:00,PENDING,MEDIUM,POLICY-v1
ALT-003635,CMP-003635,2026-05-06T07:25:39+00:00,EXPIRED,MEDIUM,POLICY-v1
ALT-003636,CMP-003636,2026-05-01T17:23:44+00:00,PENDING,HIGH,POLICY-v1
ALT-003637,CMP-003637,2026-05-21T18:01:56+00:00,ACKNOWLEDGED,HIGH,POLICY-v1
ALT-003638,CMP-003638,2026-05-12T23:11:38+00:00,ACKNOWLEDGED,HIGH,POLICY-v1
ALT-003639,CMP-003639,2026-05-12T04:08:03+00:00,PENDING,HIGH,POLICY-v1
ALT-003640,CMP-003640,2026-06-12T05:57:14+00:00,ACTIONED,MEDIUM,POLICY-v1
ALT-003641,CMP-003641,2026-06-27T08:11:52+00:00,ACTIONED,HIGH,POLICY-v1
ALT-003642,CMP-003642,2026-02-05T03:51:29+00:00,ACTIONED,MEDIUM,POLICY-v1
ALT-003643,CMP-003643,2026-01-17T13:11:31+00:00,ACTIONED,MEDIUM,POLICY-v1
ALT-003644,CMP-003644,2026-02-09T02:14:59+00:00,PENDING,HIGH,POLICY-v1
ALT-003645,CMP-003645,2026-02-13T00:58:23+00:00,PENDING,HIGH,POLICY-v1
ALT-003646,CMP-003646,2026-05-04T08:13:00+00:00,ACTIONED,HIGH,POLICY-v1
ALT-003647,CMP-003647,2026-04-25T10:24:19+00:00,PENDING,LOW,POLICY-v1
ALT-003648,CMP-003648,2026-01-06T10:55:59+00:00,ACTIONED,MEDIUM,POLICY-v1
ALT-003649,CMP-003649,2026-04-27T19:59:11+00:00,PENDING,LOW,POLICY-v1
ALT-003650,CMP-003650,2026-06-03T07:37:37+00:00,ACKNOWLEDGED,HIGH,POLICY-v1
ALT-003651,CMP-003651,2026-05-21T17:34:15+00:00,EXPIRED,LOW,POLICY-v1
ALT-003652,CMP-003652,2026-02-22T02:22:06+00:00,ACKNOWLEDGED,HIGH,POLICY-v1
ALT-003653,CMP-003653,2026-04-16T19:51:55+00:00,ACTIONED,MEDIUM,POLICY-v1
ALT-003654,CMP-003654,2026-01-26T11:23:35+00:00,ACTIONED,MEDIUM,POLICY-v1
ALT-003655,CMP-003655,2026-04-04T07:51:08+00:00,EXPIRED,MEDIUM,POLICY-v1
ALT-003656,CMP-003656,2026-01-30T11:39:51+00:00,ACKNOWLEDGED,LOW,POLICY-v1
ALT-003657,CMP-003657,2026-02-10T05:44:49+00:00,ACTIONED,HIGH,POLICY-v1
ALT-003658,CMP-003658,2026-04-07T23:14:32+00:00,ACTIONED,HIGH,POLICY-v1
ALT-003659,CMP-003659,2026-06-24T17:01:23+00:00,ACKNOWLEDGED,HIGH,POLICY-v1
ALT-003660,CMP-003660,2026-05-03T20:11:42+00:00,PENDING,LOW,POLICY-v1
ALT-003661,CMP-003661,2026-05-29T15:04:42+00:00,ACTIONED,MEDIUM,POLICY-v1
ALT-003662,CMP-003662,2026-04-22T23:00:22+00:00,ACKNOWLEDGED,HIGH,POLICY-v1
ALT-003663,CMP-003663,2026-03-16T05:51:31+00:00,EXPIRED,MEDIUM,POLICY-v1
ALT-003664,CMP-003664,2026-02-26T01:06:59+00:00,ACTIONED,MEDIUM,POLICY-v1
ALT-003665,CMP-003665,2026-04-18T07:23:24+00:00,ACTIONED,MEDIUM,POLICY-v1
ALT-003666,CMP-003666,2026-02-19T19:57:50+00:00,EXPIRED,MEDIUM,POLICY-v1
ALT-003667,CMP-003667,2026-05-23T16:28:46+00:00,ACTIONED,HIGH,POLICY-v1
ALT-003668,CMP-003668,2026-03-30T09:36:56+00:00,ACTIONED,MEDIUM,POLICY-v1
ALT-003669,CMP-003669,2026-05-12T21:59:21+00:00,ACKNOWLEDGED,HIGH,POLICY-v1
ALT-003670,CMP-003670,2026-05-10T17:01:48+00:00,ACTIONED,MEDIUM,POLICY-v1
ALT-003671,CMP-003671,2026-02-23T23:48:00+00:00,PENDING,HIGH,POLICY-v1
ALT-003672,CMP-003672,2026-02-08T12:53:32+00:00,ACTIONED,HIGH,POLICY-v1
ALT-003673,CMP-003673,2026-04-26T18:39:04+00:00,PENDING,LOW,POLICY-v1
ALT-003674,CMP-003674,2026-06-03T11:43:10+00:00,EXPIRED,HIGH,POLICY-v1
ALT-003675,CMP-003675,2026-02-11T13:30:35+00:00,ACTIONED,LOW,POLICY-v1
ALT-003676,CMP-003676,2026-01-12T17:36:20+00:00,ACTIONED,HIGH,POLICY-v1
ALT-003677,CMP-003677,2026-06-23T01:30:50+00:00,ACTIONED,MEDIUM,POLICY-v1
ALT-003678,CMP-003678,2026-05-23T05:51:20+00:00,ACTIONED,MEDIUM,POLICY-v1
ALT-003679,CMP-003679,2026-06-02T14:06:09+00:00,ACKNOWLEDGED,MEDIUM,POLICY-v1
ALT-003680,CMP-003680,2026-02-01T22:46:04+00:00,ACTIONED,LOW,POLICY-v1
ALT-003681,CMP-003681,2026-04-03T17:32:24+00:00,ACTIONED,MEDIUM,POLICY-v1
ALT-003682,CMP-003682,2026-06-26T07:55:29+00:00,ACTIONED,LOW,POLICY-v1
ALT-003683,CMP-003683,2026-03-31T05:23:36+00:00,ACTIONED,MEDIUM,POLICY-v1
ALT-003684,CMP-003684,2026-01-18T11:11:47+00:00,ACTIONED,MEDIUM,POLICY-v1
ALT-003685,CMP-003685,2026-02-06T12:53:46+00:00,ACTIONED,HIGH,POLICY-v1
ALT-003686,CMP-003686,2026-02-08T14:04:27+00:00,ACKNOWLEDGED,MEDIUM,POLICY-v1
ALT-003687,CMP-003687,2026-04-22T11:43:50+00:00,PENDING,MEDIUM,POLICY-v1
ALT-003688,CMP-003688,2026-05-30T13:43:34+00:00,ACKNOWLEDGED,HIGH,POLICY-v1
ALT-003689,CMP-003689,2026-01-13T02:55:42+00:00,EXPIRED,HIGH,POLICY-v1
ALT-003690,CMP-003690,2026-05-01T10:59:41+00:00,ACTIONED,MEDIUM,POLICY-v1
ALT-003691,CMP-003691,2026-01-19T17:38:35+00:00,EXPIRED,MEDIUM,POLICY-v1
ALT-003692,CMP-003692,2026-01-12T19:18:09+00:00,ACTIONED,HIGH,POLICY-v1
ALT-003693,CMP-003693,2026-05-21T08:50:59+00:00,ACTIONED,MEDIUM,POLICY-v1
ALT-003694,CMP-003694,2026-01-26T22:00:12+00:00,EXPIRED,HIGH,POLICY-v1
ALT-003695,CMP-003695,2026-01-28T19:45:53+00:00,ACTIONED,HIGH,POLICY-v1
ALT-003696,CMP-003696,2026-03-06T23:16:37+00:00,EXPIRED,MEDIUM,POLICY-v1
ALT-003697,CMP-003697,2026-05-03T15:12:08+00:00,ACTIONED,LOW,POLICY-v1
ALT-003698,CMP-003698,2026-05-23T18:58:57+00:00,ACTIONED,LOW,POLICY-v1
ALT-003699,CMP-003699,2026-06-26T19:30:58+00:00,EXPIRED,MEDIUM,POLICY-v1
ALT-003700,CMP-003700,2026-02-21T08:10:32+00:00,ACTIONED,HIGH,POLICY-v1
ALT-003701,CMP-003701,2026-04-06T07:40:27+00:00,ACTIONED,LOW,POLICY-v1
ALT-003702,CMP-003702,2026-04-11T00:33:17+00:00,ACKNOWLEDGED,MEDIUM,POLICY-v1
ALT-003703,CMP-003703,2026-05-13T18:15:46+00:00,ACTIONED,LOW,POLICY-v1
ALT-003704,CMP-003704,2026-05-13T10:07:14+00:00,PENDING,HIGH,POLICY-v1
ALT-003705,CMP-003705,2026-01-28T00:06:06+00:00,EXPIRED,LOW,POLICY-v1
ALT-003706,CMP-003706,2026-04-04T02:31:54+00:00,ACTIONED,HIGH,POLICY-v1
ALT-003707,CMP-003707,2026-06-04T17:15:14+00:00,ACTIONED,HIGH,POLICY-v1
ALT-003708,CMP-003708,2026-06-05T20:19:08+00:00,ACTIONED,LOW,POLICY-v1
ALT-003709,CMP-003709,2026-04-04T13:25:35+00:00,PENDING,LOW,POLICY-v1
ALT-003710,CMP-003710,2026-01-31T18:45:32+00:00,ACTIONED,MEDIUM,POLICY-v1
ALT-003711,CMP-003711,2026-01-04T19:18:08+00:00,PENDING,HIGH,POLICY-v1
ALT-003712,CMP-003712,2026-02-03T22:10:39+00:00,ACTIONED,MEDIUM,POLICY-v1
ALT-003713,CMP-003713,2026-06-27T00:20:48+00:00,ACTIONED,HIGH,POLICY-v1
ALT-003714,CMP-003714,2026-01-20T14:40:31+00:00,EXPIRED,MEDIUM,POLICY-v1
ALT-003715,CMP-003715,2026-05-31T07:14:47+00:00,ACTIONED,MEDIUM,POLICY-v1
ALT-003716,CMP-003716,2026-01-20T20:56:19+00:00,ACTIONED,MEDIUM,POLICY-v1
ALT-003717,CMP-003717,2026-04-20T14:21:07+00:00,ACTIONED,HIGH,POLICY-v1
ALT-003718,CMP-003718,2026-05-04T07:56:48+00:00,PENDING,HIGH,POLICY-v1
ALT-003719,CMP-003719,2026-02-06T14:03:04+00:00,ACTIONED,HIGH,POLICY-v1
ALT-003720,CMP-003720,2026-01-22T05:10:39+00:00,PENDING,MEDIUM,POLICY-v1
ALT-003721,CMP-003721,2026-03-05T20:46:56+00:00,ACTIONED,MEDIUM,POLICY-v1
ALT-003722,CMP-003722,2026-06-20T11:20:01+00:00,ACTIONED,LOW,POLICY-v1
ALT-003723,CMP-003723,2026-06-07T13:30:51+00:00,ACTIONED,LOW,POLICY-v1
ALT-003724,CMP-003724,2026-06-23T05:55:38+00:00,ACTIONED,LOW,POLICY-v1
ALT-003725,CMP-003725,2026-03-28T08:18:44+00:00,ACTIONED,LOW,POLICY-v1
ALT-003726,CMP-003726,2026-02-11T19:25:55+00:00,ACTIONED,LOW,POLICY-v1
ALT-003727,CMP-003727,2026-03-18T15:52:03+00:00,EXPIRED,LOW,POLICY-v1
ALT-003728,CMP-003728,2026-05-02T11:29:47+00:00,ACTIONED,HIGH,POLICY-v1
ALT-003729,CMP-003729,2026-02-25T17:17:02+00:00,PENDING,HIGH,POLICY-v1
ALT-003730,CMP-003730,2026-01-16T03:52:14+00:00,ACTIONED,LOW,POLICY-v1
ALT-003731,CMP-003731,2026-04-20T13:05:16+00:00,ACTIONED,LOW,POLICY-v1
ALT-003732,CMP-003732,2026-02-21T16:45:39+00:00,ACTIONED,HIGH,POLICY-v1
ALT-003733,CMP-003733,2026-01-22T06:49:32+00:00,ACTIONED,LOW,POLICY-v1
ALT-003734,CMP-003734,2026-05-26T20:26:00+00:00,PENDING,LOW,POLICY-v1
ALT-003735,CMP-003735,2026-04-03T14:15:41+00:00,ACTIONED,MEDIUM,POLICY-v1
ALT-003736,CMP-003736,2026-05-16T10:46:48+00:00,ACKNOWLEDGED,LOW,POLICY-v1
ALT-003737,CMP-003737,2026-02-13T12:47:27+00:00,ACTIONED,LOW,POLICY-v1
ALT-003738,CMP-003738,2026-05-03T14:28:33+00:00,ACTIONED,MEDIUM,POLICY-v1
ALT-003739,CMP-003739,2026-06-20T16:03:01+00:00,ACTIONED,MEDIUM,POLICY-v1
ALT-003740,CMP-003740,2026-04-04T06:01:04+00:00,ACKNOWLEDGED,HIGH,POLICY-v1
ALT-003741,CMP-003741,2026-01-04T09:48:27+00:00,PENDING,MEDIUM,POLICY-v1
ALT-003742,CMP-003742,2026-06-17T18:16:18+00:00,ACTIONED,HIGH,POLICY-v1
ALT-003743,CMP-003743,2026-04-17T09:13:30+00:00,ACTIONED,MEDIUM,POLICY-v1
ALT-003744,CMP-003744,2026-03-27T02:33:06+00:00,ACTIONED,LOW,POLICY-v1
ALT-003745,CMP-003745,2026-02-14T14:22:52+00:00,ACTIONED,HIGH,POLICY-v1
ALT-003746,CMP-003746,2026-03-10T17:14:32+00:00,ACTIONED,HIGH,POLICY-v1
ALT-003747,CMP-003747,2026-02-10T23:11:20+00:00,PENDING,LOW,POLICY-v1
ALT-003748,CMP-003748,2026-06-07T18:45:02+00:00,ACKNOWLEDGED,MEDIUM,POLICY-v1
ALT-003749,CMP-003749,2026-01-08T06:15:33+00:00,ACTIONED,HIGH,POLICY-v1
ALT-003750,CMP-003750,2026-01-28T21:17:02+00:00,PENDING,MEDIUM,POLICY-v1
ALT-003751,CMP-003751,2026-03-26T10:13:18+00:00,ACTIONED,HIGH,POLICY-v1
ALT-003752,CMP-003752,2026-03-29T11:14:56+00:00,EXPIRED,MEDIUM,POLICY-v1
ALT-003753,CMP-003753,2026-03-23T03:35:37+00:00,ACTIONED,LOW,POLICY-v1
ALT-003754,CMP-003754,2026-06-04T20:18:27+00:00,ACTIONED,LOW,POLICY-v1
ALT-003755,CMP-003755,2026-01-03T08:37:10+00:00,PENDING,MEDIUM,POLICY-v1
ALT-003756,CMP-003756,2026-06-17T19:44:09+00:00,PENDING,MEDIUM,POLICY-v1
ALT-003757,CMP-003757,2026-06-16T10:58:07+00:00,ACTIONED,MEDIUM,POLICY-v1
ALT-003758,CMP-003758,2026-06-12T09:31:49+00:00,PENDING,MEDIUM,POLICY-v1
ALT-003759,CMP-003759,2026-03-13T01:59:40+00:00,PENDING,LOW,POLICY-v1
ALT-003760,CMP-003760,2026-06-06T16:32:31+00:00,PENDING,LOW,POLICY-v1
ALT-003761,CMP-003761,2026-01-21T10:14:50+00:00,ACTIONED,LOW,POLICY-v1
ALT-003762,CMP-003762,2026-01-19T06:37:06+00:00,EXPIRED,LOW,POLICY-v1
ALT-003763,CMP-003763,2026-02-01T21:25:37+00:00,ACTIONED,MEDIUM,POLICY-v1
ALT-003764,CMP-003764,2026-01-16T05:05:16+00:00,ACKNOWLEDGED,MEDIUM,POLICY-v1
ALT-003765,CMP-003765,2026-01-25T11:07:57+00:00,ACKNOWLEDGED,LOW,POLICY-v1
ALT-003766,CMP-003766,2026-06-13T11:10:17+00:00,PENDING,MEDIUM,POLICY-v1
ALT-003767,CMP-003767,2026-05-31T22:58:30+00:00,ACKNOWLEDGED,HIGH,POLICY-v1
ALT-003768,CMP-003768,2026-06-14T19:31:28+00:00,PENDING,HIGH,POLICY-v1
ALT-003769,CMP-003769,2026-05-07T23:18:37+00:00,ACTIONED,MEDIUM,POLICY-v1
ALT-003770,CMP-003770,2026-04-15T14:21:06+00:00,ACKNOWLEDGED,LOW,POLICY-v1
ALT-003771,CMP-003771,2026-02-18T16:09:45+00:00,PENDING,MEDIUM,POLICY-v1
ALT-003772,CMP-003772,2026-03-08T12:28:03+00:00,ACTIONED,HIGH,POLICY-v1
ALT-003773,CMP-003773,2026-06-08T10:32:18+00:00,ACTIONED,MEDIUM,POLICY-v1
ALT-003774,CMP-003774,2026-03-24T07:35:30+00:00,ACTIONED,MEDIUM,POLICY-v1
ALT-003775,CMP-003775,2026-04-22T21:23:32+00:00,ACTIONED,HIGH,POLICY-v1
ALT-003776,CMP-003776,2026-05-15T10:01:35+00:00,PENDING,HIGH,POLICY-v1
ALT-003777,CMP-003777,2026-03-15T23:54:58+00:00,ACTIONED,LOW,POLICY-v1
ALT-003778,CMP-003778,2026-02-23T04:31:40+00:00,EXPIRED,LOW,POLICY-v1
ALT-003779,CMP-003779,2026-06-07T18:28:34+00:00,ACTIONED,LOW,POLICY-v1
ALT-003780,CMP-003780,2026-02-01T04:55:50+00:00,ACTIONED,HIGH,POLICY-v1
ALT-003781,CMP-003781,2026-01-03T08:19:04+00:00,ACTIONED,MEDIUM,POLICY-v1
ALT-003782,CMP-003782,2026-03-18T09:10:27+00:00,ACTIONED,HIGH,POLICY-v1
ALT-003783,CMP-003783,2026-04-21T12:04:29+00:00,PENDING,HIGH,POLICY-v1
ALT-003784,CMP-003784,2026-02-14T14:52:00+00:00,ACTIONED,LOW,POLICY-v1
ALT-003785,CMP-003785,2026-02-23T23:23:44+00:00,ACTIONED,HIGH,POLICY-v1
ALT-003786,CMP-003786,2026-05-21T18:33:22+00:00,PENDING,HIGH,POLICY-v1
ALT-003787,CMP-003787,2026-06-07T19:50:12+00:00,ACTIONED,LOW,POLICY-v1
ALT-003788,CMP-003788,2026-05-27T07:35:09+00:00,ACTIONED,LOW,POLICY-v1
ALT-003789,CMP-003789,2026-04-13T23:19:38+00:00,ACKNOWLEDGED,MEDIUM,POLICY-v1
ALT-003790,CMP-003790,2026-01-27T04:30:57+00:00,ACTIONED,MEDIUM,POLICY-v1
ALT-003791,CMP-003791,2026-04-04T11:12:56+00:00,PENDING,MEDIUM,POLICY-v1
ALT-003792,CMP-003792,2026-05-27T16:47:47+00:00,ACTIONED,MEDIUM,POLICY-v1
ALT-003793,CMP-003793,2026-01-14T09:58:54+00:00,ACKNOWLEDGED,MEDIUM,POLICY-v1
ALT-003794,CMP-003794,2026-03-31T19:21:32+00:00,ACTIONED,HIGH,POLICY-v1
ALT-003795,CMP-003795,2026-02-16T07:46:15+00:00,ACTIONED,HIGH,POLICY-v1
ALT-003796,CMP-003796,2026-01-10T17:51:37+00:00,EXPIRED,HIGH,POLICY-v1
ALT-003797,CMP-003797,2026-05-15T17:16:27+00:00,ACTIONED,HIGH,POLICY-v1
ALT-003798,CMP-003798,2026-03-22T09:06:30+00:00,ACTIONED,MEDIUM,POLICY-v1
ALT-003799,CMP-003799,2026-01-09T21:51:07+00:00,ACTIONED,LOW,POLICY-v1
ALT-003800,CMP-003800,2026-04-27T01:39:12+00:00,PENDING,LOW,POLICY-v1
ALT-003801,CMP-003801,2026-05-31T12:27:55+00:00,PENDING,HIGH,POLICY-v1
ALT-003802,CMP-003802,2026-03-12T16:33:57+00:00,PENDING,LOW,POLICY-v1
ALT-003803,CMP-003803,2026-04-23T13:13:24+00:00,PENDING,LOW,POLICY-v1
ALT-003804,CMP-003804,2026-03-30T12:57:47+00:00,PENDING,LOW,POLICY-v1
ALT-003805,CMP-003805,2026-02-05T19:31:26+00:00,ACTIONED,HIGH,POLICY-v1
ALT-003806,CMP-003806,2026-01-13T01:22:25+00:00,ACKNOWLEDGED,HIGH,POLICY-v1
ALT-003807,CMP-003807,2026-03-10T05:49:21+00:00,ACKNOWLEDGED,LOW,POLICY-v1
ALT-003808,CMP-003808,2026-02-25T22:17:39+00:00,ACTIONED,LOW,POLICY-v1
ALT-003809,CMP-003809,2026-04-15T05:34:11+00:00,ACKNOWLEDGED,LOW,POLICY-v1
ALT-003810,CMP-003810,2026-04-27T13:26:37+00:00,EXPIRED,HIGH,POLICY-v1
ALT-003811,CMP-003811,2026-06-13T02:20:42+00:00,EXPIRED,MEDIUM,POLICY-v1
ALT-003812,CMP-003812,2026-05-06T02:54:14+00:00,EXPIRED,HIGH,POLICY-v1
ALT-003813,CMP-003813,2026-04-08T07:04:09+00:00,ACKNOWLEDGED,MEDIUM,POLICY-v1
ALT-003814,CMP-003814,2026-01-04T03:39:50+00:00,ACTIONED,MEDIUM,POLICY-v1
ALT-003815,CMP-003815,2026-05-25T23:24:20+00:00,ACTIONED,MEDIUM,POLICY-v1
ALT-003816,CMP-003816,2026-03-23T16:52:58+00:00,ACTIONED,HIGH,POLICY-v1
ALT-003817,CMP-003817,2026-03-14T03:31:07+00:00,ACKNOWLEDGED,LOW,POLICY-v1
ALT-003818,CMP-003818,2026-06-24T07:53:12+00:00,ACKNOWLEDGED,LOW,POLICY-v1
ALT-003819,CMP-003819,2026-01-25T05:05:00+00:00,EXPIRED,LOW,POLICY-v1
ALT-003820,CMP-003820,2026-06-10T00:27:44+00:00,ACKNOWLEDGED,LOW,POLICY-v1
ALT-003821,CMP-003821,2026-06-28T16:15:08+00:00,ACTIONED,HIGH,POLICY-v1
ALT-003822,CMP-003822,2026-03-29T21:41:15+00:00,ACTIONED,HIGH,POLICY-v1
ALT-003823,CMP-003823,2026-04-26T21:02:11+00:00,ACTIONED,MEDIUM,POLICY-v1
ALT-003824,CMP-003824,2026-02-14T10:19:19+00:00,PENDING,LOW,POLICY-v1
ALT-003825,CMP-003825,2026-04-18T02:14:19+00:00,ACTIONED,HIGH,POLICY-v1
ALT-003826,CMP-003826,2026-03-01T20:27:48+00:00,PENDING,LOW,POLICY-v1
ALT-003827,CMP-003827,2026-03-14T07:55:43+00:00,ACTIONED,HIGH,POLICY-v1
ALT-003828,CMP-003828,2026-02-14T15:22:08+00:00,ACTIONED,HIGH,POLICY-v1
ALT-003829,CMP-003829,2026-06-10T08:15:35+00:00,ACKNOWLEDGED,MEDIUM,POLICY-v1
ALT-003830,CMP-003830,2026-01-27T09:37:34+00:00,ACTIONED,LOW,POLICY-v1
ALT-003831,CMP-003831,2026-02-27T06:57:27+00:00,ACTIONED,MEDIUM,POLICY-v1
ALT-003832,CMP-003832,2026-04-09T04:17:46+00:00,ACTIONED,LOW,POLICY-v1
ALT-003833,CMP-003833,2026-03-12T16:49:33+00:00,ACTIONED,LOW,POLICY-v1
ALT-003834,CMP-003834,2026-02-04T09:38:57+00:00,ACKNOWLEDGED,LOW,POLICY-v1
ALT-003835,CMP-003835,2026-05-08T16:22:37+00:00,ACKNOWLEDGED,HIGH,POLICY-v1
ALT-003836,CMP-003836,2026-06-08T22:45:36+00:00,EXPIRED,LOW,POLICY-v1
ALT-003837,CMP-003837,2026-03-03T13:46:02+00:00,ACTIONED,HIGH,POLICY-v1
ALT-003838,CMP-003838,2026-05-26T14:23:25+00:00,ACKNOWLEDGED,MEDIUM,POLICY-v1
ALT-003839,CMP-003839,2026-01-16T23:21:39+00:00,EXPIRED,HIGH,POLICY-v1
ALT-003840,CMP-003840,2026-03-21T20:07:16+00:00,ACTIONED,HIGH,POLICY-v1
ALT-003841,CMP-003841,2026-02-14T17:15:55+00:00,EXPIRED,MEDIUM,POLICY-v1
ALT-003842,CMP-003842,2026-03-21T22:30:57+00:00,ACTIONED,HIGH,POLICY-v1
ALT-003843,CMP-003843,2026-02-01T08:16:16+00:00,PENDING,MEDIUM,POLICY-v1
ALT-003844,CMP-003844,2026-02-08T01:08:50+00:00,ACTIONED,MEDIUM,POLICY-v1
ALT-003845,CMP-003845,2026-05-27T15:35:43+00:00,ACTIONED,LOW,POLICY-v1
ALT-003846,CMP-003846,2026-06-27T09:26:46+00:00,ACTIONED,MEDIUM,POLICY-v1
ALT-003847,CMP-003847,2026-02-13T05:44:16+00:00,ACTIONED,MEDIUM,POLICY-v1
ALT-003848,CMP-003848,2026-05-01T18:12:09+00:00,ACTIONED,LOW,POLICY-v1
ALT-003849,CMP-003849,2026-06-21T02:01:21+00:00,ACTIONED,HIGH,POLICY-v1
ALT-003850,CMP-003850,2026-01-08T16:07:58+00:00,ACTIONED,HIGH,POLICY-v1
ALT-003851,CMP-003851,2026-05-07T10:42:09+00:00,ACTIONED,MEDIUM,POLICY-v1
ALT-003852,CMP-003852,2026-04-12T10:35:47+00:00,ACKNOWLEDGED,LOW,POLICY-v1
ALT-003853,CMP-003853,2026-05-15T07:11:52+00:00,ACTIONED,LOW,POLICY-v1
ALT-003854,CMP-003854,2026-06-05T01:29:53+00:00,PENDING,MEDIUM,POLICY-v1
ALT-003855,CMP-003855,2026-03-08T06:12:19+00:00,PENDING,LOW,POLICY-v1
ALT-003856,CMP-003856,2026-04-21T05:20:48+00:00,ACKNOWLEDGED,HIGH,POLICY-v1
ALT-003857,CMP-003857,2026-02-07T07:20:02+00:00,ACKNOWLEDGED,HIGH,POLICY-v1
ALT-003858,CMP-003858,2026-05-22T03:31:35+00:00,ACTIONED,MEDIUM,POLICY-v1
ALT-003859,CMP-003859,2026-06-21T13:09:03+00:00,EXPIRED,HIGH,POLICY-v1
ALT-003860,CMP-003860,2026-01-05T01:33:14+00:00,ACKNOWLEDGED,HIGH,POLICY-v1
ALT-003861,CMP-003861,2026-05-09T13:24:13+00:00,PENDING,MEDIUM,POLICY-v1
ALT-003862,CMP-003862,2026-02-20T07:17:34+00:00,ACTIONED,HIGH,POLICY-v1
ALT-003863,CMP-003863,2026-03-04T14:33:47+00:00,ACTIONED,MEDIUM,POLICY-v1
ALT-003864,CMP-003864,2026-03-02T01:30:56+00:00,ACKNOWLEDGED,MEDIUM,POLICY-v1
ALT-003865,CMP-003865,2026-06-01T07:25:41+00:00,ACTIONED,HIGH,POLICY-v1
ALT-003866,CMP-003866,2026-06-23T12:02:29+00:00,ACTIONED,MEDIUM,POLICY-v1
ALT-003867,CMP-003867,2026-02-11T05:58:22+00:00,ACTIONED,LOW,POLICY-v1
ALT-003868,CMP-003868,2026-01-29T09:45:06+00:00,PENDING,LOW,POLICY-v1
ALT-003869,CMP-003869,2026-02-10T10:47:33+00:00,ACKNOWLEDGED,HIGH,POLICY-v1
ALT-003870,CMP-003870,2026-06-20T05:50:26+00:00,PENDING,LOW,POLICY-v1
ALT-003871,CMP-003871,2026-03-08T11:57:51+00:00,ACTIONED,HIGH,POLICY-v1
ALT-003872,CMP-003872,2026-03-17T19:56:34+00:00,ACTIONED,HIGH,POLICY-v1
ALT-003873,CMP-003873,2026-03-29T09:57:08+00:00,ACTIONED,HIGH,POLICY-v1
ALT-003874,CMP-003874,2026-04-08T21:07:02+00:00,PENDING,LOW,POLICY-v1
ALT-003875,CMP-003875,2026-01-24T06:13:16+00:00,ACTIONED,HIGH,POLICY-v1
ALT-003876,CMP-003876,2026-06-20T12:48:58+00:00,PENDING,LOW,POLICY-v1
ALT-003877,CMP-003877,2026-04-25T13:03:40+00:00,ACKNOWLEDGED,LOW,POLICY-v1
ALT-003878,CMP-003878,2026-06-01T13:55:24+00:00,ACTIONED,HIGH,POLICY-v1
ALT-003879,CMP-003879,2026-02-14T07:00:28+00:00,ACKNOWLEDGED,HIGH,POLICY-v1
ALT-003880,CMP-003880,2026-01-08T15:15:52+00:00,EXPIRED,MEDIUM,POLICY-v1
ALT-003881,CMP-003881,2026-04-19T05:56:36+00:00,ACTIONED,LOW,POLICY-v1
ALT-003882,CMP-003882,2026-06-22T05:33:24+00:00,ACTIONED,MEDIUM,POLICY-v1
ALT-003883,CMP-003883,2026-04-20T02:52:15+00:00,ACTIONED,MEDIUM,POLICY-v1
ALT-003884,CMP-003884,2026-04-20T08:56:55+00:00,ACTIONED,LOW,POLICY-v1
ALT-003885,CMP-003885,2026-01-02T05:43:57+00:00,PENDING,MEDIUM,POLICY-v1
ALT-003886,CMP-003886,2026-03-24T09:46:48+00:00,PENDING,LOW,POLICY-v1
ALT-003887,CMP-003887,2026-01-12T19:03:23+00:00,PENDING,MEDIUM,POLICY-v1
ALT-003888,CMP-003888,2026-01-28T10:19:44+00:00,ACTIONED,LOW,POLICY-v1
ALT-003889,CMP-003889,2026-02-18T08:10:55+00:00,PENDING,HIGH,POLICY-v1
ALT-003890,CMP-003890,2026-01-08T07:30:41+00:00,EXPIRED,HIGH,POLICY-v1
ALT-003891,CMP-003891,2026-06-09T19:53:42+00:00,EXPIRED,HIGH,POLICY-v1
ALT-003892,CMP-003892,2026-03-05T05:21:17+00:00,ACTIONED,HIGH,POLICY-v1
ALT-003893,CMP-003893,2026-04-22T01:33:07+00:00,ACTIONED,HIGH,POLICY-v1
ALT-003894,CMP-003894,2026-05-16T14:20:14+00:00,ACTIONED,MEDIUM,POLICY-v1
ALT-003895,CMP-003895,2026-02-23T02:42:46+00:00,ACTIONED,HIGH,POLICY-v1
ALT-003896,CMP-003896,2026-01-13T23:03:26+00:00,ACTIONED,LOW,POLICY-v1
ALT-003897,CMP-003897,2026-03-02T00:33:20+00:00,ACTIONED,LOW,POLICY-v1
ALT-003898,CMP-003898,2026-03-17T03:00:08+00:00,EXPIRED,LOW,POLICY-v1
ALT-003899,CMP-003899,2026-02-24T10:45:25+00:00,PENDING,MEDIUM,POLICY-v1
ALT-003900,CMP-003900,2026-06-06T13:47:32+00:00,PENDING,HIGH,POLICY-v1
ALT-003901,CMP-003901,2026-02-28T08:05:11+00:00,PENDING,MEDIUM,POLICY-v1
ALT-003902,CMP-003902,2026-04-28T08:18:12+00:00,ACTIONED,MEDIUM,POLICY-v1
ALT-003903,CMP-003903,2026-05-23T21:47:19+00:00,ACTIONED,HIGH,POLICY-v1
ALT-003904,CMP-003904,2026-06-20T18:12:58+00:00,ACTIONED,HIGH,POLICY-v1
ALT-003905,CMP-003905,2026-04-08T17:22:33+00:00,ACKNOWLEDGED,MEDIUM,POLICY-v1
ALT-003906,CMP-003906,2026-04-11T20:17:28+00:00,EXPIRED,HIGH,POLICY-v1
ALT-003907,CMP-003907,2026-04-15T15:23:55+00:00,ACTIONED,HIGH,POLICY-v1
ALT-003908,CMP-003908,2026-06-17T16:23:31+00:00,PENDING,MEDIUM,POLICY-v1
ALT-003909,CMP-003909,2026-04-20T05:24:13+00:00,ACKNOWLEDGED,MEDIUM,POLICY-v1
ALT-003910,CMP-003910,2026-03-11T01:56:27+00:00,ACTIONED,MEDIUM,POLICY-v1
ALT-003911,CMP-003911,2026-06-14T08:20:28+00:00,EXPIRED,LOW,POLICY-v1
ALT-003912,CMP-003912,2026-05-12T22:28:11+00:00,ACKNOWLEDGED,MEDIUM,POLICY-v1
ALT-003913,CMP-003913,2026-01-30T03:46:21+00:00,ACTIONED,LOW,POLICY-v1
ALT-003914,CMP-003914,2026-05-20T20:18:52+00:00,ACTIONED,LOW,POLICY-v1
ALT-003915,CMP-003915,2026-06-06T18:31:14+00:00,ACTIONED,MEDIUM,POLICY-v1
ALT-003916,CMP-003916,2026-03-09T15:00:26+00:00,EXPIRED,HIGH,POLICY-v1
ALT-003917,CMP-003917,2026-01-09T21:24:29+00:00,ACKNOWLEDGED,HIGH,POLICY-v1
ALT-003918,CMP-003918,2026-04-30T20:58:16+00:00,ACTIONED,HIGH,POLICY-v1
ALT-003919,CMP-003919,2026-02-13T17:33:26+00:00,ACKNOWLEDGED,MEDIUM,POLICY-v1
ALT-003920,CMP-003920,2026-02-23T07:26:21+00:00,PENDING,HIGH,POLICY-v1
ALT-003921,CMP-003921,2026-04-08T11:25:34+00:00,EXPIRED,LOW,POLICY-v1
ALT-003922,CMP-003922,2026-01-13T09:20:34+00:00,PENDING,LOW,POLICY-v1
ALT-003923,CMP-003923,2026-04-26T08:27:10+00:00,ACTIONED,LOW,POLICY-v1
ALT-003924,CMP-003924,2026-06-03T05:41:32+00:00,ACKNOWLEDGED,LOW,POLICY-v1
ALT-003925,CMP-003925,2026-05-05T14:03:52+00:00,PENDING,MEDIUM,POLICY-v1
ALT-003926,CMP-003926,2026-01-05T18:11:10+00:00,EXPIRED,HIGH,POLICY-v1
ALT-003927,CMP-003927,2026-04-03T09:53:35+00:00,ACKNOWLEDGED,HIGH,POLICY-v1
ALT-003928,CMP-003928,2026-05-18T02:45:54+00:00,ACTIONED,MEDIUM,POLICY-v1
ALT-003929,CMP-003929,2026-06-19T01:25:48+00:00,ACTIONED,HIGH,POLICY-v1
ALT-003930,CMP-003930,2026-03-23T06:25:32+00:00,EXPIRED,MEDIUM,POLICY-v1
ALT-003931,CMP-003931,2026-04-04T22:59:04+00:00,ACTIONED,MEDIUM,POLICY-v1
ALT-003932,CMP-003932,2026-03-02T11:37:52+00:00,ACTIONED,LOW,POLICY-v1
ALT-003933,CMP-003933,2026-03-09T09:21:32+00:00,EXPIRED,MEDIUM,POLICY-v1
ALT-003934,CMP-003934,2026-05-13T21:03:40+00:00,ACKNOWLEDGED,LOW,POLICY-v1
ALT-003935,CMP-003935,2026-01-22T17:26:31+00:00,ACTIONED,HIGH,POLICY-v1
ALT-003936,CMP-003936,2026-04-02T09:38:11+00:00,EXPIRED,LOW,POLICY-v1
ALT-003937,CMP-003937,2026-01-04T16:05:39+00:00,ACTIONED,MEDIUM,POLICY-v1
ALT-003938,CMP-003938,2026-03-31T07:01:24+00:00,ACKNOWLEDGED,LOW,POLICY-v1
ALT-003939,CMP-003939,2026-06-22T07:48:30+00:00,ACTIONED,MEDIUM,POLICY-v1
ALT-003940,CMP-003940,2026-05-19T06:32:07+00:00,ACTIONED,MEDIUM,POLICY-v1
ALT-003941,CMP-003941,2026-02-24T11:33:09+00:00,EXPIRED,MEDIUM,POLICY-v1
ALT-003942,CMP-003942,2026-01-28T14:25:22+00:00,ACTIONED,MEDIUM,POLICY-v1
ALT-003943,CMP-003943,2026-06-06T11:12:05+00:00,ACKNOWLEDGED,HIGH,POLICY-v1
ALT-003944,CMP-003944,2026-01-05T20:05:44+00:00,ACKNOWLEDGED,HIGH,POLICY-v1
ALT-003945,CMP-003945,2026-01-10T08:45:55+00:00,PENDING,MEDIUM,POLICY-v1
ALT-003946,CMP-003946,2026-05-27T07:00:31+00:00,ACTIONED,MEDIUM,POLICY-v1
ALT-003947,CMP-003947,2026-05-11T16:13:41+00:00,ACKNOWLEDGED,HIGH,POLICY-v1
ALT-003948,CMP-003948,2026-02-19T19:45:04+00:00,ACKNOWLEDGED,LOW,POLICY-v1
ALT-003949,CMP-003949,2026-01-14T22:47:22+00:00,EXPIRED,HIGH,POLICY-v1
ALT-003950,CMP-003950,2026-02-08T06:59:44+00:00,ACKNOWLEDGED,MEDIUM,POLICY-v1
ALT-003951,CMP-003951,2026-01-28T13:35:57+00:00,PENDING,LOW,POLICY-v1
ALT-003952,CMP-003952,2026-01-30T06:27:44+00:00,EXPIRED,MEDIUM,POLICY-v1
ALT-003953,CMP-003953,2026-03-13T10:16:19+00:00,EXPIRED,HIGH,POLICY-v1
ALT-003954,CMP-003954,2026-05-13T21:59:52+00:00,ACTIONED,MEDIUM,POLICY-v1
ALT-003955,CMP-003955,2026-02-25T13:39:54+00:00,ACTIONED,HIGH,POLICY-v1
ALT-003956,CMP-003956,2026-01-30T07:31:54+00:00,ACTIONED,HIGH,POLICY-v1
ALT-003957,CMP-003957,2026-03-06T08:53:34+00:00,EXPIRED,HIGH,POLICY-v1
ALT-003958,CMP-003958,2026-02-23T04:01:46+00:00,ACTIONED,HIGH,POLICY-v1
ALT-003959,CMP-003959,2026-03-03T06:22:30+00:00,PENDING,HIGH,POLICY-v1
ALT-003960,CMP-003960,2026-01-17T03:39:43+00:00,PENDING,HIGH,POLICY-v1
ALT-003961,CMP-003961,2026-01-10T06:25:39+00:00,PENDING,LOW,POLICY-v1
ALT-003962,CMP-003962,2026-06-24T03:08:16+00:00,ACTIONED,LOW,POLICY-v1
ALT-003963,CMP-003963,2026-01-18T10:00:29+00:00,ACTIONED,LOW,POLICY-v1
ALT-003964,CMP-003964,2026-05-10T23:49:40+00:00,ACTIONED,MEDIUM,POLICY-v1
ALT-003965,CMP-003965,2026-06-12T06:06:19+00:00,ACTIONED,HIGH,POLICY-v1
ALT-003966,CMP-003966,2026-05-10T03:27:02+00:00,PENDING,MEDIUM,POLICY-v1
ALT-003967,CMP-003967,2026-01-23T06:20:05+00:00,EXPIRED,LOW,POLICY-v1
ALT-003968,CMP-003968,2026-06-24T18:29:57+00:00,ACTIONED,MEDIUM,POLICY-v1
ALT-003969,CMP-003969,2026-03-20T11:21:45+00:00,EXPIRED,HIGH,POLICY-v1
ALT-003970,CMP-003970,2026-02-16T01:32:15+00:00,EXPIRED,HIGH,POLICY-v1
ALT-003971,CMP-003971,2026-06-04T17:01:11+00:00,EXPIRED,LOW,POLICY-v1
ALT-003972,CMP-003972,2026-02-24T08:46:38+00:00,PENDING,LOW,POLICY-v1
ALT-003973,CMP-003973,2026-04-21T18:48:48+00:00,ACKNOWLEDGED,HIGH,POLICY-v1
ALT-003974,CMP-003974,2026-04-09T17:15:32+00:00,ACKNOWLEDGED,HIGH,POLICY-v1
ALT-003975,CMP-003975,2026-03-10T05:52:07+00:00,ACTIONED,LOW,POLICY-v1
ALT-003976,CMP-003976,2026-02-13T03:35:13+00:00,ACTIONED,MEDIUM,POLICY-v1
ALT-003977,CMP-003977,2026-06-01T01:15:12+00:00,ACTIONED,HIGH,POLICY-v1
ALT-003978,CMP-003978,2026-02-17T05:37:35+00:00,EXPIRED,MEDIUM,POLICY-v1
ALT-003979,CMP-003979,2026-05-31T19:41:37+00:00,ACTIONED,HIGH,POLICY-v1
ALT-003980,CMP-003980,2026-03-20T15:26:52+00:00,ACKNOWLEDGED,MEDIUM,POLICY-v1
ALT-003981,CMP-003981,2026-02-25T21:51:54+00:00,ACTIONED,HIGH,POLICY-v1
ALT-003982,CMP-003982,2026-03-16T11:08:34+00:00,ACTIONED,LOW,POLICY-v1
ALT-003983,CMP-003983,2026-05-22T14:07:43+00:00,ACKNOWLEDGED,HIGH,POLICY-v1
ALT-003984,CMP-003984,2026-06-06T15:00:51+00:00,ACTIONED,HIGH,POLICY-v1
ALT-003985,CMP-003985,2026-06-02T02:00:43+00:00,EXPIRED,MEDIUM,POLICY-v1
ALT-003986,CMP-003986,2026-03-19T23:19:27+00:00,ACTIONED,LOW,POLICY-v1
ALT-003987,CMP-003987,2026-01-09T15:27:59+00:00,EXPIRED,HIGH,POLICY-v1
ALT-003988,CMP-003988,2026-06-25T04:22:36+00:00,ACTIONED,LOW,POLICY-v1
ALT-003989,CMP-003989,2026-03-04T03:17:13+00:00,ACTIONED,LOW,POLICY-v1
ALT-003990,CMP-003990,2026-06-03T10:42:26+00:00,ACTIONED,LOW,POLICY-v1
ALT-003991,CMP-003991,2026-05-23T09:30:58+00:00,EXPIRED,LOW,POLICY-v1
ALT-003992,CMP-003992,2026-06-13T19:33:37+00:00,ACTIONED,HIGH,POLICY-v1
ALT-003993,CMP-003993,2026-04-17T16:58:51+00:00,ACKNOWLEDGED,MEDIUM,POLICY-v1
ALT-003994,CMP-003994,2026-01-14T00:42:01+00:00,ACTIONED,HIGH,POLICY-v1
ALT-003995,CMP-003995,2026-03-12T07:40:57+00:00,ACTIONED,MEDIUM,POLICY-v1
ALT-003996,CMP-003996,2026-03-08T12:12:35+00:00,ACKNOWLEDGED,MEDIUM,POLICY-v1
ALT-003997,CMP-003997,2026-01-12T23:08:15+00:00,ACTIONED,HIGH,POLICY-v1
ALT-003998,CMP-003998,2026-01-27T21:18:17+00:00,ACTIONED,HIGH,POLICY-v1
ALT-003999,CMP-003999,2026-03-03T23:31:07+00:00,ACTIONED,MEDIUM,POLICY-v1
ALT-004000,CMP-004000,2026-06-20T05:26:22+00:00,ACTIONED,LOW,POLICY-v1
ALT-004001,CMP-004001,2026-01-16T19:01:20+00:00,ACTIONED,MEDIUM,POLICY-v1
ALT-004002,CMP-004002,2026-01-27T15:42:10+00:00,ACTIONED,LOW,POLICY-v1
ALT-004003,CMP-004003,2026-04-18T17:51:15+00:00,ACKNOWLEDGED,LOW,POLICY-v1
ALT-004004,CMP-004004,2026-06-16T14:54:43+00:00,ACKNOWLEDGED,LOW,POLICY-v1
ALT-004005,CMP-004005,2026-04-25T23:04:28+00:00,EXPIRED,MEDIUM,POLICY-v1
ALT-004006,CMP-004006,2026-02-15T19:17:52+00:00,ACTIONED,LOW,POLICY-v1
ALT-004007,CMP-004007,2026-01-06T21:14:16+00:00,ACTIONED,MEDIUM,POLICY-v1
ALT-004008,CMP-004008,2026-05-08T07:59:43+00:00,ACKNOWLEDGED,HIGH,POLICY-v1
ALT-004009,CMP-004009,2026-05-22T05:39:38+00:00,ACKNOWLEDGED,HIGH,POLICY-v1
ALT-004010,CMP-004010,2026-02-14T01:01:17+00:00,ACKNOWLEDGED,LOW,POLICY-v1
ALT-004011,CMP-004011,2026-01-07T07:38:44+00:00,ACTIONED,LOW,POLICY-v1
ALT-004012,CMP-004012,2026-03-16T07:07:26+00:00,PENDING,LOW,POLICY-v1
ALT-004013,CMP-004013,2026-04-03T22:22:24+00:00,ACTIONED,LOW,POLICY-v1
ALT-004014,CMP-004014,2026-02-12T20:24:20+00:00,EXPIRED,MEDIUM,POLICY-v1
ALT-004015,CMP-004015,2026-05-13T14:04:16+00:00,ACKNOWLEDGED,MEDIUM,POLICY-v1
ALT-004016,CMP-004016,2026-01-24T10:32:12+00:00,ACTIONED,MEDIUM,POLICY-v1
ALT-004017,CMP-004017,2026-01-09T20:01:35+00:00,PENDING,MEDIUM,POLICY-v1
ALT-004018,CMP-004018,2026-01-05T07:30:13+00:00,ACKNOWLEDGED,MEDIUM,POLICY-v1
ALT-004019,CMP-004019,2026-03-22T19:12:11+00:00,EXPIRED,HIGH,POLICY-v1
ALT-004020,CMP-004020,2026-03-08T16:49:57+00:00,ACTIONED,MEDIUM,POLICY-v1
ALT-004021,CMP-004021,2026-02-23T05:23:17+00:00,EXPIRED,LOW,POLICY-v1
ALT-004022,CMP-004022,2026-05-31T20:06:12+00:00,ACTIONED,MEDIUM,POLICY-v1
ALT-004023,CMP-004023,2026-01-14T07:35:15+00:00,ACTIONED,HIGH,POLICY-v1
ALT-004024,CMP-004024,2026-06-15T22:35:34+00:00,ACTIONED,MEDIUM,POLICY-v1
ALT-004025,CMP-004025,2026-06-04T14:30:52+00:00,ACTIONED,LOW,POLICY-v1
ALT-004026,CMP-004026,2026-04-28T23:21:48+00:00,PENDING,HIGH,POLICY-v1
ALT-004027,CMP-004027,2026-04-26T03:39:46+00:00,PENDING,HIGH,POLICY-v1
ALT-004028,CMP-004028,2026-06-07T11:11:48+00:00,ACKNOWLEDGED,MEDIUM,POLICY-v1
ALT-004029,CMP-004029,2026-04-15T14:41:28+00:00,ACKNOWLEDGED,LOW,POLICY-v1
ALT-004030,CMP-004030,2026-02-22T13:25:44+00:00,PENDING,HIGH,POLICY-v1
ALT-004031,CMP-004031,2026-01-02T02:36:12+00:00,ACTIONED,MEDIUM,POLICY-v1
ALT-004032,CMP-004032,2026-02-26T12:40:46+00:00,ACKNOWLEDGED,MEDIUM,POLICY-v1
ALT-004033,CMP-004033,2026-02-11T20:05:15+00:00,ACTIONED,LOW,POLICY-v1
ALT-004034,CMP-004034,2026-05-14T10:54:03+00:00,PENDING,MEDIUM,POLICY-v1
ALT-004035,CMP-004035,2026-01-09T16:56:09+00:00,ACTIONED,MEDIUM,POLICY-v1
ALT-004036,CMP-004036,2026-04-11T08:34:29+00:00,EXPIRED,MEDIUM,POLICY-v1
ALT-004037,CMP-004037,2026-06-20T09:49:51+00:00,EXPIRED,LOW,POLICY-v1
ALT-004038,CMP-004038,2026-05-03T01:17:34+00:00,ACKNOWLEDGED,MEDIUM,POLICY-v1
ALT-004039,CMP-004039,2026-05-08T14:07:57+00:00,PENDING,LOW,POLICY-v1
ALT-004040,CMP-004040,2026-01-13T19:51:57+00:00,EXPIRED,LOW,POLICY-v1
ALT-004041,CMP-004041,2026-05-19T05:34:13+00:00,ACTIONED,LOW,POLICY-v1
ALT-004042,CMP-004042,2026-04-09T04:05:55+00:00,ACKNOWLEDGED,LOW,POLICY-v1
ALT-004043,CMP-004043,2026-05-08T19:15:57+00:00,ACTIONED,HIGH,POLICY-v1
ALT-004044,CMP-004044,2026-06-18T01:16:21+00:00,ACTIONED,MEDIUM,POLICY-v1
ALT-004045,CMP-004045,2026-01-04T19:26:26+00:00,EXPIRED,LOW,POLICY-v1
ALT-004046,CMP-004046,2026-06-14T15:34:23+00:00,ACTIONED,LOW,POLICY-v1
ALT-004047,CMP-004047,2026-03-05T13:33:24+00:00,ACTIONED,MEDIUM,POLICY-v1
ALT-004048,CMP-004048,2026-02-20T17:39:27+00:00,ACKNOWLEDGED,MEDIUM,POLICY-v1
ALT-004049,CMP-004049,2026-04-06T23:09:59+00:00,EXPIRED,MEDIUM,POLICY-v1
ALT-004050,CMP-004050,2026-03-26T02:35:16+00:00,PENDING,HIGH,POLICY-v1
ALT-004051,CMP-004051,2026-02-01T17:43:52+00:00,ACKNOWLEDGED,MEDIUM,POLICY-v1
ALT-004052,CMP-004052,2026-05-15T18:40:22+00:00,PENDING,MEDIUM,POLICY-v1
ALT-004053,CMP-004053,2026-05-13T16:06:55+00:00,ACTIONED,HIGH,POLICY-v1
ALT-004054,CMP-004054,2026-01-21T01:27:20+00:00,ACTIONED,HIGH,POLICY-v1
ALT-004055,CMP-004055,2026-06-11T06:01:25+00:00,ACTIONED,LOW,POLICY-v1
ALT-004056,CMP-004056,2026-03-25T01:43:15+00:00,EXPIRED,MEDIUM,POLICY-v1
ALT-004057,CMP-004057,2026-06-16T14:00:19+00:00,EXPIRED,LOW,POLICY-v1
ALT-004058,CMP-004058,2026-03-26T12:25:24+00:00,ACTIONED,LOW,POLICY-v1
ALT-004059,CMP-004059,2026-04-12T21:31:57+00:00,ACTIONED,LOW,POLICY-v1
ALT-004060,CMP-004060,2026-02-02T21:40:39+00:00,ACTIONED,LOW,POLICY-v1
ALT-004061,CMP-004061,2026-01-08T21:31:49+00:00,PENDING,LOW,POLICY-v1
ALT-004062,CMP-004062,2026-02-21T03:14:50+00:00,EXPIRED,MEDIUM,POLICY-v1
ALT-004063,CMP-004063,2026-04-05T17:33:19+00:00,ACKNOWLEDGED,LOW,POLICY-v1
ALT-004064,CMP-004064,2026-01-13T05:37:29+00:00,ACTIONED,HIGH,POLICY-v1
ALT-004065,CMP-004065,2026-03-28T00:31:37+00:00,PENDING,HIGH,POLICY-v1
ALT-004066,CMP-004066,2026-04-01T21:36:01+00:00,PENDING,LOW,POLICY-v1
ALT-004067,CMP-004067,2026-06-08T09:30:47+00:00,ACTIONED,HIGH,POLICY-v1
ALT-004068,CMP-004068,2026-04-14T17:45:28+00:00,PENDING,HIGH,POLICY-v1
ALT-004069,CMP-004069,2026-04-20T23:08:57+00:00,ACKNOWLEDGED,HIGH,POLICY-v1
ALT-004070,CMP-004070,2026-01-10T17:13:02+00:00,ACKNOWLEDGED,MEDIUM,POLICY-v1
ALT-004071,CMP-004071,2026-04-19T05:10:55+00:00,ACKNOWLEDGED,LOW,POLICY-v1
ALT-004072,CMP-004072,2026-02-08T01:49:09+00:00,ACTIONED,MEDIUM,POLICY-v1
ALT-004073,CMP-004073,2026-04-14T17:12:40+00:00,ACTIONED,MEDIUM,POLICY-v1
ALT-004074,CMP-004074,2026-02-13T11:41:33+00:00,ACKNOWLEDGED,MEDIUM,POLICY-v1
ALT-004075,CMP-004075,2026-03-07T07:01:36+00:00,ACTIONED,LOW,POLICY-v1
ALT-004076,CMP-004076,2026-01-18T12:42:24+00:00,EXPIRED,MEDIUM,POLICY-v1
ALT-004077,CMP-004077,2026-04-02T06:37:19+00:00,ACTIONED,HIGH,POLICY-v1
ALT-004078,CMP-004078,2026-01-10T05:06:24+00:00,ACTIONED,HIGH,POLICY-v1
ALT-004079,CMP-004079,2026-04-04T08:17:46+00:00,ACKNOWLEDGED,HIGH,POLICY-v1
ALT-004080,CMP-004080,2026-04-05T18:31:18+00:00,ACKNOWLEDGED,HIGH,POLICY-v1
ALT-004081,CMP-004081,2026-01-06T15:03:49+00:00,EXPIRED,LOW,POLICY-v1
ALT-004082,CMP-004082,2026-06-21T11:01:44+00:00,ACKNOWLEDGED,LOW,POLICY-v1
ALT-004083,CMP-004083,2026-01-14T07:28:20+00:00,PENDING,MEDIUM,POLICY-v1
ALT-004084,CMP-004084,2026-04-09T23:17:48+00:00,ACTIONED,HIGH,POLICY-v1
ALT-004085,CMP-004085,2026-03-08T07:37:47+00:00,ACTIONED,MEDIUM,POLICY-v1
ALT-004086,CMP-004086,2026-03-13T07:43:36+00:00,ACTIONED,MEDIUM,POLICY-v1
ALT-004087,CMP-004087,2026-01-01T19:40:00+00:00,ACTIONED,HIGH,POLICY-v1
ALT-004088,CMP-004088,2026-04-18T05:57:34+00:00,ACTIONED,MEDIUM,POLICY-v1
ALT-004089,CMP-004089,2026-03-26T03:21:39+00:00,ACKNOWLEDGED,LOW,POLICY-v1
ALT-004090,CMP-004090,2026-04-13T21:17:16+00:00,ACKNOWLEDGED,MEDIUM,POLICY-v1
ALT-004091,CMP-004091,2026-02-03T16:02:08+00:00,ACTIONED,MEDIUM,POLICY-v1
ALT-004092,CMP-004092,2026-01-28T08:50:45+00:00,ACTIONED,MEDIUM,POLICY-v1
ALT-004093,CMP-004093,2026-02-26T20:21:01+00:00,ACTIONED,HIGH,POLICY-v1
ALT-004094,CMP-004094,2026-02-19T03:25:17+00:00,ACTIONED,HIGH,POLICY-v1
ALT-004095,CMP-004095,2026-03-23T16:42:33+00:00,EXPIRED,MEDIUM,POLICY-v1
ALT-004096,CMP-004096,2026-02-16T17:57:32+00:00,ACTIONED,MEDIUM,POLICY-v1
ALT-004097,CMP-004097,2026-04-14T19:52:13+00:00,ACTIONED,HIGH,POLICY-v1
ALT-004098,CMP-004098,2026-05-09T18:19:14+00:00,ACTIONED,MEDIUM,POLICY-v1
ALT-004099,CMP-004099,2026-06-25T17:37:40+00:00,EXPIRED,LOW,POLICY-v1
ALT-004100,CMP-004100,2026-01-23T13:58:22+00:00,ACTIONED,MEDIUM,POLICY-v1
ALT-004101,CMP-004101,2026-05-22T14:39:42+00:00,ACKNOWLEDGED,LOW,POLICY-v1
ALT-004102,CMP-004102,2026-04-27T23:23:59+00:00,ACTIONED,MEDIUM,POLICY-v1
ALT-004103,CMP-004103,2026-05-03T01:00:50+00:00,PENDING,LOW,POLICY-v1
ALT-004104,CMP-004104,2026-01-19T14:37:00+00:00,ACTIONED,MEDIUM,POLICY-v1
ALT-004105,CMP-004105,2026-02-19T01:39:29+00:00,PENDING,LOW,POLICY-v1
ALT-004106,CMP-004106,2026-05-05T21:49:27+00:00,ACTIONED,HIGH,POLICY-v1
ALT-004107,CMP-004107,2026-01-23T22:52:30+00:00,ACTIONED,MEDIUM,POLICY-v1
ALT-004108,CMP-004108,2026-02-22T02:39:07+00:00,ACTIONED,MEDIUM,POLICY-v1
ALT-004109,CMP-004109,2026-06-26T11:33:25+00:00,ACTIONED,LOW,POLICY-v1
ALT-004110,CMP-004110,2026-03-06T06:19:29+00:00,ACTIONED,HIGH,POLICY-v1
ALT-004111,CMP-004111,2026-03-04T05:33:05+00:00,PENDING,MEDIUM,POLICY-v1
ALT-004112,CMP-004112,2026-04-08T06:47:22+00:00,ACTIONED,MEDIUM,POLICY-v1
ALT-004113,CMP-004113,2026-05-08T16:26:29+00:00,PENDING,HIGH,POLICY-v1
ALT-004114,CMP-004114,2026-03-28T01:31:16+00:00,ACTIONED,LOW,POLICY-v1
ALT-004115,CMP-004115,2026-02-05T22:51:24+00:00,ACTIONED,HIGH,POLICY-v1
ALT-004116,CMP-004116,2026-05-27T21:04:03+00:00,ACTIONED,HIGH,POLICY-v1
ALT-004117,CMP-004117,2026-06-27T23:00:15+00:00,ACTIONED,HIGH,POLICY-v1
ALT-004118,CMP-004118,2026-05-13T10:10:47+00:00,ACTIONED,HIGH,POLICY-v1
ALT-004119,CMP-004119,2026-03-21T02:18:45+00:00,ACTIONED,MEDIUM,POLICY-v1
ALT-004120,CMP-004120,2026-03-29T09:16:42+00:00,EXPIRED,HIGH,POLICY-v1
ALT-004121,CMP-004121,2026-04-16T12:27:37+00:00,ACTIONED,HIGH,POLICY-v1
ALT-004122,CMP-004122,2026-01-11T06:00:14+00:00,ACKNOWLEDGED,HIGH,POLICY-v1
ALT-004123,CMP-004123,2026-05-25T09:11:17+00:00,ACTIONED,HIGH,POLICY-v1
ALT-004124,CMP-004124,2026-04-03T19:34:22+00:00,ACKNOWLEDGED,LOW,POLICY-v1
ALT-004125,CMP-004125,2026-06-28T05:53:43+00:00,ACKNOWLEDGED,HIGH,POLICY-v1
ALT-004126,CMP-004126,2026-05-17T07:42:57+00:00,PENDING,MEDIUM,POLICY-v1
ALT-004127,CMP-004127,2026-03-27T11:29:28+00:00,PENDING,HIGH,POLICY-v1
ALT-004128,CMP-004128,2026-04-09T20:19:30+00:00,ACTIONED,HIGH,POLICY-v1
ALT-004129,CMP-004129,2026-05-28T00:33:50+00:00,PENDING,HIGH,POLICY-v1
ALT-004130,CMP-004130,2026-03-03T11:50:46+00:00,PENDING,HIGH,POLICY-v1
ALT-004131,CMP-004131,2026-04-11T16:23:49+00:00,ACKNOWLEDGED,MEDIUM,POLICY-v1
ALT-004132,CMP-004132,2026-06-09T19:25:02+00:00,ACTIONED,MEDIUM,POLICY-v1
ALT-004133,CMP-004133,2026-05-29T06:53:30+00:00,ACTIONED,MEDIUM,POLICY-v1
ALT-004134,CMP-004134,2026-03-15T00:37:42+00:00,ACTIONED,HIGH,POLICY-v1
ALT-004135,CMP-004135,2026-06-20T18:14:30+00:00,ACTIONED,HIGH,POLICY-v1
ALT-004136,CMP-004136,2026-02-25T06:55:00+00:00,ACTIONED,LOW,POLICY-v1
ALT-004137,CMP-004137,2026-05-22T02:22:56+00:00,ACTIONED,LOW,POLICY-v1
ALT-004138,CMP-004138,2026-04-06T16:53:49+00:00,ACKNOWLEDGED,LOW,POLICY-v1
ALT-004139,CMP-004139,2026-06-04T18:46:19+00:00,ACTIONED,MEDIUM,POLICY-v1
ALT-004140,CMP-004140,2026-05-30T06:42:18+00:00,ACTIONED,MEDIUM,POLICY-v1
ALT-004141,CMP-004141,2026-01-12T08:09:41+00:00,ACTIONED,HIGH,POLICY-v1
ALT-004142,CMP-004142,2026-03-08T07:28:12+00:00,ACKNOWLEDGED,HIGH,POLICY-v1
ALT-004143,CMP-004143,2026-03-21T00:27:56+00:00,ACTIONED,HIGH,POLICY-v1
ALT-004144,CMP-004144,2026-01-13T11:06:06+00:00,ACTIONED,LOW,POLICY-v1
ALT-004145,CMP-004145,2026-04-15T00:41:02+00:00,PENDING,MEDIUM,POLICY-v1
ALT-004146,CMP-004146,2026-02-04T12:17:39+00:00,ACTIONED,HIGH,POLICY-v1
ALT-004147,CMP-004147,2026-04-08T06:54:30+00:00,ACTIONED,HIGH,POLICY-v1
ALT-004148,CMP-004148,2026-03-11T23:59:24+00:00,ACTIONED,LOW,POLICY-v1
ALT-004149,CMP-004149,2026-06-26T12:09:21+00:00,ACTIONED,HIGH,POLICY-v1
ALT-004150,CMP-004150,2026-06-24T13:34:58+00:00,ACTIONED,LOW,POLICY-v1
ALT-004151,CMP-004151,2026-05-14T00:29:12+00:00,ACTIONED,LOW,POLICY-v1
ALT-004152,CMP-004152,2026-06-17T16:12:37+00:00,ACTIONED,HIGH,POLICY-v1
ALT-004153,CMP-004153,2026-06-27T02:01:07+00:00,ACKNOWLEDGED,HIGH,POLICY-v1
ALT-004154,CMP-004154,2026-05-27T21:00:05+00:00,ACTIONED,HIGH,POLICY-v1
ALT-004155,CMP-004155,2026-01-20T16:38:07+00:00,ACTIONED,MEDIUM,POLICY-v1
ALT-004156,CMP-004156,2026-01-28T07:25:11+00:00,ACTIONED,LOW,POLICY-v1
ALT-004157,CMP-004157,2026-05-17T20:22:30+00:00,ACTIONED,LOW,POLICY-v1
ALT-004158,CMP-004158,2026-02-26T01:05:51+00:00,ACTIONED,HIGH,POLICY-v1
ALT-004159,CMP-004159,2026-02-12T04:52:43+00:00,ACTIONED,HIGH,POLICY-v1
ALT-004160,CMP-004160,2026-02-25T00:51:55+00:00,ACTIONED,LOW,POLICY-v1
ALT-004161,CMP-004161,2026-06-04T01:39:11+00:00,PENDING,LOW,POLICY-v1
ALT-004162,CMP-004162,2026-06-01T19:41:26+00:00,EXPIRED,HIGH,POLICY-v1
ALT-004163,CMP-004163,2026-05-26T10:27:53+00:00,ACTIONED,HIGH,POLICY-v1
ALT-004164,CMP-004164,2026-04-23T22:27:59+00:00,ACKNOWLEDGED,HIGH,POLICY-v1
ALT-004165,CMP-004165,2026-03-19T21:15:24+00:00,PENDING,LOW,POLICY-v1
ALT-004166,CMP-004166,2026-04-30T22:39:23+00:00,ACTIONED,LOW,POLICY-v1
ALT-004167,CMP-004167,2026-01-15T01:17:35+00:00,ACTIONED,HIGH,POLICY-v1
ALT-004168,CMP-004168,2026-04-16T18:21:43+00:00,PENDING,HIGH,POLICY-v1
ALT-004169,CMP-004169,2026-04-09T09:39:10+00:00,ACTIONED,MEDIUM,POLICY-v1
ALT-004170,CMP-004170,2026-02-25T08:02:44+00:00,ACTIONED,HIGH,POLICY-v1
ALT-004171,CMP-004171,2026-01-25T04:03:32+00:00,ACKNOWLEDGED,MEDIUM,POLICY-v1
ALT-004172,CMP-004172,2026-01-06T16:23:51+00:00,ACTIONED,LOW,POLICY-v1
ALT-004173,CMP-004173,2026-05-07T15:46:50+00:00,PENDING,LOW,POLICY-v1
ALT-004174,CMP-004174,2026-04-30T04:27:02+00:00,ACTIONED,HIGH,POLICY-v1
ALT-004175,CMP-004175,2026-06-05T20:09:15+00:00,ACTIONED,HIGH,POLICY-v1
ALT-004176,CMP-004176,2026-05-17T04:01:27+00:00,ACKNOWLEDGED,HIGH,POLICY-v1
ALT-004177,CMP-004177,2026-01-27T20:09:59+00:00,ACTIONED,MEDIUM,POLICY-v1
ALT-004178,CMP-004178,2026-03-31T02:15:52+00:00,ACTIONED,MEDIUM,POLICY-v1
ALT-004179,CMP-004179,2026-06-03T18:38:27+00:00,ACTIONED,MEDIUM,POLICY-v1
ALT-004180,CMP-004180,2026-03-26T13:54:43+00:00,PENDING,HIGH,POLICY-v1
ALT-004181,CMP-004181,2026-06-02T07:46:35+00:00,ACTIONED,LOW,POLICY-v1
ALT-004182,CMP-004182,2026-04-28T12:15:29+00:00,ACTIONED,MEDIUM,POLICY-v1
ALT-004183,CMP-004183,2026-01-17T09:43:22+00:00,ACTIONED,LOW,POLICY-v1
ALT-004184,CMP-004184,2026-01-23T02:39:00+00:00,ACKNOWLEDGED,HIGH,POLICY-v1
ALT-004185,CMP-004185,2026-04-29T05:04:42+00:00,ACTIONED,MEDIUM,POLICY-v1
ALT-004186,CMP-004186,2026-01-15T05:17:37+00:00,PENDING,MEDIUM,POLICY-v1
ALT-004187,CMP-004187,2026-04-18T14:29:12+00:00,ACTIONED,MEDIUM,POLICY-v1
ALT-004188,CMP-004188,2026-01-06T08:42:20+00:00,ACTIONED,HIGH,POLICY-v1
ALT-004189,CMP-004189,2026-04-30T05:46:37+00:00,ACKNOWLEDGED,HIGH,POLICY-v1
ALT-004190,CMP-004190,2026-06-05T00:00:41+00:00,ACTIONED,HIGH,POLICY-v1
ALT-004191,CMP-004191,2026-06-05T20:34:14+00:00,ACTIONED,LOW,POLICY-v1
ALT-004192,CMP-004192,2026-05-26T22:09:25+00:00,ACTIONED,HIGH,POLICY-v1
ALT-004193,CMP-004193,2026-02-10T06:03:37+00:00,ACTIONED,LOW,POLICY-v1
ALT-004194,CMP-004194,2026-03-31T09:26:53+00:00,ACTIONED,HIGH,POLICY-v1
ALT-004195,CMP-004195,2026-04-27T03:32:18+00:00,ACTIONED,LOW,POLICY-v1
ALT-004196,CMP-004196,2026-01-28T04:22:25+00:00,ACTIONED,HIGH,POLICY-v1
ALT-004197,CMP-004197,2026-06-09T15:48:12+00:00,EXPIRED,MEDIUM,POLICY-v1
ALT-004198,CMP-004198,2026-03-30T08:45:26+00:00,ACTIONED,HIGH,POLICY-v1
ALT-004199,CMP-004199,2026-03-21T08:31:50+00:00,ACKNOWLEDGED,LOW,POLICY-v1
ALT-004200,CMP-004200,2026-05-23T07:27:34+00:00,ACTIONED,MEDIUM,POLICY-v1
ALT-004201,CMP-004201,2026-01-05T04:58:14+00:00,ACTIONED,LOW,POLICY-v1
ALT-004202,CMP-004202,2026-06-14T05:12:13+00:00,ACKNOWLEDGED,LOW,POLICY-v1
ALT-004203,CMP-004203,2026-06-26T18:13:38+00:00,ACTIONED,HIGH,POLICY-v1
ALT-004204,CMP-004204,2026-03-04T17:43:06+00:00,ACTIONED,MEDIUM,POLICY-v1
ALT-004205,CMP-004205,2026-03-04T01:30:40+00:00,ACTIONED,HIGH,POLICY-v1
ALT-004206,CMP-004206,2026-05-22T19:47:23+00:00,ACTIONED,HIGH,POLICY-v1
ALT-004207,CMP-004207,2026-06-20T06:49:35+00:00,EXPIRED,LOW,POLICY-v1
ALT-004208,CMP-004208,2026-02-22T19:54:15+00:00,EXPIRED,HIGH,POLICY-v1
ALT-004209,CMP-004209,2026-05-21T23:16:39+00:00,ACTIONED,LOW,POLICY-v1
ALT-004210,CMP-004210,2026-03-10T06:33:25+00:00,ACTIONED,LOW,POLICY-v1
ALT-004211,CMP-004211,2026-04-23T17:54:26+00:00,PENDING,LOW,POLICY-v1
ALT-004212,CMP-004212,2026-06-14T23:49:24+00:00,ACTIONED,MEDIUM,POLICY-v1
ALT-004213,CMP-004213,2026-02-05T16:07:26+00:00,ACTIONED,HIGH,POLICY-v1
ALT-004214,CMP-004214,2026-04-21T19:43:51+00:00,ACTIONED,LOW,POLICY-v1
ALT-004215,CMP-004215,2026-04-01T23:07:47+00:00,ACTIONED,HIGH,POLICY-v1
ALT-004216,CMP-004216,2026-02-14T00:44:36+00:00,PENDING,MEDIUM,POLICY-v1
ALT-004217,CMP-004217,2026-06-22T08:21:55+00:00,ACTIONED,LOW,POLICY-v1
ALT-004218,CMP-004218,2026-01-10T10:48:39+00:00,ACTIONED,MEDIUM,POLICY-v1
ALT-004219,CMP-004219,2026-03-25T02:03:35+00:00,ACTIONED,LOW,POLICY-v1
ALT-004220,CMP-004220,2026-02-08T18:12:26+00:00,ACTIONED,HIGH,POLICY-v1
ALT-004221,CMP-004221,2026-03-24T23:53:40+00:00,EXPIRED,MEDIUM,POLICY-v1
ALT-004222,CMP-004222,2026-05-13T15:26:05+00:00,ACTIONED,MEDIUM,POLICY-v1
ALT-004223,CMP-004223,2026-01-03T06:10:39+00:00,ACTIONED,MEDIUM,POLICY-v1
ALT-004224,CMP-004224,2026-03-09T01:40:09+00:00,EXPIRED,LOW,POLICY-v1
ALT-004225,CMP-004225,2026-03-18T12:42:16+00:00,PENDING,HIGH,POLICY-v1
ALT-004226,CMP-004226,2026-02-14T12:16:40+00:00,ACKNOWLEDGED,HIGH,POLICY-v1
ALT-004227,CMP-004227,2026-05-24T21:10:44+00:00,EXPIRED,HIGH,POLICY-v1
ALT-004228,CMP-004228,2026-06-28T05:52:30+00:00,ACTIONED,LOW,POLICY-v1
ALT-004229,CMP-004229,2026-06-28T16:30:12+00:00,EXPIRED,LOW,POLICY-v1
ALT-004230,CMP-004230,2026-04-05T21:58:18+00:00,ACKNOWLEDGED,MEDIUM,POLICY-v1
ALT-004231,CMP-004231,2026-01-26T12:07:28+00:00,ACTIONED,LOW,POLICY-v1
ALT-004232,CMP-004232,2026-02-08T09:41:17+00:00,PENDING,HIGH,POLICY-v1
ALT-004233,CMP-004233,2026-06-20T16:05:56+00:00,ACTIONED,MEDIUM,POLICY-v1
ALT-004234,CMP-004234,2026-01-21T22:02:45+00:00,ACTIONED,LOW,POLICY-v1
ALT-004235,CMP-004235,2026-02-07T10:53:08+00:00,ACTIONED,HIGH,POLICY-v1
ALT-004236,CMP-004236,2026-02-25T11:09:20+00:00,EXPIRED,HIGH,POLICY-v1
ALT-004237,CMP-004237,2026-06-08T10:37:20+00:00,ACTIONED,LOW,POLICY-v1
ALT-004238,CMP-004238,2026-05-29T05:39:21+00:00,ACTIONED,LOW,POLICY-v1
ALT-004239,CMP-004239,2026-01-07T02:24:35+00:00,ACTIONED,HIGH,POLICY-v1
ALT-004240,CMP-004240,2026-04-28T09:42:02+00:00,EXPIRED,HIGH,POLICY-v1
ALT-004241,CMP-004241,2026-04-04T11:23:53+00:00,PENDING,LOW,POLICY-v1
ALT-004242,CMP-004242,2026-02-16T08:37:17+00:00,ACKNOWLEDGED,HIGH,POLICY-v1
ALT-004243,CMP-004243,2026-06-07T04:51:38+00:00,ACTIONED,LOW,POLICY-v1
ALT-004244,CMP-004244,2026-06-24T04:39:48+00:00,PENDING,LOW,POLICY-v1
ALT-004245,CMP-004245,2026-06-21T14:21:07+00:00,EXPIRED,MEDIUM,POLICY-v1
ALT-004246,CMP-004246,2026-04-15T14:44:19+00:00,PENDING,MEDIUM,POLICY-v1
ALT-004247,CMP-004247,2026-01-30T00:11:13+00:00,ACTIONED,MEDIUM,POLICY-v1
ALT-004248,CMP-004248,2026-06-29T17:15:29+00:00,EXPIRED,MEDIUM,POLICY-v1
ALT-004249,CMP-004249,2026-06-04T09:18:32+00:00,ACTIONED,MEDIUM,POLICY-v1
ALT-004250,CMP-004250,2026-01-28T22:21:39+00:00,ACTIONED,HIGH,POLICY-v1
ALT-004251,CMP-004251,2026-04-17T12:23:45+00:00,PENDING,LOW,POLICY-v1
ALT-004252,CMP-004252,2026-05-02T10:20:08+00:00,ACKNOWLEDGED,MEDIUM,POLICY-v1
ALT-004253,CMP-004253,2026-04-13T03:15:15+00:00,ACTIONED,HIGH,POLICY-v1
ALT-004254,CMP-004254,2026-04-23T03:06:10+00:00,ACTIONED,MEDIUM,POLICY-v1
ALT-004255,CMP-004255,2026-04-12T19:14:03+00:00,EXPIRED,LOW,POLICY-v1
ALT-004256,CMP-004256,2026-04-29T23:34:22+00:00,PENDING,MEDIUM,POLICY-v1
ALT-004257,CMP-004257,2026-03-10T06:04:50+00:00,ACTIONED,MEDIUM,POLICY-v1
ALT-004258,CMP-004258,2026-03-04T10:56:52+00:00,ACTIONED,LOW,POLICY-v1
ALT-004259,CMP-004259,2026-02-26T17:53:23+00:00,PENDING,HIGH,POLICY-v1
ALT-004260,CMP-004260,2026-02-27T03:42:19+00:00,ACTIONED,MEDIUM,POLICY-v1
ALT-004261,CMP-004261,2026-01-01T14:01:10+00:00,ACKNOWLEDGED,MEDIUM,POLICY-v1
ALT-004262,CMP-004262,2026-04-02T04:12:22+00:00,PENDING,HIGH,POLICY-v1
ALT-004263,CMP-004263,2026-01-14T20:34:34+00:00,EXPIRED,HIGH,POLICY-v1
ALT-004264,CMP-004264,2026-01-30T18:06:01+00:00,ACKNOWLEDGED,LOW,POLICY-v1
ALT-004265,CMP-004265,2026-05-21T03:37:59+00:00,ACKNOWLEDGED,HIGH,POLICY-v1
ALT-004266,CMP-004266,2026-02-27T04:04:47+00:00,ACTIONED,LOW,POLICY-v1
ALT-004267,CMP-004267,2026-06-04T15:30:23+00:00,ACTIONED,LOW,POLICY-v1
ALT-004268,CMP-004268,2026-03-29T07:30:03+00:00,ACTIONED,LOW,POLICY-v1
ALT-004269,CMP-004269,2026-06-05T09:23:37+00:00,ACTIONED,LOW,POLICY-v1
ALT-004270,CMP-004270,2026-05-10T00:16:03+00:00,ACKNOWLEDGED,HIGH,POLICY-v1
ALT-004271,CMP-004271,2026-05-03T19:20:37+00:00,ACKNOWLEDGED,MEDIUM,POLICY-v1
ALT-004272,CMP-004272,2026-04-10T01:05:37+00:00,ACTIONED,HIGH,POLICY-v1
ALT-004273,CMP-004273,2026-06-29T06:43:13+00:00,EXPIRED,MEDIUM,POLICY-v1
ALT-004274,CMP-004274,2026-03-26T09:18:14+00:00,EXPIRED,MEDIUM,POLICY-v1
ALT-004275,CMP-004275,2026-06-29T05:18:19+00:00,PENDING,LOW,POLICY-v1
ALT-004276,CMP-004276,2026-04-25T15:06:20+00:00,PENDING,LOW,POLICY-v1
ALT-004277,CMP-004277,2026-03-04T14:19:57+00:00,EXPIRED,MEDIUM,POLICY-v1
ALT-004278,CMP-004278,2026-06-07T00:19:41+00:00,ACTIONED,HIGH,POLICY-v1
ALT-004279,CMP-004279,2026-05-26T21:15:33+00:00,ACTIONED,MEDIUM,POLICY-v1
ALT-004280,CMP-004280,2026-01-19T23:21:33+00:00,ACTIONED,HIGH,POLICY-v1
ALT-004281,CMP-004281,2026-05-28T07:01:35+00:00,ACTIONED,MEDIUM,POLICY-v1
ALT-004282,CMP-004282,2026-03-14T10:32:59+00:00,ACTIONED,LOW,POLICY-v1
ALT-004283,CMP-004283,2026-05-14T23:49:04+00:00,EXPIRED,MEDIUM,POLICY-v1
ALT-004284,CMP-004284,2026-04-14T00:47:06+00:00,ACTIONED,MEDIUM,POLICY-v1
ALT-004285,CMP-004285,2026-01-30T06:36:21+00:00,ACTIONED,MEDIUM,POLICY-v1
ALT-004286,CMP-004286,2026-01-27T04:19:12+00:00,EXPIRED,LOW,POLICY-v1
ALT-004287,CMP-004287,2026-06-21T20:59:16+00:00,ACTIONED,LOW,POLICY-v1
ALT-004288,CMP-004288,2026-01-25T21:38:38+00:00,ACKNOWLEDGED,HIGH,POLICY-v1
ALT-004289,CMP-004289,2026-02-06T12:59:28+00:00,EXPIRED,HIGH,POLICY-v1
ALT-004290,CMP-004290,2026-03-31T08:39:39+00:00,ACKNOWLEDGED,MEDIUM,POLICY-v1
ALT-004291,CMP-004291,2026-06-18T02:59:00+00:00,ACTIONED,HIGH,POLICY-v1
ALT-004292,CMP-004292,2026-05-03T11:35:32+00:00,PENDING,MEDIUM,POLICY-v1
ALT-004293,CMP-004293,2026-02-10T19:09:37+00:00,ACKNOWLEDGED,MEDIUM,POLICY-v1
ALT-004294,CMP-004294,2026-06-01T01:48:13+00:00,ACKNOWLEDGED,HIGH,POLICY-v1
ALT-004295,CMP-004295,2026-02-04T18:07:35+00:00,ACTIONED,LOW,POLICY-v1
ALT-004296,CMP-004296,2026-03-18T11:32:18+00:00,ACTIONED,HIGH,POLICY-v1
ALT-004297,CMP-004297,2026-06-02T17:51:05+00:00,ACTIONED,LOW,POLICY-v1
ALT-004298,CMP-004298,2026-05-17T03:15:44+00:00,PENDING,MEDIUM,POLICY-v1
ALT-004299,CMP-004299,2026-03-23T04:44:14+00:00,ACTIONED,MEDIUM,POLICY-v1
ALT-004300,CMP-004300,2026-02-13T02:10:56+00:00,ACKNOWLEDGED,HIGH,POLICY-v1
ALT-004301,CMP-004301,2026-01-11T13:12:38+00:00,ACTIONED,HIGH,POLICY-v1
ALT-004302,CMP-004302,2026-03-31T02:59:54+00:00,ACTIONED,LOW,POLICY-v1
ALT-004303,CMP-004303,2026-05-02T12:53:08+00:00,PENDING,LOW,POLICY-v1
ALT-004304,CMP-004304,2026-03-13T19:00:50+00:00,ACKNOWLEDGED,HIGH,POLICY-v1
ALT-004305,CMP-004305,2026-05-14T00:36:34+00:00,ACKNOWLEDGED,LOW,POLICY-v1
ALT-004306,CMP-004306,2026-03-25T15:22:12+00:00,PENDING,LOW,POLICY-v1
ALT-004307,CMP-004307,2026-05-20T03:08:45+00:00,PENDING,MEDIUM,POLICY-v1
ALT-004308,CMP-004308,2026-03-15T08:04:37+00:00,ACKNOWLEDGED,MEDIUM,POLICY-v1
ALT-004309,CMP-004309,2026-04-17T01:43:55+00:00,PENDING,HIGH,POLICY-v1
ALT-004310,CMP-004310,2026-05-10T19:06:13+00:00,ACKNOWLEDGED,MEDIUM,POLICY-v1
ALT-004311,CMP-004311,2026-05-24T02:47:43+00:00,EXPIRED,LOW,POLICY-v1
ALT-004312,CMP-004312,2026-04-23T07:36:56+00:00,ACTIONED,LOW,POLICY-v1
ALT-004313,CMP-004313,2026-06-25T10:01:28+00:00,ACTIONED,HIGH,POLICY-v1
ALT-004314,CMP-004314,2026-03-21T19:02:21+00:00,PENDING,HIGH,POLICY-v1
ALT-004315,CMP-004315,2026-02-04T08:57:51+00:00,ACTIONED,HIGH,POLICY-v1
ALT-004316,CMP-004316,2026-04-08T16:32:07+00:00,ACTIONED,HIGH,POLICY-v1
ALT-004317,CMP-004317,2026-04-13T07:35:03+00:00,ACTIONED,LOW,POLICY-v1
ALT-004318,CMP-004318,2026-02-27T03:54:47+00:00,ACTIONED,HIGH,POLICY-v1
ALT-004319,CMP-004319,2026-02-01T21:59:09+00:00,ACKNOWLEDGED,MEDIUM,POLICY-v1
ALT-004320,CMP-004320,2026-04-16T11:23:40+00:00,ACTIONED,MEDIUM,POLICY-v1
ALT-004321,CMP-004321,2026-06-15T18:15:27+00:00,ACTIONED,HIGH,POLICY-v1
ALT-004322,CMP-004322,2026-06-17T02:45:21+00:00,EXPIRED,HIGH,POLICY-v1
ALT-004323,CMP-004323,2026-05-10T19:30:20+00:00,ACTIONED,MEDIUM,POLICY-v1
ALT-004324,CMP-004324,2026-04-26T16:46:25+00:00,ACKNOWLEDGED,MEDIUM,POLICY-v1
ALT-004325,CMP-004325,2026-01-06T13:43:18+00:00,EXPIRED,MEDIUM,POLICY-v1
ALT-004326,CMP-004326,2026-01-28T21:26:00+00:00,EXPIRED,MEDIUM,POLICY-v1
ALT-004327,CMP-004327,2026-03-07T21:15:22+00:00,ACTIONED,LOW,POLICY-v1
ALT-004328,CMP-004328,2026-03-04T19:51:33+00:00,ACKNOWLEDGED,LOW,POLICY-v1
ALT-004329,CMP-004329,2026-02-07T07:24:14+00:00,ACTIONED,HIGH,POLICY-v1
ALT-004330,CMP-004330,2026-04-20T12:21:06+00:00,ACKNOWLEDGED,MEDIUM,POLICY-v1
ALT-004331,CMP-004331,2026-03-08T19:21:16+00:00,ACTIONED,HIGH,POLICY-v1
ALT-004332,CMP-004332,2026-01-09T11:46:56+00:00,ACKNOWLEDGED,MEDIUM,POLICY-v1
ALT-004333,CMP-004333,2026-01-26T21:30:16+00:00,ACKNOWLEDGED,HIGH,POLICY-v1
ALT-004334,CMP-004334,2026-06-21T23:56:47+00:00,PENDING,MEDIUM,POLICY-v1
ALT-004335,CMP-004335,2026-03-26T12:41:50+00:00,ACTIONED,MEDIUM,POLICY-v1
ALT-004336,CMP-004336,2026-01-17T20:26:44+00:00,ACTIONED,MEDIUM,POLICY-v1
ALT-004337,CMP-004337,2026-04-06T23:06:09+00:00,EXPIRED,LOW,POLICY-v1
ALT-004338,CMP-004338,2026-05-09T19:06:39+00:00,ACTIONED,MEDIUM,POLICY-v1
ALT-004339,CMP-004339,2026-03-09T06:23:21+00:00,ACKNOWLEDGED,HIGH,POLICY-v1
ALT-004340,CMP-004340,2026-06-27T19:24:01+00:00,ACTIONED,MEDIUM,POLICY-v1
ALT-004341,CMP-004341,2026-04-24T02:44:59+00:00,ACTIONED,HIGH,POLICY-v1
ALT-004342,CMP-004342,2026-04-06T02:47:47+00:00,PENDING,HIGH,POLICY-v1
ALT-004343,CMP-004343,2026-01-28T12:01:22+00:00,ACTIONED,MEDIUM,POLICY-v1
ALT-004344,CMP-004344,2026-02-16T07:44:17+00:00,ACTIONED,HIGH,POLICY-v1
ALT-004345,CMP-004345,2026-04-08T08:01:48+00:00,PENDING,LOW,POLICY-v1
ALT-004346,CMP-004346,2026-04-30T08:44:51+00:00,ACKNOWLEDGED,LOW,POLICY-v1
ALT-004347,CMP-004347,2026-02-07T11:46:43+00:00,ACTIONED,MEDIUM,POLICY-v1
ALT-004348,CMP-004348,2026-03-25T08:52:11+00:00,PENDING,LOW,POLICY-v1
ALT-004349,CMP-004349,2026-04-06T07:00:43+00:00,ACTIONED,LOW,POLICY-v1
ALT-004350,CMP-004350,2026-01-29T09:06:51+00:00,ACTIONED,HIGH,POLICY-v1
ALT-004351,CMP-004351,2026-06-05T07:18:45+00:00,ACTIONED,MEDIUM,POLICY-v1
ALT-004352,CMP-004352,2026-02-18T10:21:39+00:00,PENDING,LOW,POLICY-v1
ALT-004353,CMP-004353,2026-03-29T10:44:09+00:00,ACTIONED,LOW,POLICY-v1
ALT-004354,CMP-004354,2026-01-15T13:49:51+00:00,PENDING,LOW,POLICY-v1
ALT-004355,CMP-004355,2026-04-07T05:39:55+00:00,ACKNOWLEDGED,MEDIUM,POLICY-v1
ALT-004356,CMP-004356,2026-05-05T05:07:31+00:00,ACTIONED,LOW,POLICY-v1
ALT-004357,CMP-004357,2026-06-21T21:09:42+00:00,ACKNOWLEDGED,MEDIUM,POLICY-v1
ALT-004358,CMP-004358,2026-06-12T12:00:44+00:00,ACTIONED,HIGH,POLICY-v1
ALT-004359,CMP-004359,2026-01-04T05:55:08+00:00,ACTIONED,LOW,POLICY-v1
ALT-004360,CMP-004360,2026-04-06T08:45:28+00:00,PENDING,LOW,POLICY-v1
ALT-004361,CMP-004361,2026-01-08T20:34:04+00:00,ACTIONED,LOW,POLICY-v1
ALT-004362,CMP-004362,2026-06-22T04:48:17+00:00,EXPIRED,MEDIUM,POLICY-v1
ALT-004363,CMP-004363,2026-02-11T10:35:48+00:00,ACKNOWLEDGED,HIGH,POLICY-v1
ALT-004364,CMP-004364,2026-05-01T02:36:33+00:00,ACKNOWLEDGED,LOW,POLICY-v1
ALT-004365,CMP-004365,2026-02-01T12:16:53+00:00,ACTIONED,LOW,POLICY-v1
ALT-004366,CMP-004366,2026-03-26T03:50:09+00:00,PENDING,HIGH,POLICY-v1
ALT-004367,CMP-004367,2026-03-10T14:43:23+00:00,EXPIRED,MEDIUM,POLICY-v1
ALT-004368,CMP-004368,2026-06-18T08:32:00+00:00,ACTIONED,MEDIUM,POLICY-v1
ALT-004369,CMP-004369,2026-03-15T01:38:55+00:00,ACTIONED,MEDIUM,POLICY-v1
ALT-004370,CMP-004370,2026-01-11T12:15:35+00:00,ACTIONED,MEDIUM,POLICY-v1
ALT-004371,CMP-004371,2026-03-14T20:19:45+00:00,ACTIONED,LOW,POLICY-v1
ALT-004372,CMP-004372,2026-04-06T09:13:39+00:00,PENDING,LOW,POLICY-v1
ALT-004373,CMP-004373,2026-02-22T09:26:56+00:00,ACTIONED,HIGH,POLICY-v1
ALT-004374,CMP-004374,2026-01-28T12:17:27+00:00,ACTIONED,LOW,POLICY-v1
ALT-004375,CMP-004375,2026-04-12T23:28:30+00:00,ACTIONED,MEDIUM,POLICY-v1
ALT-004376,CMP-004376,2026-06-11T15:42:59+00:00,ACTIONED,LOW,POLICY-v1
ALT-004377,CMP-004377,2026-01-19T07:36:31+00:00,ACTIONED,MEDIUM,POLICY-v1
ALT-004378,CMP-004378,2026-01-14T09:32:43+00:00,ACTIONED,MEDIUM,POLICY-v1
ALT-004379,CMP-004379,2026-04-22T01:56:14+00:00,EXPIRED,MEDIUM,POLICY-v1
ALT-004380,CMP-004380,2026-06-05T07:57:05+00:00,PENDING,HIGH,POLICY-v1
ALT-004381,CMP-004381,2026-01-13T14:46:37+00:00,ACTIONED,HIGH,POLICY-v1
ALT-004382,CMP-004382,2026-05-07T06:35:03+00:00,EXPIRED,LOW,POLICY-v1
ALT-004383,CMP-004383,2026-02-27T12:45:26+00:00,PENDING,MEDIUM,POLICY-v1
ALT-004384,CMP-004384,2026-05-31T05:30:02+00:00,ACTIONED,LOW,POLICY-v1
ALT-004385,CMP-004385,2026-02-27T08:54:00+00:00,ACTIONED,HIGH,POLICY-v1
ALT-004386,CMP-004386,2026-03-07T23:45:22+00:00,ACTIONED,HIGH,POLICY-v1
ALT-004387,CMP-004387,2026-02-25T07:35:19+00:00,ACTIONED,HIGH,POLICY-v1
ALT-004388,CMP-004388,2026-03-24T19:13:08+00:00,ACKNOWLEDGED,LOW,POLICY-v1
ALT-004389,CMP-004389,2026-05-13T17:24:43+00:00,EXPIRED,HIGH,POLICY-v1
ALT-004390,CMP-004390,2026-06-14T06:33:20+00:00,ACTIONED,LOW,POLICY-v1
ALT-004391,CMP-004391,2026-06-03T15:31:54+00:00,PENDING,MEDIUM,POLICY-v1
ALT-004392,CMP-004392,2026-05-04T08:19:40+00:00,PENDING,MEDIUM,POLICY-v1
ALT-004393,CMP-004393,2026-01-02T15:17:37+00:00,PENDING,HIGH,POLICY-v1
ALT-004394,CMP-004394,2026-05-07T15:19:49+00:00,EXPIRED,LOW,POLICY-v1
ALT-004395,CMP-004395,2026-06-16T12:58:39+00:00,ACTIONED,LOW,POLICY-v1
ALT-004396,CMP-004396,2026-03-02T13:15:06+00:00,ACKNOWLEDGED,MEDIUM,POLICY-v1
ALT-004397,CMP-004397,2026-06-27T11:13:49+00:00,ACTIONED,LOW,POLICY-v1
ALT-004398,CMP-004398,2026-06-20T15:58:51+00:00,ACTIONED,HIGH,POLICY-v1
ALT-004399,CMP-004399,2026-03-14T22:00:45+00:00,ACTIONED,HIGH,POLICY-v1
ALT-004400,CMP-004400,2026-05-21T06:44:00+00:00,ACTIONED,MEDIUM,POLICY-v1
ALT-004401,CMP-004401,2026-01-08T16:32:38+00:00,EXPIRED,LOW,POLICY-v1
ALT-004402,CMP-004402,2026-04-08T00:41:45+00:00,ACTIONED,MEDIUM,POLICY-v1
ALT-004403,CMP-004403,2026-06-12T03:54:20+00:00,PENDING,HIGH,POLICY-v1
ALT-004404,CMP-004404,2026-04-27T14:50:50+00:00,ACKNOWLEDGED,HIGH,POLICY-v1
ALT-004405,CMP-004405,2026-04-13T00:21:53+00:00,ACKNOWLEDGED,LOW,POLICY-v1
ALT-004406,CMP-004406,2026-05-25T14:23:05+00:00,ACKNOWLEDGED,HIGH,POLICY-v1
ALT-004407,CMP-004407,2026-03-24T01:17:42+00:00,PENDING,HIGH,POLICY-v1
ALT-004408,CMP-004408,2026-06-07T15:25:22+00:00,ACKNOWLEDGED,LOW,POLICY-v1
ALT-004409,CMP-004409,2026-04-28T14:26:14+00:00,ACTIONED,MEDIUM,POLICY-v1
ALT-004410,CMP-004410,2026-03-08T15:28:54+00:00,ACKNOWLEDGED,MEDIUM,POLICY-v1
ALT-004411,CMP-004411,2026-06-09T15:34:37+00:00,EXPIRED,HIGH,POLICY-v1
ALT-004412,CMP-004412,2026-02-06T21:10:36+00:00,ACTIONED,MEDIUM,POLICY-v1
ALT-004413,CMP-004413,2026-06-27T08:04:27+00:00,ACTIONED,HIGH,POLICY-v1
ALT-004414,CMP-004414,2026-05-15T01:30:27+00:00,ACTIONED,LOW,POLICY-v1
ALT-004415,CMP-004415,2026-05-26T10:26:46+00:00,ACKNOWLEDGED,MEDIUM,POLICY-v1
ALT-004416,CMP-004416,2026-01-12T09:20:25+00:00,ACTIONED,LOW,POLICY-v1
ALT-004417,CMP-004417,2026-01-06T03:18:00+00:00,ACKNOWLEDGED,MEDIUM,POLICY-v1
ALT-004418,CMP-004418,2026-03-09T19:19:35+00:00,ACTIONED,HIGH,POLICY-v1
ALT-004419,CMP-004419,2026-02-03T21:00:26+00:00,ACKNOWLEDGED,LOW,POLICY-v1
ALT-004420,CMP-004420,2026-02-05T21:22:33+00:00,EXPIRED,LOW,POLICY-v1
ALT-004421,CMP-004421,2026-03-16T20:51:41+00:00,ACTIONED,MEDIUM,POLICY-v1
ALT-004422,CMP-004422,2026-03-30T03:42:55+00:00,ACTIONED,HIGH,POLICY-v1
ALT-004423,CMP-004423,2026-06-19T17:27:57+00:00,ACTIONED,LOW,POLICY-v1
ALT-004424,CMP-004424,2026-04-12T06:59:36+00:00,ACTIONED,LOW,POLICY-v1
ALT-004425,CMP-004425,2026-03-30T13:19:07+00:00,EXPIRED,HIGH,POLICY-v1
ALT-004426,CMP-004426,2026-03-03T21:28:01+00:00,ACKNOWLEDGED,LOW,POLICY-v1
ALT-004427,CMP-004427,2026-03-20T00:13:57+00:00,ACKNOWLEDGED,HIGH,POLICY-v1
ALT-004428,CMP-004428,2026-01-13T19:57:42+00:00,ACTIONED,LOW,POLICY-v1
ALT-004429,CMP-004429,2026-05-31T19:55:19+00:00,ACKNOWLEDGED,MEDIUM,POLICY-v1
ALT-004430,CMP-004430,2026-03-16T08:35:49+00:00,EXPIRED,LOW,POLICY-v1
ALT-004431,CMP-004431,2026-05-31T04:03:01+00:00,EXPIRED,HIGH,POLICY-v1
ALT-004432,CMP-004432,2026-06-20T19:41:37+00:00,ACTIONED,MEDIUM,POLICY-v1
ALT-004433,CMP-004433,2026-02-27T03:53:42+00:00,ACKNOWLEDGED,LOW,POLICY-v1
ALT-004434,CMP-004434,2026-01-18T18:22:37+00:00,ACTIONED,LOW,POLICY-v1
ALT-004435,CMP-004435,2026-04-24T15:33:11+00:00,EXPIRED,LOW,POLICY-v1
ALT-004436,CMP-004436,2026-04-30T23:21:29+00:00,ACKNOWLEDGED,MEDIUM,POLICY-v1
ALT-004437,CMP-004437,2026-02-23T21:49:42+00:00,ACKNOWLEDGED,LOW,POLICY-v1
ALT-004438,CMP-004438,2026-06-15T06:43:45+00:00,ACTIONED,LOW,POLICY-v1
ALT-004439,CMP-004439,2026-01-02T01:44:27+00:00,ACTIONED,LOW,POLICY-v1
ALT-004440,CMP-004440,2026-05-21T12:32:59+00:00,ACTIONED,LOW,POLICY-v1
ALT-004441,CMP-004441,2026-02-23T23:52:20+00:00,ACKNOWLEDGED,LOW,POLICY-v1
ALT-004442,CMP-004442,2026-01-08T04:45:32+00:00,PENDING,LOW,POLICY-v1
ALT-004443,CMP-004443,2026-03-22T04:53:10+00:00,ACKNOWLEDGED,MEDIUM,POLICY-v1
ALT-004444,CMP-004444,2026-04-05T15:34:16+00:00,ACTIONED,MEDIUM,POLICY-v1
ALT-004445,CMP-004445,2026-03-04T19:21:39+00:00,ACKNOWLEDGED,LOW,POLICY-v1
ALT-004446,CMP-004446,2026-05-05T14:41:39+00:00,ACTIONED,MEDIUM,POLICY-v1
ALT-004447,CMP-004447,2026-03-20T01:57:15+00:00,ACKNOWLEDGED,MEDIUM,POLICY-v1
ALT-004448,CMP-004448,2026-02-17T01:06:21+00:00,ACKNOWLEDGED,LOW,POLICY-v1
ALT-004449,CMP-004449,2026-04-29T11:25:24+00:00,EXPIRED,HIGH,POLICY-v1
ALT-004450,CMP-004450,2026-01-07T03:43:55+00:00,EXPIRED,MEDIUM,POLICY-v1
ALT-004451,CMP-004451,2026-01-27T01:44:38+00:00,PENDING,MEDIUM,POLICY-v1
ALT-004452,CMP-004452,2026-02-16T04:08:36+00:00,ACTIONED,MEDIUM,POLICY-v1
ALT-004453,CMP-004453,2026-04-05T09:48:06+00:00,EXPIRED,MEDIUM,POLICY-v1
ALT-004454,CMP-004454,2026-06-20T02:08:37+00:00,PENDING,MEDIUM,POLICY-v1
ALT-004455,CMP-004455,2026-03-08T07:52:32+00:00,ACKNOWLEDGED,HIGH,POLICY-v1
ALT-004456,CMP-004456,2026-03-09T12:30:45+00:00,ACTIONED,HIGH,POLICY-v1
ALT-004457,CMP-004457,2026-02-12T23:08:11+00:00,EXPIRED,MEDIUM,POLICY-v1
ALT-004458,CMP-004458,2026-01-21T23:51:51+00:00,ACKNOWLEDGED,MEDIUM,POLICY-v1
ALT-004459,CMP-004459,2026-06-23T11:01:15+00:00,ACTIONED,LOW,POLICY-v1
ALT-004460,CMP-004460,2026-06-08T00:25:33+00:00,ACTIONED,LOW,POLICY-v1
ALT-004461,CMP-004461,2026-04-24T06:23:39+00:00,ACKNOWLEDGED,HIGH,POLICY-v1
ALT-004462,CMP-004462,2026-02-17T21:54:27+00:00,ACKNOWLEDGED,MEDIUM,POLICY-v1
ALT-004463,CMP-004463,2026-04-04T18:46:40+00:00,EXPIRED,MEDIUM,POLICY-v1
ALT-004464,CMP-004464,2026-02-01T17:57:10+00:00,PENDING,MEDIUM,POLICY-v1
ALT-004465,CMP-004465,2026-05-10T08:40:00+00:00,ACTIONED,MEDIUM,POLICY-v1
ALT-004466,CMP-004466,2026-01-17T07:10:18+00:00,ACKNOWLEDGED,HIGH,POLICY-v1
ALT-004467,CMP-004467,2026-02-10T08:00:38+00:00,ACTIONED,HIGH,POLICY-v1
ALT-004468,CMP-004468,2026-01-12T23:36:44+00:00,ACTIONED,LOW,POLICY-v1
ALT-004469,CMP-004469,2026-02-25T14:05:23+00:00,ACKNOWLEDGED,MEDIUM,POLICY-v1
ALT-004470,CMP-004470,2026-05-02T13:16:40+00:00,ACKNOWLEDGED,HIGH,POLICY-v1
ALT-004471,CMP-004471,2026-01-27T23:14:51+00:00,ACTIONED,HIGH,POLICY-v1
ALT-004472,CMP-004472,2026-05-27T18:23:04+00:00,ACTIONED,LOW,POLICY-v1
ALT-004473,CMP-004473,2026-02-21T02:21:25+00:00,ACTIONED,LOW,POLICY-v1
ALT-004474,CMP-004474,2026-06-01T01:54:03+00:00,EXPIRED,MEDIUM,POLICY-v1
ALT-004475,CMP-004475,2026-05-19T11:24:54+00:00,ACTIONED,LOW,POLICY-v1
ALT-004476,CMP-004476,2026-05-26T17:19:43+00:00,PENDING,MEDIUM,POLICY-v1
ALT-004477,CMP-004477,2026-03-29T15:34:23+00:00,EXPIRED,HIGH,POLICY-v1
ALT-004478,CMP-004478,2026-01-05T09:42:04+00:00,ACTIONED,LOW,POLICY-v1
ALT-004479,CMP-004479,2026-05-15T01:04:40+00:00,ACTIONED,HIGH,POLICY-v1
ALT-004480,CMP-004480,2026-04-05T01:53:55+00:00,ACKNOWLEDGED,HIGH,POLICY-v1
ALT-004481,CMP-004481,2026-03-25T00:58:45+00:00,PENDING,MEDIUM,POLICY-v1
ALT-004482,CMP-004482,2026-06-09T06:49:21+00:00,ACKNOWLEDGED,HIGH,POLICY-v1
ALT-004483,CMP-004483,2026-02-11T09:21:22+00:00,ACTIONED,MEDIUM,POLICY-v1
ALT-004484,CMP-004484,2026-02-04T23:33:22+00:00,EXPIRED,MEDIUM,POLICY-v1
ALT-004485,CMP-004485,2026-03-25T09:57:13+00:00,ACTIONED,MEDIUM,POLICY-v1
ALT-004486,CMP-004486,2026-02-09T09:15:21+00:00,ACTIONED,LOW,POLICY-v1
ALT-004487,CMP-004487,2026-06-13T00:08:55+00:00,ACTIONED,HIGH,POLICY-v1
ALT-004488,CMP-004488,2026-06-25T00:27:52+00:00,ACKNOWLEDGED,MEDIUM,POLICY-v1
ALT-004489,CMP-004489,2026-03-13T06:56:04+00:00,ACTIONED,HIGH,POLICY-v1
ALT-004490,CMP-004490,2026-04-16T14:37:01+00:00,ACKNOWLEDGED,MEDIUM,POLICY-v1
ALT-004491,CMP-004491,2026-06-08T02:11:33+00:00,ACTIONED,LOW,POLICY-v1
ALT-004492,CMP-004492,2026-01-05T21:38:05+00:00,ACTIONED,LOW,POLICY-v1
ALT-004493,CMP-004493,2026-04-17T10:01:37+00:00,EXPIRED,LOW,POLICY-v1
ALT-004494,CMP-004494,2026-06-10T10:10:19+00:00,ACTIONED,MEDIUM,POLICY-v1
ALT-004495,CMP-004495,2026-05-08T14:55:29+00:00,ACTIONED,LOW,POLICY-v1
ALT-004496,CMP-004496,2026-05-08T08:43:07+00:00,ACKNOWLEDGED,HIGH,POLICY-v1
ALT-004497,CMP-004497,2026-02-28T05:03:49+00:00,ACTIONED,HIGH,POLICY-v1
ALT-004498,CMP-004498,2026-01-24T09:32:49+00:00,ACTIONED,LOW,POLICY-v1
ALT-004499,CMP-004499,2026-01-29T03:28:02+00:00,ACTIONED,MEDIUM,POLICY-v1
ALT-004500,CMP-004500,2026-06-07T02:58:03+00:00,ACKNOWLEDGED,HIGH,POLICY-v1
ALT-004501,CMP-004501,2026-03-29T21:32:44+00:00,ACTIONED,HIGH,POLICY-v1
ALT-004502,CMP-004502,2026-04-22T17:52:12+00:00,ACTIONED,LOW,POLICY-v1
ALT-004503,CMP-004503,2026-02-26T00:43:51+00:00,ACKNOWLEDGED,HIGH,POLICY-v1
ALT-004504,CMP-004504,2026-03-18T22:55:08+00:00,EXPIRED,HIGH,POLICY-v1
ALT-004505,CMP-004505,2026-06-05T04:21:16+00:00,ACTIONED,HIGH,POLICY-v1
ALT-004506,CMP-004506,2026-01-24T22:07:02+00:00,ACKNOWLEDGED,MEDIUM,POLICY-v1
ALT-004507,CMP-004507,2026-05-09T18:58:28+00:00,ACTIONED,LOW,POLICY-v1
ALT-004508,CMP-004508,2026-03-19T13:49:42+00:00,ACTIONED,MEDIUM,POLICY-v1
ALT-004509,CMP-004509,2026-05-13T03:13:58+00:00,PENDING,MEDIUM,POLICY-v1
ALT-004510,CMP-004510,2026-01-10T08:57:21+00:00,ACKNOWLEDGED,LOW,POLICY-v1
ALT-004511,CMP-004511,2026-01-13T13:58:05+00:00,ACTIONED,LOW,POLICY-v1
ALT-004512,CMP-004512,2026-04-19T19:06:03+00:00,ACTIONED,LOW,POLICY-v1
ALT-004513,CMP-004513,2026-06-18T18:12:06+00:00,EXPIRED,LOW,POLICY-v1
ALT-004514,CMP-004514,2026-03-11T23:49:47+00:00,EXPIRED,LOW,POLICY-v1
ALT-004515,CMP-004515,2026-06-06T05:27:22+00:00,EXPIRED,HIGH,POLICY-v1
ALT-004516,CMP-004516,2026-01-10T15:15:05+00:00,ACKNOWLEDGED,HIGH,POLICY-v1
ALT-004517,CMP-004517,2026-04-27T16:58:05+00:00,EXPIRED,HIGH,POLICY-v1
ALT-004518,CMP-004518,2026-06-13T01:15:30+00:00,ACTIONED,HIGH,POLICY-v1
ALT-004519,CMP-004519,2026-04-20T00:19:01+00:00,ACTIONED,MEDIUM,POLICY-v1
ALT-004520,CMP-004520,2026-02-11T03:11:32+00:00,ACTIONED,HIGH,POLICY-v1
ALT-004521,CMP-004521,2026-03-02T15:39:44+00:00,ACTIONED,LOW,POLICY-v1
ALT-004522,CMP-004522,2026-01-01T14:08:46+00:00,ACTIONED,LOW,POLICY-v1
ALT-004523,CMP-004523,2026-05-24T15:30:23+00:00,ACTIONED,MEDIUM,POLICY-v1
ALT-004524,CMP-004524,2026-06-09T02:20:17+00:00,ACTIONED,MEDIUM,POLICY-v1
ALT-004525,CMP-004525,2026-06-14T16:52:22+00:00,EXPIRED,MEDIUM,POLICY-v1
ALT-004526,CMP-004526,2026-04-25T11:15:00+00:00,ACTIONED,HIGH,POLICY-v1
ALT-004527,CMP-004527,2026-04-21T19:36:49+00:00,ACTIONED,LOW,POLICY-v1
ALT-004528,CMP-004528,2026-03-17T11:50:35+00:00,EXPIRED,LOW,POLICY-v1
ALT-004529,CMP-004529,2026-05-07T18:11:37+00:00,ACTIONED,LOW,POLICY-v1
ALT-004530,CMP-004530,2026-04-20T23:13:21+00:00,ACKNOWLEDGED,HIGH,POLICY-v1
ALT-004531,CMP-004531,2026-04-11T17:55:34+00:00,ACTIONED,MEDIUM,POLICY-v1
ALT-004532,CMP-004532,2026-01-05T01:30:24+00:00,PENDING,HIGH,POLICY-v1
ALT-004533,CMP-004533,2026-01-20T14:43:25+00:00,ACTIONED,MEDIUM,POLICY-v1
ALT-004534,CMP-004534,2026-02-10T09:58:02+00:00,PENDING,MEDIUM,POLICY-v1
ALT-004535,CMP-004535,2026-06-24T15:32:16+00:00,ACKNOWLEDGED,HIGH,POLICY-v1
ALT-004536,CMP-004536,2026-02-11T04:28:06+00:00,EXPIRED,HIGH,POLICY-v1
ALT-004537,CMP-004537,2026-02-03T09:27:18+00:00,ACTIONED,HIGH,POLICY-v1
ALT-004538,CMP-004538,2026-03-21T23:33:47+00:00,ACTIONED,HIGH,POLICY-v1
ALT-004539,CMP-004539,2026-02-26T16:14:21+00:00,ACTIONED,MEDIUM,POLICY-v1
ALT-004540,CMP-004540,2026-04-30T05:31:05+00:00,EXPIRED,LOW,POLICY-v1
ALT-004541,CMP-004541,2026-06-22T17:39:25+00:00,ACKNOWLEDGED,MEDIUM,POLICY-v1
ALT-004542,CMP-004542,2026-05-07T01:28:33+00:00,ACTIONED,HIGH,POLICY-v1
ALT-004543,CMP-004543,2026-02-20T20:00:50+00:00,ACTIONED,LOW,POLICY-v1
ALT-004544,CMP-004544,2026-02-13T23:52:42+00:00,EXPIRED,HIGH,POLICY-v1
ALT-004545,CMP-004545,2026-06-06T07:28:43+00:00,ACTIONED,MEDIUM,POLICY-v1
ALT-004546,CMP-004546,2026-06-21T18:41:59+00:00,EXPIRED,HIGH,POLICY-v1
ALT-004547,CMP-004547,2026-04-24T11:50:15+00:00,ACTIONED,HIGH,POLICY-v1
ALT-004548,CMP-004548,2026-02-25T10:42:14+00:00,ACTIONED,MEDIUM,POLICY-v1
ALT-004549,CMP-004549,2026-04-07T00:31:21+00:00,ACTIONED,LOW,POLICY-v1
ALT-004550,CMP-004550,2026-05-21T19:16:21+00:00,PENDING,LOW,POLICY-v1
ALT-004551,CMP-004551,2026-05-08T13:49:11+00:00,ACTIONED,LOW,POLICY-v1
ALT-004552,CMP-004552,2026-05-20T06:41:10+00:00,ACTIONED,MEDIUM,POLICY-v1
ALT-004553,CMP-004553,2026-03-06T01:28:30+00:00,ACTIONED,MEDIUM,POLICY-v1
ALT-004554,CMP-004554,2026-06-06T04:59:45+00:00,EXPIRED,LOW,POLICY-v1
ALT-004555,CMP-004555,2026-05-14T10:44:55+00:00,ACTIONED,HIGH,POLICY-v1
ALT-004556,CMP-004556,2026-05-22T19:43:43+00:00,ACTIONED,MEDIUM,POLICY-v1
ALT-004557,CMP-004557,2026-05-09T10:10:30+00:00,ACTIONED,MEDIUM,POLICY-v1
ALT-004558,CMP-004558,2026-04-19T21:10:15+00:00,EXPIRED,HIGH,POLICY-v1
ALT-004559,CMP-004559,2026-01-03T11:31:31+00:00,PENDING,LOW,POLICY-v1
ALT-004560,CMP-004560,2026-03-20T17:07:21+00:00,EXPIRED,MEDIUM,POLICY-v1
ALT-004561,CMP-004561,2026-04-12T03:40:04+00:00,ACTIONED,LOW,POLICY-v1
ALT-004562,CMP-004562,2026-05-03T14:41:59+00:00,PENDING,HIGH,POLICY-v1
ALT-004563,CMP-004563,2026-04-01T06:02:08+00:00,PENDING,LOW,POLICY-v1
ALT-004564,CMP-004564,2026-06-29T21:27:52+00:00,EXPIRED,LOW,POLICY-v1
ALT-004565,CMP-004565,2026-06-17T15:41:28+00:00,ACTIONED,MEDIUM,POLICY-v1
ALT-004566,CMP-004566,2026-03-21T20:53:01+00:00,PENDING,MEDIUM,POLICY-v1
ALT-004567,CMP-004567,2026-05-08T22:19:35+00:00,ACTIONED,HIGH,POLICY-v1
ALT-004568,CMP-004568,2026-04-04T01:23:03+00:00,ACKNOWLEDGED,HIGH,POLICY-v1
ALT-004569,CMP-004569,2026-05-29T15:29:37+00:00,EXPIRED,HIGH,POLICY-v1
ALT-004570,CMP-004570,2026-02-21T08:00:06+00:00,ACTIONED,HIGH,POLICY-v1
ALT-004571,CMP-004571,2026-02-25T11:10:07+00:00,ACTIONED,LOW,POLICY-v1
ALT-004572,CMP-004572,2026-06-24T12:39:42+00:00,ACTIONED,MEDIUM,POLICY-v1
ALT-004573,CMP-004573,2026-01-10T05:52:26+00:00,ACTIONED,HIGH,POLICY-v1
ALT-004574,CMP-004574,2026-04-14T06:44:59+00:00,ACTIONED,HIGH,POLICY-v1
ALT-004575,CMP-004575,2026-04-08T08:57:37+00:00,ACKNOWLEDGED,HIGH,POLICY-v1
ALT-004576,CMP-004576,2026-06-03T10:38:34+00:00,ACTIONED,HIGH,POLICY-v1
ALT-004577,CMP-004577,2026-04-18T11:43:49+00:00,EXPIRED,LOW,POLICY-v1
ALT-004578,CMP-004578,2026-06-14T09:17:43+00:00,ACTIONED,MEDIUM,POLICY-v1
ALT-004579,CMP-004579,2026-01-25T07:54:28+00:00,ACTIONED,LOW,POLICY-v1
ALT-004580,CMP-004580,2026-03-04T18:35:44+00:00,ACTIONED,LOW,POLICY-v1
ALT-004581,CMP-004581,2026-03-10T04:35:51+00:00,ACKNOWLEDGED,HIGH,POLICY-v1
ALT-004582,CMP-004582,2026-04-15T06:19:14+00:00,ACTIONED,HIGH,POLICY-v1
ALT-004583,CMP-004583,2026-01-09T08:56:38+00:00,ACTIONED,MEDIUM,POLICY-v1
ALT-004584,CMP-004584,2026-06-20T15:02:49+00:00,ACTIONED,MEDIUM,POLICY-v1
ALT-004585,CMP-004585,2026-03-21T21:38:02+00:00,EXPIRED,LOW,POLICY-v1
ALT-004586,CMP-004586,2026-04-15T21:30:15+00:00,EXPIRED,MEDIUM,POLICY-v1
ALT-004587,CMP-004587,2026-03-14T21:33:56+00:00,ACKNOWLEDGED,LOW,POLICY-v1
ALT-004588,CMP-004588,2026-05-06T16:47:03+00:00,ACTIONED,HIGH,POLICY-v1
ALT-004589,CMP-004589,2026-05-27T14:02:23+00:00,ACKNOWLEDGED,HIGH,POLICY-v1
ALT-004590,CMP-004590,2026-02-11T09:20:45+00:00,PENDING,LOW,POLICY-v1
ALT-004591,CMP-004591,2026-04-11T12:33:07+00:00,ACTIONED,HIGH,POLICY-v1
ALT-004592,CMP-004592,2026-05-23T01:01:58+00:00,EXPIRED,HIGH,POLICY-v1
ALT-004593,CMP-004593,2026-06-03T02:37:11+00:00,ACKNOWLEDGED,HIGH,POLICY-v1
ALT-004594,CMP-004594,2026-05-13T02:47:04+00:00,EXPIRED,MEDIUM,POLICY-v1
ALT-004595,CMP-004595,2026-04-30T07:47:18+00:00,EXPIRED,MEDIUM,POLICY-v1
ALT-004596,CMP-004596,2026-05-08T20:30:19+00:00,PENDING,LOW,POLICY-v1
ALT-004597,CMP-004597,2026-01-25T10:32:06+00:00,ACTIONED,HIGH,POLICY-v1
ALT-004598,CMP-004598,2026-05-10T21:25:04+00:00,PENDING,HIGH,POLICY-v1
ALT-004599,CMP-004599,2026-03-15T16:32:36+00:00,ACTIONED,HIGH,POLICY-v1
ALT-004600,CMP-004600,2026-05-03T12:00:54+00:00,ACTIONED,LOW,POLICY-v1
ALT-004601,CMP-004601,2026-05-10T23:21:00+00:00,ACTIONED,HIGH,POLICY-v1
ALT-004602,CMP-004602,2026-05-07T14:41:42+00:00,ACTIONED,LOW,POLICY-v1
ALT-004603,CMP-004603,2026-06-28T13:29:15+00:00,PENDING,MEDIUM,POLICY-v1
ALT-004604,CMP-004604,2026-05-27T12:24:06+00:00,ACTIONED,HIGH,POLICY-v1
ALT-004605,CMP-004605,2026-05-28T05:51:56+00:00,ACKNOWLEDGED,HIGH,POLICY-v1
ALT-004606,CMP-004606,2026-04-19T04:01:36+00:00,ACTIONED,HIGH,POLICY-v1
ALT-004607,CMP-004607,2026-05-16T00:01:54+00:00,EXPIRED,HIGH,POLICY-v1
ALT-004608,CMP-004608,2026-03-14T17:18:17+00:00,EXPIRED,MEDIUM,POLICY-v1
ALT-004609,CMP-004609,2026-05-08T02:26:47+00:00,ACTIONED,HIGH,POLICY-v1
ALT-004610,CMP-004610,2026-05-03T05:04:51+00:00,ACTIONED,HIGH,POLICY-v1
ALT-004611,CMP-004611,2026-02-23T07:20:03+00:00,ACTIONED,HIGH,POLICY-v1
ALT-004612,CMP-004612,2026-05-28T22:40:50+00:00,ACTIONED,HIGH,POLICY-v1
ALT-004613,CMP-004613,2026-03-05T03:06:45+00:00,ACTIONED,HIGH,POLICY-v1
ALT-004614,CMP-004614,2026-04-14T05:25:23+00:00,PENDING,LOW,POLICY-v1
ALT-004615,CMP-004615,2026-05-02T12:17:26+00:00,PENDING,LOW,POLICY-v1
ALT-004616,CMP-004616,2026-02-13T08:18:57+00:00,ACKNOWLEDGED,HIGH,POLICY-v1
ALT-004617,CMP-004617,2026-04-07T12:54:16+00:00,ACTIONED,MEDIUM,POLICY-v1
ALT-004618,CMP-004618,2026-02-22T05:54:57+00:00,ACTIONED,HIGH,POLICY-v1
ALT-004619,CMP-004619,2026-06-09T00:34:29+00:00,EXPIRED,MEDIUM,POLICY-v1
ALT-004620,CMP-004620,2026-05-06T14:55:00+00:00,ACTIONED,LOW,POLICY-v1
ALT-004621,CMP-004621,2026-03-12T03:58:54+00:00,ACTIONED,MEDIUM,POLICY-v1
ALT-004622,CMP-004622,2026-03-29T12:11:11+00:00,ACTIONED,HIGH,POLICY-v1
ALT-004623,CMP-004623,2026-05-01T18:48:23+00:00,PENDING,MEDIUM,POLICY-v1
ALT-004624,CMP-004624,2026-03-10T09:15:50+00:00,ACTIONED,MEDIUM,POLICY-v1
ALT-004625,CMP-004625,2026-03-05T07:35:50+00:00,ACTIONED,MEDIUM,POLICY-v1
ALT-004626,CMP-004626,2026-06-10T22:43:18+00:00,ACKNOWLEDGED,HIGH,POLICY-v1
ALT-004627,CMP-004627,2026-04-30T03:35:50+00:00,ACTIONED,HIGH,POLICY-v1
ALT-004628,CMP-004628,2026-06-12T02:51:36+00:00,EXPIRED,MEDIUM,POLICY-v1
ALT-004629,CMP-004629,2026-06-23T13:04:57+00:00,PENDING,MEDIUM,POLICY-v1
ALT-004630,CMP-004630,2026-06-20T22:24:06+00:00,PENDING,HIGH,POLICY-v1
ALT-004631,CMP-004631,2026-06-13T10:17:10+00:00,ACKNOWLEDGED,HIGH,POLICY-v1
ALT-004632,CMP-004632,2026-01-26T17:17:01+00:00,ACTIONED,LOW,POLICY-v1
ALT-004633,CMP-004633,2026-03-07T05:59:10+00:00,PENDING,MEDIUM,POLICY-v1
ALT-004634,CMP-004634,2026-02-07T17:10:26+00:00,ACTIONED,HIGH,POLICY-v1
ALT-004635,CMP-004635,2026-04-28T17:58:42+00:00,ACTIONED,MEDIUM,POLICY-v1
ALT-004636,CMP-004636,2026-01-26T10:47:17+00:00,EXPIRED,MEDIUM,POLICY-v1
ALT-004637,CMP-004637,2026-05-31T03:07:45+00:00,ACTIONED,MEDIUM,POLICY-v1
ALT-004638,CMP-004638,2026-06-14T07:43:15+00:00,ACTIONED,HIGH,POLICY-v1
ALT-004639,CMP-004639,2026-02-01T20:45:06+00:00,ACTIONED,HIGH,POLICY-v1
ALT-004640,CMP-004640,2026-02-24T15:50:31+00:00,ACTIONED,HIGH,POLICY-v1
ALT-004641,CMP-004641,2026-06-09T12:23:20+00:00,ACKNOWLEDGED,MEDIUM,POLICY-v1
ALT-004642,CMP-004642,2026-06-25T07:56:04+00:00,ACTIONED,MEDIUM,POLICY-v1
ALT-004643,CMP-004643,2026-04-05T11:48:54+00:00,EXPIRED,MEDIUM,POLICY-v1
ALT-004644,CMP-004644,2026-01-01T04:38:27+00:00,ACTIONED,MEDIUM,POLICY-v1
ALT-004645,CMP-004645,2026-05-25T10:22:55+00:00,EXPIRED,MEDIUM,POLICY-v1
ALT-004646,CMP-004646,2026-01-16T09:08:04+00:00,ACTIONED,MEDIUM,POLICY-v1
ALT-004647,CMP-004647,2026-04-15T02:43:33+00:00,ACTIONED,MEDIUM,POLICY-v1
ALT-004648,CMP-004648,2026-04-01T03:17:00+00:00,ACTIONED,MEDIUM,POLICY-v1
ALT-004649,CMP-004649,2026-03-16T11:34:12+00:00,ACTIONED,HIGH,POLICY-v1
ALT-004650,CMP-004650,2026-06-25T14:10:48+00:00,PENDING,HIGH,POLICY-v1
ALT-004651,CMP-004651,2026-06-11T20:23:42+00:00,PENDING,LOW,POLICY-v1
ALT-004652,CMP-004652,2026-01-11T00:18:54+00:00,PENDING,MEDIUM,POLICY-v1
ALT-004653,CMP-004653,2026-04-05T04:58:41+00:00,EXPIRED,HIGH,POLICY-v1
ALT-004654,CMP-004654,2026-02-24T14:14:41+00:00,ACKNOWLEDGED,LOW,POLICY-v1
ALT-004655,CMP-004655,2026-03-24T22:28:38+00:00,ACTIONED,MEDIUM,POLICY-v1
ALT-004656,CMP-004656,2026-04-16T17:35:50+00:00,ACTIONED,HIGH,POLICY-v1
ALT-004657,CMP-004657,2026-04-08T09:35:57+00:00,PENDING,HIGH,POLICY-v1
ALT-004658,CMP-004658,2026-04-17T16:53:16+00:00,ACTIONED,MEDIUM,POLICY-v1
ALT-004659,CMP-004659,2026-06-03T13:58:42+00:00,ACTIONED,HIGH,POLICY-v1
ALT-004660,CMP-004660,2026-04-25T08:55:35+00:00,ACTIONED,LOW,POLICY-v1
ALT-004661,CMP-004661,2026-06-02T19:14:13+00:00,PENDING,MEDIUM,POLICY-v1
ALT-004662,CMP-004662,2026-06-20T07:48:30+00:00,EXPIRED,MEDIUM,POLICY-v1
ALT-004663,CMP-004663,2026-05-18T21:28:42+00:00,EXPIRED,MEDIUM,POLICY-v1
ALT-004664,CMP-004664,2026-06-03T09:14:38+00:00,EXPIRED,MEDIUM,POLICY-v1
ALT-004665,CMP-004665,2026-04-15T07:28:44+00:00,ACTIONED,HIGH,POLICY-v1
ALT-004666,CMP-004666,2026-04-18T02:25:03+00:00,ACTIONED,MEDIUM,POLICY-v1
ALT-004667,CMP-004667,2026-04-05T23:01:45+00:00,EXPIRED,MEDIUM,POLICY-v1
ALT-004668,CMP-004668,2026-02-02T13:10:49+00:00,ACKNOWLEDGED,MEDIUM,POLICY-v1
ALT-004669,CMP-004669,2026-02-22T21:43:50+00:00,ACTIONED,MEDIUM,POLICY-v1
ALT-004670,CMP-004670,2026-01-19T10:46:57+00:00,PENDING,MEDIUM,POLICY-v1
ALT-004671,CMP-004671,2026-06-18T01:02:14+00:00,ACTIONED,HIGH,POLICY-v1
ALT-004672,CMP-004672,2026-04-10T08:04:10+00:00,PENDING,LOW,POLICY-v1
ALT-004673,CMP-004673,2026-03-08T15:32:17+00:00,ACTIONED,LOW,POLICY-v1
ALT-004674,CMP-004674,2026-03-14T09:37:19+00:00,PENDING,LOW,POLICY-v1
ALT-004675,CMP-004675,2026-04-16T14:35:28+00:00,PENDING,MEDIUM,POLICY-v1
ALT-004676,CMP-004676,2026-06-20T06:08:13+00:00,PENDING,LOW,POLICY-v1
ALT-004677,CMP-004677,2026-03-07T16:55:46+00:00,ACTIONED,MEDIUM,POLICY-v1
ALT-004678,CMP-004678,2026-05-25T12:48:55+00:00,EXPIRED,LOW,POLICY-v1
ALT-004679,CMP-004679,2026-01-23T10:54:30+00:00,ACTIONED,HIGH,POLICY-v1
ALT-004680,CMP-004680,2026-06-20T13:20:06+00:00,ACTIONED,MEDIUM,POLICY-v1
ALT-004681,CMP-004681,2026-06-09T23:05:22+00:00,EXPIRED,LOW,POLICY-v1
ALT-004682,CMP-004682,2026-05-28T05:35:39+00:00,ACTIONED,LOW,POLICY-v1
ALT-004683,CMP-004683,2026-04-16T15:05:20+00:00,ACTIONED,LOW,POLICY-v1
ALT-004684,CMP-004684,2026-03-22T23:09:08+00:00,ACTIONED,HIGH,POLICY-v1
ALT-004685,CMP-004685,2026-04-27T01:39:07+00:00,ACKNOWLEDGED,HIGH,POLICY-v1
ALT-004686,CMP-004686,2026-03-25T04:23:25+00:00,PENDING,LOW,POLICY-v1
ALT-004687,CMP-004687,2026-04-01T12:50:44+00:00,ACTIONED,MEDIUM,POLICY-v1
ALT-004688,CMP-004688,2026-04-28T00:01:42+00:00,PENDING,LOW,POLICY-v1
ALT-004689,CMP-004689,2026-05-24T00:29:26+00:00,ACTIONED,HIGH,POLICY-v1
ALT-004690,CMP-004690,2026-04-27T12:28:41+00:00,ACKNOWLEDGED,HIGH,POLICY-v1
ALT-004691,CMP-004691,2026-02-17T00:19:50+00:00,PENDING,LOW,POLICY-v1
ALT-004692,CMP-004692,2026-03-23T21:46:39+00:00,EXPIRED,HIGH,POLICY-v1
ALT-004693,CMP-004693,2026-04-29T19:56:28+00:00,PENDING,MEDIUM,POLICY-v1
ALT-004694,CMP-004694,2026-05-26T13:37:04+00:00,ACTIONED,HIGH,POLICY-v1
ALT-004695,CMP-004695,2026-06-19T21:16:36+00:00,ACKNOWLEDGED,HIGH,POLICY-v1
ALT-004696,CMP-004696,2026-01-21T23:43:38+00:00,ACTIONED,MEDIUM,POLICY-v1
ALT-004697,CMP-004697,2026-06-21T13:31:37+00:00,ACKNOWLEDGED,MEDIUM,POLICY-v1
ALT-004698,CMP-004698,2026-04-03T16:47:46+00:00,ACTIONED,HIGH,POLICY-v1
ALT-004699,CMP-004699,2026-06-05T20:06:56+00:00,PENDING,MEDIUM,POLICY-v1
ALT-004700,CMP-004700,2026-05-03T11:07:22+00:00,ACTIONED,HIGH,POLICY-v1
ALT-004701,CMP-004701,2026-02-20T09:33:58+00:00,ACTIONED,MEDIUM,POLICY-v1
ALT-004702,CMP-004702,2026-03-15T09:12:37+00:00,EXPIRED,HIGH,POLICY-v1
ALT-004703,CMP-004703,2026-04-30T16:28:33+00:00,ACTIONED,HIGH,POLICY-v1
ALT-004704,CMP-004704,2026-02-02T11:54:38+00:00,ACTIONED,HIGH,POLICY-v1
ALT-004705,CMP-004705,2026-04-15T05:34:41+00:00,PENDING,HIGH,POLICY-v1
ALT-004706,CMP-004706,2026-06-07T01:02:31+00:00,ACKNOWLEDGED,MEDIUM,POLICY-v1
ALT-004707,CMP-004707,2026-06-18T12:46:52+00:00,ACTIONED,MEDIUM,POLICY-v1
ALT-004708,CMP-004708,2026-01-05T14:49:00+00:00,ACTIONED,LOW,POLICY-v1
ALT-004709,CMP-004709,2026-03-01T20:12:58+00:00,ACTIONED,HIGH,POLICY-v1
ALT-004710,CMP-004710,2026-01-04T07:29:20+00:00,ACKNOWLEDGED,MEDIUM,POLICY-v1
ALT-004711,CMP-004711,2026-01-25T14:06:34+00:00,PENDING,LOW,POLICY-v1
ALT-004712,CMP-004712,2026-06-21T12:53:26+00:00,PENDING,MEDIUM,POLICY-v1
ALT-004713,CMP-004713,2026-05-10T13:36:15+00:00,ACKNOWLEDGED,MEDIUM,POLICY-v1
ALT-004714,CMP-004714,2026-04-07T13:29:59+00:00,ACTIONED,HIGH,POLICY-v1
ALT-004715,CMP-004715,2026-01-31T16:46:28+00:00,ACTIONED,LOW,POLICY-v1
ALT-004716,CMP-004716,2026-04-10T22:58:19+00:00,ACTIONED,LOW,POLICY-v1
ALT-004717,CMP-004717,2026-02-10T14:03:59+00:00,ACKNOWLEDGED,MEDIUM,POLICY-v1
ALT-004718,CMP-004718,2026-01-30T17:13:45+00:00,PENDING,LOW,POLICY-v1
ALT-004719,CMP-004719,2026-02-18T13:20:46+00:00,ACTIONED,HIGH,POLICY-v1
ALT-004720,CMP-004720,2026-02-21T18:06:35+00:00,ACKNOWLEDGED,LOW,POLICY-v1
ALT-004721,CMP-004721,2026-06-19T18:24:48+00:00,ACTIONED,MEDIUM,POLICY-v1
ALT-004722,CMP-004722,2026-05-31T00:36:04+00:00,ACTIONED,LOW,POLICY-v1
ALT-004723,CMP-004723,2026-03-08T04:24:10+00:00,ACTIONED,HIGH,POLICY-v1
ALT-004724,CMP-004724,2026-04-08T11:10:33+00:00,PENDING,MEDIUM,POLICY-v1
ALT-004725,CMP-004725,2026-05-07T19:53:35+00:00,ACKNOWLEDGED,HIGH,POLICY-v1
ALT-004726,CMP-004726,2026-01-02T21:07:20+00:00,ACTIONED,MEDIUM,POLICY-v1
ALT-004727,CMP-004727,2026-05-09T12:34:29+00:00,ACKNOWLEDGED,LOW,POLICY-v1
ALT-004728,CMP-004728,2026-04-21T00:32:17+00:00,ACKNOWLEDGED,HIGH,POLICY-v1
ALT-004729,CMP-004729,2026-05-20T05:45:08+00:00,PENDING,LOW,POLICY-v1
ALT-004730,CMP-004730,2026-01-13T19:40:34+00:00,EXPIRED,LOW,POLICY-v1
ALT-004731,CMP-004731,2026-06-27T07:57:27+00:00,EXPIRED,MEDIUM,POLICY-v1
ALT-004732,CMP-004732,2026-02-10T23:59:27+00:00,ACKNOWLEDGED,MEDIUM,POLICY-v1
ALT-004733,CMP-004733,2026-02-13T20:41:21+00:00,ACTIONED,HIGH,POLICY-v1
ALT-004734,CMP-004734,2026-05-25T07:23:37+00:00,EXPIRED,LOW,POLICY-v1
ALT-004735,CMP-004735,2026-01-12T22:00:14+00:00,ACTIONED,HIGH,POLICY-v1
ALT-004736,CMP-004736,2026-05-01T03:01:36+00:00,ACKNOWLEDGED,MEDIUM,POLICY-v1
ALT-004737,CMP-004737,2026-02-08T15:17:05+00:00,ACTIONED,HIGH,POLICY-v1
ALT-004738,CMP-004738,2026-02-25T04:31:01+00:00,ACTIONED,HIGH,POLICY-v1
ALT-004739,CMP-004739,2026-01-14T09:44:00+00:00,ACKNOWLEDGED,LOW,POLICY-v1
ALT-004740,CMP-004740,2026-04-02T01:04:53+00:00,ACTIONED,HIGH,POLICY-v1
ALT-004741,CMP-004741,2026-05-21T08:00:14+00:00,ACTIONED,HIGH,POLICY-v1
ALT-004742,CMP-004742,2026-02-14T12:07:28+00:00,PENDING,HIGH,POLICY-v1
ALT-004743,CMP-004743,2026-01-21T20:46:31+00:00,EXPIRED,HIGH,POLICY-v1
ALT-004744,CMP-004744,2026-04-22T03:41:35+00:00,PENDING,MEDIUM,POLICY-v1
ALT-004745,CMP-004745,2026-04-13T11:08:27+00:00,ACKNOWLEDGED,LOW,POLICY-v1
ALT-004746,CMP-004746,2026-01-30T10:23:30+00:00,ACTIONED,LOW,POLICY-v1
ALT-004747,CMP-004747,2026-01-09T17:50:57+00:00,ACTIONED,LOW,POLICY-v1
ALT-004748,CMP-004748,2026-03-03T22:10:42+00:00,ACTIONED,MEDIUM,POLICY-v1
ALT-004749,CMP-004749,2026-04-01T09:54:07+00:00,ACTIONED,HIGH,POLICY-v1
ALT-004750,CMP-004750,2026-01-10T18:55:52+00:00,ACKNOWLEDGED,MEDIUM,POLICY-v1
ALT-004751,CMP-004751,2026-05-10T20:13:20+00:00,ACTIONED,MEDIUM,POLICY-v1
ALT-004752,CMP-004752,2026-03-12T14:17:28+00:00,ACTIONED,MEDIUM,POLICY-v1
ALT-004753,CMP-004753,2026-06-09T16:02:06+00:00,EXPIRED,MEDIUM,POLICY-v1
ALT-004754,CMP-004754,2026-06-07T14:29:38+00:00,ACTIONED,HIGH,POLICY-v1
ALT-004755,CMP-004755,2026-01-20T17:34:19+00:00,ACTIONED,MEDIUM,POLICY-v1
ALT-004756,CMP-004756,2026-01-17T22:11:25+00:00,ACTIONED,LOW,POLICY-v1
ALT-004757,CMP-004757,2026-02-02T16:46:49+00:00,EXPIRED,MEDIUM,POLICY-v1
ALT-004758,CMP-004758,2026-01-22T23:14:00+00:00,EXPIRED,LOW,POLICY-v1
ALT-004759,CMP-004759,2026-04-03T12:48:00+00:00,EXPIRED,HIGH,POLICY-v1
ALT-004760,CMP-004760,2026-03-06T22:36:54+00:00,ACTIONED,MEDIUM,POLICY-v1
ALT-004761,CMP-004761,2026-05-21T22:31:26+00:00,ACTIONED,MEDIUM,POLICY-v1
ALT-004762,CMP-004762,2026-05-29T05:51:08+00:00,ACTIONED,LOW,POLICY-v1
ALT-004763,CMP-004763,2026-01-14T03:18:22+00:00,ACKNOWLEDGED,MEDIUM,POLICY-v1
ALT-004764,CMP-004764,2026-01-17T16:37:07+00:00,ACTIONED,LOW,POLICY-v1
ALT-004765,CMP-004765,2026-01-16T15:19:04+00:00,PENDING,LOW,POLICY-v1
ALT-004766,CMP-004766,2026-05-19T12:16:17+00:00,ACTIONED,MEDIUM,POLICY-v1
ALT-004767,CMP-004767,2026-05-23T18:28:32+00:00,ACTIONED,MEDIUM,POLICY-v1
ALT-004768,CMP-004768,2026-03-02T06:37:18+00:00,ACTIONED,MEDIUM,POLICY-v1
ALT-004769,CMP-004769,2026-05-21T05:04:22+00:00,EXPIRED,HIGH,POLICY-v1
ALT-004770,CMP-004770,2026-03-02T00:18:17+00:00,ACTIONED,HIGH,POLICY-v1
ALT-004771,CMP-004771,2026-02-20T11:17:29+00:00,ACTIONED,HIGH,POLICY-v1
ALT-004772,CMP-004772,2026-03-04T13:18:22+00:00,ACTIONED,HIGH,POLICY-v1
ALT-004773,CMP-004773,2026-06-10T14:11:12+00:00,PENDING,LOW,POLICY-v1
ALT-004774,CMP-004774,2026-05-11T03:02:38+00:00,PENDING,LOW,POLICY-v1
ALT-004775,CMP-004775,2026-02-15T13:32:40+00:00,ACKNOWLEDGED,HIGH,POLICY-v1
ALT-004776,CMP-004776,2026-05-21T13:32:20+00:00,ACKNOWLEDGED,HIGH,POLICY-v1
ALT-004777,CMP-004777,2026-05-11T23:19:12+00:00,ACTIONED,LOW,POLICY-v1
ALT-004778,CMP-004778,2026-06-16T17:48:35+00:00,PENDING,LOW,POLICY-v1
ALT-004779,CMP-004779,2026-06-13T21:03:51+00:00,EXPIRED,HIGH,POLICY-v1
ALT-004780,CMP-004780,2026-01-22T08:21:58+00:00,EXPIRED,HIGH,POLICY-v1
ALT-004781,CMP-004781,2026-05-18T05:29:25+00:00,ACTIONED,HIGH,POLICY-v1
ALT-004782,CMP-004782,2026-05-05T12:08:45+00:00,ACTIONED,HIGH,POLICY-v1
ALT-004783,CMP-004783,2026-03-17T11:16:08+00:00,ACTIONED,MEDIUM,POLICY-v1
ALT-004784,CMP-004784,2026-02-13T22:17:23+00:00,ACTIONED,MEDIUM,POLICY-v1
ALT-004785,CMP-004785,2026-04-02T21:38:25+00:00,ACKNOWLEDGED,LOW,POLICY-v1
ALT-004786,CMP-004786,2026-04-24T16:16:26+00:00,PENDING,HIGH,POLICY-v1
ALT-004787,CMP-004787,2026-03-16T15:53:02+00:00,ACTIONED,LOW,POLICY-v1
ALT-004788,CMP-004788,2026-03-31T06:48:07+00:00,PENDING,LOW,POLICY-v1
ALT-004789,CMP-004789,2026-04-30T20:46:04+00:00,ACTIONED,MEDIUM,POLICY-v1
ALT-004790,CMP-004790,2026-02-16T18:34:30+00:00,ACKNOWLEDGED,HIGH,POLICY-v1
ALT-004791,CMP-004791,2026-02-16T22:56:55+00:00,ACTIONED,HIGH,POLICY-v1
ALT-004792,CMP-004792,2026-06-22T08:46:42+00:00,ACTIONED,MEDIUM,POLICY-v1
ALT-004793,CMP-004793,2026-01-26T07:56:38+00:00,ACTIONED,LOW,POLICY-v1
ALT-004794,CMP-004794,2026-06-20T11:10:39+00:00,EXPIRED,MEDIUM,POLICY-v1
ALT-004795,CMP-004795,2026-03-03T11:25:36+00:00,ACTIONED,HIGH,POLICY-v1
ALT-004796,CMP-004796,2026-03-30T13:11:45+00:00,ACTIONED,HIGH,POLICY-v1
ALT-004797,CMP-004797,2026-05-03T15:18:32+00:00,ACKNOWLEDGED,LOW,POLICY-v1
ALT-004798,CMP-004798,2026-01-15T13:29:03+00:00,ACKNOWLEDGED,LOW,POLICY-v1
ALT-004799,CMP-004799,2026-06-19T16:16:35+00:00,ACTIONED,MEDIUM,POLICY-v1
ALT-004800,CMP-004800,2026-03-20T07:54:51+00:00,ACTIONED,MEDIUM,POLICY-v1
ALT-004801,CMP-004801,2026-01-13T16:05:00+00:00,ACKNOWLEDGED,MEDIUM,POLICY-v1
ALT-004802,CMP-004802,2026-04-25T11:55:17+00:00,ACTIONED,LOW,POLICY-v1
ALT-004803,CMP-004803,2026-03-05T05:15:23+00:00,ACTIONED,MEDIUM,POLICY-v1
ALT-004804,CMP-004804,2026-02-09T03:42:53+00:00,ACTIONED,HIGH,POLICY-v1
ALT-004805,CMP-004805,2026-04-11T18:57:33+00:00,ACTIONED,MEDIUM,POLICY-v1
ALT-004806,CMP-004806,2026-06-18T19:47:48+00:00,ACTIONED,LOW,POLICY-v1
ALT-004807,CMP-004807,2026-05-04T08:43:12+00:00,ACTIONED,LOW,POLICY-v1
ALT-004808,CMP-004808,2026-04-13T23:12:46+00:00,PENDING,HIGH,POLICY-v1
ALT-004809,CMP-004809,2026-04-16T06:19:07+00:00,EXPIRED,HIGH,POLICY-v1
ALT-004810,CMP-004810,2026-01-11T10:15:33+00:00,ACTIONED,LOW,POLICY-v1
ALT-004811,CMP-004811,2026-03-02T00:42:54+00:00,PENDING,LOW,POLICY-v1
ALT-004812,CMP-004812,2026-06-04T22:22:02+00:00,ACKNOWLEDGED,LOW,POLICY-v1
ALT-004813,CMP-004813,2026-04-19T05:41:11+00:00,ACTIONED,HIGH,POLICY-v1
ALT-004814,CMP-004814,2026-03-24T11:27:09+00:00,ACTIONED,HIGH,POLICY-v1
ALT-004815,CMP-004815,2026-05-04T10:09:20+00:00,EXPIRED,MEDIUM,POLICY-v1
ALT-004816,CMP-004816,2026-05-30T04:11:04+00:00,PENDING,LOW,POLICY-v1
ALT-004817,CMP-004817,2026-05-05T08:16:16+00:00,ACKNOWLEDGED,HIGH,POLICY-v1
ALT-004818,CMP-004818,2026-03-26T13:39:03+00:00,ACKNOWLEDGED,MEDIUM,POLICY-v1
ALT-004819,CMP-004819,2026-04-30T01:32:46+00:00,EXPIRED,HIGH,POLICY-v1
ALT-004820,CMP-004820,2026-03-01T09:47:07+00:00,ACKNOWLEDGED,LOW,POLICY-v1
ALT-004821,CMP-004821,2026-03-02T05:30:12+00:00,PENDING,LOW,POLICY-v1
ALT-004822,CMP-004822,2026-05-17T14:47:45+00:00,ACTIONED,HIGH,POLICY-v1
ALT-004823,CMP-004823,2026-04-25T04:31:48+00:00,EXPIRED,LOW,POLICY-v1
ALT-004824,CMP-004824,2026-02-19T03:00:55+00:00,ACKNOWLEDGED,MEDIUM,POLICY-v1
ALT-004825,CMP-004825,2026-03-26T09:28:15+00:00,ACKNOWLEDGED,HIGH,POLICY-v1
ALT-004826,CMP-004826,2026-06-06T01:06:07+00:00,PENDING,MEDIUM,POLICY-v1
ALT-004827,CMP-004827,2026-06-24T15:12:48+00:00,EXPIRED,LOW,POLICY-v1
ALT-004828,CMP-004828,2026-02-28T23:00:13+00:00,ACTIONED,HIGH,POLICY-v1
ALT-004829,CMP-004829,2026-06-26T01:15:07+00:00,EXPIRED,HIGH,POLICY-v1
ALT-004830,CMP-004830,2026-06-13T09:50:12+00:00,ACTIONED,LOW,POLICY-v1
ALT-004831,CMP-004831,2026-03-01T08:00:09+00:00,ACTIONED,LOW,POLICY-v1
ALT-004832,CMP-004832,2026-01-14T21:50:12+00:00,PENDING,HIGH,POLICY-v1
ALT-004833,CMP-004833,2026-04-28T18:20:11+00:00,PENDING,LOW,POLICY-v1
ALT-004834,CMP-004834,2026-03-13T15:14:16+00:00,ACKNOWLEDGED,HIGH,POLICY-v1
ALT-004835,CMP-004835,2026-03-10T10:19:54+00:00,EXPIRED,MEDIUM,POLICY-v1
ALT-004836,CMP-004836,2026-02-10T16:53:42+00:00,ACTIONED,MEDIUM,POLICY-v1
ALT-004837,CMP-004837,2026-06-07T02:29:13+00:00,ACTIONED,HIGH,POLICY-v1
ALT-004838,CMP-004838,2026-05-16T23:43:08+00:00,ACKNOWLEDGED,LOW,POLICY-v1
ALT-004839,CMP-004839,2026-01-15T15:02:51+00:00,ACTIONED,HIGH,POLICY-v1
ALT-004840,CMP-004840,2026-03-20T07:39:39+00:00,ACTIONED,LOW,POLICY-v1
ALT-004841,CMP-004841,2026-03-19T17:10:59+00:00,ACTIONED,HIGH,POLICY-v1
ALT-004842,CMP-004842,2026-04-07T22:04:43+00:00,ACKNOWLEDGED,MEDIUM,POLICY-v1
ALT-004843,CMP-004843,2026-05-07T14:58:01+00:00,PENDING,HIGH,POLICY-v1
ALT-004844,CMP-004844,2026-02-19T16:59:14+00:00,ACTIONED,HIGH,POLICY-v1
ALT-004845,CMP-004845,2026-01-28T19:51:00+00:00,PENDING,MEDIUM,POLICY-v1
ALT-004846,CMP-004846,2026-04-23T21:35:14+00:00,ACKNOWLEDGED,LOW,POLICY-v1
ALT-004847,CMP-004847,2026-04-08T16:22:59+00:00,EXPIRED,MEDIUM,POLICY-v1
ALT-004848,CMP-004848,2026-06-16T22:59:52+00:00,EXPIRED,LOW,POLICY-v1
ALT-004849,CMP-004849,2026-06-14T11:53:52+00:00,ACTIONED,HIGH,POLICY-v1
ALT-004850,CMP-004850,2026-01-17T23:55:53+00:00,EXPIRED,LOW,POLICY-v1
ALT-004851,CMP-004851,2026-01-24T15:48:45+00:00,ACKNOWLEDGED,MEDIUM,POLICY-v1
ALT-004852,CMP-004852,2026-05-18T10:04:05+00:00,ACTIONED,LOW,POLICY-v1
ALT-004853,CMP-004853,2026-03-08T23:10:32+00:00,ACTIONED,HIGH,POLICY-v1
ALT-004854,CMP-004854,2026-06-29T00:28:32+00:00,ACTIONED,MEDIUM,POLICY-v1
ALT-004855,CMP-004855,2026-05-30T13:24:16+00:00,ACTIONED,HIGH,POLICY-v1
ALT-004856,CMP-004856,2026-04-11T19:57:01+00:00,ACKNOWLEDGED,LOW,POLICY-v1
ALT-004857,CMP-004857,2026-01-16T02:22:28+00:00,PENDING,MEDIUM,POLICY-v1
ALT-004858,CMP-004858,2026-03-04T10:14:26+00:00,ACTIONED,LOW,POLICY-v1
ALT-004859,CMP-004859,2026-03-02T21:26:46+00:00,PENDING,HIGH,POLICY-v1
ALT-004860,CMP-004860,2026-06-25T23:58:19+00:00,PENDING,LOW,POLICY-v1
ALT-004861,CMP-004861,2026-01-28T11:49:49+00:00,ACKNOWLEDGED,MEDIUM,POLICY-v1
ALT-004862,CMP-004862,2026-02-05T20:20:57+00:00,ACTIONED,LOW,POLICY-v1
ALT-004863,CMP-004863,2026-03-31T22:46:56+00:00,ACTIONED,LOW,POLICY-v1
ALT-004864,CMP-004864,2026-06-20T20:22:44+00:00,EXPIRED,MEDIUM,POLICY-v1
ALT-004865,CMP-004865,2026-03-03T15:48:08+00:00,ACKNOWLEDGED,HIGH,POLICY-v1
ALT-004866,CMP-004866,2026-03-07T18:49:10+00:00,EXPIRED,MEDIUM,POLICY-v1
ALT-004867,CMP-004867,2026-06-27T04:08:40+00:00,PENDING,MEDIUM,POLICY-v1
ALT-004868,CMP-004868,2026-01-07T21:31:39+00:00,ACTIONED,HIGH,POLICY-v1
ALT-004869,CMP-004869,2026-04-29T14:11:07+00:00,ACKNOWLEDGED,HIGH,POLICY-v1
ALT-004870,CMP-004870,2026-05-08T07:19:25+00:00,ACTIONED,LOW,POLICY-v1
ALT-004871,CMP-004871,2026-01-24T06:14:59+00:00,ACKNOWLEDGED,LOW,POLICY-v1
ALT-004872,CMP-004872,2026-02-04T00:55:31+00:00,ACTIONED,LOW,POLICY-v1
ALT-004873,CMP-004873,2026-05-31T07:04:24+00:00,EXPIRED,LOW,POLICY-v1
ALT-004874,CMP-004874,2026-03-22T06:39:25+00:00,EXPIRED,HIGH,POLICY-v1
ALT-004875,CMP-004875,2026-04-04T13:39:24+00:00,PENDING,HIGH,POLICY-v1
ALT-004876,CMP-004876,2026-01-31T15:11:50+00:00,ACTIONED,HIGH,POLICY-v1
ALT-004877,CMP-004877,2026-03-27T11:17:48+00:00,PENDING,HIGH,POLICY-v1
ALT-004878,CMP-004878,2026-05-11T15:31:56+00:00,ACTIONED,HIGH,POLICY-v1
ALT-004879,CMP-004879,2026-03-20T18:42:58+00:00,EXPIRED,HIGH,POLICY-v1
ALT-004880,CMP-004880,2026-06-13T17:11:52+00:00,ACTIONED,HIGH,POLICY-v1
ALT-004881,CMP-004881,2026-06-23T08:29:10+00:00,ACTIONED,MEDIUM,POLICY-v1
ALT-004882,CMP-004882,2026-04-12T02:39:38+00:00,ACKNOWLEDGED,MEDIUM,POLICY-v1
ALT-004883,CMP-004883,2026-06-19T21:00:05+00:00,ACKNOWLEDGED,HIGH,POLICY-v1
ALT-004884,CMP-004884,2026-01-27T18:34:43+00:00,ACTIONED,LOW,POLICY-v1
ALT-004885,CMP-004885,2026-04-28T09:57:10+00:00,ACTIONED,MEDIUM,POLICY-v1
ALT-004886,CMP-004886,2026-05-04T18:19:39+00:00,ACTIONED,MEDIUM,POLICY-v1
ALT-004887,CMP-004887,2026-04-16T17:03:50+00:00,ACTIONED,MEDIUM,POLICY-v1
ALT-004888,CMP-004888,2026-06-22T17:24:45+00:00,ACTIONED,MEDIUM,POLICY-v1
ALT-004889,CMP-004889,2026-04-29T03:37:39+00:00,ACKNOWLEDGED,HIGH,POLICY-v1
ALT-004890,CMP-004890,2026-04-23T03:38:54+00:00,ACKNOWLEDGED,HIGH,POLICY-v1
ALT-004891,CMP-004891,2026-04-25T23:13:05+00:00,PENDING,HIGH,POLICY-v1
ALT-004892,CMP-004892,2026-04-29T23:35:56+00:00,ACTIONED,MEDIUM,POLICY-v1
ALT-004893,CMP-004893,2026-03-22T23:32:44+00:00,ACKNOWLEDGED,LOW,POLICY-v1
ALT-004894,CMP-004894,2026-06-27T20:44:16+00:00,ACTIONED,HIGH,POLICY-v1
ALT-004895,CMP-004895,2026-05-26T12:41:50+00:00,ACTIONED,MEDIUM,POLICY-v1
ALT-004896,CMP-004896,2026-04-21T17:39:43+00:00,ACKNOWLEDGED,HIGH,POLICY-v1
ALT-004897,CMP-004897,2026-01-14T16:06:30+00:00,EXPIRED,MEDIUM,POLICY-v1
ALT-004898,CMP-004898,2026-01-25T23:06:41+00:00,PENDING,LOW,POLICY-v1
ALT-004899,CMP-004899,2026-03-07T11:44:43+00:00,ACTIONED,MEDIUM,POLICY-v1
ALT-004900,CMP-004900,2026-06-18T10:41:25+00:00,PENDING,LOW,POLICY-v1
ALT-004901,CMP-004901,2026-05-30T07:19:59+00:00,EXPIRED,MEDIUM,POLICY-v1
ALT-004902,CMP-004902,2026-05-05T19:25:36+00:00,ACTIONED,MEDIUM,POLICY-v1
ALT-004903,CMP-004903,2026-02-25T00:50:37+00:00,ACTIONED,LOW,POLICY-v1
ALT-004904,CMP-004904,2026-05-14T18:01:37+00:00,PENDING,MEDIUM,POLICY-v1
ALT-004905,CMP-004905,2026-04-24T21:17:46+00:00,ACTIONED,LOW,POLICY-v1
ALT-004906,CMP-004906,2026-04-09T20:12:50+00:00,ACTIONED,LOW,POLICY-v1
ALT-004907,CMP-004907,2026-03-02T06:35:43+00:00,ACTIONED,LOW,POLICY-v1
ALT-004908,CMP-004908,2026-03-22T03:38:29+00:00,ACTIONED,HIGH,POLICY-v1
ALT-004909,CMP-004909,2026-03-13T03:35:58+00:00,ACTIONED,MEDIUM,POLICY-v1
ALT-004910,CMP-004910,2026-01-09T09:15:34+00:00,PENDING,LOW,POLICY-v1
ALT-004911,CMP-004911,2026-05-28T00:23:33+00:00,EXPIRED,HIGH,POLICY-v1
ALT-004912,CMP-004912,2026-02-07T13:35:26+00:00,ACTIONED,MEDIUM,POLICY-v1
ALT-004913,CMP-004913,2026-03-18T06:38:37+00:00,PENDING,LOW,POLICY-v1
ALT-004914,CMP-004914,2026-02-24T21:46:11+00:00,EXPIRED,MEDIUM,POLICY-v1
ALT-004915,CMP-004915,2026-04-04T21:47:13+00:00,ACKNOWLEDGED,LOW,POLICY-v1
ALT-004916,CMP-004916,2026-01-29T04:47:22+00:00,PENDING,HIGH,POLICY-v1
ALT-004917,CMP-004917,2026-01-31T00:41:46+00:00,ACTIONED,HIGH,POLICY-v1
ALT-004918,CMP-004918,2026-06-24T18:01:54+00:00,ACTIONED,HIGH,POLICY-v1
ALT-004919,CMP-004919,2026-06-16T04:54:59+00:00,ACKNOWLEDGED,MEDIUM,POLICY-v1
ALT-004920,CMP-004920,2026-02-02T13:54:02+00:00,EXPIRED,MEDIUM,POLICY-v1
ALT-004921,CMP-004921,2026-05-08T01:40:59+00:00,ACTIONED,HIGH,POLICY-v1
ALT-004922,CMP-004922,2026-04-03T11:07:23+00:00,ACTIONED,MEDIUM,POLICY-v1
ALT-004923,CMP-004923,2026-06-08T00:23:08+00:00,ACTIONED,MEDIUM,POLICY-v1
ALT-004924,CMP-004924,2026-02-25T02:09:06+00:00,ACTIONED,MEDIUM,POLICY-v1
ALT-004925,CMP-004925,2026-01-02T22:59:57+00:00,PENDING,HIGH,POLICY-v1
ALT-004926,CMP-004926,2026-01-21T16:40:46+00:00,EXPIRED,LOW,POLICY-v1
ALT-004927,CMP-004927,2026-02-02T14:14:23+00:00,PENDING,HIGH,POLICY-v1
ALT-004928,CMP-004928,2026-05-21T17:10:37+00:00,ACTIONED,HIGH,POLICY-v1
ALT-004929,CMP-004929,2026-01-16T17:25:24+00:00,EXPIRED,HIGH,POLICY-v1
ALT-004930,CMP-004930,2026-05-11T09:06:34+00:00,ACTIONED,HIGH,POLICY-v1
ALT-004931,CMP-004931,2026-05-22T08:37:11+00:00,ACTIONED,HIGH,POLICY-v1
ALT-004932,CMP-004932,2026-06-10T22:04:41+00:00,EXPIRED,LOW,POLICY-v1
ALT-004933,CMP-004933,2026-03-29T10:02:42+00:00,ACTIONED,MEDIUM,POLICY-v1
ALT-004934,CMP-004934,2026-01-17T15:37:55+00:00,PENDING,HIGH,POLICY-v1
ALT-004935,CMP-004935,2026-04-14T19:38:18+00:00,EXPIRED,MEDIUM,POLICY-v1
ALT-004936,CMP-004936,2026-05-30T21:49:37+00:00,PENDING,HIGH,POLICY-v1
ALT-004937,CMP-004937,2026-06-01T21:13:33+00:00,EXPIRED,HIGH,POLICY-v1
ALT-004938,CMP-004938,2026-03-22T22:18:51+00:00,EXPIRED,HIGH,POLICY-v1
ALT-004939,CMP-004939,2026-01-31T14:18:37+00:00,ACTIONED,LOW,POLICY-v1
ALT-004940,CMP-004940,2026-03-23T01:45:53+00:00,ACKNOWLEDGED,LOW,POLICY-v1
ALT-004941,CMP-004941,2026-03-18T16:59:26+00:00,ACTIONED,LOW,POLICY-v1
ALT-004942,CMP-004942,2026-04-24T09:20:41+00:00,EXPIRED,LOW,POLICY-v1
ALT-004943,CMP-004943,2026-01-28T05:25:15+00:00,ACTIONED,HIGH,POLICY-v1
ALT-004944,CMP-004944,2026-02-16T08:56:22+00:00,ACKNOWLEDGED,HIGH,POLICY-v1
ALT-004945,CMP-004945,2026-04-18T07:24:00+00:00,ACTIONED,LOW,POLICY-v1
ALT-004946,CMP-004946,2026-01-20T01:33:43+00:00,PENDING,MEDIUM,POLICY-v1
ALT-004947,CMP-004947,2026-05-19T00:47:53+00:00,EXPIRED,LOW,POLICY-v1
ALT-004948,CMP-004948,2026-02-22T19:12:10+00:00,ACKNOWLEDGED,HIGH,POLICY-v1
ALT-004949,CMP-004949,2026-02-01T06:39:52+00:00,PENDING,HIGH,POLICY-v1
ALT-004950,CMP-004950,2026-01-17T17:05:32+00:00,EXPIRED,MEDIUM,POLICY-v1
ALT-004951,CMP-004951,2026-06-11T12:44:55+00:00,ACTIONED,HIGH,POLICY-v1
ALT-004952,CMP-004952,2026-02-10T07:54:31+00:00,EXPIRED,MEDIUM,POLICY-v1
ALT-004953,CMP-004953,2026-03-10T20:05:28+00:00,ACTIONED,MEDIUM,POLICY-v1
ALT-004954,CMP-004954,2026-01-20T16:28:46+00:00,ACKNOWLEDGED,LOW,POLICY-v1
ALT-004955,CMP-004955,2026-02-21T09:24:46+00:00,ACTIONED,HIGH,POLICY-v1
ALT-004956,CMP-004956,2026-05-13T09:25:33+00:00,ACKNOWLEDGED,LOW,POLICY-v1
ALT-004957,CMP-004957,2026-05-30T14:50:28+00:00,EXPIRED,HIGH,POLICY-v1
ALT-004958,CMP-004958,2026-05-21T08:00:12+00:00,ACTIONED,LOW,POLICY-v1
ALT-004959,CMP-004959,2026-01-22T02:23:57+00:00,ACKNOWLEDGED,LOW,POLICY-v1
ALT-004960,CMP-004960,2026-01-21T17:10:55+00:00,ACTIONED,MEDIUM,POLICY-v1
ALT-004961,CMP-004961,2026-02-18T14:48:02+00:00,EXPIRED,HIGH,POLICY-v1
ALT-004962,CMP-004962,2026-03-19T21:02:22+00:00,ACKNOWLEDGED,HIGH,POLICY-v1
ALT-004963,CMP-004963,2026-03-10T19:19:38+00:00,ACTIONED,MEDIUM,POLICY-v1
ALT-004964,CMP-004964,2026-01-07T12:10:28+00:00,ACTIONED,LOW,POLICY-v1
ALT-004965,CMP-004965,2026-04-09T02:57:32+00:00,ACKNOWLEDGED,MEDIUM,POLICY-v1
ALT-004966,CMP-004966,2026-05-16T22:13:25+00:00,ACTIONED,HIGH,POLICY-v1
ALT-004967,CMP-004967,2026-06-06T09:34:25+00:00,ACTIONED,HIGH,POLICY-v1
ALT-004968,CMP-004968,2026-02-05T08:20:17+00:00,PENDING,LOW,POLICY-v1
ALT-004969,CMP-004969,2026-06-13T21:02:12+00:00,ACTIONED,MEDIUM,POLICY-v1
ALT-004970,CMP-004970,2026-01-18T17:18:09+00:00,ACTIONED,LOW,POLICY-v1
ALT-004971,CMP-004971,2026-05-20T19:59:04+00:00,ACKNOWLEDGED,HIGH,POLICY-v1
ALT-004972,CMP-004972,2026-06-04T19:58:44+00:00,ACTIONED,LOW,POLICY-v1
ALT-004973,CMP-004973,2026-05-02T06:37:46+00:00,EXPIRED,LOW,POLICY-v1
ALT-004974,CMP-004974,2026-02-12T03:22:54+00:00,ACKNOWLEDGED,LOW,POLICY-v1
ALT-004975,CMP-004975,2026-06-16T03:59:40+00:00,PENDING,HIGH,POLICY-v1
ALT-004976,CMP-004976,2026-04-29T04:03:39+00:00,ACKNOWLEDGED,HIGH,POLICY-v1
ALT-004977,CMP-004977,2026-01-11T17:58:58+00:00,ACTIONED,HIGH,POLICY-v1
ALT-004978,CMP-004978,2026-05-07T01:26:16+00:00,PENDING,MEDIUM,POLICY-v1
ALT-004979,CMP-004979,2026-02-03T05:52:24+00:00,ACTIONED,HIGH,POLICY-v1
ALT-004980,CMP-004980,2026-01-16T17:31:18+00:00,ACTIONED,MEDIUM,POLICY-v1
ALT-004981,CMP-004981,2026-02-05T19:02:29+00:00,ACTIONED,LOW,POLICY-v1
ALT-004982,CMP-004982,2026-05-23T15:40:24+00:00,EXPIRED,LOW,POLICY-v1
ALT-004983,CMP-004983,2026-01-06T23:27:08+00:00,EXPIRED,LOW,POLICY-v1
ALT-004984,CMP-004984,2026-05-12T03:20:18+00:00,ACTIONED,MEDIUM,POLICY-v1
ALT-004985,CMP-004985,2026-06-16T05:08:55+00:00,ACTIONED,LOW,POLICY-v1
ALT-004986,CMP-004986,2026-02-02T11:25:52+00:00,ACTIONED,LOW,POLICY-v1
ALT-004987,CMP-004987,2026-02-05T06:39:50+00:00,ACTIONED,HIGH,POLICY-v1
ALT-004988,CMP-004988,2026-01-11T20:58:16+00:00,EXPIRED,HIGH,POLICY-v1
ALT-004989,CMP-004989,2026-04-14T09:37:35+00:00,ACTIONED,LOW,POLICY-v1
ALT-004990,CMP-004990,2026-04-09T22:33:47+00:00,ACTIONED,LOW,POLICY-v1
ALT-004991,CMP-004991,2026-04-06T01:51:23+00:00,ACTIONED,LOW,POLICY-v1
ALT-004992,CMP-004992,2026-06-23T15:49:32+00:00,ACTIONED,MEDIUM,POLICY-v1
ALT-004993,CMP-004993,2026-01-09T03:53:28+00:00,ACKNOWLEDGED,LOW,POLICY-v1
ALT-004994,CMP-004994,2026-02-21T14:08:25+00:00,PENDING,HIGH,POLICY-v1
ALT-004995,CMP-004995,2026-03-08T02:02:59+00:00,PENDING,HIGH,POLICY-v1
ALT-004996,CMP-004996,2026-01-14T09:30:51+00:00,ACTIONED,MEDIUM,POLICY-v1
ALT-004997,CMP-004997,2026-02-10T16:24:19+00:00,ACTIONED,LOW,POLICY-v1
ALT-004998,CMP-004998,2026-01-25T06:56:24+00:00,EXPIRED,MEDIUM,POLICY-v1
ALT-004999,CMP-004999,2026-01-26T00:09:42+00:00,ACTIONED,MEDIUM,POLICY-v1
ALT-005000,CMP-005000,2026-04-28T13:18:29+00:00,ACKNOWLEDGED,MEDIUM,POLICY-v1
ALT-005001,CMP-005001,2026-06-09T10:02:45+00:00,ACTIONED,MEDIUM,POLICY-v1
ALT-005002,CMP-005002,2026-02-10T03:34:33+00:00,ACTIONED,MEDIUM,POLICY-v1
ALT-005003,CMP-005003,2026-03-24T01:53:57+00:00,EXPIRED,HIGH,POLICY-v1
ALT-005004,CMP-005004,2026-04-13T12:55:58+00:00,ACTIONED,HIGH,POLICY-v1
ALT-005005,CMP-005005,2026-01-04T19:04:47+00:00,EXPIRED,MEDIUM,POLICY-v1
ALT-005006,CMP-005006,2026-01-27T23:28:15+00:00,ACKNOWLEDGED,HIGH,POLICY-v1
ALT-005007,CMP-005007,2026-03-09T03:00:20+00:00,EXPIRED,MEDIUM,POLICY-v1
ALT-005008,CMP-005008,2026-06-23T09:18:21+00:00,ACTIONED,HIGH,POLICY-v1
ALT-005009,CMP-005009,2026-04-05T19:31:20+00:00,PENDING,HIGH,POLICY-v1
ALT-005010,CMP-005010,2026-05-03T21:30:39+00:00,EXPIRED,HIGH,POLICY-v1
ALT-005011,CMP-005011,2026-05-25T15:19:39+00:00,EXPIRED,HIGH,POLICY-v1
ALT-005012,CMP-005012,2026-01-06T16:25:06+00:00,ACTIONED,HIGH,POLICY-v1
ALT-005013,CMP-005013,2026-02-01T15:44:47+00:00,PENDING,MEDIUM,POLICY-v1
ALT-005014,CMP-005014,2026-05-31T08:34:31+00:00,ACTIONED,MEDIUM,POLICY-v1
ALT-005015,CMP-005015,2026-04-02T01:22:03+00:00,ACTIONED,LOW,POLICY-v1
ALT-005016,CMP-005016,2026-03-02T19:42:52+00:00,ACKNOWLEDGED,MEDIUM,POLICY-v1
ALT-005017,CMP-005017,2026-04-26T06:10:50+00:00,EXPIRED,MEDIUM,POLICY-v1
ALT-005018,CMP-005018,2026-04-18T06:35:07+00:00,ACKNOWLEDGED,LOW,POLICY-v1
ALT-005019,CMP-005019,2026-03-26T13:42:25+00:00,EXPIRED,MEDIUM,POLICY-v1
ALT-005020,CMP-005020,2026-06-19T05:38:36+00:00,ACTIONED,LOW,POLICY-v1
ALT-005021,CMP-005021,2026-04-02T08:10:22+00:00,ACTIONED,HIGH,POLICY-v1
ALT-005022,CMP-005022,2026-01-09T06:27:09+00:00,ACKNOWLEDGED,MEDIUM,POLICY-v1
ALT-005023,CMP-005023,2026-04-27T11:55:07+00:00,ACTIONED,LOW,POLICY-v1
ALT-005024,CMP-005024,2026-01-16T09:31:14+00:00,ACTIONED,MEDIUM,POLICY-v1
ALT-005025,CMP-005025,2026-01-20T23:53:10+00:00,ACTIONED,HIGH,POLICY-v1
ALT-005026,CMP-005026,2026-03-29T23:15:55+00:00,PENDING,HIGH,POLICY-v1
ALT-005027,CMP-005027,2026-04-01T09:21:51+00:00,ACTIONED,MEDIUM,POLICY-v1
ALT-005028,CMP-005028,2026-06-10T01:06:03+00:00,PENDING,HIGH,POLICY-v1
ALT-005029,CMP-005029,2026-01-17T10:27:48+00:00,ACTIONED,MEDIUM,POLICY-v1
ALT-005030,CMP-005030,2026-03-24T21:09:54+00:00,ACKNOWLEDGED,HIGH,POLICY-v1
ALT-005031,CMP-005031,2026-02-11T02:25:04+00:00,ACKNOWLEDGED,LOW,POLICY-v1
ALT-005032,CMP-005032,2026-01-17T05:28:12+00:00,ACTIONED,MEDIUM,POLICY-v1
ALT-005033,CMP-005033,2026-04-22T10:40:15+00:00,EXPIRED,HIGH,POLICY-v1
ALT-005034,CMP-005034,2026-03-21T07:38:04+00:00,ACTIONED,HIGH,POLICY-v1
ALT-005035,CMP-005035,2026-04-13T04:59:54+00:00,ACTIONED,MEDIUM,POLICY-v1
ALT-005036,CMP-005036,2026-05-05T21:19:19+00:00,EXPIRED,MEDIUM,POLICY-v1
ALT-005037,CMP-005037,2026-04-26T18:12:19+00:00,ACTIONED,HIGH,POLICY-v1
ALT-005038,CMP-005038,2026-05-08T15:10:03+00:00,ACTIONED,LOW,POLICY-v1
ALT-005039,CMP-005039,2026-02-27T22:46:29+00:00,ACTIONED,LOW,POLICY-v1
ALT-005040,CMP-005040,2026-03-07T12:48:55+00:00,ACKNOWLEDGED,HIGH,POLICY-v1
ALT-005041,CMP-005041,2026-03-18T17:48:22+00:00,ACTIONED,HIGH,POLICY-v1
ALT-005042,CMP-005042,2026-02-15T13:43:28+00:00,EXPIRED,MEDIUM,POLICY-v1
ALT-005043,CMP-005043,2026-04-05T19:36:57+00:00,ACTIONED,HIGH,POLICY-v1
ALT-005044,CMP-005044,2026-01-02T22:16:15+00:00,PENDING,HIGH,POLICY-v1
ALT-005045,CMP-005045,2026-02-26T21:57:47+00:00,ACTIONED,MEDIUM,POLICY-v1
ALT-005046,CMP-005046,2026-06-05T05:11:08+00:00,ACKNOWLEDGED,MEDIUM,POLICY-v1
ALT-005047,CMP-005047,2026-01-06T22:01:03+00:00,ACTIONED,MEDIUM,POLICY-v1
ALT-005048,CMP-005048,2026-02-13T03:06:14+00:00,PENDING,HIGH,POLICY-v1
ALT-005049,CMP-005049,2026-05-14T04:30:46+00:00,ACTIONED,HIGH,POLICY-v1
ALT-005050,CMP-005050,2026-05-01T15:36:13+00:00,ACTIONED,HIGH,POLICY-v1
ALT-005051,CMP-005051,2026-01-12T05:11:33+00:00,EXPIRED,LOW,POLICY-v1
ALT-005052,CMP-005052,2026-01-09T00:14:59+00:00,ACTIONED,MEDIUM,POLICY-v1
ALT-005053,CMP-005053,2026-02-21T06:20:09+00:00,ACTIONED,LOW,POLICY-v1
ALT-005054,CMP-005054,2026-03-06T05:10:52+00:00,ACTIONED,HIGH,POLICY-v1
ALT-005055,CMP-005055,2026-02-08T11:41:30+00:00,ACKNOWLEDGED,LOW,POLICY-v1
ALT-005056,CMP-005056,2026-04-29T21:22:04+00:00,ACTIONED,HIGH,POLICY-v1
ALT-005057,CMP-005057,2026-05-11T01:18:46+00:00,ACKNOWLEDGED,LOW,POLICY-v1
ALT-005058,CMP-005058,2026-02-09T22:52:56+00:00,ACTIONED,LOW,POLICY-v1
ALT-005059,CMP-005059,2026-03-29T17:23:05+00:00,ACKNOWLEDGED,MEDIUM,POLICY-v1
ALT-005060,CMP-005060,2026-04-30T15:45:46+00:00,EXPIRED,HIGH,POLICY-v1
ALT-005061,CMP-005061,2026-05-23T13:28:03+00:00,EXPIRED,LOW,POLICY-v1
ALT-005062,CMP-005062,2026-02-13T14:48:19+00:00,ACKNOWLEDGED,HIGH,POLICY-v1
ALT-005063,CMP-005063,2026-02-26T16:01:32+00:00,EXPIRED,HIGH,POLICY-v1
ALT-005064,CMP-005064,2026-01-20T04:08:16+00:00,ACTIONED,HIGH,POLICY-v1
ALT-005065,CMP-005065,2026-01-14T05:06:12+00:00,EXPIRED,MEDIUM,POLICY-v1
ALT-005066,CMP-005066,2026-06-20T03:47:11+00:00,ACTIONED,LOW,POLICY-v1
ALT-005067,CMP-005067,2026-02-10T20:47:29+00:00,EXPIRED,LOW,POLICY-v1
ALT-005068,CMP-005068,2026-02-02T15:13:07+00:00,ACKNOWLEDGED,LOW,POLICY-v1
ALT-005069,CMP-005069,2026-03-20T02:43:38+00:00,EXPIRED,MEDIUM,POLICY-v1
ALT-005070,CMP-005070,2026-03-11T03:19:11+00:00,PENDING,MEDIUM,POLICY-v1
ALT-005071,CMP-005071,2026-04-14T05:16:15+00:00,EXPIRED,MEDIUM,POLICY-v1
ALT-005072,CMP-005072,2026-01-10T14:20:48+00:00,EXPIRED,HIGH,POLICY-v1
ALT-005073,CMP-005073,2026-01-01T16:23:24+00:00,PENDING,LOW,POLICY-v1
ALT-005074,CMP-005074,2026-03-03T07:14:37+00:00,ACKNOWLEDGED,HIGH,POLICY-v1
ALT-005075,CMP-005075,2026-03-04T00:28:44+00:00,ACTIONED,LOW,POLICY-v1
ALT-005076,CMP-005076,2026-04-06T06:06:24+00:00,ACTIONED,LOW,POLICY-v1
ALT-005077,CMP-005077,2026-06-05T12:04:21+00:00,PENDING,LOW,POLICY-v1
ALT-005078,CMP-005078,2026-04-20T10:22:26+00:00,EXPIRED,MEDIUM,POLICY-v1
ALT-005079,CMP-005079,2026-03-09T17:43:47+00:00,ACTIONED,LOW,POLICY-v1
ALT-005080,CMP-005080,2026-04-26T07:41:19+00:00,ACTIONED,HIGH,POLICY-v1
ALT-005081,CMP-005081,2026-06-24T11:17:17+00:00,ACTIONED,HIGH,POLICY-v1
ALT-005082,CMP-005082,2026-06-17T09:09:08+00:00,ACKNOWLEDGED,MEDIUM,POLICY-v1
ALT-005083,CMP-005083,2026-06-28T05:51:08+00:00,PENDING,MEDIUM,POLICY-v1
ALT-005084,CMP-005084,2026-03-20T06:36:59+00:00,ACTIONED,HIGH,POLICY-v1
ALT-005085,CMP-005085,2026-04-11T17:49:46+00:00,PENDING,MEDIUM,POLICY-v1
ALT-005086,CMP-005086,2026-04-07T17:46:47+00:00,ACTIONED,MEDIUM,POLICY-v1
ALT-005087,CMP-005087,2026-05-24T23:15:30+00:00,PENDING,HIGH,POLICY-v1
ALT-005088,CMP-005088,2026-03-10T10:04:43+00:00,ACKNOWLEDGED,MEDIUM,POLICY-v1
ALT-005089,CMP-005089,2026-02-19T21:13:38+00:00,PENDING,HIGH,POLICY-v1
ALT-005090,CMP-005090,2026-01-06T00:11:32+00:00,ACTIONED,HIGH,POLICY-v1
ALT-005091,CMP-005091,2026-05-13T17:55:08+00:00,ACTIONED,HIGH,POLICY-v1
ALT-005092,CMP-005092,2026-03-05T15:57:45+00:00,ACTIONED,HIGH,POLICY-v1
ALT-005093,CMP-005093,2026-05-24T06:18:34+00:00,ACTIONED,HIGH,POLICY-v1
ALT-005094,CMP-005094,2026-04-28T12:44:53+00:00,ACTIONED,HIGH,POLICY-v1
ALT-005095,CMP-005095,2026-05-15T07:33:33+00:00,ACTIONED,LOW,POLICY-v1
ALT-005096,CMP-005096,2026-05-02T12:22:54+00:00,PENDING,HIGH,POLICY-v1
ALT-005097,CMP-005097,2026-04-11T18:59:00+00:00,ACKNOWLEDGED,LOW,POLICY-v1
ALT-005098,CMP-005098,2026-01-12T23:10:00+00:00,PENDING,LOW,POLICY-v1
ALT-005099,CMP-005099,2026-03-14T17:05:40+00:00,ACTIONED,MEDIUM,POLICY-v1
ALT-005100,CMP-005100,2026-01-20T11:19:26+00:00,EXPIRED,MEDIUM,POLICY-v1
ALT-005101,CMP-005101,2026-06-21T22:04:20+00:00,EXPIRED,MEDIUM,POLICY-v1
ALT-005102,CMP-005102,2026-01-14T23:31:57+00:00,ACTIONED,LOW,POLICY-v1
ALT-005103,CMP-005103,2026-01-25T09:41:58+00:00,ACKNOWLEDGED,LOW,POLICY-v1
ALT-005104,CMP-005104,2026-04-22T22:17:25+00:00,EXPIRED,HIGH,POLICY-v1
ALT-005105,CMP-005105,2026-06-17T09:12:12+00:00,ACKNOWLEDGED,MEDIUM,POLICY-v1
ALT-005106,CMP-005106,2026-03-19T13:50:41+00:00,ACTIONED,HIGH,POLICY-v1
ALT-005107,CMP-005107,2026-04-05T01:49:24+00:00,EXPIRED,LOW,POLICY-v1
ALT-005108,CMP-005108,2026-03-17T23:31:38+00:00,PENDING,MEDIUM,POLICY-v1
ALT-005109,CMP-005109,2026-04-11T20:39:01+00:00,PENDING,HIGH,POLICY-v1
ALT-005110,CMP-005110,2026-05-02T19:55:32+00:00,PENDING,MEDIUM,POLICY-v1
ALT-005111,CMP-005111,2026-03-28T21:57:43+00:00,ACTIONED,LOW,POLICY-v1
ALT-005112,CMP-005112,2026-06-26T20:39:05+00:00,ACKNOWLEDGED,MEDIUM,POLICY-v1
ALT-005113,CMP-005113,2026-05-07T04:05:05+00:00,ACKNOWLEDGED,LOW,POLICY-v1
ALT-005114,CMP-005114,2026-05-20T12:25:47+00:00,ACKNOWLEDGED,LOW,POLICY-v1
ALT-005115,CMP-005115,2026-06-23T08:37:51+00:00,ACTIONED,HIGH,POLICY-v1
ALT-005116,CMP-005116,2026-05-25T11:17:17+00:00,ACTIONED,HIGH,POLICY-v1
ALT-005117,CMP-005117,2026-05-17T11:31:38+00:00,ACTIONED,MEDIUM,POLICY-v1
ALT-005118,CMP-005118,2026-03-01T14:42:07+00:00,ACTIONED,MEDIUM,POLICY-v1
ALT-005119,CMP-005119,2026-02-13T06:53:16+00:00,EXPIRED,HIGH,POLICY-v1
ALT-005120,CMP-005120,2026-06-29T20:07:15+00:00,ACTIONED,HIGH,POLICY-v1
ALT-005121,CMP-005121,2026-06-05T19:03:35+00:00,PENDING,LOW,POLICY-v1
ALT-005122,CMP-005122,2026-02-19T16:07:41+00:00,ACTIONED,MEDIUM,POLICY-v1
ALT-005123,CMP-005123,2026-04-09T01:11:04+00:00,PENDING,LOW,POLICY-v1
ALT-005124,CMP-005124,2026-04-25T06:51:31+00:00,ACTIONED,HIGH,POLICY-v1
ALT-005125,CMP-005125,2026-06-29T03:05:22+00:00,PENDING,LOW,POLICY-v1
ALT-005126,CMP-005126,2026-02-02T15:38:54+00:00,ACTIONED,MEDIUM,POLICY-v1
ALT-005127,CMP-005127,2026-02-17T18:48:48+00:00,ACTIONED,LOW,POLICY-v1
ALT-005128,CMP-005128,2026-05-04T09:39:02+00:00,EXPIRED,LOW,POLICY-v1
ALT-005129,CMP-005129,2026-06-22T15:45:19+00:00,ACTIONED,HIGH,POLICY-v1
ALT-005130,CMP-005130,2026-02-28T17:45:41+00:00,ACTIONED,MEDIUM,POLICY-v1
ALT-005131,CMP-005131,2026-03-16T12:26:07+00:00,ACTIONED,HIGH,POLICY-v1
ALT-005132,CMP-005132,2026-06-25T22:36:36+00:00,ACTIONED,LOW,POLICY-v1
ALT-005133,CMP-005133,2026-04-29T23:05:45+00:00,ACTIONED,LOW,POLICY-v1
ALT-005134,CMP-005134,2026-03-14T14:30:52+00:00,PENDING,MEDIUM,POLICY-v1
ALT-005135,CMP-005135,2026-03-07T12:02:10+00:00,ACTIONED,HIGH,POLICY-v1
ALT-005136,CMP-005136,2026-04-11T03:36:44+00:00,ACTIONED,MEDIUM,POLICY-v1
ALT-005137,CMP-005137,2026-05-16T13:08:58+00:00,ACTIONED,HIGH,POLICY-v1
ALT-005138,CMP-005138,2026-05-19T00:07:00+00:00,ACKNOWLEDGED,LOW,POLICY-v1
ALT-005139,CMP-005139,2026-03-09T21:11:35+00:00,ACKNOWLEDGED,MEDIUM,POLICY-v1
ALT-005140,CMP-005140,2026-03-31T20:39:52+00:00,PENDING,MEDIUM,POLICY-v1
ALT-005141,CMP-005141,2026-02-08T02:17:22+00:00,ACTIONED,LOW,POLICY-v1
ALT-005142,CMP-005142,2026-02-13T11:19:24+00:00,EXPIRED,MEDIUM,POLICY-v1
ALT-005143,CMP-005143,2026-06-24T02:12:29+00:00,EXPIRED,MEDIUM,POLICY-v1
ALT-005144,CMP-005144,2026-02-05T01:46:29+00:00,ACTIONED,MEDIUM,POLICY-v1
ALT-005145,CMP-005145,2026-05-19T09:14:05+00:00,ACTIONED,LOW,POLICY-v1
ALT-005146,CMP-005146,2026-06-22T17:19:21+00:00,ACKNOWLEDGED,MEDIUM,POLICY-v1
ALT-005147,CMP-005147,2026-04-09T04:36:27+00:00,ACKNOWLEDGED,LOW,POLICY-v1
ALT-005148,CMP-005148,2026-05-16T19:06:06+00:00,ACKNOWLEDGED,MEDIUM,POLICY-v1
ALT-005149,CMP-005149,2026-05-22T00:49:02+00:00,ACTIONED,LOW,POLICY-v1
ALT-005150,CMP-005150,2026-02-09T03:00:51+00:00,ACTIONED,MEDIUM,POLICY-v1
ALT-005151,CMP-005151,2026-04-14T21:09:00+00:00,ACTIONED,LOW,POLICY-v1
ALT-005152,CMP-005152,2026-03-14T15:35:46+00:00,PENDING,HIGH,POLICY-v1
ALT-005153,CMP-005153,2026-04-06T16:14:06+00:00,ACTIONED,HIGH,POLICY-v1
ALT-005154,CMP-005154,2026-06-20T16:58:08+00:00,ACKNOWLEDGED,HIGH,POLICY-v1
ALT-005155,CMP-005155,2026-01-04T22:36:27+00:00,PENDING,MEDIUM,POLICY-v1
ALT-005156,CMP-005156,2026-05-01T12:33:41+00:00,ACTIONED,MEDIUM,POLICY-v1
ALT-005157,CMP-005157,2026-01-01T02:30:20+00:00,ACKNOWLEDGED,LOW,POLICY-v1
ALT-005158,CMP-005158,2026-06-18T20:57:55+00:00,ACTIONED,HIGH,POLICY-v1
ALT-005159,CMP-005159,2026-02-18T08:47:46+00:00,ACTIONED,MEDIUM,POLICY-v1
ALT-005160,CMP-005160,2026-06-22T20:39:16+00:00,ACTIONED,MEDIUM,POLICY-v1
ALT-005161,CMP-005161,2026-01-23T01:53:03+00:00,ACTIONED,LOW,POLICY-v1
ALT-005162,CMP-005162,2026-06-23T03:37:47+00:00,ACTIONED,MEDIUM,POLICY-v1
ALT-005163,CMP-005163,2026-03-20T00:46:50+00:00,EXPIRED,MEDIUM,POLICY-v1
ALT-005164,CMP-005164,2026-04-19T18:37:25+00:00,ACTIONED,LOW,POLICY-v1
ALT-005165,CMP-005165,2026-04-23T14:26:57+00:00,PENDING,LOW,POLICY-v1
ALT-005166,CMP-005166,2026-01-31T14:59:03+00:00,ACKNOWLEDGED,MEDIUM,POLICY-v1
ALT-005167,CMP-005167,2026-06-27T14:05:07+00:00,ACKNOWLEDGED,MEDIUM,POLICY-v1
ALT-005168,CMP-005168,2026-01-22T23:44:14+00:00,PENDING,HIGH,POLICY-v1
ALT-005169,CMP-005169,2026-06-27T17:01:09+00:00,ACTIONED,HIGH,POLICY-v1
ALT-005170,CMP-005170,2026-04-27T02:17:02+00:00,ACTIONED,HIGH,POLICY-v1
ALT-005171,CMP-005171,2026-02-02T17:40:52+00:00,ACTIONED,MEDIUM,POLICY-v1
ALT-005172,CMP-005172,2026-04-12T13:11:47+00:00,PENDING,LOW,POLICY-v1
ALT-005173,CMP-005173,2026-01-28T04:21:21+00:00,EXPIRED,MEDIUM,POLICY-v1
ALT-005174,CMP-005174,2026-06-18T16:33:47+00:00,PENDING,MEDIUM,POLICY-v1
ALT-005175,CMP-005175,2026-06-24T20:03:10+00:00,ACKNOWLEDGED,HIGH,POLICY-v1
ALT-005176,CMP-005176,2026-03-16T21:40:01+00:00,ACTIONED,MEDIUM,POLICY-v1
ALT-005177,CMP-005177,2026-05-23T22:39:11+00:00,ACTIONED,HIGH,POLICY-v1
ALT-005178,CMP-005178,2026-01-05T06:48:42+00:00,ACKNOWLEDGED,HIGH,POLICY-v1
ALT-005179,CMP-005179,2026-01-11T02:33:51+00:00,ACTIONED,HIGH,POLICY-v1
ALT-005180,CMP-005180,2026-01-23T04:32:55+00:00,EXPIRED,MEDIUM,POLICY-v1
ALT-005181,CMP-005181,2026-04-05T14:53:59+00:00,ACKNOWLEDGED,MEDIUM,POLICY-v1
ALT-005182,CMP-005182,2026-04-20T02:20:35+00:00,ACTIONED,MEDIUM,POLICY-v1
ALT-005183,CMP-005183,2026-04-25T11:02:56+00:00,ACTIONED,HIGH,POLICY-v1
ALT-005184,CMP-005184,2026-04-21T02:49:35+00:00,ACTIONED,HIGH,POLICY-v1
ALT-005185,CMP-005185,2026-05-12T23:05:42+00:00,ACKNOWLEDGED,MEDIUM,POLICY-v1
ALT-005186,CMP-005186,2026-05-25T20:18:51+00:00,ACKNOWLEDGED,MEDIUM,POLICY-v1
ALT-005187,CMP-005187,2026-03-12T17:57:52+00:00,ACKNOWLEDGED,LOW,POLICY-v1
ALT-005188,CMP-005188,2026-06-12T18:56:04+00:00,ACKNOWLEDGED,MEDIUM,POLICY-v1
ALT-005189,CMP-005189,2026-06-12T19:29:19+00:00,PENDING,HIGH,POLICY-v1
ALT-005190,CMP-005190,2026-01-21T00:20:26+00:00,ACKNOWLEDGED,HIGH,POLICY-v1
ALT-005191,CMP-005191,2026-01-24T01:19:55+00:00,ACKNOWLEDGED,LOW,POLICY-v1
ALT-005192,CMP-005192,2026-03-18T18:18:06+00:00,PENDING,HIGH,POLICY-v1
ALT-005193,CMP-005193,2026-05-17T16:30:41+00:00,ACKNOWLEDGED,LOW,POLICY-v1
ALT-005194,CMP-005194,2026-05-09T22:39:51+00:00,PENDING,HIGH,POLICY-v1
ALT-005195,CMP-005195,2026-02-08T19:06:13+00:00,ACKNOWLEDGED,LOW,POLICY-v1
ALT-005196,CMP-005196,2026-06-13T03:15:11+00:00,PENDING,MEDIUM,POLICY-v1
ALT-005197,CMP-005197,2026-05-09T03:45:35+00:00,PENDING,LOW,POLICY-v1
ALT-005198,CMP-005198,2026-05-19T02:20:58+00:00,EXPIRED,LOW,POLICY-v1
ALT-005199,CMP-005199,2026-04-24T08:07:54+00:00,EXPIRED,MEDIUM,POLICY-v1
ALT-005200,CMP-005200,2026-02-08T13:38:40+00:00,ACKNOWLEDGED,MEDIUM,POLICY-v1
ALT-005201,CMP-005201,2026-01-23T06:18:56+00:00,ACTIONED,LOW,POLICY-v1
ALT-005202,CMP-005202,2026-03-31T20:38:57+00:00,EXPIRED,MEDIUM,POLICY-v1
ALT-005203,CMP-005203,2026-03-06T13:57:07+00:00,ACTIONED,MEDIUM,POLICY-v1
ALT-005204,CMP-005204,2026-05-22T13:01:08+00:00,ACKNOWLEDGED,HIGH,POLICY-v1
ALT-005205,CMP-005205,2026-05-19T09:57:44+00:00,ACTIONED,LOW,POLICY-v1
ALT-005206,CMP-005206,2026-06-02T04:17:31+00:00,ACTIONED,MEDIUM,POLICY-v1
ALT-005207,CMP-005207,2026-05-13T20:16:22+00:00,ACTIONED,LOW,POLICY-v1
ALT-005208,CMP-005208,2026-04-27T02:19:02+00:00,ACTIONED,LOW,POLICY-v1
ALT-005209,CMP-005209,2026-02-09T02:28:27+00:00,ACTIONED,MEDIUM,POLICY-v1
ALT-005210,CMP-005210,2026-06-28T08:44:55+00:00,ACTIONED,HIGH,POLICY-v1
ALT-005211,CMP-005211,2026-03-25T05:01:05+00:00,ACTIONED,MEDIUM,POLICY-v1
ALT-005212,CMP-005212,2026-03-19T22:50:10+00:00,ACTIONED,MEDIUM,POLICY-v1
ALT-005213,CMP-005213,2026-03-22T04:40:13+00:00,ACTIONED,MEDIUM,POLICY-v1
ALT-005214,CMP-005214,2026-06-13T04:48:43+00:00,ACTIONED,MEDIUM,POLICY-v1
ALT-005215,CMP-005215,2026-01-21T11:02:21+00:00,ACTIONED,HIGH,POLICY-v1
ALT-005216,CMP-005216,2026-06-20T18:23:52+00:00,ACTIONED,LOW,POLICY-v1
ALT-005217,CMP-005217,2026-05-21T17:55:01+00:00,ACTIONED,HIGH,POLICY-v1
ALT-005218,CMP-005218,2026-03-13T19:35:06+00:00,EXPIRED,LOW,POLICY-v1
ALT-005219,CMP-005219,2026-05-21T14:08:00+00:00,ACKNOWLEDGED,LOW,POLICY-v1
ALT-005220,CMP-005220,2026-06-07T07:20:19+00:00,ACTIONED,HIGH,POLICY-v1
ALT-005221,CMP-005221,2026-03-20T17:31:33+00:00,PENDING,LOW,POLICY-v1
ALT-005222,CMP-005222,2026-03-17T08:29:53+00:00,ACTIONED,LOW,POLICY-v1
ALT-005223,CMP-005223,2026-05-22T14:06:33+00:00,ACTIONED,HIGH,POLICY-v1
ALT-005224,CMP-005224,2026-02-21T02:46:33+00:00,EXPIRED,MEDIUM,POLICY-v1
ALT-005225,CMP-005225,2026-03-30T21:04:19+00:00,ACTIONED,HIGH,POLICY-v1
ALT-005226,CMP-005226,2026-06-03T19:24:30+00:00,ACTIONED,LOW,POLICY-v1
ALT-005227,CMP-005227,2026-03-15T03:15:35+00:00,ACKNOWLEDGED,MEDIUM,POLICY-v1
ALT-005228,CMP-005228,2026-06-24T12:34:55+00:00,ACTIONED,HIGH,POLICY-v1
ALT-005229,CMP-005229,2026-05-01T14:58:43+00:00,PENDING,LOW,POLICY-v1
ALT-005230,CMP-005230,2026-05-12T02:58:24+00:00,PENDING,MEDIUM,POLICY-v1
ALT-005231,CMP-005231,2026-05-18T18:16:12+00:00,ACTIONED,HIGH,POLICY-v1
ALT-005232,CMP-005232,2026-04-05T02:51:52+00:00,PENDING,LOW,POLICY-v1
ALT-005233,CMP-005233,2026-01-30T03:12:45+00:00,ACKNOWLEDGED,LOW,POLICY-v1
ALT-005234,CMP-005234,2026-01-06T05:46:33+00:00,ACKNOWLEDGED,LOW,POLICY-v1
ALT-005235,CMP-005235,2026-02-14T08:26:58+00:00,ACTIONED,LOW,POLICY-v1
ALT-005236,CMP-005236,2026-02-26T22:30:44+00:00,ACTIONED,LOW,POLICY-v1
ALT-005237,CMP-005237,2026-01-08T09:28:19+00:00,ACTIONED,LOW,POLICY-v1
ALT-005238,CMP-005238,2026-02-16T23:51:29+00:00,ACTIONED,LOW,POLICY-v1
ALT-005239,CMP-005239,2026-05-18T07:37:23+00:00,ACTIONED,HIGH,POLICY-v1
ALT-005240,CMP-005240,2026-05-01T20:46:16+00:00,ACTIONED,LOW,POLICY-v1
ALT-005241,CMP-005241,2026-03-13T23:09:35+00:00,EXPIRED,MEDIUM,POLICY-v1
ALT-005242,CMP-005242,2026-01-03T14:28:54+00:00,ACTIONED,HIGH,POLICY-v1
ALT-005243,CMP-005243,2026-01-21T09:49:20+00:00,ACTIONED,MEDIUM,POLICY-v1
ALT-005244,CMP-005244,2026-06-09T08:59:57+00:00,ACTIONED,HIGH,POLICY-v1
ALT-005245,CMP-005245,2026-03-02T23:52:58+00:00,ACKNOWLEDGED,MEDIUM,POLICY-v1
ALT-005246,CMP-005246,2026-01-01T16:26:20+00:00,ACKNOWLEDGED,HIGH,POLICY-v1
ALT-005247,CMP-005247,2026-01-13T05:12:56+00:00,PENDING,MEDIUM,POLICY-v1
ALT-005248,CMP-005248,2026-02-26T09:09:17+00:00,ACTIONED,HIGH,POLICY-v1
ALT-005249,CMP-005249,2026-01-11T08:35:47+00:00,ACTIONED,HIGH,POLICY-v1
ALT-005250,CMP-005250,2026-05-15T12:53:20+00:00,ACTIONED,LOW,POLICY-v1
ALT-005251,CMP-005251,2026-06-13T20:35:23+00:00,ACTIONED,HIGH,POLICY-v1
ALT-005252,CMP-005252,2026-02-26T02:05:22+00:00,ACTIONED,HIGH,POLICY-v1
ALT-005253,CMP-005253,2026-04-17T16:48:02+00:00,ACTIONED,MEDIUM,POLICY-v1
ALT-005254,CMP-005254,2026-05-23T14:19:23+00:00,EXPIRED,HIGH,POLICY-v1
ALT-005255,CMP-005255,2026-02-10T10:22:09+00:00,ACKNOWLEDGED,LOW,POLICY-v1
ALT-005256,CMP-005256,2026-04-28T13:21:11+00:00,EXPIRED,LOW,POLICY-v1
ALT-005257,CMP-005257,2026-02-19T03:24:25+00:00,ACKNOWLEDGED,HIGH,POLICY-v1
ALT-005258,CMP-005258,2026-03-09T22:08:03+00:00,ACTIONED,HIGH,POLICY-v1
ALT-005259,CMP-005259,2026-02-20T09:22:29+00:00,PENDING,LOW,POLICY-v1
ALT-005260,CMP-005260,2026-06-23T22:36:57+00:00,PENDING,LOW,POLICY-v1
ALT-005261,CMP-005261,2026-04-04T10:35:31+00:00,PENDING,HIGH,POLICY-v1
ALT-005262,CMP-005262,2026-05-18T11:33:59+00:00,PENDING,LOW,POLICY-v1
ALT-005263,CMP-005263,2026-06-06T16:22:28+00:00,PENDING,MEDIUM,POLICY-v1
ALT-005264,CMP-005264,2026-02-10T05:58:54+00:00,ACTIONED,MEDIUM,POLICY-v1
ALT-005265,CMP-005265,2026-01-12T01:19:27+00:00,PENDING,HIGH,POLICY-v1
ALT-005266,CMP-005266,2026-03-26T07:57:22+00:00,ACTIONED,LOW,POLICY-v1
ALT-005267,CMP-005267,2026-03-08T13:36:27+00:00,ACTIONED,LOW,POLICY-v1
ALT-005268,CMP-005268,2026-06-06T20:07:39+00:00,ACTIONED,LOW,POLICY-v1
ALT-005269,CMP-005269,2026-02-16T02:19:41+00:00,ACTIONED,HIGH,POLICY-v1
ALT-005270,CMP-005270,2026-04-06T03:23:30+00:00,ACTIONED,MEDIUM,POLICY-v1
ALT-005271,CMP-005271,2026-03-24T04:14:17+00:00,PENDING,HIGH,POLICY-v1
ALT-005272,CMP-005272,2026-05-03T17:56:09+00:00,ACTIONED,LOW,POLICY-v1
ALT-005273,CMP-005273,2026-04-29T05:45:41+00:00,EXPIRED,MEDIUM,POLICY-v1
ALT-005274,CMP-005274,2026-03-03T10:04:24+00:00,ACTIONED,HIGH,POLICY-v1
ALT-005275,CMP-005275,2026-06-03T05:38:25+00:00,EXPIRED,LOW,POLICY-v1
ALT-005276,CMP-005276,2026-06-08T08:40:16+00:00,PENDING,MEDIUM,POLICY-v1
ALT-005277,CMP-005277,2026-06-19T22:38:11+00:00,ACKNOWLEDGED,MEDIUM,POLICY-v1
ALT-005278,CMP-005278,2026-04-02T14:41:59+00:00,ACTIONED,HIGH,POLICY-v1
ALT-005279,CMP-005279,2026-01-04T15:18:41+00:00,PENDING,MEDIUM,POLICY-v1
ALT-005280,CMP-005280,2026-04-06T05:15:30+00:00,EXPIRED,HIGH,POLICY-v1
ALT-005281,CMP-005281,2026-06-01T08:17:58+00:00,ACTIONED,HIGH,POLICY-v1
ALT-005282,CMP-005282,2026-05-07T07:55:11+00:00,ACTIONED,LOW,POLICY-v1
ALT-005283,CMP-005283,2026-04-04T18:32:56+00:00,ACKNOWLEDGED,LOW,POLICY-v1
ALT-005284,CMP-005284,2026-05-01T05:55:11+00:00,ACTIONED,HIGH,POLICY-v1
ALT-005285,CMP-005285,2026-02-10T21:46:45+00:00,PENDING,HIGH,POLICY-v1
ALT-005286,CMP-005286,2026-04-14T23:07:35+00:00,ACTIONED,HIGH,POLICY-v1
ALT-005287,CMP-005287,2026-01-07T09:01:42+00:00,PENDING,LOW,POLICY-v1
ALT-005288,CMP-005288,2026-01-08T12:43:06+00:00,ACTIONED,HIGH,POLICY-v1
ALT-005289,CMP-005289,2026-02-16T08:44:49+00:00,ACTIONED,HIGH,POLICY-v1
ALT-005290,CMP-005290,2026-01-23T09:28:50+00:00,ACKNOWLEDGED,HIGH,POLICY-v1
ALT-005291,CMP-005291,2026-04-25T17:05:15+00:00,ACKNOWLEDGED,LOW,POLICY-v1
ALT-005292,CMP-005292,2026-01-30T01:07:50+00:00,ACKNOWLEDGED,HIGH,POLICY-v1
ALT-005293,CMP-005293,2026-01-12T17:56:58+00:00,PENDING,LOW,POLICY-v1
ALT-005294,CMP-005294,2026-01-21T00:19:04+00:00,ACTIONED,LOW,POLICY-v1
ALT-005295,CMP-005295,2026-02-19T14:24:31+00:00,ACTIONED,LOW,POLICY-v1
ALT-005296,CMP-005296,2026-06-13T10:01:14+00:00,ACTIONED,HIGH,POLICY-v1
ALT-005297,CMP-005297,2026-06-24T23:15:51+00:00,ACTIONED,HIGH,POLICY-v1
ALT-005298,CMP-005298,2026-05-16T09:53:55+00:00,ACTIONED,MEDIUM,POLICY-v1
ALT-005299,CMP-005299,2026-03-19T14:18:47+00:00,ACTIONED,MEDIUM,POLICY-v1
ALT-005300,CMP-005300,2026-06-16T07:50:20+00:00,ACTIONED,HIGH,POLICY-v1
ALT-005301,CMP-005301,2026-05-14T01:37:38+00:00,ACTIONED,MEDIUM,POLICY-v1
ALT-005302,CMP-005302,2026-02-09T00:33:41+00:00,ACTIONED,MEDIUM,POLICY-v1
ALT-005303,CMP-005303,2026-01-26T06:00:29+00:00,ACTIONED,HIGH,POLICY-v1
ALT-005304,CMP-005304,2026-06-02T16:25:22+00:00,ACTIONED,LOW,POLICY-v1
ALT-005305,CMP-005305,2026-03-23T15:49:40+00:00,EXPIRED,HIGH,POLICY-v1
ALT-005306,CMP-005306,2026-02-17T01:07:34+00:00,ACKNOWLEDGED,LOW,POLICY-v1
ALT-005307,CMP-005307,2026-05-09T11:24:39+00:00,EXPIRED,HIGH,POLICY-v1
ALT-005308,CMP-005308,2026-02-05T21:57:34+00:00,ACTIONED,HIGH,POLICY-v1
ALT-005309,CMP-005309,2026-06-08T19:50:31+00:00,ACKNOWLEDGED,LOW,POLICY-v1
ALT-005310,CMP-005310,2026-03-27T11:08:12+00:00,PENDING,HIGH,POLICY-v1
ALT-005311,CMP-005311,2026-06-07T16:31:34+00:00,PENDING,LOW,POLICY-v1
ALT-005312,CMP-005312,2026-04-13T03:30:44+00:00,ACTIONED,LOW,POLICY-v1
ALT-005313,CMP-005313,2026-05-14T01:00:42+00:00,PENDING,LOW,POLICY-v1
ALT-005314,CMP-005314,2026-03-15T23:17:21+00:00,ACKNOWLEDGED,LOW,POLICY-v1
ALT-005315,CMP-005315,2026-01-31T17:53:18+00:00,ACTIONED,LOW,POLICY-v1
ALT-005316,CMP-005316,2026-05-10T21:10:10+00:00,ACKNOWLEDGED,LOW,POLICY-v1
ALT-005317,CMP-005317,2026-03-19T06:28:47+00:00,ACTIONED,HIGH,POLICY-v1
ALT-005318,CMP-005318,2026-03-19T07:30:05+00:00,EXPIRED,MEDIUM,POLICY-v1
ALT-005319,CMP-005319,2026-06-15T04:21:00+00:00,ACKNOWLEDGED,HIGH,POLICY-v1
ALT-005320,CMP-005320,2026-04-13T19:25:44+00:00,ACTIONED,MEDIUM,POLICY-v1
ALT-005321,CMP-005321,2026-06-10T19:06:28+00:00,ACTIONED,LOW,POLICY-v1
ALT-005322,CMP-005322,2026-02-27T14:04:57+00:00,ACKNOWLEDGED,MEDIUM,POLICY-v1
ALT-005323,CMP-005323,2026-05-07T21:32:17+00:00,ACTIONED,MEDIUM,POLICY-v1
ALT-005324,CMP-005324,2026-04-08T18:51:51+00:00,ACTIONED,HIGH,POLICY-v1
ALT-005325,CMP-005325,2026-01-13T12:43:26+00:00,ACTIONED,HIGH,POLICY-v1
ALT-005326,CMP-005326,2026-06-02T20:29:39+00:00,ACTIONED,HIGH,POLICY-v1
ALT-005327,CMP-005327,2026-03-25T06:59:25+00:00,ACKNOWLEDGED,HIGH,POLICY-v1
ALT-005328,CMP-005328,2026-02-18T16:42:42+00:00,ACTIONED,MEDIUM,POLICY-v1
ALT-005329,CMP-005329,2026-06-09T08:34:33+00:00,ACKNOWLEDGED,MEDIUM,POLICY-v1
ALT-005330,CMP-005330,2026-02-28T13:28:35+00:00,ACKNOWLEDGED,LOW,POLICY-v1
ALT-005331,CMP-005331,2026-02-28T02:51:33+00:00,EXPIRED,MEDIUM,POLICY-v1
ALT-005332,CMP-005332,2026-03-04T09:52:44+00:00,ACKNOWLEDGED,MEDIUM,POLICY-v1
ALT-005333,CMP-005333,2026-04-07T17:22:59+00:00,ACTIONED,LOW,POLICY-v1
ALT-005334,CMP-005334,2026-01-28T21:46:50+00:00,ACTIONED,HIGH,POLICY-v1
ALT-005335,CMP-005335,2026-03-29T00:09:01+00:00,ACKNOWLEDGED,HIGH,POLICY-v1
ALT-005336,CMP-005336,2026-04-12T21:43:38+00:00,ACTIONED,MEDIUM,POLICY-v1
ALT-005337,CMP-005337,2026-04-06T03:00:38+00:00,ACTIONED,MEDIUM,POLICY-v1
ALT-005338,CMP-005338,2026-03-01T18:42:51+00:00,EXPIRED,MEDIUM,POLICY-v1
ALT-005339,CMP-005339,2026-05-11T15:46:40+00:00,ACTIONED,HIGH,POLICY-v1
ALT-005340,CMP-005340,2026-02-10T04:25:10+00:00,ACTIONED,LOW,POLICY-v1
ALT-005341,CMP-005341,2026-01-18T23:37:37+00:00,ACKNOWLEDGED,LOW,POLICY-v1
ALT-005342,CMP-005342,2026-05-14T10:20:41+00:00,EXPIRED,LOW,POLICY-v1
ALT-005343,CMP-005343,2026-06-12T08:00:39+00:00,ACTIONED,MEDIUM,POLICY-v1
ALT-005344,CMP-005344,2026-06-04T16:51:59+00:00,ACTIONED,MEDIUM,POLICY-v1
ALT-005345,CMP-005345,2026-01-13T20:55:41+00:00,PENDING,LOW,POLICY-v1
ALT-005346,CMP-005346,2026-04-04T22:37:44+00:00,ACTIONED,LOW,POLICY-v1
ALT-005347,CMP-005347,2026-05-12T23:04:27+00:00,ACTIONED,MEDIUM,POLICY-v1
ALT-005348,CMP-005348,2026-02-15T22:05:48+00:00,ACKNOWLEDGED,MEDIUM,POLICY-v1
ALT-005349,CMP-005349,2026-03-07T07:27:59+00:00,ACKNOWLEDGED,MEDIUM,POLICY-v1
ALT-005350,CMP-005350,2026-03-15T05:13:49+00:00,PENDING,HIGH,POLICY-v1
ALT-005351,CMP-005351,2026-03-26T11:04:47+00:00,PENDING,LOW,POLICY-v1
ALT-005352,CMP-005352,2026-01-24T01:03:02+00:00,ACTIONED,MEDIUM,POLICY-v1
ALT-005353,CMP-005353,2026-02-24T19:13:21+00:00,ACKNOWLEDGED,MEDIUM,POLICY-v1
ALT-005354,CMP-005354,2026-01-28T16:42:46+00:00,ACTIONED,MEDIUM,POLICY-v1
ALT-005355,CMP-005355,2026-06-28T03:51:11+00:00,ACTIONED,MEDIUM,POLICY-v1
ALT-005356,CMP-005356,2026-01-08T02:19:06+00:00,ACTIONED,MEDIUM,POLICY-v1
ALT-005357,CMP-005357,2026-05-29T12:45:18+00:00,ACTIONED,MEDIUM,POLICY-v1
ALT-005358,CMP-005358,2026-05-02T18:27:34+00:00,PENDING,HIGH,POLICY-v1
ALT-005359,CMP-005359,2026-06-10T07:16:23+00:00,ACTIONED,HIGH,POLICY-v1
ALT-005360,CMP-005360,2026-03-11T09:01:24+00:00,ACTIONED,HIGH,POLICY-v1
ALT-005361,CMP-005361,2026-02-20T00:59:12+00:00,ACTIONED,HIGH,POLICY-v1
ALT-005362,CMP-005362,2026-05-04T22:34:23+00:00,EXPIRED,MEDIUM,POLICY-v1
ALT-005363,CMP-005363,2026-04-15T13:04:17+00:00,ACKNOWLEDGED,HIGH,POLICY-v1
ALT-005364,CMP-005364,2026-06-08T07:07:07+00:00,EXPIRED,HIGH,POLICY-v1
ALT-005365,CMP-005365,2026-03-17T12:47:41+00:00,ACTIONED,MEDIUM,POLICY-v1
ALT-005366,CMP-005366,2026-06-03T14:04:16+00:00,ACTIONED,HIGH,POLICY-v1
ALT-005367,CMP-005367,2026-06-22T15:27:20+00:00,ACTIONED,LOW,POLICY-v1
ALT-005368,CMP-005368,2026-02-16T12:04:12+00:00,PENDING,HIGH,POLICY-v1
ALT-005369,CMP-005369,2026-04-17T15:29:09+00:00,ACTIONED,HIGH,POLICY-v1
ALT-005370,CMP-005370,2026-01-29T12:46:10+00:00,PENDING,HIGH,POLICY-v1
ALT-005371,CMP-005371,2026-04-21T06:42:52+00:00,EXPIRED,HIGH,POLICY-v1
ALT-005372,CMP-005372,2026-02-27T02:33:34+00:00,ACKNOWLEDGED,HIGH,POLICY-v1
ALT-005373,CMP-005373,2026-02-01T01:03:22+00:00,ACTIONED,MEDIUM,POLICY-v1
ALT-005374,CMP-005374,2026-06-01T07:57:34+00:00,EXPIRED,HIGH,POLICY-v1
ALT-005375,CMP-005375,2026-05-28T22:53:13+00:00,PENDING,LOW,POLICY-v1
ALT-005376,CMP-005376,2026-03-16T21:35:02+00:00,EXPIRED,LOW,POLICY-v1
ALT-005377,CMP-005377,2026-06-21T06:03:44+00:00,ACKNOWLEDGED,LOW,POLICY-v1
ALT-005378,CMP-005378,2026-05-11T09:33:38+00:00,EXPIRED,HIGH,POLICY-v1
ALT-005379,CMP-005379,2026-02-25T23:31:26+00:00,ACTIONED,MEDIUM,POLICY-v1
ALT-005380,CMP-005380,2026-03-23T02:16:20+00:00,ACKNOWLEDGED,MEDIUM,POLICY-v1
ALT-005381,CMP-005381,2026-04-22T13:18:59+00:00,ACTIONED,LOW,POLICY-v1
ALT-005382,CMP-005382,2026-01-26T09:50:35+00:00,EXPIRED,MEDIUM,POLICY-v1
ALT-005383,CMP-005383,2026-05-14T08:32:19+00:00,ACKNOWLEDGED,LOW,POLICY-v1
ALT-005384,CMP-005384,2026-05-30T09:58:50+00:00,ACTIONED,HIGH,POLICY-v1
ALT-005385,CMP-005385,2026-03-26T21:07:37+00:00,ACKNOWLEDGED,MEDIUM,POLICY-v1
ALT-005386,CMP-005386,2026-03-31T09:19:20+00:00,ACKNOWLEDGED,LOW,POLICY-v1
ALT-005387,CMP-005387,2026-05-21T10:29:51+00:00,EXPIRED,LOW,POLICY-v1
ALT-005388,CMP-005388,2026-05-19T07:32:33+00:00,PENDING,HIGH,POLICY-v1
ALT-005389,CMP-005389,2026-06-20T22:04:01+00:00,ACTIONED,LOW,POLICY-v1
ALT-005390,CMP-005390,2026-05-24T05:00:35+00:00,ACKNOWLEDGED,MEDIUM,POLICY-v1
ALT-005391,CMP-005391,2026-02-21T13:01:51+00:00,ACTIONED,HIGH,POLICY-v1
ALT-005392,CMP-005392,2026-06-05T14:52:05+00:00,ACKNOWLEDGED,HIGH,POLICY-v1
ALT-005393,CMP-005393,2026-04-19T03:08:10+00:00,EXPIRED,MEDIUM,POLICY-v1
ALT-005394,CMP-005394,2026-02-27T11:33:44+00:00,EXPIRED,HIGH,POLICY-v1
ALT-005395,CMP-005395,2026-05-15T16:51:12+00:00,ACKNOWLEDGED,LOW,POLICY-v1
ALT-005396,CMP-005396,2026-02-21T22:06:51+00:00,ACTIONED,MEDIUM,POLICY-v1
ALT-005397,CMP-005397,2026-01-21T11:18:09+00:00,ACTIONED,MEDIUM,POLICY-v1
ALT-005398,CMP-005398,2026-03-04T03:59:03+00:00,ACTIONED,HIGH,POLICY-v1
ALT-005399,CMP-005399,2026-02-22T22:19:39+00:00,ACTIONED,MEDIUM,POLICY-v1
ALT-005400,CMP-005400,2026-06-01T03:50:49+00:00,ACTIONED,HIGH,POLICY-v1
ALT-005401,CMP-005401,2026-04-29T01:59:09+00:00,ACTIONED,HIGH,POLICY-v1
ALT-005402,CMP-005402,2026-05-05T09:18:42+00:00,ACTIONED,HIGH,POLICY-v1
ALT-005403,CMP-005403,2026-06-20T14:11:04+00:00,ACKNOWLEDGED,LOW,POLICY-v1
ALT-005404,CMP-005404,2026-03-16T22:43:03+00:00,EXPIRED,LOW,POLICY-v1
ALT-005405,CMP-005405,2026-06-29T19:46:01+00:00,ACKNOWLEDGED,MEDIUM,POLICY-v1
ALT-005406,CMP-005406,2026-05-23T13:46:03+00:00,ACTIONED,LOW,POLICY-v1
ALT-005407,CMP-005407,2026-04-10T12:48:07+00:00,ACTIONED,HIGH,POLICY-v1
ALT-005408,CMP-005408,2026-03-22T00:01:06+00:00,ACTIONED,MEDIUM,POLICY-v1
ALT-005409,CMP-005409,2026-03-07T14:42:48+00:00,ACTIONED,LOW,POLICY-v1
ALT-005410,CMP-005410,2026-01-19T00:27:56+00:00,ACTIONED,MEDIUM,POLICY-v1
ALT-005411,CMP-005411,2026-05-16T16:26:19+00:00,ACKNOWLEDGED,LOW,POLICY-v1
ALT-005412,CMP-005412,2026-04-26T14:39:30+00:00,ACKNOWLEDGED,HIGH,POLICY-v1
ALT-005413,CMP-005413,2026-01-02T12:37:16+00:00,ACTIONED,HIGH,POLICY-v1
ALT-005414,CMP-005414,2026-03-23T22:13:24+00:00,PENDING,MEDIUM,POLICY-v1
ALT-005415,CMP-005415,2026-01-31T12:17:01+00:00,ACTIONED,LOW,POLICY-v1
ALT-005416,CMP-005416,2026-05-24T09:21:31+00:00,ACTIONED,MEDIUM,POLICY-v1
ALT-005417,CMP-005417,2026-01-26T03:48:23+00:00,EXPIRED,HIGH,POLICY-v1
ALT-005418,CMP-005418,2026-03-14T17:52:47+00:00,ACKNOWLEDGED,HIGH,POLICY-v1
ALT-005419,CMP-005419,2026-03-18T20:33:44+00:00,ACTIONED,LOW,POLICY-v1
ALT-005420,CMP-005420,2026-02-04T16:48:43+00:00,ACTIONED,LOW,POLICY-v1
ALT-005421,CMP-005421,2026-05-27T06:15:53+00:00,PENDING,MEDIUM,POLICY-v1
ALT-005422,CMP-005422,2026-04-25T02:13:53+00:00,ACTIONED,MEDIUM,POLICY-v1
ALT-005423,CMP-005423,2026-05-04T01:59:56+00:00,ACKNOWLEDGED,LOW,POLICY-v1
ALT-005424,CMP-005424,2026-01-16T10:48:00+00:00,ACTIONED,LOW,POLICY-v1
ALT-005425,CMP-005425,2026-02-19T18:22:19+00:00,EXPIRED,HIGH,POLICY-v1
ALT-005426,CMP-005426,2026-01-06T07:39:56+00:00,ACTIONED,LOW,POLICY-v1
ALT-005427,CMP-005427,2026-06-25T05:48:15+00:00,ACTIONED,HIGH,POLICY-v1
ALT-005428,CMP-005428,2026-06-16T11:50:02+00:00,ACKNOWLEDGED,LOW,POLICY-v1
ALT-005429,CMP-005429,2026-03-29T08:53:29+00:00,ACTIONED,LOW,POLICY-v1
ALT-005430,CMP-005430,2026-04-30T22:40:25+00:00,EXPIRED,HIGH,POLICY-v1
ALT-005431,CMP-005431,2026-05-07T00:43:19+00:00,ACTIONED,MEDIUM,POLICY-v1
ALT-005432,CMP-005432,2026-04-06T01:35:06+00:00,ACTIONED,LOW,POLICY-v1
ALT-005433,CMP-005433,2026-01-01T13:03:04+00:00,PENDING,MEDIUM,POLICY-v1
ALT-005434,CMP-005434,2026-03-08T13:17:27+00:00,ACKNOWLEDGED,HIGH,POLICY-v1
ALT-005435,CMP-005435,2026-05-15T17:56:45+00:00,PENDING,LOW,POLICY-v1
ALT-005436,CMP-005436,2026-06-24T23:17:05+00:00,ACTIONED,LOW,POLICY-v1
ALT-005437,CMP-005437,2026-03-18T01:49:33+00:00,ACKNOWLEDGED,LOW,POLICY-v1
ALT-005438,CMP-005438,2026-04-20T15:51:31+00:00,ACTIONED,HIGH,POLICY-v1
ALT-005439,CMP-005439,2026-06-18T08:02:29+00:00,ACKNOWLEDGED,MEDIUM,POLICY-v1
ALT-005440,CMP-005440,2026-06-23T01:47:43+00:00,ACKNOWLEDGED,MEDIUM,POLICY-v1
ALT-005441,CMP-005441,2026-03-20T14:39:02+00:00,EXPIRED,MEDIUM,POLICY-v1
ALT-005442,CMP-005442,2026-02-11T09:38:57+00:00,ACTIONED,MEDIUM,POLICY-v1
ALT-005443,CMP-005443,2026-03-07T01:34:35+00:00,PENDING,HIGH,POLICY-v1
ALT-005444,CMP-005444,2026-02-08T04:36:31+00:00,ACKNOWLEDGED,HIGH,POLICY-v1
ALT-005445,CMP-005445,2026-02-16T15:19:25+00:00,ACKNOWLEDGED,LOW,POLICY-v1
ALT-005446,CMP-005446,2026-02-13T06:39:07+00:00,ACKNOWLEDGED,LOW,POLICY-v1
ALT-005447,CMP-005447,2026-03-24T01:17:53+00:00,ACKNOWLEDGED,LOW,POLICY-v1
ALT-005448,CMP-005448,2026-03-22T00:44:27+00:00,ACTIONED,HIGH,POLICY-v1
ALT-005449,CMP-005449,2026-03-25T13:47:24+00:00,ACTIONED,HIGH,POLICY-v1
ALT-005450,CMP-005450,2026-05-01T21:47:45+00:00,ACTIONED,LOW,POLICY-v1
ALT-005451,CMP-005451,2026-06-26T11:31:50+00:00,ACTIONED,HIGH,POLICY-v1
ALT-005452,CMP-005452,2026-06-17T14:35:44+00:00,ACKNOWLEDGED,MEDIUM,POLICY-v1
ALT-005453,CMP-005453,2026-06-07T22:04:21+00:00,PENDING,LOW,POLICY-v1
ALT-005454,CMP-005454,2026-04-26T06:56:15+00:00,ACTIONED,MEDIUM,POLICY-v1
ALT-005455,CMP-005455,2026-02-05T19:46:56+00:00,ACKNOWLEDGED,LOW,POLICY-v1
ALT-005456,CMP-005456,2026-05-06T08:40:06+00:00,ACTIONED,HIGH,POLICY-v1
ALT-005457,CMP-005457,2026-02-12T11:41:45+00:00,ACTIONED,HIGH,POLICY-v1
ALT-005458,CMP-005458,2026-02-06T16:02:03+00:00,ACTIONED,MEDIUM,POLICY-v1
ALT-005459,CMP-005459,2026-04-21T14:52:41+00:00,ACTIONED,MEDIUM,POLICY-v1
ALT-005460,CMP-005460,2026-04-27T03:29:17+00:00,EXPIRED,HIGH,POLICY-v1
ALT-005461,CMP-005461,2026-04-16T13:58:15+00:00,ACTIONED,MEDIUM,POLICY-v1
ALT-005462,CMP-005462,2026-01-30T23:20:21+00:00,ACTIONED,HIGH,POLICY-v1
ALT-005463,CMP-005463,2026-03-22T01:27:32+00:00,EXPIRED,LOW,POLICY-v1
ALT-005464,CMP-005464,2026-04-28T09:07:13+00:00,ACTIONED,MEDIUM,POLICY-v1
ALT-005465,CMP-005465,2026-06-03T21:53:58+00:00,ACTIONED,LOW,POLICY-v1
ALT-005466,CMP-005466,2026-04-12T20:30:37+00:00,ACTIONED,LOW,POLICY-v1
ALT-005467,CMP-005467,2026-02-11T05:45:00+00:00,ACTIONED,HIGH,POLICY-v1
ALT-005468,CMP-005468,2026-02-07T15:49:01+00:00,ACTIONED,HIGH,POLICY-v1
ALT-005469,CMP-005469,2026-06-29T15:28:28+00:00,PENDING,MEDIUM,POLICY-v1
ALT-005470,CMP-005470,2026-02-24T00:26:29+00:00,ACTIONED,LOW,POLICY-v1
ALT-005471,CMP-005471,2026-05-12T09:07:24+00:00,PENDING,MEDIUM,POLICY-v1
ALT-005472,CMP-005472,2026-06-22T04:35:21+00:00,ACKNOWLEDGED,LOW,POLICY-v1
ALT-005473,CMP-005473,2026-02-19T16:48:36+00:00,ACKNOWLEDGED,LOW,POLICY-v1
ALT-005474,CMP-005474,2026-06-10T05:28:46+00:00,PENDING,LOW,POLICY-v1
ALT-005475,CMP-005475,2026-03-25T01:22:47+00:00,PENDING,MEDIUM,POLICY-v1
ALT-005476,CMP-005476,2026-03-16T00:35:27+00:00,ACKNOWLEDGED,HIGH,POLICY-v1
ALT-005477,CMP-005477,2026-06-01T03:50:54+00:00,ACTIONED,MEDIUM,POLICY-v1
ALT-005478,CMP-005478,2026-06-17T03:17:22+00:00,ACTIONED,HIGH,POLICY-v1
ALT-005479,CMP-005479,2026-04-13T12:23:12+00:00,PENDING,HIGH,POLICY-v1
ALT-005480,CMP-005480,2026-02-09T02:04:51+00:00,ACTIONED,LOW,POLICY-v1
ALT-005481,CMP-005481,2026-03-10T10:02:39+00:00,PENDING,LOW,POLICY-v1
ALT-005482,CMP-005482,2026-06-07T05:44:03+00:00,ACTIONED,HIGH,POLICY-v1
ALT-005483,CMP-005483,2026-01-01T01:18:11+00:00,PENDING,LOW,POLICY-v1
ALT-005484,CMP-005484,2026-03-04T00:38:00+00:00,ACTIONED,LOW,POLICY-v1
ALT-005485,CMP-005485,2026-04-18T21:19:04+00:00,ACTIONED,HIGH,POLICY-v1
ALT-005486,CMP-005486,2026-05-04T20:43:34+00:00,EXPIRED,HIGH,POLICY-v1
ALT-005487,CMP-005487,2026-04-28T05:11:45+00:00,EXPIRED,HIGH,POLICY-v1
ALT-005488,CMP-005488,2026-01-15T09:58:19+00:00,ACKNOWLEDGED,HIGH,POLICY-v1
ALT-005489,CMP-005489,2026-02-04T03:28:37+00:00,ACKNOWLEDGED,MEDIUM,POLICY-v1
ALT-005490,CMP-005490,2026-06-21T10:42:16+00:00,ACTIONED,MEDIUM,POLICY-v1
ALT-005491,CMP-005491,2026-01-24T02:30:07+00:00,ACTIONED,LOW,POLICY-v1
ALT-005492,CMP-005492,2026-02-26T19:34:58+00:00,ACTIONED,HIGH,POLICY-v1
ALT-005493,CMP-005493,2026-06-17T05:33:48+00:00,ACKNOWLEDGED,LOW,POLICY-v1
ALT-005494,CMP-005494,2026-05-26T12:26:00+00:00,ACTIONED,MEDIUM,POLICY-v1
ALT-005495,CMP-005495,2026-01-07T09:49:17+00:00,ACTIONED,LOW,POLICY-v1
ALT-005496,CMP-005496,2026-05-04T17:12:11+00:00,ACTIONED,HIGH,POLICY-v1
ALT-005497,CMP-005497,2026-02-03T10:12:53+00:00,ACTIONED,HIGH,POLICY-v1
ALT-005498,CMP-005498,2026-01-15T00:16:16+00:00,ACTIONED,LOW,POLICY-v1
ALT-005499,CMP-005499,2026-04-09T22:32:09+00:00,PENDING,HIGH,POLICY-v1
ALT-005500,CMP-005500,2026-02-16T10:05:40+00:00,ACKNOWLEDGED,LOW,POLICY-v1
ALT-005501,CMP-005501,2026-05-11T22:09:36+00:00,ACTIONED,LOW,POLICY-v1
ALT-005502,CMP-005502,2026-02-17T05:21:16+00:00,ACTIONED,LOW,POLICY-v1
ALT-005503,CMP-005503,2026-02-17T02:48:10+00:00,ACTIONED,HIGH,POLICY-v1
ALT-005504,CMP-005504,2026-03-09T16:44:32+00:00,ACKNOWLEDGED,HIGH,POLICY-v1
ALT-005505,CMP-005505,2026-06-22T03:07:49+00:00,EXPIRED,LOW,POLICY-v1
ALT-005506,CMP-005506,2026-04-18T15:39:10+00:00,ACTIONED,HIGH,POLICY-v1
ALT-005507,CMP-005507,2026-03-26T21:23:01+00:00,ACTIONED,MEDIUM,POLICY-v1
ALT-005508,CMP-005508,2026-06-26T00:41:44+00:00,PENDING,HIGH,POLICY-v1
ALT-005509,CMP-005509,2026-03-13T11:39:31+00:00,ACKNOWLEDGED,HIGH,POLICY-v1
ALT-005510,CMP-005510,2026-01-02T07:45:02+00:00,ACKNOWLEDGED,HIGH,POLICY-v1
ALT-005511,CMP-005511,2026-05-25T23:08:20+00:00,ACTIONED,HIGH,POLICY-v1
ALT-005512,CMP-005512,2026-05-18T11:04:23+00:00,EXPIRED,HIGH,POLICY-v1
ALT-005513,CMP-005513,2026-04-08T12:01:40+00:00,ACTIONED,MEDIUM,POLICY-v1
ALT-005514,CMP-005514,2026-06-22T01:31:52+00:00,EXPIRED,MEDIUM,POLICY-v1
ALT-005515,CMP-005515,2026-04-21T03:21:06+00:00,ACKNOWLEDGED,LOW,POLICY-v1
ALT-005516,CMP-005516,2026-05-21T01:32:56+00:00,ACTIONED,MEDIUM,POLICY-v1
ALT-005517,CMP-005517,2026-02-11T07:35:46+00:00,ACKNOWLEDGED,MEDIUM,POLICY-v1
ALT-005518,CMP-005518,2026-02-05T01:55:39+00:00,ACTIONED,LOW,POLICY-v1
ALT-005519,CMP-005519,2026-02-01T05:30:26+00:00,PENDING,HIGH,POLICY-v1
ALT-005520,CMP-005520,2026-05-25T11:17:21+00:00,EXPIRED,HIGH,POLICY-v1
ALT-005521,CMP-005521,2026-04-12T21:41:07+00:00,ACTIONED,HIGH,POLICY-v1
ALT-005522,CMP-005522,2026-04-09T18:06:33+00:00,EXPIRED,HIGH,POLICY-v1
ALT-005523,CMP-005523,2026-05-31T08:47:29+00:00,ACTIONED,MEDIUM,POLICY-v1
ALT-005524,CMP-005524,2026-05-07T12:40:34+00:00,EXPIRED,MEDIUM,POLICY-v1
ALT-005525,CMP-005525,2026-05-22T07:23:26+00:00,EXPIRED,MEDIUM,POLICY-v1
ALT-005526,CMP-005526,2026-04-21T03:22:20+00:00,ACKNOWLEDGED,HIGH,POLICY-v1
ALT-005527,CMP-005527,2026-02-18T16:52:32+00:00,ACTIONED,HIGH,POLICY-v1
ALT-005528,CMP-005528,2026-06-06T07:02:23+00:00,PENDING,LOW,POLICY-v1
ALT-005529,CMP-005529,2026-06-28T21:11:21+00:00,EXPIRED,HIGH,POLICY-v1
ALT-005530,CMP-005530,2026-05-05T19:52:32+00:00,ACTIONED,MEDIUM,POLICY-v1
ALT-005531,CMP-005531,2026-04-08T15:40:37+00:00,ACTIONED,LOW,POLICY-v1
ALT-005532,CMP-005532,2026-04-21T09:43:11+00:00,PENDING,MEDIUM,POLICY-v1
ALT-005533,CMP-005533,2026-01-01T18:44:44+00:00,ACTIONED,LOW,POLICY-v1
ALT-005534,CMP-005534,2026-04-14T12:08:39+00:00,ACTIONED,MEDIUM,POLICY-v1
ALT-005535,CMP-005535,2026-03-26T09:33:39+00:00,ACTIONED,MEDIUM,POLICY-v1
ALT-005536,CMP-005536,2026-01-13T11:09:47+00:00,ACTIONED,HIGH,POLICY-v1
ALT-005537,CMP-005537,2026-05-31T04:13:54+00:00,PENDING,MEDIUM,POLICY-v1
ALT-005538,CMP-005538,2026-04-06T06:18:56+00:00,ACTIONED,MEDIUM,POLICY-v1
ALT-005539,CMP-005539,2026-04-05T00:16:48+00:00,ACTIONED,HIGH,POLICY-v1
ALT-005540,CMP-005540,2026-03-18T04:49:05+00:00,PENDING,LOW,POLICY-v1
ALT-005541,CMP-005541,2026-02-04T10:49:45+00:00,ACTIONED,LOW,POLICY-v1
ALT-005542,CMP-005542,2026-01-24T15:09:40+00:00,ACKNOWLEDGED,HIGH,POLICY-v1
ALT-005543,CMP-005543,2026-04-02T08:27:47+00:00,ACKNOWLEDGED,HIGH,POLICY-v1
ALT-005544,CMP-005544,2026-04-03T11:58:12+00:00,ACTIONED,MEDIUM,POLICY-v1
ALT-005545,CMP-005545,2026-06-09T01:50:26+00:00,ACTIONED,MEDIUM,POLICY-v1
ALT-005546,CMP-005546,2026-02-12T13:10:44+00:00,PENDING,MEDIUM,POLICY-v1
ALT-005547,CMP-005547,2026-02-11T11:57:04+00:00,PENDING,MEDIUM,POLICY-v1
ALT-005548,CMP-005548,2026-03-20T04:06:47+00:00,ACTIONED,MEDIUM,POLICY-v1
ALT-005549,CMP-005549,2026-01-03T21:27:32+00:00,ACTIONED,LOW,POLICY-v1
ALT-005550,CMP-005550,2026-06-19T19:26:11+00:00,PENDING,HIGH,POLICY-v1
ALT-005551,CMP-005551,2026-02-02T09:13:39+00:00,ACTIONED,MEDIUM,POLICY-v1
ALT-005552,CMP-005552,2026-06-19T13:47:32+00:00,ACKNOWLEDGED,MEDIUM,POLICY-v1
ALT-005553,CMP-005553,2026-04-19T00:16:38+00:00,ACKNOWLEDGED,LOW,POLICY-v1
ALT-005554,CMP-005554,2026-03-31T10:07:15+00:00,PENDING,HIGH,POLICY-v1
ALT-005555,CMP-005555,2026-04-28T10:07:48+00:00,ACTIONED,LOW,POLICY-v1
ALT-005556,CMP-005556,2026-01-11T12:21:03+00:00,ACKNOWLEDGED,MEDIUM,POLICY-v1
ALT-005557,CMP-005557,2026-02-17T06:17:19+00:00,PENDING,HIGH,POLICY-v1
ALT-005558,CMP-005558,2026-03-23T00:14:48+00:00,ACTIONED,HIGH,POLICY-v1
ALT-005559,CMP-005559,2026-04-17T13:40:35+00:00,EXPIRED,HIGH,POLICY-v1
ALT-005560,CMP-005560,2026-03-05T14:14:36+00:00,ACTIONED,MEDIUM,POLICY-v1
ALT-005561,CMP-005561,2026-05-04T23:40:19+00:00,EXPIRED,MEDIUM,POLICY-v1
ALT-005562,CMP-005562,2026-01-05T11:22:55+00:00,ACTIONED,LOW,POLICY-v1
ALT-005563,CMP-005563,2026-05-06T17:08:08+00:00,PENDING,MEDIUM,POLICY-v1
ALT-005564,CMP-005564,2026-06-16T08:01:53+00:00,ACTIONED,LOW,POLICY-v1
ALT-005565,CMP-005565,2026-01-05T11:00:25+00:00,ACKNOWLEDGED,MEDIUM,POLICY-v1
ALT-005566,CMP-005566,2026-05-15T18:00:12+00:00,ACTIONED,MEDIUM,POLICY-v1
ALT-005567,CMP-005567,2026-01-22T19:04:05+00:00,EXPIRED,LOW,POLICY-v1
ALT-005568,CMP-005568,2026-03-14T23:48:48+00:00,ACKNOWLEDGED,HIGH,POLICY-v1
ALT-005569,CMP-005569,2026-05-18T21:17:23+00:00,ACTIONED,MEDIUM,POLICY-v1
ALT-005570,CMP-005570,2026-04-09T14:00:54+00:00,ACTIONED,HIGH,POLICY-v1
ALT-005571,CMP-005571,2026-02-25T01:48:08+00:00,ACKNOWLEDGED,LOW,POLICY-v1
ALT-005572,CMP-005572,2026-02-11T22:35:26+00:00,ACKNOWLEDGED,HIGH,POLICY-v1
ALT-005573,CMP-005573,2026-02-06T20:58:57+00:00,ACTIONED,LOW,POLICY-v1
ALT-005574,CMP-005574,2026-05-30T12:16:41+00:00,ACTIONED,LOW,POLICY-v1
ALT-005575,CMP-005575,2026-05-27T13:18:25+00:00,PENDING,MEDIUM,POLICY-v1
ALT-005576,CMP-005576,2026-01-19T05:54:04+00:00,ACTIONED,HIGH,POLICY-v1
ALT-005577,CMP-005577,2026-01-03T13:45:10+00:00,ACKNOWLEDGED,MEDIUM,POLICY-v1
ALT-005578,CMP-005578,2026-01-30T07:51:51+00:00,PENDING,MEDIUM,POLICY-v1
ALT-005579,CMP-005579,2026-05-22T14:40:56+00:00,ACKNOWLEDGED,MEDIUM,POLICY-v1
ALT-005580,CMP-005580,2026-05-01T15:46:34+00:00,ACKNOWLEDGED,LOW,POLICY-v1
ALT-005581,CMP-005581,2026-04-20T00:08:39+00:00,ACKNOWLEDGED,HIGH,POLICY-v1
ALT-005582,CMP-005582,2026-04-18T14:15:28+00:00,ACKNOWLEDGED,MEDIUM,POLICY-v1
ALT-005583,CMP-005583,2026-03-15T00:16:27+00:00,ACTIONED,HIGH,POLICY-v1
ALT-005584,CMP-005584,2026-01-25T23:43:36+00:00,ACKNOWLEDGED,LOW,POLICY-v1
ALT-005585,CMP-005585,2026-04-06T05:03:34+00:00,EXPIRED,LOW,POLICY-v1
ALT-005586,CMP-005586,2026-03-31T17:39:33+00:00,ACTIONED,MEDIUM,POLICY-v1
ALT-005587,CMP-005587,2026-06-18T11:27:09+00:00,ACTIONED,HIGH,POLICY-v1
ALT-005588,CMP-005588,2026-03-17T07:14:04+00:00,ACTIONED,LOW,POLICY-v1
ALT-005589,CMP-005589,2026-01-27T11:23:58+00:00,ACTIONED,LOW,POLICY-v1
ALT-005590,CMP-005590,2026-04-14T15:27:58+00:00,PENDING,MEDIUM,POLICY-v1
ALT-005591,CMP-005591,2026-02-13T21:53:03+00:00,ACTIONED,MEDIUM,POLICY-v1
ALT-005592,CMP-005592,2026-04-06T22:04:00+00:00,ACTIONED,MEDIUM,POLICY-v1
ALT-005593,CMP-005593,2026-02-26T09:00:19+00:00,ACTIONED,LOW,POLICY-v1
ALT-005594,CMP-005594,2026-02-13T15:28:25+00:00,ACKNOWLEDGED,HIGH,POLICY-v1
ALT-005595,CMP-005595,2026-05-28T17:01:28+00:00,PENDING,MEDIUM,POLICY-v1
ALT-005596,CMP-005596,2026-03-05T14:35:20+00:00,ACTIONED,MEDIUM,POLICY-v1
ALT-005597,CMP-005597,2026-02-07T01:00:29+00:00,ACTIONED,MEDIUM,POLICY-v1
ALT-005598,CMP-005598,2026-01-22T22:17:59+00:00,ACTIONED,HIGH,POLICY-v1
ALT-005599,CMP-005599,2026-04-12T14:14:47+00:00,PENDING,HIGH,POLICY-v1
ALT-005600,CMP-005600,2026-03-11T03:56:36+00:00,PENDING,HIGH,POLICY-v1
ALT-005601,CMP-005601,2026-04-10T17:04:37+00:00,ACTIONED,LOW,POLICY-v1
ALT-005602,CMP-005602,2026-04-27T20:51:23+00:00,ACKNOWLEDGED,LOW,POLICY-v1
ALT-005603,CMP-005603,2026-01-27T22:18:41+00:00,ACTIONED,LOW,POLICY-v1
ALT-005604,CMP-005604,2026-05-28T02:04:03+00:00,ACTIONED,MEDIUM,POLICY-v1
ALT-005605,CMP-005605,2026-06-20T08:00:52+00:00,ACTIONED,HIGH,POLICY-v1
ALT-005606,CMP-005606,2026-05-04T17:59:01+00:00,ACTIONED,HIGH,POLICY-v1
ALT-005607,CMP-005607,2026-05-12T00:22:28+00:00,ACTIONED,MEDIUM,POLICY-v1
ALT-005608,CMP-005608,2026-02-14T17:59:48+00:00,ACTIONED,LOW,POLICY-v1
ALT-005609,CMP-005609,2026-06-09T22:49:28+00:00,ACTIONED,HIGH,POLICY-v1
ALT-005610,CMP-005610,2026-03-31T15:41:05+00:00,ACTIONED,MEDIUM,POLICY-v1
ALT-005611,CMP-005611,2026-06-02T00:53:06+00:00,ACTIONED,HIGH,POLICY-v1
ALT-005612,CMP-005612,2026-06-12T22:53:34+00:00,ACKNOWLEDGED,LOW,POLICY-v1
ALT-005613,CMP-005613,2026-03-12T13:29:00+00:00,ACTIONED,HIGH,POLICY-v1
ALT-005614,CMP-005614,2026-03-04T20:26:03+00:00,ACTIONED,LOW,POLICY-v1
ALT-005615,CMP-005615,2026-01-06T01:00:06+00:00,EXPIRED,HIGH,POLICY-v1
ALT-005616,CMP-005616,2026-05-29T07:24:00+00:00,ACKNOWLEDGED,HIGH,POLICY-v1
ALT-005617,CMP-005617,2026-03-14T12:26:26+00:00,ACTIONED,MEDIUM,POLICY-v1
ALT-005618,CMP-005618,2026-06-26T03:40:52+00:00,EXPIRED,LOW,POLICY-v1
ALT-005619,CMP-005619,2026-05-10T12:06:19+00:00,PENDING,LOW,POLICY-v1
ALT-005620,CMP-005620,2026-02-27T19:05:20+00:00,ACTIONED,HIGH,POLICY-v1
ALT-005621,CMP-005621,2026-04-02T06:27:35+00:00,ACTIONED,HIGH,POLICY-v1
ALT-005622,CMP-005622,2026-06-14T20:51:11+00:00,PENDING,LOW,POLICY-v1
ALT-005623,CMP-005623,2026-06-24T05:24:55+00:00,ACTIONED,LOW,POLICY-v1
ALT-005624,CMP-005624,2026-02-14T02:13:45+00:00,ACKNOWLEDGED,HIGH,POLICY-v1
ALT-005625,CMP-005625,2026-03-03T12:30:14+00:00,EXPIRED,LOW,POLICY-v1
ALT-005626,CMP-005626,2026-03-08T02:45:57+00:00,ACTIONED,HIGH,POLICY-v1
ALT-005627,CMP-005627,2026-03-14T12:48:16+00:00,PENDING,MEDIUM,POLICY-v1
ALT-005628,CMP-005628,2026-06-15T13:08:31+00:00,ACKNOWLEDGED,MEDIUM,POLICY-v1
ALT-005629,CMP-005629,2026-04-22T16:55:34+00:00,ACTIONED,HIGH,POLICY-v1
ALT-005630,CMP-005630,2026-05-31T18:23:26+00:00,ACTIONED,HIGH,POLICY-v1
ALT-005631,CMP-005631,2026-06-14T05:54:48+00:00,ACTIONED,LOW,POLICY-v1
ALT-005632,CMP-005632,2026-04-22T15:02:19+00:00,ACKNOWLEDGED,HIGH,POLICY-v1
ALT-005633,CMP-005633,2026-01-17T00:21:11+00:00,EXPIRED,LOW,POLICY-v1
ALT-005634,CMP-005634,2026-06-19T21:56:25+00:00,PENDING,LOW,POLICY-v1
ALT-005635,CMP-005635,2026-03-08T19:23:17+00:00,ACKNOWLEDGED,HIGH,POLICY-v1
ALT-005636,CMP-005636,2026-02-23T05:36:17+00:00,PENDING,MEDIUM,POLICY-v1
ALT-005637,CMP-005637,2026-06-26T10:48:05+00:00,ACTIONED,LOW,POLICY-v1
ALT-005638,CMP-005638,2026-01-06T12:44:42+00:00,ACTIONED,LOW,POLICY-v1
ALT-005639,CMP-005639,2026-05-20T21:57:10+00:00,ACTIONED,LOW,POLICY-v1
ALT-005640,CMP-005640,2026-04-03T01:14:26+00:00,ACKNOWLEDGED,LOW,POLICY-v1
ALT-005641,CMP-005641,2026-05-27T04:02:19+00:00,ACKNOWLEDGED,HIGH,POLICY-v1
ALT-005642,CMP-005642,2026-06-25T10:05:48+00:00,ACTIONED,LOW,POLICY-v1
ALT-005643,CMP-005643,2026-06-01T01:32:01+00:00,ACKNOWLEDGED,HIGH,POLICY-v1
ALT-005644,CMP-005644,2026-01-13T07:16:56+00:00,EXPIRED,LOW,POLICY-v1
ALT-005645,CMP-005645,2026-05-15T23:55:37+00:00,ACTIONED,HIGH,POLICY-v1
ALT-005646,CMP-005646,2026-03-12T18:24:29+00:00,ACTIONED,MEDIUM,POLICY-v1
ALT-005647,CMP-005647,2026-06-29T07:37:53+00:00,ACTIONED,HIGH,POLICY-v1
ALT-005648,CMP-005648,2026-05-17T22:02:53+00:00,ACTIONED,HIGH,POLICY-v1
ALT-005649,CMP-005649,2026-04-18T19:45:54+00:00,ACTIONED,HIGH,POLICY-v1
ALT-005650,CMP-005650,2026-04-04T05:27:13+00:00,ACTIONED,LOW,POLICY-v1
ALT-005651,CMP-005651,2026-06-18T19:49:50+00:00,ACTIONED,HIGH,POLICY-v1
ALT-005652,CMP-005652,2026-01-10T15:05:26+00:00,PENDING,HIGH,POLICY-v1
ALT-005653,CMP-005653,2026-03-22T15:00:25+00:00,ACKNOWLEDGED,LOW,POLICY-v1
ALT-005654,CMP-005654,2026-06-03T10:20:02+00:00,ACTIONED,LOW,POLICY-v1
ALT-005655,CMP-005655,2026-02-28T02:36:43+00:00,ACKNOWLEDGED,HIGH,POLICY-v1
ALT-005656,CMP-005656,2026-05-19T02:14:01+00:00,ACTIONED,MEDIUM,POLICY-v1
ALT-005657,CMP-005657,2026-04-08T11:12:25+00:00,ACKNOWLEDGED,HIGH,POLICY-v1
ALT-005658,CMP-005658,2026-01-21T12:38:45+00:00,ACTIONED,HIGH,POLICY-v1
ALT-005659,CMP-005659,2026-03-07T18:29:49+00:00,PENDING,LOW,POLICY-v1
ALT-005660,CMP-005660,2026-01-21T14:47:20+00:00,EXPIRED,HIGH,POLICY-v1
ALT-005661,CMP-005661,2026-03-12T17:33:17+00:00,ACTIONED,MEDIUM,POLICY-v1
ALT-005662,CMP-005662,2026-06-22T20:09:36+00:00,PENDING,HIGH,POLICY-v1
ALT-005663,CMP-005663,2026-01-10T16:14:04+00:00,PENDING,MEDIUM,POLICY-v1
ALT-005664,CMP-005664,2026-01-03T01:56:17+00:00,ACTIONED,LOW,POLICY-v1
ALT-005665,CMP-005665,2026-01-19T00:14:50+00:00,PENDING,MEDIUM,POLICY-v1
ALT-005666,CMP-005666,2026-06-18T15:59:22+00:00,ACTIONED,MEDIUM,POLICY-v1
ALT-005667,CMP-005667,2026-06-23T18:19:03+00:00,ACTIONED,LOW,POLICY-v1
ALT-005668,CMP-005668,2026-03-03T15:11:24+00:00,ACTIONED,HIGH,POLICY-v1
ALT-005669,CMP-005669,2026-01-22T06:47:42+00:00,ACKNOWLEDGED,HIGH,POLICY-v1
ALT-005670,CMP-005670,2026-06-29T00:49:17+00:00,PENDING,HIGH,POLICY-v1
ALT-005671,CMP-005671,2026-01-05T11:03:26+00:00,ACTIONED,LOW,POLICY-v1
ALT-005672,CMP-005672,2026-05-29T23:05:03+00:00,ACTIONED,MEDIUM,POLICY-v1
ALT-005673,CMP-005673,2026-04-01T14:19:23+00:00,ACKNOWLEDGED,HIGH,POLICY-v1
ALT-005674,CMP-005674,2026-06-01T19:54:58+00:00,ACTIONED,LOW,POLICY-v1
ALT-005675,CMP-005675,2026-04-20T00:00:40+00:00,PENDING,MEDIUM,POLICY-v1
ALT-005676,CMP-005676,2026-04-29T16:35:07+00:00,PENDING,MEDIUM,POLICY-v1
ALT-005677,CMP-005677,2026-06-21T10:01:51+00:00,ACTIONED,LOW,POLICY-v1
ALT-005678,CMP-005678,2026-04-05T13:30:59+00:00,ACTIONED,MEDIUM,POLICY-v1
ALT-005679,CMP-005679,2026-04-29T22:19:20+00:00,PENDING,LOW,POLICY-v1
ALT-005680,CMP-005680,2026-03-21T04:05:21+00:00,ACKNOWLEDGED,MEDIUM,POLICY-v1
ALT-005681,CMP-005681,2026-03-07T02:17:17+00:00,EXPIRED,MEDIUM,POLICY-v1
ALT-005682,CMP-005682,2026-01-16T20:42:40+00:00,ACKNOWLEDGED,MEDIUM,POLICY-v1
ALT-005683,CMP-005683,2026-01-01T13:27:55+00:00,ACKNOWLEDGED,HIGH,POLICY-v1
ALT-005684,CMP-005684,2026-06-20T22:17:41+00:00,ACTIONED,LOW,POLICY-v1
ALT-005685,CMP-005685,2026-04-30T06:18:14+00:00,PENDING,MEDIUM,POLICY-v1
ALT-005686,CMP-005686,2026-02-06T13:20:58+00:00,ACKNOWLEDGED,LOW,POLICY-v1
ALT-005687,CMP-005687,2026-05-12T05:47:00+00:00,ACTIONED,HIGH,POLICY-v1
ALT-005688,CMP-005688,2026-06-15T07:24:39+00:00,EXPIRED,HIGH,POLICY-v1
ALT-005689,CMP-005689,2026-03-27T18:58:22+00:00,ACKNOWLEDGED,MEDIUM,POLICY-v1
ALT-005690,CMP-005690,2026-04-12T22:54:49+00:00,ACTIONED,LOW,POLICY-v1
ALT-005691,CMP-005691,2026-01-11T07:15:28+00:00,ACTIONED,LOW,POLICY-v1
ALT-005692,CMP-005692,2026-03-14T11:39:59+00:00,EXPIRED,LOW,POLICY-v1
ALT-005693,CMP-005693,2026-05-16T23:36:19+00:00,ACTIONED,LOW,POLICY-v1
ALT-005694,CMP-005694,2026-05-31T07:58:46+00:00,ACTIONED,LOW,POLICY-v1
ALT-005695,CMP-005695,2026-03-11T20:34:13+00:00,ACTIONED,MEDIUM,POLICY-v1
ALT-005696,CMP-005696,2026-03-22T04:15:59+00:00,ACTIONED,MEDIUM,POLICY-v1
ALT-005697,CMP-005697,2026-04-28T16:08:36+00:00,ACTIONED,MEDIUM,POLICY-v1
ALT-005698,CMP-005698,2026-06-26T21:42:40+00:00,ACTIONED,MEDIUM,POLICY-v1
ALT-005699,CMP-005699,2026-01-09T18:54:56+00:00,PENDING,HIGH,POLICY-v1
ALT-005700,CMP-005700,2026-06-19T21:18:33+00:00,ACTIONED,MEDIUM,POLICY-v1
ALT-005701,CMP-005701,2026-05-18T09:32:07+00:00,ACKNOWLEDGED,MEDIUM,POLICY-v1
ALT-005702,CMP-005702,2026-01-14T06:49:08+00:00,EXPIRED,MEDIUM,POLICY-v1
ALT-005703,CMP-005703,2026-03-28T08:05:10+00:00,ACKNOWLEDGED,MEDIUM,POLICY-v1
ALT-005704,CMP-005704,2026-04-07T10:17:37+00:00,ACKNOWLEDGED,MEDIUM,POLICY-v1
ALT-005705,CMP-005705,2026-02-02T04:12:10+00:00,PENDING,MEDIUM,POLICY-v1
ALT-005706,CMP-005706,2026-01-31T10:28:22+00:00,ACTIONED,LOW,POLICY-v1
ALT-005707,CMP-005707,2026-03-28T07:18:43+00:00,EXPIRED,HIGH,POLICY-v1
ALT-005708,CMP-005708,2026-03-29T08:48:26+00:00,ACTIONED,HIGH,POLICY-v1
ALT-005709,CMP-005709,2026-01-10T19:15:22+00:00,ACTIONED,MEDIUM,POLICY-v1
ALT-005710,CMP-005710,2026-04-08T17:18:55+00:00,ACKNOWLEDGED,HIGH,POLICY-v1
ALT-005711,CMP-005711,2026-01-05T05:41:24+00:00,ACTIONED,MEDIUM,POLICY-v1
ALT-005712,CMP-005712,2026-06-05T13:52:38+00:00,ACTIONED,HIGH,POLICY-v1
ALT-005713,CMP-005713,2026-04-13T10:40:05+00:00,ACTIONED,LOW,POLICY-v1
ALT-005714,CMP-005714,2026-05-22T05:06:34+00:00,ACTIONED,MEDIUM,POLICY-v1
ALT-005715,CMP-005715,2026-03-01T18:42:16+00:00,ACKNOWLEDGED,LOW,POLICY-v1
ALT-005716,CMP-005716,2026-02-06T22:24:33+00:00,ACTIONED,MEDIUM,POLICY-v1
ALT-005717,CMP-005717,2026-01-10T06:24:05+00:00,ACKNOWLEDGED,MEDIUM,POLICY-v1
ALT-005718,CMP-005718,2026-04-12T00:26:23+00:00,ACKNOWLEDGED,LOW,POLICY-v1
ALT-005719,CMP-005719,2026-03-30T21:53:40+00:00,EXPIRED,HIGH,POLICY-v1
ALT-005720,CMP-005720,2026-05-14T12:06:52+00:00,PENDING,LOW,POLICY-v1
ALT-005721,CMP-005721,2026-01-05T17:23:48+00:00,ACTIONED,LOW,POLICY-v1
ALT-005722,CMP-005722,2026-06-08T17:08:50+00:00,ACTIONED,MEDIUM,POLICY-v1
ALT-005723,CMP-005723,2026-04-24T05:37:32+00:00,PENDING,HIGH,POLICY-v1
ALT-005724,CMP-005724,2026-06-23T01:03:48+00:00,PENDING,MEDIUM,POLICY-v1
ALT-005725,CMP-005725,2026-06-17T09:07:03+00:00,PENDING,LOW,POLICY-v1
ALT-005726,CMP-005726,2026-01-12T19:05:11+00:00,EXPIRED,MEDIUM,POLICY-v1
ALT-005727,CMP-005727,2026-02-04T14:03:46+00:00,ACTIONED,MEDIUM,POLICY-v1
ALT-005728,CMP-005728,2026-06-03T06:12:30+00:00,ACTIONED,MEDIUM,POLICY-v1
ALT-005729,CMP-005729,2026-06-18T04:10:51+00:00,PENDING,MEDIUM,POLICY-v1
ALT-005730,CMP-005730,2026-01-04T05:44:57+00:00,ACTIONED,MEDIUM,POLICY-v1
ALT-005731,CMP-005731,2026-03-12T22:13:26+00:00,ACTIONED,LOW,POLICY-v1
ALT-005732,CMP-005732,2026-03-26T13:16:08+00:00,PENDING,HIGH,POLICY-v1
ALT-005733,CMP-005733,2026-04-25T02:32:43+00:00,ACTIONED,HIGH,POLICY-v1
ALT-005734,CMP-005734,2026-04-03T21:37:12+00:00,ACTIONED,HIGH,POLICY-v1
ALT-005735,CMP-005735,2026-05-02T01:41:11+00:00,PENDING,LOW,POLICY-v1
ALT-005736,CMP-005736,2026-02-02T06:41:10+00:00,ACTIONED,LOW,POLICY-v1
ALT-005737,CMP-005737,2026-04-20T08:38:42+00:00,ACTIONED,LOW,POLICY-v1
ALT-005738,CMP-005738,2026-03-24T14:41:15+00:00,ACTIONED,MEDIUM,POLICY-v1
ALT-005739,CMP-005739,2026-03-07T15:28:44+00:00,PENDING,MEDIUM,POLICY-v1
ALT-005740,CMP-005740,2026-05-25T13:34:54+00:00,ACTIONED,MEDIUM,POLICY-v1
ALT-005741,CMP-005741,2026-02-07T04:02:56+00:00,ACTIONED,LOW,POLICY-v1
ALT-005742,CMP-005742,2026-04-09T04:36:59+00:00,ACTIONED,LOW,POLICY-v1
ALT-005743,CMP-005743,2026-04-03T16:18:14+00:00,ACKNOWLEDGED,MEDIUM,POLICY-v1
ALT-005744,CMP-005744,2026-01-01T05:35:26+00:00,EXPIRED,LOW,POLICY-v1
ALT-005745,CMP-005745,2026-01-14T04:08:31+00:00,ACTIONED,MEDIUM,POLICY-v1
ALT-005746,CMP-005746,2026-02-05T19:48:02+00:00,EXPIRED,MEDIUM,POLICY-v1
ALT-005747,CMP-005747,2026-06-15T14:22:54+00:00,ACTIONED,LOW,POLICY-v1
ALT-005748,CMP-005748,2026-04-26T21:31:19+00:00,EXPIRED,HIGH,POLICY-v1
ALT-005749,CMP-005749,2026-03-16T06:00:16+00:00,PENDING,LOW,POLICY-v1
ALT-005750,CMP-005750,2026-06-04T08:09:24+00:00,ACTIONED,LOW,POLICY-v1
ALT-005751,CMP-005751,2026-02-14T13:43:13+00:00,ACTIONED,MEDIUM,POLICY-v1
ALT-005752,CMP-005752,2026-06-03T01:12:59+00:00,ACTIONED,HIGH,POLICY-v1
ALT-005753,CMP-005753,2026-04-30T12:52:17+00:00,EXPIRED,LOW,POLICY-v1
ALT-005754,CMP-005754,2026-02-04T03:13:28+00:00,ACKNOWLEDGED,LOW,POLICY-v1
ALT-005755,CMP-005755,2026-06-25T04:46:07+00:00,ACTIONED,LOW,POLICY-v1
ALT-005756,CMP-005756,2026-05-17T03:34:04+00:00,EXPIRED,LOW,POLICY-v1
ALT-005757,CMP-005757,2026-02-17T01:59:43+00:00,ACTIONED,MEDIUM,POLICY-v1
ALT-005758,CMP-005758,2026-04-04T00:21:12+00:00,ACKNOWLEDGED,LOW,POLICY-v1
ALT-005759,CMP-005759,2026-04-11T05:33:03+00:00,EXPIRED,LOW,POLICY-v1
ALT-005760,CMP-005760,2026-06-09T02:59:06+00:00,PENDING,HIGH,POLICY-v1
ALT-005761,CMP-005761,2026-03-27T20:35:05+00:00,ACKNOWLEDGED,HIGH,POLICY-v1
ALT-005762,CMP-005762,2026-06-28T18:51:40+00:00,EXPIRED,MEDIUM,POLICY-v1
ALT-005763,CMP-005763,2026-04-09T19:04:49+00:00,ACTIONED,MEDIUM,POLICY-v1
ALT-005764,CMP-005764,2026-03-28T02:14:41+00:00,ACTIONED,MEDIUM,POLICY-v1
ALT-005765,CMP-005765,2026-01-03T07:13:51+00:00,ACTIONED,HIGH,POLICY-v1
ALT-005766,CMP-005766,2026-05-22T18:00:40+00:00,ACTIONED,LOW,POLICY-v1
ALT-005767,CMP-005767,2026-04-26T22:07:32+00:00,ACTIONED,LOW,POLICY-v1
ALT-005768,CMP-005768,2026-05-19T21:34:27+00:00,ACTIONED,HIGH,POLICY-v1
ALT-005769,CMP-005769,2026-04-30T21:48:02+00:00,ACTIONED,MEDIUM,POLICY-v1
ALT-005770,CMP-005770,2026-05-13T19:16:40+00:00,EXPIRED,HIGH,POLICY-v1
ALT-005771,CMP-005771,2026-05-09T08:26:11+00:00,ACTIONED,MEDIUM,POLICY-v1
ALT-005772,CMP-005772,2026-04-20T02:47:04+00:00,ACTIONED,MEDIUM,POLICY-v1
ALT-005773,CMP-005773,2026-04-20T11:27:22+00:00,ACTIONED,LOW,POLICY-v1
ALT-005774,CMP-005774,2026-03-11T01:07:28+00:00,EXPIRED,MEDIUM,POLICY-v1
ALT-005775,CMP-005775,2026-06-11T04:25:25+00:00,PENDING,MEDIUM,POLICY-v1
ALT-005776,CMP-005776,2026-01-28T07:25:45+00:00,ACTIONED,HIGH,POLICY-v1
ALT-005777,CMP-005777,2026-06-08T17:50:12+00:00,ACTIONED,MEDIUM,POLICY-v1
ALT-005778,CMP-005778,2026-01-02T00:41:53+00:00,ACTIONED,MEDIUM,POLICY-v1
ALT-005779,CMP-005779,2026-02-07T04:01:55+00:00,ACKNOWLEDGED,MEDIUM,POLICY-v1
ALT-005780,CMP-005780,2026-04-03T10:19:42+00:00,ACKNOWLEDGED,MEDIUM,POLICY-v1
ALT-005781,CMP-005781,2026-06-14T10:58:14+00:00,ACTIONED,LOW,POLICY-v1
ALT-005782,CMP-005782,2026-02-15T05:44:46+00:00,ACTIONED,LOW,POLICY-v1
ALT-005783,CMP-005783,2026-01-07T02:45:59+00:00,ACTIONED,MEDIUM,POLICY-v1
ALT-005784,CMP-005784,2026-03-07T08:37:48+00:00,ACTIONED,MEDIUM,POLICY-v1
ALT-005785,CMP-005785,2026-05-11T08:28:18+00:00,ACTIONED,MEDIUM,POLICY-v1
ALT-005786,CMP-005786,2026-02-16T12:47:02+00:00,ACTIONED,LOW,POLICY-v1
ALT-005787,CMP-005787,2026-06-19T16:39:40+00:00,ACTIONED,LOW,POLICY-v1
ALT-005788,CMP-005788,2026-01-07T01:28:42+00:00,PENDING,LOW,POLICY-v1
ALT-005789,CMP-005789,2026-02-07T12:28:11+00:00,ACTIONED,HIGH,POLICY-v1
ALT-005790,CMP-005790,2026-04-18T21:00:46+00:00,EXPIRED,MEDIUM,POLICY-v1
ALT-005791,CMP-005791,2026-06-24T09:03:27+00:00,ACTIONED,HIGH,POLICY-v1
ALT-005792,CMP-005792,2026-02-28T19:58:50+00:00,ACTIONED,MEDIUM,POLICY-v1
ALT-005793,CMP-005793,2026-06-26T23:31:13+00:00,ACTIONED,HIGH,POLICY-v1
ALT-005794,CMP-005794,2026-06-26T23:07:03+00:00,PENDING,LOW,POLICY-v1
ALT-005795,CMP-005795,2026-02-16T14:17:45+00:00,ACTIONED,LOW,POLICY-v1
ALT-005796,CMP-005796,2026-06-23T20:03:31+00:00,ACTIONED,MEDIUM,POLICY-v1
ALT-005797,CMP-005797,2026-05-29T15:21:59+00:00,ACTIONED,LOW,POLICY-v1
ALT-005798,CMP-005798,2026-01-30T14:05:50+00:00,ACTIONED,HIGH,POLICY-v1
ALT-005799,CMP-005799,2026-03-13T13:08:17+00:00,ACKNOWLEDGED,LOW,POLICY-v1
ALT-005800,CMP-005800,2026-04-07T10:31:30+00:00,EXPIRED,HIGH,POLICY-v1
ALT-005801,CMP-005801,2026-06-28T02:37:28+00:00,ACKNOWLEDGED,HIGH,POLICY-v1
ALT-005802,CMP-005802,2026-01-30T10:58:12+00:00,ACTIONED,HIGH,POLICY-v1
ALT-005803,CMP-005803,2026-05-06T03:15:52+00:00,ACTIONED,HIGH,POLICY-v1
ALT-005804,CMP-005804,2026-06-20T05:19:07+00:00,ACTIONED,LOW,POLICY-v1
ALT-005805,CMP-005805,2026-01-31T07:32:22+00:00,PENDING,LOW,POLICY-v1
ALT-005806,CMP-005806,2026-02-21T04:39:47+00:00,ACKNOWLEDGED,HIGH,POLICY-v1
ALT-005807,CMP-005807,2026-06-28T01:05:12+00:00,PENDING,HIGH,POLICY-v1
ALT-005808,CMP-005808,2026-05-21T10:34:56+00:00,ACTIONED,LOW,POLICY-v1
ALT-005809,CMP-005809,2026-02-03T22:43:40+00:00,EXPIRED,HIGH,POLICY-v1
ALT-005810,CMP-005810,2026-06-25T08:27:27+00:00,ACTIONED,LOW,POLICY-v1
ALT-005811,CMP-005811,2026-06-23T16:05:04+00:00,ACKNOWLEDGED,LOW,POLICY-v1
ALT-005812,CMP-005812,2026-06-09T12:15:31+00:00,ACTIONED,MEDIUM,POLICY-v1
ALT-005813,CMP-005813,2026-04-28T00:22:42+00:00,ACKNOWLEDGED,MEDIUM,POLICY-v1
ALT-005814,CMP-005814,2026-06-07T14:05:38+00:00,PENDING,LOW,POLICY-v1
ALT-005815,CMP-005815,2026-06-02T06:29:40+00:00,ACTIONED,LOW,POLICY-v1
ALT-005816,CMP-005816,2026-02-05T20:41:59+00:00,ACTIONED,MEDIUM,POLICY-v1
ALT-005817,CMP-005817,2026-03-23T16:33:24+00:00,ACTIONED,LOW,POLICY-v1
ALT-005818,CMP-005818,2026-01-27T02:18:30+00:00,ACTIONED,MEDIUM,POLICY-v1
ALT-005819,CMP-005819,2026-02-23T01:17:36+00:00,ACTIONED,LOW,POLICY-v1
ALT-005820,CMP-005820,2026-02-09T05:04:46+00:00,EXPIRED,MEDIUM,POLICY-v1
ALT-005821,CMP-005821,2026-05-05T22:00:37+00:00,EXPIRED,LOW,POLICY-v1
ALT-005822,CMP-005822,2026-04-18T04:46:03+00:00,EXPIRED,MEDIUM,POLICY-v1
ALT-005823,CMP-005823,2026-06-14T10:25:06+00:00,PENDING,MEDIUM,POLICY-v1
ALT-005824,CMP-005824,2026-03-28T10:42:43+00:00,ACTIONED,HIGH,POLICY-v1
ALT-005825,CMP-005825,2026-04-19T23:47:46+00:00,ACTIONED,MEDIUM,POLICY-v1
ALT-005826,CMP-005826,2026-01-07T10:24:16+00:00,ACTIONED,LOW,POLICY-v1
ALT-005827,CMP-005827,2026-01-14T09:53:55+00:00,ACTIONED,HIGH,POLICY-v1
ALT-005828,CMP-005828,2026-04-29T17:16:00+00:00,ACTIONED,HIGH,POLICY-v1
ALT-005829,CMP-005829,2026-06-05T18:34:55+00:00,ACTIONED,HIGH,POLICY-v1
ALT-005830,CMP-005830,2026-02-05T08:51:15+00:00,PENDING,MEDIUM,POLICY-v1
ALT-005831,CMP-005831,2026-06-23T12:05:33+00:00,ACTIONED,MEDIUM,POLICY-v1
ALT-005832,CMP-005832,2026-03-18T00:21:35+00:00,PENDING,LOW,POLICY-v1
ALT-005833,CMP-005833,2026-01-29T03:03:33+00:00,EXPIRED,LOW,POLICY-v1
ALT-005834,CMP-005834,2026-06-02T16:34:19+00:00,ACTIONED,LOW,POLICY-v1
ALT-005835,CMP-005835,2026-06-11T12:41:10+00:00,PENDING,LOW,POLICY-v1
ALT-005836,CMP-005836,2026-01-25T11:48:02+00:00,EXPIRED,HIGH,POLICY-v1
ALT-005837,CMP-005837,2026-05-20T07:40:44+00:00,EXPIRED,MEDIUM,POLICY-v1
ALT-005838,CMP-005838,2026-03-07T06:16:57+00:00,EXPIRED,HIGH,POLICY-v1
ALT-005839,CMP-005839,2026-03-14T01:13:34+00:00,ACKNOWLEDGED,MEDIUM,POLICY-v1
ALT-005840,CMP-005840,2026-04-23T16:35:52+00:00,PENDING,HIGH,POLICY-v1
ALT-005841,CMP-005841,2026-04-25T00:06:41+00:00,ACTIONED,HIGH,POLICY-v1
ALT-005842,CMP-005842,2026-05-06T04:12:30+00:00,ACTIONED,MEDIUM,POLICY-v1
ALT-005843,CMP-005843,2026-05-03T18:41:38+00:00,EXPIRED,HIGH,POLICY-v1
ALT-005844,CMP-005844,2026-06-25T03:23:40+00:00,EXPIRED,HIGH,POLICY-v1
ALT-005845,CMP-005845,2026-06-26T09:29:22+00:00,PENDING,MEDIUM,POLICY-v1
ALT-005846,CMP-005846,2026-04-05T17:09:25+00:00,PENDING,LOW,POLICY-v1
ALT-005847,CMP-005847,2026-04-21T12:21:21+00:00,ACKNOWLEDGED,MEDIUM,POLICY-v1
ALT-005848,CMP-005848,2026-04-01T18:25:19+00:00,ACTIONED,MEDIUM,POLICY-v1
ALT-005849,CMP-005849,2026-06-05T03:05:54+00:00,ACTIONED,HIGH,POLICY-v1
ALT-005850,CMP-005850,2026-05-15T15:24:13+00:00,ACKNOWLEDGED,LOW,POLICY-v1
ALT-005851,CMP-005851,2026-03-18T18:24:36+00:00,ACTIONED,HIGH,POLICY-v1
ALT-005852,CMP-005852,2026-02-14T03:29:20+00:00,PENDING,HIGH,POLICY-v1
ALT-005853,CMP-005853,2026-04-13T12:48:19+00:00,EXPIRED,HIGH,POLICY-v1
ALT-005854,CMP-005854,2026-01-23T12:29:24+00:00,ACKNOWLEDGED,HIGH,POLICY-v1
ALT-005855,CMP-005855,2026-03-29T20:21:02+00:00,ACTIONED,HIGH,POLICY-v1
ALT-005856,CMP-005856,2026-05-24T16:36:45+00:00,EXPIRED,HIGH,POLICY-v1
ALT-005857,CMP-005857,2026-01-31T04:37:45+00:00,ACTIONED,MEDIUM,POLICY-v1
ALT-005858,CMP-005858,2026-03-09T16:27:31+00:00,PENDING,MEDIUM,POLICY-v1
ALT-005859,CMP-005859,2026-02-09T07:47:33+00:00,ACTIONED,HIGH,POLICY-v1
ALT-005860,CMP-005860,2026-02-28T21:45:17+00:00,ACTIONED,MEDIUM,POLICY-v1
ALT-005861,CMP-005861,2026-02-13T04:43:34+00:00,ACKNOWLEDGED,MEDIUM,POLICY-v1
ALT-005862,CMP-005862,2026-03-16T00:04:08+00:00,ACTIONED,MEDIUM,POLICY-v1
ALT-005863,CMP-005863,2026-01-16T22:28:20+00:00,ACKNOWLEDGED,HIGH,POLICY-v1
ALT-005864,CMP-005864,2026-03-11T18:21:19+00:00,ACTIONED,HIGH,POLICY-v1
ALT-005865,CMP-005865,2026-01-07T00:36:34+00:00,EXPIRED,LOW,POLICY-v1
ALT-005866,CMP-005866,2026-03-16T10:44:54+00:00,ACKNOWLEDGED,LOW,POLICY-v1
ALT-005867,CMP-005867,2026-02-21T09:19:00+00:00,PENDING,HIGH,POLICY-v1
ALT-005868,CMP-005868,2026-05-28T10:09:01+00:00,PENDING,HIGH,POLICY-v1
ALT-005869,CMP-005869,2026-01-31T09:34:42+00:00,EXPIRED,LOW,POLICY-v1
ALT-005870,CMP-005870,2026-06-27T22:22:47+00:00,ACTIONED,LOW,POLICY-v1
ALT-005871,CMP-005871,2026-05-17T09:50:49+00:00,ACTIONED,LOW,POLICY-v1
ALT-005872,CMP-005872,2026-05-02T03:31:06+00:00,ACTIONED,HIGH,POLICY-v1
ALT-005873,CMP-005873,2026-03-12T12:40:13+00:00,EXPIRED,HIGH,POLICY-v1
ALT-005874,CMP-005874,2026-03-28T11:58:33+00:00,ACTIONED,MEDIUM,POLICY-v1
ALT-005875,CMP-005875,2026-02-08T06:25:19+00:00,ACTIONED,HIGH,POLICY-v1
ALT-005876,CMP-005876,2026-05-27T19:56:38+00:00,ACTIONED,HIGH,POLICY-v1
ALT-005877,CMP-005877,2026-02-24T02:31:53+00:00,PENDING,LOW,POLICY-v1
ALT-005878,CMP-005878,2026-06-10T00:20:15+00:00,ACKNOWLEDGED,MEDIUM,POLICY-v1
ALT-005879,CMP-005879,2026-06-03T00:33:01+00:00,PENDING,LOW,POLICY-v1
ALT-005880,CMP-005880,2026-04-05T18:25:08+00:00,ACTIONED,HIGH,POLICY-v1
ALT-005881,CMP-005881,2026-03-15T11:34:47+00:00,PENDING,LOW,POLICY-v1
ALT-005882,CMP-005882,2026-01-17T03:59:50+00:00,ACTIONED,HIGH,POLICY-v1
ALT-005883,CMP-005883,2026-06-05T11:27:48+00:00,ACKNOWLEDGED,HIGH,POLICY-v1
ALT-005884,CMP-005884,2026-01-23T00:56:31+00:00,ACKNOWLEDGED,LOW,POLICY-v1
ALT-005885,CMP-005885,2026-03-18T00:16:28+00:00,ACTIONED,LOW,POLICY-v1
ALT-005886,CMP-005886,2026-02-23T19:00:37+00:00,ACKNOWLEDGED,HIGH,POLICY-v1
ALT-005887,CMP-005887,2026-05-31T05:14:30+00:00,ACTIONED,LOW,POLICY-v1
ALT-005888,CMP-005888,2026-06-25T20:12:48+00:00,PENDING,MEDIUM,POLICY-v1
ALT-005889,CMP-005889,2026-05-27T06:46:47+00:00,ACTIONED,LOW,POLICY-v1
ALT-005890,CMP-005890,2026-02-07T13:37:27+00:00,ACTIONED,HIGH,POLICY-v1
ALT-005891,CMP-005891,2026-05-28T17:19:15+00:00,EXPIRED,MEDIUM,POLICY-v1
ALT-005892,CMP-005892,2026-04-04T10:31:01+00:00,PENDING,LOW,POLICY-v1
ALT-005893,CMP-005893,2026-01-03T08:18:14+00:00,ACKNOWLEDGED,MEDIUM,POLICY-v1
ALT-005894,CMP-005894,2026-01-07T10:37:48+00:00,ACKNOWLEDGED,HIGH,POLICY-v1
ALT-005895,CMP-005895,2026-03-14T13:20:09+00:00,ACKNOWLEDGED,LOW,POLICY-v1
ALT-005896,CMP-005896,2026-05-13T18:22:12+00:00,ACTIONED,LOW,POLICY-v1
ALT-005897,CMP-005897,2026-04-18T16:41:57+00:00,ACKNOWLEDGED,HIGH,POLICY-v1
ALT-005898,CMP-005898,2026-02-26T04:09:59+00:00,ACTIONED,MEDIUM,POLICY-v1
ALT-005899,CMP-005899,2026-01-13T09:14:43+00:00,ACKNOWLEDGED,LOW,POLICY-v1
ALT-005900,CMP-005900,2026-03-05T21:21:14+00:00,ACKNOWLEDGED,HIGH,POLICY-v1
ALT-005901,CMP-005901,2026-05-25T09:37:58+00:00,EXPIRED,HIGH,POLICY-v1
ALT-005902,CMP-005902,2026-05-07T02:21:21+00:00,EXPIRED,MEDIUM,POLICY-v1
ALT-005903,CMP-005903,2026-02-27T00:57:34+00:00,ACKNOWLEDGED,LOW,POLICY-v1
ALT-005904,CMP-005904,2026-01-19T09:42:27+00:00,PENDING,MEDIUM,POLICY-v1
ALT-005905,CMP-005905,2026-03-24T09:28:09+00:00,ACKNOWLEDGED,MEDIUM,POLICY-v1
ALT-005906,CMP-005906,2026-04-07T16:57:43+00:00,ACKNOWLEDGED,LOW,POLICY-v1
ALT-005907,CMP-005907,2026-05-30T15:00:34+00:00,ACKNOWLEDGED,HIGH,POLICY-v1
ALT-005908,CMP-005908,2026-06-15T08:27:38+00:00,EXPIRED,MEDIUM,POLICY-v1
ALT-005909,CMP-005909,2026-05-23T17:43:28+00:00,ACKNOWLEDGED,LOW,POLICY-v1
ALT-005910,CMP-005910,2026-02-03T16:43:46+00:00,ACKNOWLEDGED,LOW,POLICY-v1
ALT-005911,CMP-005911,2026-03-26T11:24:04+00:00,PENDING,LOW,POLICY-v1
ALT-005912,CMP-005912,2026-06-08T19:06:38+00:00,ACKNOWLEDGED,MEDIUM,POLICY-v1
ALT-005913,CMP-005913,2026-06-24T13:40:09+00:00,EXPIRED,LOW,POLICY-v1
ALT-005914,CMP-005914,2026-01-21T07:12:59+00:00,ACKNOWLEDGED,HIGH,POLICY-v1
ALT-005915,CMP-005915,2026-01-28T01:33:32+00:00,ACKNOWLEDGED,MEDIUM,POLICY-v1
ALT-005916,CMP-005916,2026-06-20T12:43:27+00:00,ACKNOWLEDGED,MEDIUM,POLICY-v1
ALT-005917,CMP-005917,2026-06-27T11:20:10+00:00,ACKNOWLEDGED,LOW,POLICY-v1
ALT-005918,CMP-005918,2026-02-14T01:54:11+00:00,ACTIONED,MEDIUM,POLICY-v1
ALT-005919,CMP-005919,2026-04-05T15:20:04+00:00,ACTIONED,HIGH,POLICY-v1
ALT-005920,CMP-005920,2026-03-05T09:45:25+00:00,ACTIONED,MEDIUM,POLICY-v1
ALT-005921,CMP-005921,2026-05-24T16:48:59+00:00,ACTIONED,MEDIUM,POLICY-v1
ALT-005922,CMP-005922,2026-02-12T21:22:54+00:00,EXPIRED,HIGH,POLICY-v1
ALT-005923,CMP-005923,2026-05-04T09:05:36+00:00,ACTIONED,MEDIUM,POLICY-v1
ALT-005924,CMP-005924,2026-02-19T10:49:55+00:00,EXPIRED,MEDIUM,POLICY-v1
ALT-005925,CMP-005925,2026-06-24T19:24:41+00:00,ACTIONED,MEDIUM,POLICY-v1
ALT-005926,CMP-005926,2026-01-01T10:35:59+00:00,ACTIONED,LOW,POLICY-v1
ALT-005927,CMP-005927,2026-03-28T20:24:14+00:00,ACKNOWLEDGED,MEDIUM,POLICY-v1
ALT-005928,CMP-005928,2026-02-12T03:46:23+00:00,ACKNOWLEDGED,MEDIUM,POLICY-v1
ALT-005929,CMP-005929,2026-06-01T16:10:00+00:00,ACKNOWLEDGED,MEDIUM,POLICY-v1
ALT-005930,CMP-005930,2026-06-23T05:00:10+00:00,ACKNOWLEDGED,MEDIUM,POLICY-v1
ALT-005931,CMP-005931,2026-02-06T16:31:12+00:00,PENDING,MEDIUM,POLICY-v1
ALT-005932,CMP-005932,2026-01-06T15:30:06+00:00,ACTIONED,LOW,POLICY-v1
ALT-005933,CMP-005933,2026-04-08T00:09:21+00:00,PENDING,LOW,POLICY-v1
ALT-005934,CMP-005934,2026-04-30T12:41:40+00:00,ACTIONED,HIGH,POLICY-v1
ALT-005935,CMP-005935,2026-03-21T22:49:29+00:00,ACTIONED,LOW,POLICY-v1
ALT-005936,CMP-005936,2026-05-03T19:37:30+00:00,ACTIONED,MEDIUM,POLICY-v1
ALT-005937,CMP-005937,2026-02-15T05:35:29+00:00,PENDING,MEDIUM,POLICY-v1
ALT-005938,CMP-005938,2026-01-27T09:53:16+00:00,EXPIRED,MEDIUM,POLICY-v1
ALT-005939,CMP-005939,2026-03-08T15:22:20+00:00,ACTIONED,HIGH,POLICY-v1
ALT-005940,CMP-005940,2026-02-18T06:00:40+00:00,ACKNOWLEDGED,LOW,POLICY-v1
ALT-005941,CMP-005941,2026-04-05T09:55:10+00:00,ACTIONED,MEDIUM,POLICY-v1
ALT-005942,CMP-005942,2026-06-17T14:03:08+00:00,PENDING,LOW,POLICY-v1
ALT-005943,CMP-005943,2026-05-23T12:48:53+00:00,PENDING,MEDIUM,POLICY-v1
ALT-005944,CMP-005944,2026-06-23T01:15:52+00:00,ACTIONED,MEDIUM,POLICY-v1
ALT-005945,CMP-005945,2026-04-17T11:33:08+00:00,ACKNOWLEDGED,LOW,POLICY-v1
ALT-005946,CMP-005946,2026-01-26T06:16:53+00:00,ACKNOWLEDGED,LOW,POLICY-v1
ALT-005947,CMP-005947,2026-02-26T05:52:05+00:00,PENDING,MEDIUM,POLICY-v1
ALT-005948,CMP-005948,2026-06-29T11:56:33+00:00,ACTIONED,LOW,POLICY-v1
ALT-005949,CMP-005949,2026-05-10T11:39:04+00:00,PENDING,LOW,POLICY-v1
ALT-005950,CMP-005950,2026-06-06T06:31:39+00:00,ACKNOWLEDGED,LOW,POLICY-v1
ALT-005951,CMP-005951,2026-05-26T01:27:19+00:00,ACTIONED,LOW,POLICY-v1
ALT-005952,CMP-005952,2026-03-24T02:28:50+00:00,EXPIRED,LOW,POLICY-v1
ALT-005953,CMP-005953,2026-02-24T09:22:59+00:00,ACTIONED,HIGH,POLICY-v1
ALT-005954,CMP-005954,2026-04-19T07:05:11+00:00,PENDING,HIGH,POLICY-v1
ALT-005955,CMP-005955,2026-02-16T18:15:26+00:00,ACTIONED,LOW,POLICY-v1
ALT-005956,CMP-005956,2026-01-20T07:43:54+00:00,ACKNOWLEDGED,MEDIUM,POLICY-v1
ALT-005957,CMP-005957,2026-06-10T04:31:38+00:00,ACKNOWLEDGED,HIGH,POLICY-v1
ALT-005958,CMP-005958,2026-01-04T23:21:22+00:00,ACTIONED,MEDIUM,POLICY-v1
ALT-005959,CMP-005959,2026-02-26T09:23:30+00:00,ACTIONED,MEDIUM,POLICY-v1
ALT-005960,CMP-005960,2026-03-27T00:33:09+00:00,ACTIONED,LOW,POLICY-v1
ALT-005961,CMP-005961,2026-02-22T13:52:32+00:00,ACTIONED,HIGH,POLICY-v1
ALT-005962,CMP-005962,2026-01-28T02:51:48+00:00,ACTIONED,LOW,POLICY-v1
ALT-005963,CMP-005963,2026-02-14T08:40:25+00:00,ACTIONED,HIGH,POLICY-v1
ALT-005964,CMP-005964,2026-05-10T06:35:48+00:00,ACKNOWLEDGED,MEDIUM,POLICY-v1
ALT-005965,CMP-005965,2026-03-08T16:27:44+00:00,EXPIRED,LOW,POLICY-v1
ALT-005966,CMP-005966,2026-04-20T20:19:43+00:00,ACTIONED,MEDIUM,POLICY-v1
ALT-005967,CMP-005967,2026-04-15T05:00:52+00:00,ACTIONED,MEDIUM,POLICY-v1
ALT-005968,CMP-005968,2026-05-24T11:05:13+00:00,ACKNOWLEDGED,MEDIUM,POLICY-v1
ALT-005969,CMP-005969,2026-06-20T12:30:06+00:00,ACKNOWLEDGED,MEDIUM,POLICY-v1
ALT-005970,CMP-005970,2026-05-30T16:39:45+00:00,ACKNOWLEDGED,LOW,POLICY-v1
ALT-005971,CMP-005971,2026-01-09T00:27:02+00:00,PENDING,HIGH,POLICY-v1
ALT-005972,CMP-005972,2026-03-07T21:40:16+00:00,ACTIONED,HIGH,POLICY-v1
ALT-005973,CMP-005973,2026-04-02T10:41:21+00:00,ACKNOWLEDGED,LOW,POLICY-v1
ALT-005974,CMP-005974,2026-06-02T15:44:44+00:00,ACKNOWLEDGED,HIGH,POLICY-v1
ALT-005975,CMP-005975,2026-05-14T06:02:33+00:00,ACTIONED,MEDIUM,POLICY-v1
ALT-005976,CMP-005976,2026-03-29T16:49:50+00:00,ACTIONED,HIGH,POLICY-v1
ALT-005977,CMP-005977,2026-05-26T01:04:28+00:00,ACKNOWLEDGED,MEDIUM,POLICY-v1
ALT-005978,CMP-005978,2026-03-03T22:13:33+00:00,ACTIONED,LOW,POLICY-v1
ALT-005979,CMP-005979,2026-04-08T05:48:42+00:00,ACTIONED,MEDIUM,POLICY-v1
ALT-005980,CMP-005980,2026-05-12T03:45:50+00:00,PENDING,HIGH,POLICY-v1
ALT-005981,CMP-005981,2026-04-06T11:51:54+00:00,ACKNOWLEDGED,MEDIUM,POLICY-v1
ALT-005982,CMP-005982,2026-02-19T19:08:47+00:00,ACTIONED,LOW,POLICY-v1
ALT-005983,CMP-005983,2026-06-29T23:24:39+00:00,ACTIONED,LOW,POLICY-v1
ALT-005984,CMP-005984,2026-03-12T19:53:19+00:00,ACTIONED,HIGH,POLICY-v1
ALT-005985,CMP-005985,2026-01-12T18:50:00+00:00,ACKNOWLEDGED,LOW,POLICY-v1
ALT-005986,CMP-005986,2026-03-06T08:33:53+00:00,ACTIONED,HIGH,POLICY-v1
ALT-005987,CMP-005987,2026-01-01T05:58:25+00:00,ACKNOWLEDGED,LOW,POLICY-v1
ALT-005988,CMP-005988,2026-05-15T13:27:04+00:00,ACKNOWLEDGED,MEDIUM,POLICY-v1
ALT-005989,CMP-005989,2026-03-11T01:49:11+00:00,ACKNOWLEDGED,HIGH,POLICY-v1
ALT-005990,CMP-005990,2026-06-18T20:03:41+00:00,ACKNOWLEDGED,LOW,POLICY-v1
ALT-005991,CMP-005991,2026-05-21T05:48:09+00:00,ACTIONED,HIGH,POLICY-v1
ALT-005992,CMP-005992,2026-06-15T11:37:04+00:00,PENDING,MEDIUM,POLICY-v1
ALT-005993,CMP-005993,2026-06-11T22:13:07+00:00,ACTIONED,HIGH,POLICY-v1
ALT-005994,CMP-005994,2026-02-25T17:11:15+00:00,ACTIONED,LOW,POLICY-v1
ALT-005995,CMP-005995,2026-03-25T02:27:16+00:00,ACTIONED,MEDIUM,POLICY-v1
ALT-005996,CMP-005996,2026-02-25T04:46:18+00:00,ACKNOWLEDGED,MEDIUM,POLICY-v1
ALT-005997,CMP-005997,2026-04-24T14:54:40+00:00,ACKNOWLEDGED,LOW,POLICY-v1
ALT-005998,CMP-005998,2026-06-20T12:57:06+00:00,ACTIONED,LOW,POLICY-v1
ALT-005999,CMP-005999,2026-06-24T06:28:06+00:00,ACTIONED,HIGH,POLICY-v1
ALT-006000,CMP-006000,2026-02-23T21:09:55+00:00,ACTIONED,LOW,POLICY-v1
ALT-006001,CMP-006001,2026-03-28T07:38:25+00:00,ACTIONED,LOW,POLICY-v1
ALT-006002,CMP-006002,2026-05-29T14:32:36+00:00,EXPIRED,HIGH,POLICY-v1
ALT-006003,CMP-006003,2026-01-12T21:17:25+00:00,ACKNOWLEDGED,LOW,POLICY-v1
ALT-006004,CMP-006004,2026-05-21T12:58:46+00:00,ACTIONED,MEDIUM,POLICY-v1
ALT-006005,CMP-006005,2026-02-16T16:27:13+00:00,ACTIONED,MEDIUM,POLICY-v1
ALT-006006,CMP-006006,2026-04-25T20:26:42+00:00,ACKNOWLEDGED,HIGH,POLICY-v1
ALT-006007,CMP-006007,2026-05-07T01:47:44+00:00,ACTIONED,LOW,POLICY-v1
ALT-006008,CMP-006008,2026-03-08T14:57:26+00:00,ACTIONED,LOW,POLICY-v1
ALT-006009,CMP-006009,2026-02-28T10:31:43+00:00,EXPIRED,HIGH,POLICY-v1
ALT-006010,CMP-006010,2026-06-23T22:53:58+00:00,ACTIONED,HIGH,POLICY-v1
ALT-006011,CMP-006011,2026-02-12T18:15:53+00:00,PENDING,MEDIUM,POLICY-v1
ALT-006012,CMP-006012,2026-06-25T23:10:53+00:00,EXPIRED,LOW,POLICY-v1
ALT-006013,CMP-006013,2026-04-05T17:44:30+00:00,ACTIONED,HIGH,POLICY-v1
ALT-006014,CMP-006014,2026-02-27T23:42:47+00:00,ACTIONED,LOW,POLICY-v1
ALT-006015,CMP-006015,2026-05-16T20:15:32+00:00,ACTIONED,HIGH,POLICY-v1
ALT-006016,CMP-006016,2026-01-05T22:28:06+00:00,ACTIONED,LOW,POLICY-v1
ALT-006017,CMP-006017,2026-04-24T00:36:18+00:00,PENDING,HIGH,POLICY-v1
ALT-006018,CMP-006018,2026-06-09T09:15:35+00:00,ACTIONED,LOW,POLICY-v1
ALT-006019,CMP-006019,2026-04-06T02:15:53+00:00,PENDING,HIGH,POLICY-v1
ALT-006020,CMP-006020,2026-06-20T13:28:39+00:00,ACKNOWLEDGED,LOW,POLICY-v1
ALT-006021,CMP-006021,2026-01-27T14:17:53+00:00,ACTIONED,HIGH,POLICY-v1
ALT-006022,CMP-006022,2026-05-07T19:41:36+00:00,ACTIONED,LOW,POLICY-v1
ALT-006023,CMP-006023,2026-02-18T09:26:45+00:00,ACKNOWLEDGED,HIGH,POLICY-v1
ALT-006024,CMP-006024,2026-02-15T08:00:44+00:00,EXPIRED,MEDIUM,POLICY-v1
ALT-006025,CMP-006025,2026-05-24T15:52:00+00:00,ACTIONED,MEDIUM,POLICY-v1
ALT-006026,CMP-006026,2026-01-17T05:08:27+00:00,ACTIONED,HIGH,POLICY-v1
ALT-006027,CMP-006027,2026-06-20T05:09:32+00:00,ACTIONED,LOW,POLICY-v1
ALT-006028,CMP-006028,2026-06-09T20:46:37+00:00,ACTIONED,LOW,POLICY-v1
ALT-006029,CMP-006029,2026-05-10T15:51:42+00:00,ACTIONED,LOW,POLICY-v1
ALT-006030,CMP-006030,2026-04-16T09:42:54+00:00,EXPIRED,LOW,POLICY-v1
ALT-006031,CMP-006031,2026-02-19T03:13:31+00:00,ACKNOWLEDGED,LOW,POLICY-v1
ALT-006032,CMP-006032,2026-05-18T01:30:03+00:00,PENDING,MEDIUM,POLICY-v1
ALT-006033,CMP-006033,2026-05-08T09:40:43+00:00,ACKNOWLEDGED,MEDIUM,POLICY-v1
ALT-006034,CMP-006034,2026-04-13T12:33:54+00:00,EXPIRED,MEDIUM,POLICY-v1
ALT-006035,CMP-006035,2026-02-26T15:37:02+00:00,ACKNOWLEDGED,HIGH,POLICY-v1
ALT-006036,CMP-006036,2026-06-14T14:19:08+00:00,EXPIRED,MEDIUM,POLICY-v1
ALT-006037,CMP-006037,2026-01-11T12:20:28+00:00,ACTIONED,MEDIUM,POLICY-v1
ALT-006038,CMP-006038,2026-05-22T01:12:12+00:00,EXPIRED,MEDIUM,POLICY-v1
ALT-006039,CMP-006039,2026-02-05T03:41:17+00:00,ACTIONED,HIGH,POLICY-v1
ALT-006040,CMP-006040,2026-04-20T05:53:48+00:00,EXPIRED,LOW,POLICY-v1
ALT-006041,CMP-006041,2026-06-15T09:31:15+00:00,ACTIONED,MEDIUM,POLICY-v1
ALT-006042,CMP-006042,2026-03-22T20:48:02+00:00,ACTIONED,LOW,POLICY-v1
ALT-006043,CMP-006043,2026-02-05T05:18:36+00:00,ACTIONED,LOW,POLICY-v1
ALT-006044,CMP-006044,2026-06-09T15:53:52+00:00,ACTIONED,HIGH,POLICY-v1
ALT-006045,CMP-006045,2026-04-06T18:30:33+00:00,PENDING,HIGH,POLICY-v1
ALT-006046,CMP-006046,2026-01-28T07:31:47+00:00,PENDING,HIGH,POLICY-v1
ALT-006047,CMP-006047,2026-02-13T22:27:26+00:00,ACTIONED,LOW,POLICY-v1
ALT-006048,CMP-006048,2026-04-06T07:04:59+00:00,PENDING,LOW,POLICY-v1
ALT-006049,CMP-006049,2026-01-02T23:51:06+00:00,EXPIRED,LOW,POLICY-v1
ALT-006050,CMP-006050,2026-05-14T22:43:59+00:00,ACTIONED,HIGH,POLICY-v1
ALT-006051,CMP-006051,2026-03-25T08:59:52+00:00,ACKNOWLEDGED,MEDIUM,POLICY-v1
ALT-006052,CMP-006052,2026-06-16T15:38:05+00:00,ACKNOWLEDGED,LOW,POLICY-v1
ALT-006053,CMP-006053,2026-04-13T23:17:13+00:00,ACTIONED,MEDIUM,POLICY-v1
ALT-006054,CMP-006054,2026-03-15T00:22:02+00:00,PENDING,MEDIUM,POLICY-v1
ALT-006055,CMP-006055,2026-05-01T14:06:56+00:00,ACKNOWLEDGED,MEDIUM,POLICY-v1
ALT-006056,CMP-006056,2026-05-06T16:38:19+00:00,ACKNOWLEDGED,MEDIUM,POLICY-v1
ALT-006057,CMP-006057,2026-04-02T18:17:50+00:00,ACTIONED,MEDIUM,POLICY-v1
ALT-006058,CMP-006058,2026-01-08T03:49:06+00:00,ACTIONED,HIGH,POLICY-v1
ALT-006059,CMP-006059,2026-02-28T17:28:46+00:00,ACTIONED,LOW,POLICY-v1
ALT-006060,CMP-006060,2026-05-20T05:16:54+00:00,ACTIONED,MEDIUM,POLICY-v1
ALT-006061,CMP-006061,2026-03-23T16:00:43+00:00,ACTIONED,MEDIUM,POLICY-v1
ALT-006062,CMP-006062,2026-02-24T00:27:44+00:00,ACKNOWLEDGED,HIGH,POLICY-v1
ALT-006063,CMP-006063,2026-05-29T06:13:02+00:00,ACTIONED,LOW,POLICY-v1
ALT-006064,CMP-006064,2026-06-11T14:37:39+00:00,PENDING,LOW,POLICY-v1
ALT-006065,CMP-006065,2026-01-19T02:54:28+00:00,ACKNOWLEDGED,HIGH,POLICY-v1
ALT-006066,CMP-006066,2026-03-03T01:59:38+00:00,EXPIRED,HIGH,POLICY-v1
ALT-006067,CMP-006067,2026-03-08T05:52:14+00:00,ACTIONED,LOW,POLICY-v1
ALT-006068,CMP-006068,2026-05-08T04:12:24+00:00,EXPIRED,HIGH,POLICY-v1
ALT-006069,CMP-006069,2026-02-14T11:54:03+00:00,ACTIONED,MEDIUM,POLICY-v1
ALT-006070,CMP-006070,2026-03-26T04:07:43+00:00,ACTIONED,MEDIUM,POLICY-v1
ALT-006071,CMP-006071,2026-03-02T08:18:07+00:00,ACTIONED,LOW,POLICY-v1
ALT-006072,CMP-006072,2026-03-08T15:03:52+00:00,PENDING,MEDIUM,POLICY-v1
ALT-006073,CMP-006073,2026-06-25T00:27:46+00:00,ACTIONED,MEDIUM,POLICY-v1
ALT-006074,CMP-006074,2026-03-05T18:01:25+00:00,ACTIONED,HIGH,POLICY-v1
ALT-006075,CMP-006075,2026-05-09T18:03:57+00:00,PENDING,LOW,POLICY-v1
ALT-006076,CMP-006076,2026-02-15T02:02:27+00:00,ACTIONED,LOW,POLICY-v1
ALT-006077,CMP-006077,2026-01-23T19:06:36+00:00,ACKNOWLEDGED,HIGH,POLICY-v1
ALT-006078,CMP-006078,2026-01-20T16:51:33+00:00,ACTIONED,LOW,POLICY-v1
ALT-006079,CMP-006079,2026-01-15T23:52:07+00:00,ACKNOWLEDGED,LOW,POLICY-v1
ALT-006080,CMP-006080,2026-06-17T15:19:30+00:00,EXPIRED,HIGH,POLICY-v1
ALT-006081,CMP-006081,2026-02-15T01:21:58+00:00,ACTIONED,LOW,POLICY-v1
ALT-006082,CMP-006082,2026-01-21T16:06:29+00:00,PENDING,MEDIUM,POLICY-v1
ALT-006083,CMP-006083,2026-04-07T17:38:36+00:00,EXPIRED,HIGH,POLICY-v1
ALT-006084,CMP-006084,2026-01-28T07:23:45+00:00,PENDING,MEDIUM,POLICY-v1
ALT-006085,CMP-006085,2026-02-01T18:21:29+00:00,ACKNOWLEDGED,HIGH,POLICY-v1
ALT-006086,CMP-006086,2026-02-26T18:13:14+00:00,PENDING,HIGH,POLICY-v1
ALT-006087,CMP-006087,2026-02-25T09:51:57+00:00,ACTIONED,MEDIUM,POLICY-v1
ALT-006088,CMP-006088,2026-01-03T03:39:42+00:00,ACTIONED,HIGH,POLICY-v1
ALT-006089,CMP-006089,2026-04-19T03:51:26+00:00,ACTIONED,MEDIUM,POLICY-v1
ALT-006090,CMP-006090,2026-06-23T21:48:42+00:00,ACTIONED,MEDIUM,POLICY-v1
ALT-006091,CMP-006091,2026-01-08T09:14:32+00:00,ACKNOWLEDGED,LOW,POLICY-v1
ALT-006092,CMP-006092,2026-04-30T09:04:56+00:00,ACTIONED,HIGH,POLICY-v1
ALT-006093,CMP-006093,2026-03-02T09:24:20+00:00,EXPIRED,LOW,POLICY-v1
ALT-006094,CMP-006094,2026-06-14T18:47:15+00:00,ACKNOWLEDGED,HIGH,POLICY-v1
ALT-006095,CMP-006095,2026-05-27T02:43:42+00:00,ACTIONED,HIGH,POLICY-v1
ALT-006096,CMP-006096,2026-01-25T09:44:36+00:00,EXPIRED,HIGH,POLICY-v1
ALT-006097,CMP-006097,2026-02-06T03:35:12+00:00,ACTIONED,HIGH,POLICY-v1
ALT-006098,CMP-006098,2026-01-08T02:08:15+00:00,ACTIONED,HIGH,POLICY-v1
ALT-006099,CMP-006099,2026-02-17T19:12:48+00:00,ACTIONED,MEDIUM,POLICY-v1
ALT-006100,CMP-006100,2026-01-11T23:36:30+00:00,PENDING,LOW,POLICY-v1
ALT-006101,CMP-006101,2026-05-15T18:05:40+00:00,ACKNOWLEDGED,HIGH,POLICY-v1
ALT-006102,CMP-006102,2026-04-29T05:50:41+00:00,ACTIONED,LOW,POLICY-v1
ALT-006103,CMP-006103,2026-05-07T21:49:11+00:00,ACKNOWLEDGED,HIGH,POLICY-v1
ALT-006104,CMP-006104,2026-03-10T14:16:06+00:00,ACKNOWLEDGED,MEDIUM,POLICY-v1
ALT-006105,CMP-006105,2026-03-16T22:09:03+00:00,ACTIONED,LOW,POLICY-v1
ALT-006106,CMP-006106,2026-05-14T09:29:13+00:00,ACKNOWLEDGED,LOW,POLICY-v1
ALT-006107,CMP-006107,2026-03-30T07:34:38+00:00,PENDING,LOW,POLICY-v1
ALT-006108,CMP-006108,2026-06-26T17:28:03+00:00,PENDING,HIGH,POLICY-v1
ALT-006109,CMP-006109,2026-04-03T15:47:29+00:00,ACTIONED,HIGH,POLICY-v1
ALT-006110,CMP-006110,2026-03-04T17:40:54+00:00,PENDING,LOW,POLICY-v1
ALT-006111,CMP-006111,2026-06-19T20:25:27+00:00,ACTIONED,LOW,POLICY-v1
ALT-006112,CMP-006112,2026-05-14T13:26:02+00:00,ACTIONED,MEDIUM,POLICY-v1
ALT-006113,CMP-006113,2026-04-30T22:59:00+00:00,PENDING,LOW,POLICY-v1
ALT-006114,CMP-006114,2026-04-01T09:50:43+00:00,EXPIRED,HIGH,POLICY-v1
ALT-006115,CMP-006115,2026-01-25T16:24:07+00:00,PENDING,HIGH,POLICY-v1
ALT-006116,CMP-006116,2026-06-11T13:43:21+00:00,ACTIONED,MEDIUM,POLICY-v1
ALT-006117,CMP-006117,2026-03-22T13:40:02+00:00,PENDING,MEDIUM,POLICY-v1
ALT-006118,CMP-006118,2026-06-09T15:22:10+00:00,ACTIONED,MEDIUM,POLICY-v1
ALT-006119,CMP-006119,2026-04-29T04:36:15+00:00,ACTIONED,LOW,POLICY-v1
ALT-006120,CMP-006120,2026-01-10T15:29:48+00:00,PENDING,LOW,POLICY-v1
ALT-006121,CMP-006121,2026-03-18T11:56:04+00:00,ACKNOWLEDGED,HIGH,POLICY-v1
ALT-006122,CMP-006122,2026-03-10T03:55:29+00:00,ACKNOWLEDGED,MEDIUM,POLICY-v1
ALT-006123,CMP-006123,2026-05-09T01:05:28+00:00,ACTIONED,HIGH,POLICY-v1
ALT-006124,CMP-006124,2026-01-22T22:19:21+00:00,ACTIONED,HIGH,POLICY-v1
ALT-006125,CMP-006125,2026-01-13T20:19:48+00:00,ACTIONED,MEDIUM,POLICY-v1
ALT-006126,CMP-006126,2026-03-13T12:44:13+00:00,ACTIONED,LOW,POLICY-v1
ALT-006127,CMP-006127,2026-05-19T15:28:51+00:00,ACKNOWLEDGED,HIGH,POLICY-v1
ALT-006128,CMP-006128,2026-03-24T18:38:22+00:00,PENDING,MEDIUM,POLICY-v1
ALT-006129,CMP-006129,2026-01-14T20:39:11+00:00,ACTIONED,MEDIUM,POLICY-v1
ALT-006130,CMP-006130,2026-04-21T15:16:24+00:00,ACTIONED,MEDIUM,POLICY-v1
ALT-006131,CMP-006131,2026-02-14T20:56:50+00:00,EXPIRED,LOW,POLICY-v1
ALT-006132,CMP-006132,2026-03-06T18:52:20+00:00,ACTIONED,MEDIUM,POLICY-v1
ALT-006133,CMP-006133,2026-03-14T20:50:29+00:00,ACKNOWLEDGED,HIGH,POLICY-v1
ALT-006134,CMP-006134,2026-03-15T08:25:05+00:00,ACKNOWLEDGED,HIGH,POLICY-v1
ALT-006135,CMP-006135,2026-06-19T21:55:25+00:00,EXPIRED,LOW,POLICY-v1
ALT-006136,CMP-006136,2026-05-06T19:10:04+00:00,PENDING,LOW,POLICY-v1
ALT-006137,CMP-006137,2026-06-13T20:18:09+00:00,EXPIRED,MEDIUM,POLICY-v1
ALT-006138,CMP-006138,2026-02-22T21:17:21+00:00,ACKNOWLEDGED,MEDIUM,POLICY-v1
ALT-006139,CMP-006139,2026-06-22T19:12:02+00:00,ACKNOWLEDGED,LOW,POLICY-v1
ALT-006140,CMP-006140,2026-05-13T16:17:50+00:00,PENDING,HIGH,POLICY-v1
ALT-006141,CMP-006141,2026-01-28T01:27:18+00:00,PENDING,HIGH,POLICY-v1
ALT-006142,CMP-006142,2026-01-21T17:39:16+00:00,ACTIONED,MEDIUM,POLICY-v1
ALT-006143,CMP-006143,2026-01-22T05:57:36+00:00,ACTIONED,HIGH,POLICY-v1
ALT-006144,CMP-006144,2026-06-06T12:35:56+00:00,ACTIONED,LOW,POLICY-v1
ALT-006145,CMP-006145,2026-05-02T00:48:48+00:00,ACTIONED,LOW,POLICY-v1
ALT-006146,CMP-006146,2026-06-07T04:09:56+00:00,ACTIONED,MEDIUM,POLICY-v1
ALT-006147,CMP-006147,2026-02-17T02:42:23+00:00,ACTIONED,LOW,POLICY-v1
ALT-006148,CMP-006148,2026-03-13T15:25:22+00:00,ACKNOWLEDGED,MEDIUM,POLICY-v1
ALT-006149,CMP-006149,2026-06-03T16:41:17+00:00,ACTIONED,MEDIUM,POLICY-v1
ALT-006150,CMP-006150,2026-04-23T22:28:39+00:00,ACKNOWLEDGED,LOW,POLICY-v1
ALT-006151,CMP-006151,2026-01-01T08:03:09+00:00,ACTIONED,MEDIUM,POLICY-v1
ALT-006152,CMP-006152,2026-02-03T22:20:27+00:00,ACKNOWLEDGED,MEDIUM,POLICY-v1
ALT-006153,CMP-006153,2026-04-17T15:01:55+00:00,ACTIONED,HIGH,POLICY-v1
ALT-006154,CMP-006154,2026-02-06T02:04:27+00:00,PENDING,HIGH,POLICY-v1
ALT-006155,CMP-006155,2026-01-23T18:55:01+00:00,ACTIONED,LOW,POLICY-v1
ALT-006156,CMP-006156,2026-02-04T07:15:53+00:00,ACKNOWLEDGED,HIGH,POLICY-v1
ALT-006157,CMP-006157,2026-03-26T06:35:12+00:00,ACKNOWLEDGED,MEDIUM,POLICY-v1
ALT-006158,CMP-006158,2026-02-21T04:13:31+00:00,ACTIONED,MEDIUM,POLICY-v1
ALT-006159,CMP-006159,2026-02-19T14:41:15+00:00,ACTIONED,LOW,POLICY-v1
ALT-006160,CMP-006160,2026-02-10T00:56:38+00:00,ACTIONED,HIGH,POLICY-v1
ALT-006161,CMP-006161,2026-03-17T21:28:11+00:00,ACKNOWLEDGED,HIGH,POLICY-v1
ALT-006162,CMP-006162,2026-01-19T07:32:28+00:00,ACTIONED,MEDIUM,POLICY-v1
ALT-006163,CMP-006163,2026-05-19T07:31:38+00:00,ACTIONED,MEDIUM,POLICY-v1
ALT-006164,CMP-006164,2026-06-24T11:15:18+00:00,ACTIONED,MEDIUM,POLICY-v1
ALT-006165,CMP-006165,2026-05-08T02:45:14+00:00,ACTIONED,MEDIUM,POLICY-v1
ALT-006166,CMP-006166,2026-01-10T18:24:38+00:00,PENDING,LOW,POLICY-v1
ALT-006167,CMP-006167,2026-06-28T03:32:07+00:00,ACTIONED,LOW,POLICY-v1
ALT-006168,CMP-006168,2026-01-06T09:22:56+00:00,ACKNOWLEDGED,HIGH,POLICY-v1
ALT-006169,CMP-006169,2026-04-17T09:51:03+00:00,ACTIONED,MEDIUM,POLICY-v1
ALT-006170,CMP-006170,2026-05-28T01:24:12+00:00,EXPIRED,HIGH,POLICY-v1
ALT-006171,CMP-006171,2026-06-11T09:21:11+00:00,EXPIRED,LOW,POLICY-v1
ALT-006172,CMP-006172,2026-06-04T10:31:44+00:00,ACTIONED,LOW,POLICY-v1
ALT-006173,CMP-006173,2026-04-03T18:48:36+00:00,ACTIONED,HIGH,POLICY-v1
ALT-006174,CMP-006174,2026-04-11T11:21:53+00:00,ACTIONED,LOW,POLICY-v1
ALT-006175,CMP-006175,2026-01-06T21:50:33+00:00,PENDING,MEDIUM,POLICY-v1
ALT-006176,CMP-006176,2026-05-10T18:30:55+00:00,PENDING,HIGH,POLICY-v1
ALT-006177,CMP-006177,2026-02-15T04:50:26+00:00,ACTIONED,HIGH,POLICY-v1
ALT-006178,CMP-006178,2026-05-08T11:18:55+00:00,ACTIONED,LOW,POLICY-v1
ALT-006179,CMP-006179,2026-04-26T10:35:32+00:00,ACTIONED,HIGH,POLICY-v1
ALT-006180,CMP-006180,2026-02-05T16:23:40+00:00,ACTIONED,LOW,POLICY-v1
ALT-006181,CMP-006181,2026-01-19T05:16:13+00:00,ACKNOWLEDGED,HIGH,POLICY-v1
ALT-006182,CMP-006182,2026-05-31T19:45:34+00:00,ACTIONED,MEDIUM,POLICY-v1
ALT-006183,CMP-006183,2026-01-13T12:25:47+00:00,ACTIONED,LOW,POLICY-v1
ALT-006184,CMP-006184,2026-06-10T22:28:27+00:00,ACTIONED,LOW,POLICY-v1
ALT-006185,CMP-006185,2026-04-06T04:40:02+00:00,ACKNOWLEDGED,LOW,POLICY-v1
ALT-006186,CMP-006186,2026-04-20T11:00:50+00:00,ACTIONED,MEDIUM,POLICY-v1
ALT-006187,CMP-006187,2026-04-08T09:39:15+00:00,ACKNOWLEDGED,MEDIUM,POLICY-v1
ALT-006188,CMP-006188,2026-03-25T14:08:37+00:00,ACTIONED,MEDIUM,POLICY-v1
ALT-006189,CMP-006189,2026-05-03T02:05:02+00:00,ACKNOWLEDGED,LOW,POLICY-v1
ALT-006190,CMP-006190,2026-04-19T10:05:17+00:00,EXPIRED,MEDIUM,POLICY-v1
ALT-006191,CMP-006191,2026-01-10T06:42:59+00:00,ACTIONED,MEDIUM,POLICY-v1
ALT-006192,CMP-006192,2026-04-17T16:47:08+00:00,ACKNOWLEDGED,HIGH,POLICY-v1
ALT-006193,CMP-006193,2026-02-07T21:35:41+00:00,EXPIRED,MEDIUM,POLICY-v1
ALT-006194,CMP-006194,2026-06-28T12:55:06+00:00,ACKNOWLEDGED,MEDIUM,POLICY-v1
ALT-006195,CMP-006195,2026-01-23T12:02:37+00:00,ACTIONED,MEDIUM,POLICY-v1
ALT-006196,CMP-006196,2026-02-17T18:10:57+00:00,ACTIONED,LOW,POLICY-v1
ALT-006197,CMP-006197,2026-01-24T15:10:31+00:00,EXPIRED,HIGH,POLICY-v1
ALT-006198,CMP-006198,2026-06-21T04:07:12+00:00,PENDING,LOW,POLICY-v1
ALT-006199,CMP-006199,2026-06-20T19:45:34+00:00,ACTIONED,HIGH,POLICY-v1
ALT-006200,CMP-006200,2026-04-16T05:52:02+00:00,ACTIONED,MEDIUM,POLICY-v1
ALT-006201,CMP-006201,2026-03-03T17:39:33+00:00,ACTIONED,HIGH,POLICY-v1
ALT-006202,CMP-006202,2026-01-15T05:43:31+00:00,EXPIRED,LOW,POLICY-v1
ALT-006203,CMP-006203,2026-04-28T14:43:32+00:00,EXPIRED,HIGH,POLICY-v1
ALT-006204,CMP-006204,2026-04-20T04:19:32+00:00,ACKNOWLEDGED,MEDIUM,POLICY-v1
ALT-006205,CMP-006205,2026-05-20T20:50:23+00:00,EXPIRED,MEDIUM,POLICY-v1
ALT-006206,CMP-006206,2026-05-25T09:00:18+00:00,ACTIONED,MEDIUM,POLICY-v1
ALT-006207,CMP-006207,2026-06-26T17:50:25+00:00,EXPIRED,HIGH,POLICY-v1
ALT-006208,CMP-006208,2026-06-10T00:11:44+00:00,ACTIONED,MEDIUM,POLICY-v1
ALT-006209,CMP-006209,2026-01-23T14:56:45+00:00,ACTIONED,MEDIUM,POLICY-v1
ALT-006210,CMP-006210,2026-05-27T09:38:52+00:00,ACTIONED,MEDIUM,POLICY-v1
ALT-006211,CMP-006211,2026-01-19T20:36:00+00:00,EXPIRED,MEDIUM,POLICY-v1
ALT-006212,CMP-006212,2026-03-15T19:22:54+00:00,EXPIRED,LOW,POLICY-v1
ALT-006213,CMP-006213,2026-01-22T16:55:26+00:00,ACKNOWLEDGED,LOW,POLICY-v1
ALT-006214,CMP-006214,2026-03-06T14:16:33+00:00,ACTIONED,LOW,POLICY-v1
ALT-006215,CMP-006215,2026-01-26T18:13:22+00:00,EXPIRED,LOW,POLICY-v1
ALT-006216,CMP-006216,2026-01-13T06:37:27+00:00,ACTIONED,MEDIUM,POLICY-v1
ALT-006217,CMP-006217,2026-04-27T20:16:10+00:00,EXPIRED,LOW,POLICY-v1
ALT-006218,CMP-006218,2026-06-03T08:31:36+00:00,ACTIONED,HIGH,POLICY-v1
ALT-006219,CMP-006219,2026-04-24T01:48:25+00:00,PENDING,MEDIUM,POLICY-v1
ALT-006220,CMP-006220,2026-03-17T07:36:26+00:00,EXPIRED,LOW,POLICY-v1
ALT-006221,CMP-006221,2026-06-26T02:41:53+00:00,ACTIONED,LOW,POLICY-v1
ALT-006222,CMP-006222,2026-05-29T04:28:39+00:00,PENDING,MEDIUM,POLICY-v1
ALT-006223,CMP-006223,2026-03-09T10:50:42+00:00,ACKNOWLEDGED,LOW,POLICY-v1
ALT-006224,CMP-006224,2026-03-11T07:14:48+00:00,ACTIONED,LOW,POLICY-v1
ALT-006225,CMP-006225,2026-02-09T18:47:55+00:00,ACTIONED,LOW,POLICY-v1
ALT-006226,CMP-006226,2026-04-03T12:37:17+00:00,ACTIONED,LOW,POLICY-v1
ALT-006227,CMP-006227,2026-01-01T16:54:16+00:00,ACTIONED,LOW,POLICY-v1
ALT-006228,CMP-006228,2026-06-01T16:27:41+00:00,ACKNOWLEDGED,LOW,POLICY-v1
ALT-006229,CMP-006229,2026-06-19T23:15:07+00:00,PENDING,MEDIUM,POLICY-v1
ALT-006230,CMP-006230,2026-02-20T09:36:36+00:00,EXPIRED,LOW,POLICY-v1
ALT-006231,CMP-006231,2026-02-18T08:11:46+00:00,ACTIONED,LOW,POLICY-v1
ALT-006232,CMP-006232,2026-03-14T16:48:17+00:00,ACTIONED,MEDIUM,POLICY-v1
ALT-006233,CMP-006233,2026-01-22T02:16:57+00:00,EXPIRED,MEDIUM,POLICY-v1
ALT-006234,CMP-006234,2026-01-26T18:05:33+00:00,EXPIRED,MEDIUM,POLICY-v1
ALT-006235,CMP-006235,2026-04-11T13:46:44+00:00,ACTIONED,MEDIUM,POLICY-v1
ALT-006236,CMP-006236,2026-04-03T11:42:22+00:00,ACKNOWLEDGED,MEDIUM,POLICY-v1
ALT-006237,CMP-006237,2026-04-12T02:55:27+00:00,ACKNOWLEDGED,LOW,POLICY-v1
ALT-006238,CMP-006238,2026-05-06T02:25:58+00:00,ACTIONED,MEDIUM,POLICY-v1
ALT-006239,CMP-006239,2026-05-14T05:20:16+00:00,ACTIONED,LOW,POLICY-v1
ALT-006240,CMP-006240,2026-01-09T20:54:10+00:00,ACKNOWLEDGED,LOW,POLICY-v1
ALT-006241,CMP-006241,2026-03-01T14:49:10+00:00,EXPIRED,LOW,POLICY-v1
ALT-006242,CMP-006242,2026-04-23T16:32:00+00:00,PENDING,MEDIUM,POLICY-v1
ALT-006243,CMP-006243,2026-04-18T20:46:35+00:00,ACKNOWLEDGED,LOW,POLICY-v1
ALT-006244,CMP-006244,2026-06-16T07:00:13+00:00,PENDING,LOW,POLICY-v1
ALT-006245,CMP-006245,2026-04-26T08:56:07+00:00,ACTIONED,LOW,POLICY-v1
ALT-006246,CMP-006246,2026-05-11T21:22:04+00:00,ACTIONED,HIGH,POLICY-v1
ALT-006247,CMP-006247,2026-01-09T12:35:06+00:00,ACTIONED,HIGH,POLICY-v1
ALT-006248,CMP-006248,2026-01-31T09:01:19+00:00,EXPIRED,LOW,POLICY-v1
ALT-006249,CMP-006249,2026-04-03T13:46:21+00:00,ACTIONED,MEDIUM,POLICY-v1
ALT-006250,CMP-006250,2026-06-25T08:09:55+00:00,ACKNOWLEDGED,LOW,POLICY-v1
ALT-006251,CMP-006251,2026-06-05T20:23:28+00:00,ACTIONED,HIGH,POLICY-v1
ALT-006252,CMP-006252,2026-02-08T13:56:55+00:00,ACKNOWLEDGED,HIGH,POLICY-v1
ALT-006253,CMP-006253,2026-06-20T16:03:33+00:00,ACKNOWLEDGED,LOW,POLICY-v1
ALT-006254,CMP-006254,2026-02-28T08:44:59+00:00,ACKNOWLEDGED,HIGH,POLICY-v1
ALT-006255,CMP-006255,2026-02-02T10:45:38+00:00,ACTIONED,LOW,POLICY-v1
ALT-006256,CMP-006256,2026-02-28T17:26:33+00:00,EXPIRED,MEDIUM,POLICY-v1
ALT-006257,CMP-006257,2026-04-05T18:49:09+00:00,ACTIONED,LOW,POLICY-v1
ALT-006258,CMP-006258,2026-02-14T18:19:55+00:00,ACKNOWLEDGED,MEDIUM,POLICY-v1
ALT-006259,CMP-006259,2026-01-23T00:36:08+00:00,ACTIONED,LOW,POLICY-v1
ALT-006260,CMP-006260,2026-06-03T06:16:10+00:00,ACTIONED,MEDIUM,POLICY-v1
ALT-006261,CMP-006261,2026-04-11T22:00:32+00:00,ACTIONED,LOW,POLICY-v1
ALT-006262,CMP-006262,2026-01-09T00:13:18+00:00,ACKNOWLEDGED,MEDIUM,POLICY-v1
ALT-006263,CMP-006263,2026-06-20T18:23:15+00:00,PENDING,LOW,POLICY-v1
ALT-006264,CMP-006264,2026-06-23T13:51:57+00:00,EXPIRED,LOW,POLICY-v1
ALT-006265,CMP-006265,2026-03-09T23:39:43+00:00,ACKNOWLEDGED,MEDIUM,POLICY-v1
ALT-006266,CMP-006266,2026-05-10T19:30:54+00:00,ACTIONED,MEDIUM,POLICY-v1
ALT-006267,CMP-006267,2026-02-10T04:51:57+00:00,ACKNOWLEDGED,MEDIUM,POLICY-v1
ALT-006268,CMP-006268,2026-04-02T20:30:11+00:00,EXPIRED,HIGH,POLICY-v1
ALT-006269,CMP-006269,2026-05-24T03:52:43+00:00,PENDING,LOW,POLICY-v1
ALT-006270,CMP-006270,2026-04-29T13:11:46+00:00,EXPIRED,MEDIUM,POLICY-v1
ALT-006271,CMP-006271,2026-02-04T04:49:38+00:00,ACTIONED,HIGH,POLICY-v1
ALT-006272,CMP-006272,2026-04-26T20:00:57+00:00,ACTIONED,LOW,POLICY-v1
ALT-006273,CMP-006273,2026-01-23T00:28:18+00:00,ACTIONED,HIGH,POLICY-v1
ALT-006274,CMP-006274,2026-01-13T04:43:03+00:00,ACTIONED,HIGH,POLICY-v1
ALT-006275,CMP-006275,2026-04-02T17:29:57+00:00,PENDING,LOW,POLICY-v1
ALT-006276,CMP-006276,2026-02-20T01:46:33+00:00,ACTIONED,LOW,POLICY-v1
ALT-006277,CMP-006277,2026-05-03T22:35:11+00:00,ACTIONED,LOW,POLICY-v1
ALT-006278,CMP-006278,2026-06-18T20:09:21+00:00,EXPIRED,MEDIUM,POLICY-v1
ALT-006279,CMP-006279,2026-03-26T03:18:13+00:00,ACKNOWLEDGED,MEDIUM,POLICY-v1
ALT-006280,CMP-006280,2026-06-27T12:29:20+00:00,ACTIONED,HIGH,POLICY-v1
ALT-006281,CMP-006281,2026-02-19T22:27:42+00:00,EXPIRED,LOW,POLICY-v1
ALT-006282,CMP-006282,2026-06-22T17:14:23+00:00,ACTIONED,HIGH,POLICY-v1
ALT-006283,CMP-006283,2026-06-24T11:42:08+00:00,PENDING,MEDIUM,POLICY-v1
ALT-006284,CMP-006284,2026-04-27T13:06:04+00:00,ACKNOWLEDGED,LOW,POLICY-v1
ALT-006285,CMP-006285,2026-06-20T16:53:15+00:00,PENDING,HIGH,POLICY-v1
ALT-006286,CMP-006286,2026-04-23T12:54:07+00:00,ACTIONED,HIGH,POLICY-v1
ALT-006287,CMP-006287,2026-01-01T03:39:04+00:00,ACKNOWLEDGED,MEDIUM,POLICY-v1
ALT-006288,CMP-006288,2026-04-24T20:35:30+00:00,ACTIONED,HIGH,POLICY-v1
ALT-006289,CMP-006289,2026-05-18T21:11:53+00:00,ACTIONED,LOW,POLICY-v1
ALT-006290,CMP-006290,2026-05-26T02:00:32+00:00,EXPIRED,HIGH,POLICY-v1
ALT-006291,CMP-006291,2026-02-09T20:42:08+00:00,ACTIONED,LOW,POLICY-v1
ALT-006292,CMP-006292,2026-05-13T20:30:12+00:00,ACTIONED,HIGH,POLICY-v1
ALT-006293,CMP-006293,2026-06-27T07:06:22+00:00,ACTIONED,HIGH,POLICY-v1
ALT-006294,CMP-006294,2026-02-27T19:20:10+00:00,PENDING,LOW,POLICY-v1
ALT-006295,CMP-006295,2026-03-25T11:12:36+00:00,ACTIONED,MEDIUM,POLICY-v1
ALT-006296,CMP-006296,2026-05-14T10:46:02+00:00,ACKNOWLEDGED,LOW,POLICY-v1
ALT-006297,CMP-006297,2026-01-23T06:05:27+00:00,ACTIONED,MEDIUM,POLICY-v1
ALT-006298,CMP-006298,2026-06-25T19:21:54+00:00,ACTIONED,MEDIUM,POLICY-v1
ALT-006299,CMP-006299,2026-02-01T16:56:23+00:00,ACTIONED,LOW,POLICY-v1
ALT-006300,CMP-006300,2026-01-31T02:45:47+00:00,PENDING,LOW,POLICY-v1
ALT-006301,CMP-006301,2026-02-02T04:14:22+00:00,EXPIRED,LOW,POLICY-v1
ALT-006302,CMP-006302,2026-05-19T18:31:47+00:00,ACTIONED,MEDIUM,POLICY-v1
ALT-006303,CMP-006303,2026-04-27T09:39:27+00:00,PENDING,HIGH,POLICY-v1
ALT-006304,CMP-006304,2026-04-05T20:23:31+00:00,ACTIONED,HIGH,POLICY-v1
ALT-006305,CMP-006305,2026-01-09T17:36:23+00:00,ACKNOWLEDGED,HIGH,POLICY-v1
ALT-006306,CMP-006306,2026-06-11T13:49:56+00:00,ACTIONED,MEDIUM,POLICY-v1
ALT-006307,CMP-006307,2026-01-07T16:05:19+00:00,ACKNOWLEDGED,MEDIUM,POLICY-v1
ALT-006308,CMP-006308,2026-05-01T15:56:44+00:00,ACTIONED,LOW,POLICY-v1
ALT-006309,CMP-006309,2026-03-27T07:49:53+00:00,ACKNOWLEDGED,LOW,POLICY-v1
ALT-006310,CMP-006310,2026-01-03T18:49:36+00:00,EXPIRED,HIGH,POLICY-v1
ALT-006311,CMP-006311,2026-03-03T04:38:54+00:00,EXPIRED,HIGH,POLICY-v1
ALT-006312,CMP-006312,2026-02-13T12:13:22+00:00,EXPIRED,HIGH,POLICY-v1
ALT-006313,CMP-006313,2026-01-26T01:26:46+00:00,ACTIONED,LOW,POLICY-v1
ALT-006314,CMP-006314,2026-05-17T00:44:27+00:00,ACTIONED,HIGH,POLICY-v1
ALT-006315,CMP-006315,2026-02-01T20:30:08+00:00,ACTIONED,MEDIUM,POLICY-v1
ALT-006316,CMP-006316,2026-06-03T08:47:13+00:00,ACTIONED,LOW,POLICY-v1
ALT-006317,CMP-006317,2026-03-09T09:03:23+00:00,PENDING,HIGH,POLICY-v1
ALT-006318,CMP-006318,2026-02-22T09:17:28+00:00,EXPIRED,LOW,POLICY-v1
ALT-006319,CMP-006319,2026-02-04T04:51:13+00:00,PENDING,MEDIUM,POLICY-v1
ALT-006320,CMP-006320,2026-02-05T16:40:48+00:00,ACTIONED,HIGH,POLICY-v1
ALT-006321,CMP-006321,2026-04-22T21:23:27+00:00,PENDING,HIGH,POLICY-v1
ALT-006322,CMP-006322,2026-05-07T22:08:40+00:00,ACTIONED,MEDIUM,POLICY-v1
ALT-006323,CMP-006323,2026-03-15T07:32:00+00:00,ACTIONED,MEDIUM,POLICY-v1
ALT-006324,CMP-006324,2026-02-13T07:34:11+00:00,ACTIONED,LOW,POLICY-v1
ALT-006325,CMP-006325,2026-02-25T18:26:51+00:00,ACTIONED,LOW,POLICY-v1
ALT-006326,CMP-006326,2026-06-28T21:06:36+00:00,PENDING,LOW,POLICY-v1
ALT-006327,CMP-006327,2026-03-27T17:54:48+00:00,ACTIONED,MEDIUM,POLICY-v1
ALT-006328,CMP-006328,2026-03-25T07:21:37+00:00,PENDING,MEDIUM,POLICY-v1
ALT-006329,CMP-006329,2026-06-16T06:41:43+00:00,ACTIONED,LOW,POLICY-v1
ALT-006330,CMP-006330,2026-06-25T05:43:57+00:00,ACKNOWLEDGED,HIGH,POLICY-v1
ALT-006331,CMP-006331,2026-06-06T00:16:15+00:00,ACTIONED,HIGH,POLICY-v1
ALT-006332,CMP-006332,2026-04-19T09:34:11+00:00,EXPIRED,LOW,POLICY-v1
ALT-006333,CMP-006333,2026-04-13T13:21:38+00:00,ACTIONED,HIGH,POLICY-v1
ALT-006334,CMP-006334,2026-06-03T08:04:45+00:00,EXPIRED,HIGH,POLICY-v1
ALT-006335,CMP-006335,2026-03-21T22:10:32+00:00,ACTIONED,LOW,POLICY-v1
ALT-006336,CMP-006336,2026-04-28T18:58:44+00:00,ACTIONED,MEDIUM,POLICY-v1
ALT-006337,CMP-006337,2026-02-02T06:02:50+00:00,ACTIONED,LOW,POLICY-v1
ALT-006338,CMP-006338,2026-04-23T00:35:00+00:00,ACTIONED,LOW,POLICY-v1
ALT-006339,CMP-006339,2026-01-06T14:55:00+00:00,ACTIONED,LOW,POLICY-v1
ALT-006340,CMP-006340,2026-01-03T22:30:49+00:00,ACKNOWLEDGED,HIGH,POLICY-v1
ALT-006341,CMP-006341,2026-05-22T13:04:56+00:00,ACTIONED,HIGH,POLICY-v1
ALT-006342,CMP-006342,2026-01-21T13:36:32+00:00,ACKNOWLEDGED,MEDIUM,POLICY-v1
ALT-006343,CMP-006343,2026-06-21T01:25:15+00:00,ACKNOWLEDGED,MEDIUM,POLICY-v1
ALT-006344,CMP-006344,2026-04-30T11:59:19+00:00,ACKNOWLEDGED,HIGH,POLICY-v1
ALT-006345,CMP-006345,2026-01-23T23:39:22+00:00,EXPIRED,HIGH,POLICY-v1
ALT-006346,CMP-006346,2026-01-22T10:52:48+00:00,PENDING,LOW,POLICY-v1
ALT-006347,CMP-006347,2026-05-23T13:44:37+00:00,ACTIONED,MEDIUM,POLICY-v1
ALT-006348,CMP-006348,2026-01-27T18:54:38+00:00,PENDING,LOW,POLICY-v1
ALT-006349,CMP-006349,2026-01-31T03:24:59+00:00,ACTIONED,HIGH,POLICY-v1
ALT-006350,CMP-006350,2026-04-25T07:45:53+00:00,ACKNOWLEDGED,LOW,POLICY-v1
ALT-006351,CMP-006351,2026-03-23T06:32:42+00:00,ACKNOWLEDGED,MEDIUM,POLICY-v1
ALT-006352,CMP-006352,2026-06-09T04:40:58+00:00,ACTIONED,LOW,POLICY-v1
ALT-006353,CMP-006353,2026-02-17T08:14:20+00:00,ACTIONED,MEDIUM,POLICY-v1
ALT-006354,CMP-006354,2026-01-26T09:53:54+00:00,ACTIONED,MEDIUM,POLICY-v1
ALT-006355,CMP-006355,2026-01-19T23:22:17+00:00,ACTIONED,HIGH,POLICY-v1
ALT-006356,CMP-006356,2026-02-04T07:12:21+00:00,ACTIONED,MEDIUM,POLICY-v1
ALT-006357,CMP-006357,2026-03-15T14:25:49+00:00,PENDING,HIGH,POLICY-v1
ALT-006358,CMP-006358,2026-04-13T05:39:05+00:00,ACKNOWLEDGED,LOW,POLICY-v1
ALT-006359,CMP-006359,2026-04-01T19:47:20+00:00,ACTIONED,LOW,POLICY-v1
ALT-006360,CMP-006360,2026-01-24T06:21:12+00:00,ACTIONED,LOW,POLICY-v1
ALT-006361,CMP-006361,2026-03-25T04:06:56+00:00,ACTIONED,MEDIUM,POLICY-v1
ALT-006362,CMP-006362,2026-04-30T20:22:49+00:00,ACTIONED,HIGH,POLICY-v1
ALT-006363,CMP-006363,2026-05-02T06:40:06+00:00,PENDING,HIGH,POLICY-v1
ALT-006364,CMP-006364,2026-06-04T00:04:09+00:00,ACTIONED,LOW,POLICY-v1
ALT-006365,CMP-006365,2026-02-04T00:02:07+00:00,PENDING,LOW,POLICY-v1
ALT-006366,CMP-006366,2026-03-07T12:07:49+00:00,PENDING,MEDIUM,POLICY-v1
ALT-006367,CMP-006367,2026-03-09T09:45:21+00:00,ACKNOWLEDGED,LOW,POLICY-v1
ALT-006368,CMP-006368,2026-01-23T02:30:28+00:00,PENDING,MEDIUM,POLICY-v1
ALT-006369,CMP-006369,2026-02-08T12:56:57+00:00,ACTIONED,MEDIUM,POLICY-v1
ALT-006370,CMP-006370,2026-03-28T02:30:41+00:00,ACTIONED,MEDIUM,POLICY-v1
ALT-006371,CMP-006371,2026-05-27T03:03:39+00:00,ACTIONED,LOW,POLICY-v1
ALT-006372,CMP-006372,2026-02-23T22:14:37+00:00,ACTIONED,LOW,POLICY-v1
ALT-006373,CMP-006373,2026-04-14T09:00:20+00:00,EXPIRED,MEDIUM,POLICY-v1
ALT-006374,CMP-006374,2026-01-18T01:56:11+00:00,ACTIONED,LOW,POLICY-v1
ALT-006375,CMP-006375,2026-05-24T06:32:21+00:00,ACKNOWLEDGED,HIGH,POLICY-v1
ALT-006376,CMP-006376,2026-06-16T23:18:45+00:00,PENDING,LOW,POLICY-v1
ALT-006377,CMP-006377,2026-01-07T03:18:49+00:00,ACKNOWLEDGED,LOW,POLICY-v1
ALT-006378,CMP-006378,2026-06-21T15:24:12+00:00,EXPIRED,LOW,POLICY-v1
ALT-006379,CMP-006379,2026-02-18T02:34:31+00:00,ACTIONED,HIGH,POLICY-v1
ALT-006380,CMP-006380,2026-02-19T01:41:51+00:00,ACTIONED,HIGH,POLICY-v1
ALT-006381,CMP-006381,2026-03-15T23:50:02+00:00,ACKNOWLEDGED,LOW,POLICY-v1
ALT-006382,CMP-006382,2026-01-18T03:23:55+00:00,PENDING,HIGH,POLICY-v1
ALT-006383,CMP-006383,2026-02-08T11:41:01+00:00,EXPIRED,LOW,POLICY-v1
ALT-006384,CMP-006384,2026-06-08T10:29:14+00:00,ACTIONED,MEDIUM,POLICY-v1
ALT-006385,CMP-006385,2026-01-17T19:10:52+00:00,ACTIONED,HIGH,POLICY-v1
ALT-006386,CMP-006386,2026-01-25T11:59:44+00:00,PENDING,HIGH,POLICY-v1
ALT-006387,CMP-006387,2026-02-15T02:02:47+00:00,EXPIRED,HIGH,POLICY-v1
ALT-006388,CMP-006388,2026-02-16T18:45:13+00:00,PENDING,HIGH,POLICY-v1
ALT-006389,CMP-006389,2026-04-01T16:31:44+00:00,ACTIONED,HIGH,POLICY-v1
ALT-006390,CMP-006390,2026-04-29T14:33:42+00:00,EXPIRED,LOW,POLICY-v1
ALT-006391,CMP-006391,2026-04-23T03:07:54+00:00,ACTIONED,LOW,POLICY-v1
ALT-006392,CMP-006392,2026-03-02T17:07:32+00:00,ACTIONED,HIGH,POLICY-v1
ALT-006393,CMP-006393,2026-04-23T05:12:02+00:00,ACKNOWLEDGED,MEDIUM,POLICY-v1
ALT-006394,CMP-006394,2026-03-13T15:13:44+00:00,ACKNOWLEDGED,HIGH,POLICY-v1
ALT-006395,CMP-006395,2026-05-25T10:35:49+00:00,ACTIONED,MEDIUM,POLICY-v1
ALT-006396,CMP-006396,2026-03-22T12:12:35+00:00,ACTIONED,HIGH,POLICY-v1
ALT-006397,CMP-006397,2026-02-18T06:30:51+00:00,ACTIONED,MEDIUM,POLICY-v1
ALT-006398,CMP-006398,2026-02-19T04:02:16+00:00,EXPIRED,LOW,POLICY-v1
ALT-006399,CMP-006399,2026-05-18T05:38:08+00:00,ACTIONED,MEDIUM,POLICY-v1
ALT-006400,CMP-006400,2026-02-28T09:27:33+00:00,ACTIONED,LOW,POLICY-v1
ALT-006401,CMP-006401,2026-01-26T06:56:51+00:00,PENDING,HIGH,POLICY-v1
ALT-006402,CMP-006402,2026-05-19T11:31:57+00:00,PENDING,LOW,POLICY-v1
ALT-006403,CMP-006403,2026-06-23T20:42:09+00:00,ACTIONED,HIGH,POLICY-v1
ALT-006404,CMP-006404,2026-03-22T17:13:47+00:00,ACTIONED,LOW,POLICY-v1
ALT-006405,CMP-006405,2026-03-25T02:19:41+00:00,ACTIONED,MEDIUM,POLICY-v1
ALT-006406,CMP-006406,2026-01-03T04:41:12+00:00,PENDING,MEDIUM,POLICY-v1
ALT-006407,CMP-006407,2026-03-06T23:53:00+00:00,ACKNOWLEDGED,LOW,POLICY-v1
ALT-006408,CMP-006408,2026-06-20T18:01:54+00:00,EXPIRED,HIGH,POLICY-v1
ALT-006409,CMP-006409,2026-06-25T22:48:07+00:00,PENDING,MEDIUM,POLICY-v1
ALT-006410,CMP-006410,2026-06-28T05:28:13+00:00,ACTIONED,HIGH,POLICY-v1
ALT-006411,CMP-006411,2026-02-22T04:40:29+00:00,EXPIRED,MEDIUM,POLICY-v1
ALT-006412,CMP-006412,2026-01-19T08:31:23+00:00,ACTIONED,MEDIUM,POLICY-v1
ALT-006413,CMP-006413,2026-02-23T21:15:50+00:00,ACKNOWLEDGED,HIGH,POLICY-v1
ALT-006414,CMP-006414,2026-05-10T17:48:36+00:00,ACKNOWLEDGED,MEDIUM,POLICY-v1
ALT-006415,CMP-006415,2026-04-07T08:52:06+00:00,ACTIONED,MEDIUM,POLICY-v1
ALT-006416,CMP-006416,2026-06-23T14:08:43+00:00,ACKNOWLEDGED,MEDIUM,POLICY-v1
ALT-006417,CMP-006417,2026-06-12T03:01:23+00:00,ACTIONED,HIGH,POLICY-v1
ALT-006418,CMP-006418,2026-01-01T23:09:24+00:00,ACTIONED,LOW,POLICY-v1
ALT-006419,CMP-006419,2026-01-26T13:16:25+00:00,ACTIONED,LOW,POLICY-v1
ALT-006420,CMP-006420,2026-01-14T08:17:25+00:00,ACTIONED,MEDIUM,POLICY-v1
ALT-006421,CMP-006421,2026-01-23T03:43:07+00:00,ACKNOWLEDGED,LOW,POLICY-v1
ALT-006422,CMP-006422,2026-06-16T13:38:58+00:00,ACKNOWLEDGED,MEDIUM,POLICY-v1
ALT-006423,CMP-006423,2026-02-08T01:42:59+00:00,ACTIONED,MEDIUM,POLICY-v1
ALT-006424,CMP-006424,2026-02-17T22:45:51+00:00,ACKNOWLEDGED,MEDIUM,POLICY-v1
ALT-006425,CMP-006425,2026-05-28T18:08:21+00:00,PENDING,LOW,POLICY-v1
ALT-006426,CMP-006426,2026-02-15T09:50:15+00:00,PENDING,MEDIUM,POLICY-v1
ALT-006427,CMP-006427,2026-02-06T21:23:15+00:00,ACKNOWLEDGED,HIGH,POLICY-v1
ALT-006428,CMP-006428,2026-01-02T08:40:24+00:00,ACKNOWLEDGED,MEDIUM,POLICY-v1
ALT-006429,CMP-006429,2026-05-17T01:34:56+00:00,ACTIONED,LOW,POLICY-v1
ALT-006430,CMP-006430,2026-02-20T00:05:57+00:00,ACTIONED,MEDIUM,POLICY-v1
ALT-006431,CMP-006431,2026-04-28T02:20:39+00:00,ACKNOWLEDGED,HIGH,POLICY-v1
ALT-006432,CMP-006432,2026-05-26T00:36:33+00:00,EXPIRED,HIGH,POLICY-v1
ALT-006433,CMP-006433,2026-03-11T13:47:22+00:00,ACKNOWLEDGED,MEDIUM,POLICY-v1
ALT-006434,CMP-006434,2026-06-14T07:06:35+00:00,ACTIONED,MEDIUM,POLICY-v1
ALT-006435,CMP-006435,2026-03-09T19:50:02+00:00,ACTIONED,MEDIUM,POLICY-v1
ALT-006436,CMP-006436,2026-06-20T12:06:57+00:00,ACTIONED,LOW,POLICY-v1
ALT-006437,CMP-006437,2026-01-11T00:37:17+00:00,ACTIONED,LOW,POLICY-v1
ALT-006438,CMP-006438,2026-06-20T17:40:30+00:00,ACTIONED,MEDIUM,POLICY-v1
ALT-006439,CMP-006439,2026-03-21T02:53:32+00:00,ACTIONED,LOW,POLICY-v1
ALT-006440,CMP-006440,2026-05-07T01:38:41+00:00,ACTIONED,HIGH,POLICY-v1
ALT-006441,CMP-006441,2026-05-28T05:18:44+00:00,EXPIRED,MEDIUM,POLICY-v1
ALT-006442,CMP-006442,2026-04-06T07:24:50+00:00,EXPIRED,LOW,POLICY-v1
ALT-006443,CMP-006443,2026-06-19T11:26:05+00:00,ACKNOWLEDGED,LOW,POLICY-v1
ALT-006444,CMP-006444,2026-01-04T12:37:33+00:00,ACTIONED,MEDIUM,POLICY-v1
ALT-006445,CMP-006445,2026-05-31T23:34:01+00:00,ACTIONED,LOW,POLICY-v1
ALT-006446,CMP-006446,2026-02-19T15:38:07+00:00,ACKNOWLEDGED,MEDIUM,POLICY-v1
ALT-006447,CMP-006447,2026-06-13T00:46:50+00:00,PENDING,MEDIUM,POLICY-v1
ALT-006448,CMP-006448,2026-06-07T23:52:56+00:00,ACKNOWLEDGED,HIGH,POLICY-v1
ALT-006449,CMP-006449,2026-03-10T01:54:20+00:00,ACKNOWLEDGED,MEDIUM,POLICY-v1
ALT-006450,CMP-006450,2026-06-04T05:20:46+00:00,PENDING,LOW,POLICY-v1
ALT-006451,CMP-006451,2026-05-25T23:17:59+00:00,ACKNOWLEDGED,LOW,POLICY-v1
ALT-006452,CMP-006452,2026-01-08T21:15:57+00:00,PENDING,MEDIUM,POLICY-v1
ALT-006453,CMP-006453,2026-04-08T03:46:52+00:00,ACTIONED,LOW,POLICY-v1
ALT-006454,CMP-006454,2026-05-08T08:23:46+00:00,ACKNOWLEDGED,LOW,POLICY-v1
ALT-006455,CMP-006455,2026-01-01T23:43:59+00:00,ACTIONED,LOW,POLICY-v1
ALT-006456,CMP-006456,2026-06-26T09:18:45+00:00,ACTIONED,LOW,POLICY-v1
ALT-006457,CMP-006457,2026-01-24T19:20:44+00:00,ACTIONED,MEDIUM,POLICY-v1
ALT-006458,CMP-006458,2026-05-12T12:37:40+00:00,PENDING,LOW,POLICY-v1
ALT-006459,CMP-006459,2026-02-23T04:06:23+00:00,EXPIRED,MEDIUM,POLICY-v1
ALT-006460,CMP-006460,2026-02-21T00:32:16+00:00,ACTIONED,HIGH,POLICY-v1
ALT-006461,CMP-006461,2026-03-26T01:38:08+00:00,ACTIONED,HIGH,POLICY-v1
ALT-006462,CMP-006462,2026-03-13T11:19:37+00:00,ACTIONED,MEDIUM,POLICY-v1
ALT-006463,CMP-006463,2026-04-06T06:12:49+00:00,ACTIONED,MEDIUM,POLICY-v1
ALT-006464,CMP-006464,2026-03-02T05:55:18+00:00,ACTIONED,LOW,POLICY-v1
ALT-006465,CMP-006465,2026-06-20T01:13:02+00:00,ACTIONED,HIGH,POLICY-v1
ALT-006466,CMP-006466,2026-01-09T16:44:05+00:00,ACKNOWLEDGED,LOW,POLICY-v1
ALT-006467,CMP-006467,2026-04-07T12:39:10+00:00,ACTIONED,HIGH,POLICY-v1
ALT-006468,CMP-006468,2026-02-23T16:32:46+00:00,EXPIRED,MEDIUM,POLICY-v1
ALT-006469,CMP-006469,2026-06-21T00:10:12+00:00,ACKNOWLEDGED,HIGH,POLICY-v1
ALT-006470,CMP-006470,2026-01-03T14:40:46+00:00,ACTIONED,MEDIUM,POLICY-v1
ALT-006471,CMP-006471,2026-04-15T18:22:16+00:00,ACTIONED,HIGH,POLICY-v1
ALT-006472,CMP-006472,2026-02-20T01:16:36+00:00,ACTIONED,LOW,POLICY-v1
ALT-006473,CMP-006473,2026-06-25T18:27:30+00:00,ACTIONED,LOW,POLICY-v1
ALT-006474,CMP-006474,2026-04-11T09:20:27+00:00,ACTIONED,LOW,POLICY-v1
ALT-006475,CMP-006475,2026-06-04T17:57:49+00:00,EXPIRED,LOW,POLICY-v1
ALT-006476,CMP-006476,2026-02-24T06:16:38+00:00,ACTIONED,LOW,POLICY-v1
ALT-006477,CMP-006477,2026-05-10T13:07:17+00:00,ACKNOWLEDGED,LOW,POLICY-v1
ALT-006478,CMP-006478,2026-06-09T06:15:44+00:00,PENDING,LOW,POLICY-v1
ALT-006479,CMP-006479,2026-04-22T17:21:24+00:00,ACTIONED,MEDIUM,POLICY-v1
ALT-006480,CMP-006480,2026-03-14T05:51:25+00:00,ACTIONED,MEDIUM,POLICY-v1
ALT-006481,CMP-006481,2026-01-25T03:04:29+00:00,ACKNOWLEDGED,HIGH,POLICY-v1
ALT-006482,CMP-006482,2026-03-28T16:51:43+00:00,PENDING,HIGH,POLICY-v1
ALT-006483,CMP-006483,2026-02-10T08:11:47+00:00,ACKNOWLEDGED,MEDIUM,POLICY-v1
ALT-006484,CMP-006484,2026-05-27T12:26:37+00:00,EXPIRED,LOW,POLICY-v1
ALT-006485,CMP-006485,2026-02-16T10:46:43+00:00,ACKNOWLEDGED,HIGH,POLICY-v1
ALT-006486,CMP-006486,2026-04-29T05:05:30+00:00,ACTIONED,LOW,POLICY-v1
ALT-006487,CMP-006487,2026-01-03T13:26:45+00:00,EXPIRED,MEDIUM,POLICY-v1
ALT-006488,CMP-006488,2026-06-27T05:21:44+00:00,ACKNOWLEDGED,MEDIUM,POLICY-v1
ALT-006489,CMP-006489,2026-03-27T11:00:20+00:00,ACTIONED,LOW,POLICY-v1
ALT-006490,CMP-006490,2026-05-09T04:13:50+00:00,ACTIONED,MEDIUM,POLICY-v1
ALT-006491,CMP-006491,2026-01-01T21:02:31+00:00,EXPIRED,LOW,POLICY-v1
ALT-006492,CMP-006492,2026-02-02T10:21:29+00:00,ACTIONED,LOW,POLICY-v1
ALT-006493,CMP-006493,2026-06-14T07:56:18+00:00,ACTIONED,MEDIUM,POLICY-v1
ALT-006494,CMP-006494,2026-03-30T12:33:15+00:00,PENDING,HIGH,POLICY-v1
ALT-006495,CMP-006495,2026-02-14T15:38:28+00:00,ACKNOWLEDGED,HIGH,POLICY-v1
ALT-006496,CMP-006496,2026-04-22T03:07:27+00:00,PENDING,LOW,POLICY-v1
ALT-006497,CMP-006497,2026-05-31T17:30:13+00:00,ACTIONED,MEDIUM,POLICY-v1
ALT-006498,CMP-006498,2026-06-08T05:07:49+00:00,ACKNOWLEDGED,MEDIUM,POLICY-v1
ALT-006499,CMP-006499,2026-06-27T03:35:33+00:00,ACTIONED,LOW,POLICY-v1
ALT-006500,CMP-006500,2026-03-17T15:20:57+00:00,PENDING,HIGH,POLICY-v1
ALT-006501,CMP-006501,2026-06-24T11:50:33+00:00,ACKNOWLEDGED,LOW,POLICY-v1
ALT-006502,CMP-006502,2026-04-20T01:25:35+00:00,ACTIONED,HIGH,POLICY-v1
ALT-006503,CMP-006503,2026-06-24T19:57:34+00:00,ACTIONED,MEDIUM,POLICY-v1
ALT-006504,CMP-006504,2026-01-28T06:23:10+00:00,EXPIRED,HIGH,POLICY-v1
ALT-006505,CMP-006505,2026-05-29T19:32:40+00:00,PENDING,HIGH,POLICY-v1
ALT-006506,CMP-006506,2026-01-14T03:52:44+00:00,ACTIONED,HIGH,POLICY-v1
ALT-006507,CMP-006507,2026-05-07T23:33:32+00:00,ACTIONED,HIGH,POLICY-v1
ALT-006508,CMP-006508,2026-05-19T18:10:21+00:00,ACTIONED,MEDIUM,POLICY-v1
ALT-006509,CMP-006509,2026-06-02T07:57:37+00:00,PENDING,LOW,POLICY-v1
ALT-006510,CMP-006510,2026-06-23T02:40:49+00:00,ACTIONED,HIGH,POLICY-v1
ALT-006511,CMP-006511,2026-06-21T03:27:50+00:00,ACTIONED,HIGH,POLICY-v1
ALT-006512,CMP-006512,2026-03-21T09:35:18+00:00,ACKNOWLEDGED,HIGH,POLICY-v1
ALT-006513,CMP-006513,2026-05-18T03:26:32+00:00,ACTIONED,HIGH,POLICY-v1
ALT-006514,CMP-006514,2026-03-09T19:21:42+00:00,ACTIONED,HIGH,POLICY-v1
ALT-006515,CMP-006515,2026-01-06T16:06:04+00:00,ACTIONED,HIGH,POLICY-v1
ALT-006516,CMP-006516,2026-03-09T21:53:46+00:00,EXPIRED,HIGH,POLICY-v1
ALT-006517,CMP-006517,2026-02-10T05:34:31+00:00,ACKNOWLEDGED,MEDIUM,POLICY-v1
ALT-006518,CMP-006518,2026-02-05T02:35:41+00:00,ACKNOWLEDGED,HIGH,POLICY-v1
ALT-006519,CMP-006519,2026-03-12T20:36:09+00:00,ACKNOWLEDGED,LOW,POLICY-v1
ALT-006520,CMP-006520,2026-06-10T12:51:03+00:00,ACKNOWLEDGED,MEDIUM,POLICY-v1
ALT-006521,CMP-006521,2026-01-30T07:44:33+00:00,ACTIONED,LOW,POLICY-v1
ALT-006522,CMP-006522,2026-02-12T19:04:34+00:00,ACKNOWLEDGED,LOW,POLICY-v1
ALT-006523,CMP-006523,2026-02-18T05:04:22+00:00,ACKNOWLEDGED,HIGH,POLICY-v1
ALT-006524,CMP-006524,2026-05-23T13:18:45+00:00,EXPIRED,HIGH,POLICY-v1
ALT-006525,CMP-006525,2026-02-24T01:53:13+00:00,ACKNOWLEDGED,LOW,POLICY-v1
ALT-006526,CMP-006526,2026-01-02T02:52:39+00:00,ACTIONED,LOW,POLICY-v1
ALT-006527,CMP-006527,2026-02-12T00:47:05+00:00,ACTIONED,LOW,POLICY-v1
ALT-006528,CMP-006528,2026-05-14T14:21:43+00:00,PENDING,MEDIUM,POLICY-v1
ALT-006529,CMP-006529,2026-02-25T17:44:53+00:00,EXPIRED,MEDIUM,POLICY-v1
ALT-006530,CMP-006530,2026-01-01T03:32:28+00:00,PENDING,HIGH,POLICY-v1
ALT-006531,CMP-006531,2026-04-12T22:32:05+00:00,ACTIONED,LOW,POLICY-v1
ALT-006532,CMP-006532,2026-06-24T20:10:40+00:00,EXPIRED,HIGH,POLICY-v1
ALT-006533,CMP-006533,2026-02-09T12:46:32+00:00,EXPIRED,MEDIUM,POLICY-v1
ALT-006534,CMP-006534,2026-04-02T22:28:54+00:00,EXPIRED,LOW,POLICY-v1
ALT-006535,CMP-006535,2026-02-14T08:30:40+00:00,ACKNOWLEDGED,MEDIUM,POLICY-v1
ALT-006536,CMP-006536,2026-01-25T07:11:16+00:00,ACTIONED,HIGH,POLICY-v1
ALT-006537,CMP-006537,2026-04-08T18:43:27+00:00,ACTIONED,MEDIUM,POLICY-v1
ALT-006538,CMP-006538,2026-06-29T13:06:40+00:00,PENDING,HIGH,POLICY-v1
ALT-006539,CMP-006539,2026-04-21T17:06:02+00:00,ACTIONED,MEDIUM,POLICY-v1
ALT-006540,CMP-006540,2026-06-06T14:29:06+00:00,ACTIONED,HIGH,POLICY-v1
ALT-006541,CMP-006541,2026-03-08T06:33:12+00:00,ACTIONED,LOW,POLICY-v1
ALT-006542,CMP-006542,2026-01-23T03:28:00+00:00,PENDING,LOW,POLICY-v1
ALT-006543,CMP-006543,2026-06-22T12:11:05+00:00,ACTIONED,LOW,POLICY-v1
ALT-006544,CMP-006544,2026-04-07T05:58:42+00:00,ACKNOWLEDGED,LOW,POLICY-v1
ALT-006545,CMP-006545,2026-06-02T14:05:12+00:00,ACTIONED,HIGH,POLICY-v1
ALT-006546,CMP-006546,2026-05-26T06:01:32+00:00,ACKNOWLEDGED,LOW,POLICY-v1
ALT-006547,CMP-006547,2026-01-09T17:42:36+00:00,PENDING,MEDIUM,POLICY-v1
ALT-006548,CMP-006548,2026-03-26T12:51:31+00:00,ACTIONED,LOW,POLICY-v1
ALT-006549,CMP-006549,2026-05-24T21:49:18+00:00,EXPIRED,MEDIUM,POLICY-v1
ALT-006550,CMP-006550,2026-03-10T22:08:52+00:00,ACTIONED,LOW,POLICY-v1
ALT-006551,CMP-006551,2026-05-26T14:50:39+00:00,PENDING,HIGH,POLICY-v1
ALT-006552,CMP-006552,2026-02-01T08:45:42+00:00,ACTIONED,HIGH,POLICY-v1
ALT-006553,CMP-006553,2026-03-26T21:58:35+00:00,ACKNOWLEDGED,MEDIUM,POLICY-v1
ALT-006554,CMP-006554,2026-02-26T04:25:39+00:00,ACTIONED,LOW,POLICY-v1
ALT-006555,CMP-006555,2026-02-13T12:44:18+00:00,ACKNOWLEDGED,LOW,POLICY-v1
ALT-006556,CMP-006556,2026-06-07T03:52:33+00:00,EXPIRED,HIGH,POLICY-v1
ALT-006557,CMP-006557,2026-03-30T12:13:09+00:00,ACKNOWLEDGED,MEDIUM,POLICY-v1
ALT-006558,CMP-006558,2026-04-25T11:22:29+00:00,ACKNOWLEDGED,MEDIUM,POLICY-v1
ALT-006559,CMP-006559,2026-03-12T06:15:03+00:00,ACTIONED,LOW,POLICY-v1
ALT-006560,CMP-006560,2026-02-20T19:44:09+00:00,ACTIONED,MEDIUM,POLICY-v1
ALT-006561,CMP-006561,2026-06-08T13:40:49+00:00,ACTIONED,HIGH,POLICY-v1
ALT-006562,CMP-006562,2026-01-05T16:46:00+00:00,ACTIONED,MEDIUM,POLICY-v1
ALT-006563,CMP-006563,2026-04-22T03:14:23+00:00,ACTIONED,MEDIUM,POLICY-v1
ALT-006564,CMP-006564,2026-03-14T11:26:06+00:00,ACTIONED,HIGH,POLICY-v1
ALT-006565,CMP-006565,2026-04-10T21:05:22+00:00,PENDING,LOW,POLICY-v1
ALT-006566,CMP-006566,2026-01-11T04:45:38+00:00,ACTIONED,MEDIUM,POLICY-v1
ALT-006567,CMP-006567,2026-05-27T06:28:46+00:00,ACKNOWLEDGED,HIGH,POLICY-v1
ALT-006568,CMP-006568,2026-05-08T12:43:31+00:00,ACKNOWLEDGED,MEDIUM,POLICY-v1
ALT-006569,CMP-006569,2026-03-18T10:15:38+00:00,ACTIONED,LOW,POLICY-v1
ALT-006570,CMP-006570,2026-03-09T05:55:01+00:00,ACTIONED,HIGH,POLICY-v1
ALT-006571,CMP-006571,2026-02-02T14:36:32+00:00,PENDING,LOW,POLICY-v1
ALT-006572,CMP-006572,2026-03-12T06:38:06+00:00,ACKNOWLEDGED,HIGH,POLICY-v1
ALT-006573,CMP-006573,2026-01-09T06:39:49+00:00,EXPIRED,MEDIUM,POLICY-v1
ALT-006574,CMP-006574,2026-04-20T19:50:25+00:00,PENDING,LOW,POLICY-v1
ALT-006575,CMP-006575,2026-04-03T10:42:36+00:00,ACKNOWLEDGED,HIGH,POLICY-v1
ALT-006576,CMP-006576,2026-01-18T22:04:55+00:00,ACTIONED,HIGH,POLICY-v1
ALT-006577,CMP-006577,2026-01-30T20:22:09+00:00,ACTIONED,MEDIUM,POLICY-v1
ALT-006578,CMP-006578,2026-01-15T08:55:10+00:00,ACTIONED,HIGH,POLICY-v1
ALT-006579,CMP-006579,2026-04-18T15:13:55+00:00,ACTIONED,MEDIUM,POLICY-v1
ALT-006580,CMP-006580,2026-01-05T15:02:15+00:00,ACTIONED,LOW,POLICY-v1
ALT-006581,CMP-006581,2026-05-18T18:20:33+00:00,EXPIRED,LOW,POLICY-v1
ALT-006582,CMP-006582,2026-05-13T18:09:26+00:00,ACTIONED,MEDIUM,POLICY-v1
ALT-006583,CMP-006583,2026-05-25T18:42:40+00:00,ACTIONED,MEDIUM,POLICY-v1
ALT-006584,CMP-006584,2026-06-01T07:53:56+00:00,ACTIONED,HIGH,POLICY-v1
ALT-006585,CMP-006585,2026-01-30T05:57:31+00:00,EXPIRED,MEDIUM,POLICY-v1
ALT-006586,CMP-006586,2026-02-07T00:23:43+00:00,ACTIONED,MEDIUM,POLICY-v1
ALT-006587,CMP-006587,2026-03-31T00:22:15+00:00,ACTIONED,HIGH,POLICY-v1
ALT-006588,CMP-006588,2026-05-03T05:01:29+00:00,ACKNOWLEDGED,MEDIUM,POLICY-v1
ALT-006589,CMP-006589,2026-04-16T21:58:45+00:00,EXPIRED,LOW,POLICY-v1
ALT-006590,CMP-006590,2026-01-09T17:06:18+00:00,ACTIONED,HIGH,POLICY-v1
ALT-006591,CMP-006591,2026-02-04T14:38:54+00:00,ACTIONED,LOW,POLICY-v1
ALT-006592,CMP-006592,2026-03-30T14:48:46+00:00,ACKNOWLEDGED,LOW,POLICY-v1
ALT-006593,CMP-006593,2026-03-12T05:50:04+00:00,ACTIONED,LOW,POLICY-v1
ALT-006594,CMP-006594,2026-02-13T09:27:57+00:00,ACTIONED,HIGH,POLICY-v1
ALT-006595,CMP-006595,2026-02-02T21:10:53+00:00,ACTIONED,HIGH,POLICY-v1
ALT-006596,CMP-006596,2026-04-10T06:51:34+00:00,ACTIONED,MEDIUM,POLICY-v1
ALT-006597,CMP-006597,2026-01-26T13:28:30+00:00,ACKNOWLEDGED,MEDIUM,POLICY-v1
ALT-006598,CMP-006598,2026-01-08T06:37:12+00:00,PENDING,HIGH,POLICY-v1
ALT-006599,CMP-006599,2026-05-18T18:38:09+00:00,PENDING,MEDIUM,POLICY-v1
ALT-006600,CMP-006600,2026-06-21T23:16:38+00:00,ACKNOWLEDGED,HIGH,POLICY-v1
ALT-006601,CMP-006601,2026-06-05T02:29:31+00:00,ACTIONED,MEDIUM,POLICY-v1
ALT-006602,CMP-006602,2026-06-23T00:54:30+00:00,ACTIONED,LOW,POLICY-v1
ALT-006603,CMP-006603,2026-06-03T05:50:17+00:00,EXPIRED,LOW,POLICY-v1
ALT-006604,CMP-006604,2026-06-03T11:08:30+00:00,ACTIONED,HIGH,POLICY-v1
ALT-006605,CMP-006605,2026-02-06T12:39:34+00:00,ACKNOWLEDGED,MEDIUM,POLICY-v1
ALT-006606,CMP-006606,2026-03-07T00:31:52+00:00,PENDING,LOW,POLICY-v1
ALT-006607,CMP-006607,2026-05-22T17:07:37+00:00,PENDING,HIGH,POLICY-v1
ALT-006608,CMP-006608,2026-04-28T17:27:19+00:00,ACKNOWLEDGED,MEDIUM,POLICY-v1
ALT-006609,CMP-006609,2026-01-15T00:28:33+00:00,ACTIONED,MEDIUM,POLICY-v1
ALT-006610,CMP-006610,2026-05-09T07:30:52+00:00,ACTIONED,MEDIUM,POLICY-v1
ALT-006611,CMP-006611,2026-05-03T21:56:26+00:00,ACTIONED,HIGH,POLICY-v1
ALT-006612,CMP-006612,2026-05-13T16:17:23+00:00,ACTIONED,MEDIUM,POLICY-v1
ALT-006613,CMP-006613,2026-01-23T11:57:42+00:00,ACTIONED,LOW,POLICY-v1
ALT-006614,CMP-006614,2026-01-28T22:11:27+00:00,EXPIRED,MEDIUM,POLICY-v1
ALT-006615,CMP-006615,2026-01-30T12:17:03+00:00,ACTIONED,MEDIUM,POLICY-v1
ALT-006616,CMP-006616,2026-04-02T08:28:08+00:00,ACKNOWLEDGED,LOW,POLICY-v1
ALT-006617,CMP-006617,2026-03-29T20:03:45+00:00,ACKNOWLEDGED,LOW,POLICY-v1
ALT-006618,CMP-006618,2026-05-04T10:34:39+00:00,ACTIONED,LOW,POLICY-v1
ALT-006619,CMP-006619,2026-02-20T20:35:34+00:00,EXPIRED,MEDIUM,POLICY-v1
ALT-006620,CMP-006620,2026-02-27T18:15:48+00:00,ACKNOWLEDGED,MEDIUM,POLICY-v1
ALT-006621,CMP-006621,2026-05-16T16:21:40+00:00,ACTIONED,MEDIUM,POLICY-v1
ALT-006622,CMP-006622,2026-01-12T19:15:57+00:00,PENDING,LOW,POLICY-v1
ALT-006623,CMP-006623,2026-01-04T03:12:38+00:00,ACTIONED,HIGH,POLICY-v1
ALT-006624,CMP-006624,2026-03-17T21:51:16+00:00,PENDING,HIGH,POLICY-v1
ALT-006625,CMP-006625,2026-06-11T06:35:33+00:00,ACTIONED,MEDIUM,POLICY-v1
ALT-006626,CMP-006626,2026-03-14T16:50:49+00:00,EXPIRED,LOW,POLICY-v1
ALT-006627,CMP-006627,2026-05-15T15:33:01+00:00,ACTIONED,HIGH,POLICY-v1
ALT-006628,CMP-006628,2026-02-08T18:31:48+00:00,ACTIONED,MEDIUM,POLICY-v1
ALT-006629,CMP-006629,2026-06-01T08:05:04+00:00,ACKNOWLEDGED,MEDIUM,POLICY-v1
ALT-006630,CMP-006630,2026-05-15T18:30:10+00:00,ACTIONED,HIGH,POLICY-v1
ALT-006631,CMP-006631,2026-05-22T04:02:00+00:00,EXPIRED,LOW,POLICY-v1
ALT-006632,CMP-006632,2026-05-16T00:50:41+00:00,ACKNOWLEDGED,HIGH,POLICY-v1
ALT-006633,CMP-006633,2026-05-22T18:42:03+00:00,EXPIRED,MEDIUM,POLICY-v1
ALT-006634,CMP-006634,2026-06-12T06:27:56+00:00,ACTIONED,LOW,POLICY-v1
ALT-006635,CMP-006635,2026-05-07T00:17:42+00:00,ACTIONED,MEDIUM,POLICY-v1
ALT-006636,CMP-006636,2026-03-11T23:50:20+00:00,ACTIONED,HIGH,POLICY-v1
ALT-006637,CMP-006637,2026-06-12T01:25:58+00:00,ACTIONED,MEDIUM,POLICY-v1
ALT-006638,CMP-006638,2026-04-05T19:14:10+00:00,PENDING,HIGH,POLICY-v1
ALT-006639,CMP-006639,2026-02-04T19:33:31+00:00,ACTIONED,HIGH,POLICY-v1
ALT-006640,CMP-006640,2026-04-14T21:09:56+00:00,ACTIONED,LOW,POLICY-v1
ALT-006641,CMP-006641,2026-06-09T08:36:26+00:00,EXPIRED,MEDIUM,POLICY-v1
ALT-006642,CMP-006642,2026-05-16T03:22:51+00:00,PENDING,LOW,POLICY-v1
ALT-006643,CMP-006643,2026-05-28T04:46:21+00:00,EXPIRED,LOW,POLICY-v1
ALT-006644,CMP-006644,2026-03-18T15:36:05+00:00,ACTIONED,HIGH,POLICY-v1
ALT-006645,CMP-006645,2026-06-10T04:25:13+00:00,PENDING,HIGH,POLICY-v1
ALT-006646,CMP-006646,2026-06-23T17:28:06+00:00,ACTIONED,MEDIUM,POLICY-v1
ALT-006647,CMP-006647,2026-03-02T01:44:15+00:00,ACKNOWLEDGED,HIGH,POLICY-v1
ALT-006648,CMP-006648,2026-02-13T03:35:13+00:00,ACKNOWLEDGED,HIGH,POLICY-v1
ALT-006649,CMP-006649,2026-03-12T13:21:56+00:00,ACTIONED,LOW,POLICY-v1
ALT-006650,CMP-006650,2026-03-07T03:32:10+00:00,ACTIONED,LOW,POLICY-v1
ALT-006651,CMP-006651,2026-03-29T12:11:50+00:00,PENDING,MEDIUM,POLICY-v1
ALT-006652,CMP-006652,2026-05-24T00:09:42+00:00,ACTIONED,HIGH,POLICY-v1
ALT-006653,CMP-006653,2026-05-05T19:37:27+00:00,ACTIONED,MEDIUM,POLICY-v1
ALT-006654,CMP-006654,2026-02-23T09:24:10+00:00,ACKNOWLEDGED,HIGH,POLICY-v1
ALT-006655,CMP-006655,2026-01-26T19:26:25+00:00,ACTIONED,LOW,POLICY-v1
ALT-006656,CMP-006656,2026-01-21T02:38:46+00:00,ACKNOWLEDGED,MEDIUM,POLICY-v1
ALT-006657,CMP-006657,2026-05-26T09:14:04+00:00,ACTIONED,LOW,POLICY-v1
ALT-006658,CMP-006658,2026-02-24T04:57:42+00:00,EXPIRED,MEDIUM,POLICY-v1
ALT-006659,CMP-006659,2026-01-09T01:10:54+00:00,ACKNOWLEDGED,HIGH,POLICY-v1
ALT-006660,CMP-006660,2026-02-14T01:01:30+00:00,ACKNOWLEDGED,MEDIUM,POLICY-v1
ALT-006661,CMP-006661,2026-01-25T17:35:28+00:00,ACTIONED,LOW,POLICY-v1
ALT-006662,CMP-006662,2026-01-04T17:05:45+00:00,ACTIONED,MEDIUM,POLICY-v1
ALT-006663,CMP-006663,2026-01-18T03:00:12+00:00,ACTIONED,MEDIUM,POLICY-v1
ALT-006664,CMP-006664,2026-05-18T02:34:40+00:00,ACKNOWLEDGED,LOW,POLICY-v1
ALT-006665,CMP-006665,2026-03-25T23:28:46+00:00,ACTIONED,LOW,POLICY-v1
ALT-006666,CMP-006666,2026-06-03T11:38:37+00:00,ACTIONED,MEDIUM,POLICY-v1
ALT-006667,CMP-006667,2026-01-28T05:32:56+00:00,EXPIRED,LOW,POLICY-v1
ALT-006668,CMP-006668,2026-05-30T02:35:23+00:00,ACTIONED,MEDIUM,POLICY-v1
ALT-006669,CMP-006669,2026-06-22T04:36:34+00:00,ACTIONED,LOW,POLICY-v1
ALT-006670,CMP-006670,2026-04-30T09:06:45+00:00,ACKNOWLEDGED,HIGH,POLICY-v1
ALT-006671,CMP-006671,2026-06-12T00:03:43+00:00,EXPIRED,MEDIUM,POLICY-v1
ALT-006672,CMP-006672,2026-05-29T02:29:06+00:00,ACTIONED,LOW,POLICY-v1
ALT-006673,CMP-006673,2026-02-22T12:23:49+00:00,ACTIONED,MEDIUM,POLICY-v1
ALT-006674,CMP-006674,2026-03-29T10:06:18+00:00,EXPIRED,LOW,POLICY-v1
ALT-006675,CMP-006675,2026-06-16T04:39:15+00:00,ACKNOWLEDGED,LOW,POLICY-v1
ALT-006676,CMP-006676,2026-02-17T23:56:14+00:00,ACKNOWLEDGED,LOW,POLICY-v1
ALT-006677,CMP-006677,2026-01-21T09:46:18+00:00,ACKNOWLEDGED,HIGH,POLICY-v1
ALT-006678,CMP-006678,2026-06-05T14:56:48+00:00,ACTIONED,LOW,POLICY-v1
ALT-006679,CMP-006679,2026-05-19T16:36:14+00:00,ACKNOWLEDGED,MEDIUM,POLICY-v1
ALT-006680,CMP-006680,2026-06-13T16:22:53+00:00,ACTIONED,LOW,POLICY-v1
ALT-006681,CMP-006681,2026-04-05T01:44:41+00:00,ACTIONED,MEDIUM,POLICY-v1
ALT-006682,CMP-006682,2026-06-24T03:20:14+00:00,ACKNOWLEDGED,LOW,POLICY-v1
ALT-006683,CMP-006683,2026-05-29T16:21:21+00:00,ACTIONED,MEDIUM,POLICY-v1
ALT-006684,CMP-006684,2026-03-30T23:42:20+00:00,ACKNOWLEDGED,MEDIUM,POLICY-v1
ALT-006685,CMP-006685,2026-02-07T23:16:13+00:00,PENDING,LOW,POLICY-v1
ALT-006686,CMP-006686,2026-05-21T01:55:54+00:00,ACKNOWLEDGED,HIGH,POLICY-v1
ALT-006687,CMP-006687,2026-06-09T03:18:13+00:00,ACKNOWLEDGED,LOW,POLICY-v1
ALT-006688,CMP-006688,2026-04-15T01:34:45+00:00,ACTIONED,LOW,POLICY-v1
ALT-006689,CMP-006689,2026-03-14T07:28:16+00:00,PENDING,LOW,POLICY-v1
ALT-006690,CMP-006690,2026-02-28T03:43:53+00:00,ACTIONED,HIGH,POLICY-v1
ALT-006691,CMP-006691,2026-04-04T01:37:12+00:00,ACKNOWLEDGED,MEDIUM,POLICY-v1
ALT-006692,CMP-006692,2026-03-05T15:11:20+00:00,ACKNOWLEDGED,MEDIUM,POLICY-v1
ALT-006693,CMP-006693,2026-06-08T14:03:56+00:00,PENDING,LOW,POLICY-v1
ALT-006694,CMP-006694,2026-01-25T13:23:11+00:00,ACTIONED,LOW,POLICY-v1
ALT-006695,CMP-006695,2026-01-26T06:24:47+00:00,ACTIONED,LOW,POLICY-v1
ALT-006696,CMP-006696,2026-06-09T02:38:44+00:00,ACTIONED,MEDIUM,POLICY-v1
ALT-006697,CMP-006697,2026-01-28T07:45:23+00:00,EXPIRED,MEDIUM,POLICY-v1
ALT-006698,CMP-006698,2026-06-04T04:24:07+00:00,PENDING,LOW,POLICY-v1
ALT-006699,CMP-006699,2026-06-18T07:20:02+00:00,PENDING,LOW,POLICY-v1
ALT-006700,CMP-006700,2026-02-07T20:36:54+00:00,EXPIRED,MEDIUM,POLICY-v1
ALT-006701,CMP-006701,2026-06-14T19:14:48+00:00,ACTIONED,MEDIUM,POLICY-v1
ALT-006702,CMP-006702,2026-02-28T03:56:49+00:00,ACKNOWLEDGED,HIGH,POLICY-v1
ALT-006703,CMP-006703,2026-04-24T17:01:55+00:00,ACTIONED,MEDIUM,POLICY-v1
ALT-006704,CMP-006704,2026-05-31T14:26:54+00:00,EXPIRED,MEDIUM,POLICY-v1
ALT-006705,CMP-006705,2026-05-27T09:23:27+00:00,PENDING,HIGH,POLICY-v1
ALT-006706,CMP-006706,2026-04-06T10:15:46+00:00,ACTIONED,MEDIUM,POLICY-v1
ALT-006707,CMP-006707,2026-03-02T14:52:02+00:00,EXPIRED,HIGH,POLICY-v1
ALT-006708,CMP-006708,2026-01-12T20:09:51+00:00,PENDING,LOW,POLICY-v1
ALT-006709,CMP-006709,2026-06-27T13:17:03+00:00,ACTIONED,MEDIUM,POLICY-v1
ALT-006710,CMP-006710,2026-05-14T00:11:38+00:00,ACKNOWLEDGED,LOW,POLICY-v1
ALT-006711,CMP-006711,2026-05-13T18:36:35+00:00,ACKNOWLEDGED,HIGH,POLICY-v1
ALT-006712,CMP-006712,2026-04-25T11:38:18+00:00,ACKNOWLEDGED,MEDIUM,POLICY-v1
ALT-006713,CMP-006713,2026-02-11T14:53:41+00:00,PENDING,MEDIUM,POLICY-v1
ALT-006714,CMP-006714,2026-01-17T23:11:45+00:00,PENDING,LOW,POLICY-v1
ALT-006715,CMP-006715,2026-01-25T14:14:17+00:00,ACTIONED,LOW,POLICY-v1
ALT-006716,CMP-006716,2026-06-25T21:47:41+00:00,ACKNOWLEDGED,HIGH,POLICY-v1
ALT-006717,CMP-006717,2026-03-29T15:28:39+00:00,ACTIONED,LOW,POLICY-v1
ALT-006718,CMP-006718,2026-03-21T02:02:48+00:00,ACKNOWLEDGED,LOW,POLICY-v1
ALT-006719,CMP-006719,2026-06-07T05:43:56+00:00,PENDING,MEDIUM,POLICY-v1
ALT-006720,CMP-006720,2026-05-05T10:49:24+00:00,ACTIONED,LOW,POLICY-v1
ALT-006721,CMP-006721,2026-04-28T07:11:18+00:00,EXPIRED,LOW,POLICY-v1
ALT-006722,CMP-006722,2026-06-11T16:14:53+00:00,ACKNOWLEDGED,LOW,POLICY-v1
ALT-006723,CMP-006723,2026-02-23T05:59:04+00:00,ACTIONED,HIGH,POLICY-v1
ALT-006724,CMP-006724,2026-04-20T08:59:00+00:00,ACTIONED,LOW,POLICY-v1
ALT-006725,CMP-006725,2026-01-30T11:00:53+00:00,ACTIONED,MEDIUM,POLICY-v1
ALT-006726,CMP-006726,2026-05-15T08:29:24+00:00,PENDING,HIGH,POLICY-v1
ALT-006727,CMP-006727,2026-05-15T23:01:15+00:00,PENDING,MEDIUM,POLICY-v1
ALT-006728,CMP-006728,2026-02-14T10:49:11+00:00,PENDING,MEDIUM,POLICY-v1
ALT-006729,CMP-006729,2026-02-28T15:34:02+00:00,ACTIONED,LOW,POLICY-v1
ALT-006730,CMP-006730,2026-06-20T11:03:58+00:00,ACTIONED,MEDIUM,POLICY-v1
ALT-006731,CMP-006731,2026-01-11T12:45:00+00:00,ACTIONED,MEDIUM,POLICY-v1
ALT-006732,CMP-006732,2026-06-16T07:54:03+00:00,ACTIONED,MEDIUM,POLICY-v1
ALT-006733,CMP-006733,2026-03-03T19:42:01+00:00,ACTIONED,LOW,POLICY-v1
ALT-006734,CMP-006734,2026-04-01T22:44:52+00:00,ACKNOWLEDGED,LOW,POLICY-v1
ALT-006735,CMP-006735,2026-04-16T14:17:09+00:00,ACKNOWLEDGED,MEDIUM,POLICY-v1
ALT-006736,CMP-006736,2026-02-24T07:12:19+00:00,EXPIRED,LOW,POLICY-v1
ALT-006737,CMP-006737,2026-06-22T04:46:30+00:00,EXPIRED,LOW,POLICY-v1
ALT-006738,CMP-006738,2026-03-17T21:42:38+00:00,ACTIONED,LOW,POLICY-v1
ALT-006739,CMP-006739,2026-03-11T19:50:33+00:00,ACTIONED,HIGH,POLICY-v1
ALT-006740,CMP-006740,2026-05-15T05:52:24+00:00,EXPIRED,HIGH,POLICY-v1
ALT-006741,CMP-006741,2026-05-06T00:37:27+00:00,PENDING,MEDIUM,POLICY-v1
ALT-006742,CMP-006742,2026-03-13T19:01:57+00:00,EXPIRED,MEDIUM,POLICY-v1
ALT-006743,CMP-006743,2026-03-16T00:43:08+00:00,EXPIRED,HIGH,POLICY-v1
ALT-006744,CMP-006744,2026-05-19T12:27:19+00:00,ACTIONED,MEDIUM,POLICY-v1
ALT-006745,CMP-006745,2026-05-05T11:15:20+00:00,ACKNOWLEDGED,LOW,POLICY-v1
ALT-006746,CMP-006746,2026-03-19T21:30:12+00:00,PENDING,HIGH,POLICY-v1
ALT-006747,CMP-006747,2026-05-11T20:56:27+00:00,EXPIRED,LOW,POLICY-v1
ALT-006748,CMP-006748,2026-03-05T13:12:57+00:00,ACTIONED,MEDIUM,POLICY-v1
ALT-006749,CMP-006749,2026-03-23T22:21:50+00:00,ACTIONED,HIGH,POLICY-v1
ALT-006750,CMP-006750,2026-01-08T17:16:53+00:00,PENDING,MEDIUM,POLICY-v1
ALT-006751,CMP-006751,2026-06-03T08:03:47+00:00,EXPIRED,MEDIUM,POLICY-v1
ALT-006752,CMP-006752,2026-02-04T08:09:09+00:00,ACTIONED,MEDIUM,POLICY-v1
ALT-006753,CMP-006753,2026-06-10T05:35:04+00:00,ACKNOWLEDGED,HIGH,POLICY-v1
ALT-006754,CMP-006754,2026-04-21T04:44:41+00:00,ACTIONED,MEDIUM,POLICY-v1
ALT-006755,CMP-006755,2026-03-10T13:42:34+00:00,EXPIRED,LOW,POLICY-v1
ALT-006756,CMP-006756,2026-02-04T09:10:25+00:00,ACTIONED,HIGH,POLICY-v1
ALT-006757,CMP-006757,2026-03-21T20:13:28+00:00,PENDING,HIGH,POLICY-v1
ALT-006758,CMP-006758,2026-06-20T21:08:46+00:00,ACTIONED,HIGH,POLICY-v1
ALT-006759,CMP-006759,2026-01-02T08:51:23+00:00,PENDING,HIGH,POLICY-v1
ALT-006760,CMP-006760,2026-05-04T13:38:54+00:00,ACTIONED,HIGH,POLICY-v1
ALT-006761,CMP-006761,2026-06-16T18:29:44+00:00,ACTIONED,MEDIUM,POLICY-v1
ALT-006762,CMP-006762,2026-01-19T11:23:21+00:00,ACKNOWLEDGED,HIGH,POLICY-v1
ALT-006763,CMP-006763,2026-03-31T23:45:01+00:00,ACTIONED,HIGH,POLICY-v1
ALT-006764,CMP-006764,2026-04-03T19:35:25+00:00,ACTIONED,HIGH,POLICY-v1
ALT-006765,CMP-006765,2026-04-26T05:14:58+00:00,PENDING,LOW,POLICY-v1
ALT-006766,CMP-006766,2026-02-10T11:54:53+00:00,ACTIONED,MEDIUM,POLICY-v1
ALT-006767,CMP-006767,2026-04-14T05:18:04+00:00,ACTIONED,MEDIUM,POLICY-v1
ALT-006768,CMP-006768,2026-03-22T22:53:31+00:00,PENDING,HIGH,POLICY-v1
ALT-006769,CMP-006769,2026-01-29T15:57:27+00:00,ACTIONED,HIGH,POLICY-v1
ALT-006770,CMP-006770,2026-04-24T03:05:37+00:00,ACTIONED,HIGH,POLICY-v1
ALT-006771,CMP-006771,2026-05-29T13:56:52+00:00,PENDING,MEDIUM,POLICY-v1
ALT-006772,CMP-006772,2026-04-18T10:33:22+00:00,ACTIONED,LOW,POLICY-v1
ALT-006773,CMP-006773,2026-03-26T23:07:55+00:00,ACTIONED,MEDIUM,POLICY-v1
ALT-006774,CMP-006774,2026-05-02T06:17:23+00:00,EXPIRED,MEDIUM,POLICY-v1
ALT-006775,CMP-006775,2026-05-27T01:46:56+00:00,ACKNOWLEDGED,LOW,POLICY-v1
ALT-006776,CMP-006776,2026-01-15T09:35:03+00:00,PENDING,LOW,POLICY-v1
ALT-006777,CMP-006777,2026-03-05T21:38:12+00:00,ACTIONED,HIGH,POLICY-v1
ALT-006778,CMP-006778,2026-04-09T02:38:11+00:00,ACTIONED,MEDIUM,POLICY-v1
ALT-006779,CMP-006779,2026-01-03T03:22:50+00:00,PENDING,LOW,POLICY-v1
ALT-006780,CMP-006780,2026-05-31T04:17:32+00:00,PENDING,HIGH,POLICY-v1
ALT-006781,CMP-006781,2026-03-28T02:13:25+00:00,ACTIONED,LOW,POLICY-v1
ALT-006782,CMP-006782,2026-06-20T19:17:38+00:00,ACTIONED,MEDIUM,POLICY-v1
ALT-006783,CMP-006783,2026-05-24T05:00:21+00:00,ACTIONED,HIGH,POLICY-v1
ALT-006784,CMP-006784,2026-02-05T20:47:09+00:00,ACKNOWLEDGED,MEDIUM,POLICY-v1
ALT-006785,CMP-006785,2026-01-10T03:51:22+00:00,ACTIONED,LOW,POLICY-v1
ALT-006786,CMP-006786,2026-04-04T13:23:29+00:00,EXPIRED,HIGH,POLICY-v1
ALT-006787,CMP-006787,2026-06-02T11:40:00+00:00,ACTIONED,MEDIUM,POLICY-v1
ALT-006788,CMP-006788,2026-01-12T20:54:19+00:00,PENDING,MEDIUM,POLICY-v1
ALT-006789,CMP-006789,2026-05-27T06:15:54+00:00,EXPIRED,MEDIUM,POLICY-v1
ALT-006790,CMP-006790,2026-06-17T02:18:08+00:00,EXPIRED,HIGH,POLICY-v1
ALT-006791,CMP-006791,2026-01-11T02:33:42+00:00,ACTIONED,MEDIUM,POLICY-v1
ALT-006792,CMP-006792,2026-06-09T22:19:59+00:00,ACTIONED,HIGH,POLICY-v1
ALT-006793,CMP-006793,2026-03-13T14:38:02+00:00,ACTIONED,HIGH,POLICY-v1
ALT-006794,CMP-006794,2026-06-12T22:38:09+00:00,ACKNOWLEDGED,MEDIUM,POLICY-v1
ALT-006795,CMP-006795,2026-02-20T08:49:05+00:00,ACTIONED,LOW,POLICY-v1
ALT-006796,CMP-006796,2026-04-11T16:16:35+00:00,PENDING,HIGH,POLICY-v1
ALT-006797,CMP-006797,2026-04-15T13:02:53+00:00,ACKNOWLEDGED,HIGH,POLICY-v1
ALT-006798,CMP-006798,2026-02-15T07:36:12+00:00,ACTIONED,HIGH,POLICY-v1
ALT-006799,CMP-006799,2026-02-10T07:11:21+00:00,ACTIONED,MEDIUM,POLICY-v1
ALT-006800,CMP-006800,2026-03-01T03:26:29+00:00,ACKNOWLEDGED,LOW,POLICY-v1
ALT-006801,CMP-006801,2026-01-14T14:38:21+00:00,ACKNOWLEDGED,LOW,POLICY-v1
ALT-006802,CMP-006802,2026-06-29T09:01:33+00:00,PENDING,HIGH,POLICY-v1
ALT-006803,CMP-006803,2026-02-19T01:25:13+00:00,EXPIRED,LOW,POLICY-v1
ALT-006804,CMP-006804,2026-05-18T19:07:13+00:00,PENDING,LOW,POLICY-v1
ALT-006805,CMP-006805,2026-05-27T22:41:14+00:00,ACTIONED,HIGH,POLICY-v1
ALT-006806,CMP-006806,2026-05-19T10:27:04+00:00,ACTIONED,HIGH,POLICY-v1
ALT-006807,CMP-006807,2026-01-29T12:47:27+00:00,ACTIONED,MEDIUM,POLICY-v1
ALT-006808,CMP-006808,2026-04-21T16:27:39+00:00,ACTIONED,MEDIUM,POLICY-v1
ALT-006809,CMP-006809,2026-04-16T20:02:35+00:00,ACTIONED,MEDIUM,POLICY-v1
ALT-006810,CMP-006810,2026-06-28T05:07:33+00:00,ACKNOWLEDGED,HIGH,POLICY-v1
ALT-006811,CMP-006811,2026-06-03T19:35:07+00:00,PENDING,HIGH,POLICY-v1
ALT-006812,CMP-006812,2026-04-12T20:13:39+00:00,EXPIRED,LOW,POLICY-v1
ALT-006813,CMP-006813,2026-02-26T11:20:10+00:00,ACTIONED,MEDIUM,POLICY-v1
ALT-006814,CMP-006814,2026-04-16T15:22:47+00:00,ACTIONED,LOW,POLICY-v1
ALT-006815,CMP-006815,2026-04-29T08:20:52+00:00,ACKNOWLEDGED,HIGH,POLICY-v1
ALT-006816,CMP-006816,2026-04-13T02:44:22+00:00,PENDING,MEDIUM,POLICY-v1
ALT-006817,CMP-006817,2026-04-19T14:08:13+00:00,PENDING,LOW,POLICY-v1
ALT-006818,CMP-006818,2026-01-05T15:22:14+00:00,ACTIONED,LOW,POLICY-v1
ALT-006819,CMP-006819,2026-03-15T19:45:55+00:00,ACTIONED,MEDIUM,POLICY-v1
ALT-006820,CMP-006820,2026-04-11T01:07:41+00:00,PENDING,LOW,POLICY-v1
ALT-006821,CMP-006821,2026-04-25T10:49:52+00:00,PENDING,MEDIUM,POLICY-v1
ALT-006822,CMP-006822,2026-03-15T13:43:08+00:00,ACTIONED,HIGH,POLICY-v1
ALT-006823,CMP-006823,2026-05-31T22:23:11+00:00,ACTIONED,LOW,POLICY-v1
ALT-006824,CMP-006824,2026-05-05T02:57:36+00:00,PENDING,MEDIUM,POLICY-v1
ALT-006825,CMP-006825,2026-05-29T08:43:13+00:00,EXPIRED,HIGH,POLICY-v1
ALT-006826,CMP-006826,2026-03-20T13:27:23+00:00,ACTIONED,MEDIUM,POLICY-v1
ALT-006827,CMP-006827,2026-03-29T06:29:17+00:00,PENDING,LOW,POLICY-v1
ALT-006828,CMP-006828,2026-06-20T14:14:13+00:00,ACTIONED,MEDIUM,POLICY-v1
ALT-006829,CMP-006829,2026-05-31T09:52:32+00:00,ACTIONED,MEDIUM,POLICY-v1
ALT-006830,CMP-006830,2026-06-12T04:15:50+00:00,ACTIONED,LOW,POLICY-v1
ALT-006831,CMP-006831,2026-01-31T05:19:29+00:00,ACKNOWLEDGED,LOW,POLICY-v1
ALT-006832,CMP-006832,2026-06-07T01:35:53+00:00,ACKNOWLEDGED,MEDIUM,POLICY-v1
ALT-006833,CMP-006833,2026-05-29T21:40:01+00:00,ACKNOWLEDGED,HIGH,POLICY-v1
ALT-006834,CMP-006834,2026-02-17T00:58:47+00:00,PENDING,HIGH,POLICY-v1
ALT-006835,CMP-006835,2026-03-06T12:05:00+00:00,ACKNOWLEDGED,MEDIUM,POLICY-v1
ALT-006836,CMP-006836,2026-05-26T03:25:39+00:00,EXPIRED,MEDIUM,POLICY-v1
ALT-006837,CMP-006837,2026-05-15T22:56:32+00:00,PENDING,MEDIUM,POLICY-v1
ALT-006838,CMP-006838,2026-06-11T15:30:32+00:00,ACTIONED,LOW,POLICY-v1
ALT-006839,CMP-006839,2026-05-01T20:51:38+00:00,ACKNOWLEDGED,MEDIUM,POLICY-v1
ALT-006840,CMP-006840,2026-03-09T17:16:29+00:00,ACTIONED,HIGH,POLICY-v1
ALT-006841,CMP-006841,2026-03-29T14:51:29+00:00,ACTIONED,LOW,POLICY-v1
ALT-006842,CMP-006842,2026-01-31T12:25:12+00:00,EXPIRED,HIGH,POLICY-v1
ALT-006843,CMP-006843,2026-05-09T06:15:46+00:00,ACTIONED,LOW,POLICY-v1
ALT-006844,CMP-006844,2026-04-12T23:50:24+00:00,EXPIRED,LOW,POLICY-v1
ALT-006845,CMP-006845,2026-06-28T20:45:16+00:00,PENDING,LOW,POLICY-v1
ALT-006846,CMP-006846,2026-01-28T09:28:11+00:00,PENDING,MEDIUM,POLICY-v1
ALT-006847,CMP-006847,2026-03-20T10:17:27+00:00,ACTIONED,HIGH,POLICY-v1
ALT-006848,CMP-006848,2026-06-19T21:51:28+00:00,EXPIRED,MEDIUM,POLICY-v1
ALT-006849,CMP-006849,2026-01-31T11:08:21+00:00,PENDING,LOW,POLICY-v1
ALT-006850,CMP-006850,2026-02-08T22:23:01+00:00,PENDING,MEDIUM,POLICY-v1
ALT-006851,CMP-006851,2026-04-09T16:01:49+00:00,ACTIONED,LOW,POLICY-v1
ALT-006852,CMP-006852,2026-03-13T15:40:58+00:00,ACKNOWLEDGED,LOW,POLICY-v1
ALT-006853,CMP-006853,2026-05-23T02:11:25+00:00,ACTIONED,MEDIUM,POLICY-v1
ALT-006854,CMP-006854,2026-01-14T18:03:44+00:00,ACTIONED,MEDIUM,POLICY-v1
ALT-006855,CMP-006855,2026-06-04T14:12:13+00:00,EXPIRED,MEDIUM,POLICY-v1
ALT-006856,CMP-006856,2026-04-02T13:13:58+00:00,ACKNOWLEDGED,MEDIUM,POLICY-v1
ALT-006857,CMP-006857,2026-05-14T15:57:40+00:00,ACTIONED,LOW,POLICY-v1
ALT-006858,CMP-006858,2026-05-30T12:40:45+00:00,EXPIRED,HIGH,POLICY-v1
ALT-006859,CMP-006859,2026-06-15T12:22:18+00:00,EXPIRED,LOW,POLICY-v1
ALT-006860,CMP-006860,2026-05-12T06:55:27+00:00,ACTIONED,MEDIUM,POLICY-v1
ALT-006861,CMP-006861,2026-03-29T11:51:24+00:00,ACKNOWLEDGED,MEDIUM,POLICY-v1
ALT-006862,CMP-006862,2026-03-30T20:41:17+00:00,PENDING,MEDIUM,POLICY-v1
ALT-006863,CMP-006863,2026-01-22T11:54:57+00:00,PENDING,LOW,POLICY-v1
ALT-006864,CMP-006864,2026-06-15T02:18:58+00:00,ACTIONED,LOW,POLICY-v1
ALT-006865,CMP-006865,2026-02-07T19:10:11+00:00,ACTIONED,HIGH,POLICY-v1
ALT-006866,CMP-006866,2026-02-20T21:38:35+00:00,ACTIONED,LOW,POLICY-v1
ALT-006867,CMP-006867,2026-05-21T22:13:59+00:00,ACTIONED,LOW,POLICY-v1
ALT-006868,CMP-006868,2026-03-30T20:53:31+00:00,ACTIONED,LOW,POLICY-v1
ALT-006869,CMP-006869,2026-03-16T05:24:42+00:00,PENDING,HIGH,POLICY-v1
ALT-006870,CMP-006870,2026-06-16T07:49:33+00:00,ACTIONED,HIGH,POLICY-v1
ALT-006871,CMP-006871,2026-06-22T03:31:54+00:00,PENDING,LOW,POLICY-v1
ALT-006872,CMP-006872,2026-06-21T05:56:25+00:00,ACTIONED,LOW,POLICY-v1
ALT-006873,CMP-006873,2026-03-07T10:16:31+00:00,PENDING,MEDIUM,POLICY-v1
ALT-006874,CMP-006874,2026-03-10T01:23:01+00:00,ACTIONED,LOW,POLICY-v1
ALT-006875,CMP-006875,2026-02-13T01:15:02+00:00,ACKNOWLEDGED,LOW,POLICY-v1
ALT-006876,CMP-006876,2026-03-19T03:40:55+00:00,ACTIONED,HIGH,POLICY-v1
ALT-006877,CMP-006877,2026-03-30T11:33:20+00:00,ACKNOWLEDGED,LOW,POLICY-v1
ALT-006878,CMP-006878,2026-02-11T10:39:21+00:00,EXPIRED,HIGH,POLICY-v1
ALT-006879,CMP-006879,2026-03-18T07:40:56+00:00,PENDING,MEDIUM,POLICY-v1
ALT-006880,CMP-006880,2026-01-07T08:59:42+00:00,ACKNOWLEDGED,HIGH,POLICY-v1
ALT-006881,CMP-006881,2026-04-27T12:15:35+00:00,ACTIONED,LOW,POLICY-v1
ALT-006882,CMP-006882,2026-02-05T07:13:44+00:00,ACTIONED,MEDIUM,POLICY-v1
ALT-006883,CMP-006883,2026-03-08T20:37:54+00:00,ACTIONED,MEDIUM,POLICY-v1
ALT-006884,CMP-006884,2026-01-19T10:26:18+00:00,EXPIRED,HIGH,POLICY-v1
ALT-006885,CMP-006885,2026-05-03T12:28:46+00:00,ACTIONED,LOW,POLICY-v1
ALT-006886,CMP-006886,2026-01-09T15:39:05+00:00,ACKNOWLEDGED,LOW,POLICY-v1
ALT-006887,CMP-006887,2026-03-03T22:32:02+00:00,ACKNOWLEDGED,MEDIUM,POLICY-v1
ALT-006888,CMP-006888,2026-01-06T23:11:07+00:00,ACKNOWLEDGED,MEDIUM,POLICY-v1
ALT-006889,CMP-006889,2026-04-19T18:08:43+00:00,ACTIONED,MEDIUM,POLICY-v1
ALT-006890,CMP-006890,2026-04-06T18:11:43+00:00,EXPIRED,MEDIUM,POLICY-v1
ALT-006891,CMP-006891,2026-04-03T16:43:57+00:00,ACTIONED,LOW,POLICY-v1
ALT-006892,CMP-006892,2026-05-23T12:15:54+00:00,EXPIRED,HIGH,POLICY-v1
ALT-006893,CMP-006893,2026-01-25T20:17:39+00:00,ACTIONED,HIGH,POLICY-v1
ALT-006894,CMP-006894,2026-04-10T07:07:40+00:00,ACTIONED,MEDIUM,POLICY-v1
ALT-006895,CMP-006895,2026-01-05T06:29:15+00:00,ACTIONED,LOW,POLICY-v1
ALT-006896,CMP-006896,2026-05-06T16:02:48+00:00,EXPIRED,LOW,POLICY-v1
ALT-006897,CMP-006897,2026-04-06T18:51:30+00:00,ACTIONED,LOW,POLICY-v1
ALT-006898,CMP-006898,2026-03-11T23:01:13+00:00,EXPIRED,LOW,POLICY-v1
ALT-006899,CMP-006899,2026-05-14T17:04:48+00:00,ACKNOWLEDGED,MEDIUM,POLICY-v1
ALT-006900,CMP-006900,2026-02-23T08:33:18+00:00,ACTIONED,LOW,POLICY-v1
ALT-006901,CMP-006901,2026-03-12T07:44:55+00:00,ACTIONED,HIGH,POLICY-v1
ALT-006902,CMP-006902,2026-05-29T02:41:11+00:00,EXPIRED,MEDIUM,POLICY-v1
ALT-006903,CMP-006903,2026-05-13T17:12:15+00:00,ACTIONED,LOW,POLICY-v1
ALT-006904,CMP-006904,2026-02-03T08:21:29+00:00,ACTIONED,LOW,POLICY-v1
ALT-006905,CMP-006905,2026-01-05T06:26:15+00:00,PENDING,MEDIUM,POLICY-v1
ALT-006906,CMP-006906,2026-04-26T18:24:45+00:00,ACTIONED,LOW,POLICY-v1
ALT-006907,CMP-006907,2026-04-08T20:37:37+00:00,PENDING,MEDIUM,POLICY-v1
ALT-006908,CMP-006908,2026-03-26T06:11:27+00:00,ACTIONED,HIGH,POLICY-v1
ALT-006909,CMP-006909,2026-02-22T16:23:47+00:00,PENDING,MEDIUM,POLICY-v1
ALT-006910,CMP-006910,2026-03-08T07:54:25+00:00,ACTIONED,MEDIUM,POLICY-v1
ALT-006911,CMP-006911,2026-04-23T17:26:20+00:00,ACTIONED,HIGH,POLICY-v1
ALT-006912,CMP-006912,2026-05-26T13:33:04+00:00,ACKNOWLEDGED,HIGH,POLICY-v1
ALT-006913,CMP-006913,2026-03-25T00:23:01+00:00,EXPIRED,LOW,POLICY-v1
ALT-006914,CMP-006914,2026-06-11T17:45:38+00:00,ACTIONED,HIGH,POLICY-v1
ALT-006915,CMP-006915,2026-03-17T21:49:58+00:00,ACTIONED,MEDIUM,POLICY-v1
ALT-006916,CMP-006916,2026-06-08T18:01:41+00:00,EXPIRED,HIGH,POLICY-v1
ALT-006917,CMP-006917,2026-01-22T04:18:51+00:00,PENDING,HIGH,POLICY-v1
ALT-006918,CMP-006918,2026-03-29T05:16:13+00:00,ACTIONED,HIGH,POLICY-v1
ALT-006919,CMP-006919,2026-03-31T08:10:36+00:00,PENDING,MEDIUM,POLICY-v1
ALT-006920,CMP-006920,2026-05-10T23:43:01+00:00,ACTIONED,HIGH,POLICY-v1
ALT-006921,CMP-006921,2026-05-31T09:08:13+00:00,ACKNOWLEDGED,MEDIUM,POLICY-v1
ALT-006922,CMP-006922,2026-04-04T20:28:04+00:00,ACKNOWLEDGED,LOW,POLICY-v1
ALT-006923,CMP-006923,2026-05-19T01:35:13+00:00,PENDING,HIGH,POLICY-v1
ALT-006924,CMP-006924,2026-04-07T19:07:21+00:00,EXPIRED,HIGH,POLICY-v1
ALT-006925,CMP-006925,2026-05-26T19:34:43+00:00,ACTIONED,LOW,POLICY-v1
ALT-006926,CMP-006926,2026-01-12T23:00:20+00:00,ACTIONED,LOW,POLICY-v1
ALT-006927,CMP-006927,2026-01-19T11:16:49+00:00,ACTIONED,MEDIUM,POLICY-v1
ALT-006928,CMP-006928,2026-06-24T15:20:40+00:00,ACKNOWLEDGED,HIGH,POLICY-v1
ALT-006929,CMP-006929,2026-06-03T03:15:26+00:00,ACTIONED,HIGH,POLICY-v1
ALT-006930,CMP-006930,2026-05-11T05:45:52+00:00,PENDING,HIGH,POLICY-v1
ALT-006931,CMP-006931,2026-05-10T02:21:34+00:00,ACTIONED,LOW,POLICY-v1
ALT-006932,CMP-006932,2026-03-16T21:32:29+00:00,ACTIONED,MEDIUM,POLICY-v1
ALT-006933,CMP-006933,2026-03-17T09:05:37+00:00,ACKNOWLEDGED,MEDIUM,POLICY-v1
ALT-006934,CMP-006934,2026-03-24T20:34:37+00:00,ACTIONED,MEDIUM,POLICY-v1
ALT-006935,CMP-006935,2026-02-21T11:35:20+00:00,ACTIONED,LOW,POLICY-v1
ALT-006936,CMP-006936,2026-06-11T17:21:03+00:00,ACTIONED,MEDIUM,POLICY-v1
ALT-006937,CMP-006937,2026-05-19T13:59:48+00:00,EXPIRED,MEDIUM,POLICY-v1
ALT-006938,CMP-006938,2026-03-15T14:28:37+00:00,PENDING,LOW,POLICY-v1
ALT-006939,CMP-006939,2026-06-11T19:10:45+00:00,ACTIONED,LOW,POLICY-v1
ALT-006940,CMP-006940,2026-01-01T05:05:46+00:00,EXPIRED,HIGH,POLICY-v1
ALT-006941,CMP-006941,2026-06-12T23:35:29+00:00,ACTIONED,HIGH,POLICY-v1
ALT-006942,CMP-006942,2026-04-25T00:49:04+00:00,ACKNOWLEDGED,LOW,POLICY-v1
ALT-006943,CMP-006943,2026-06-20T16:20:43+00:00,EXPIRED,HIGH,POLICY-v1
ALT-006944,CMP-006944,2026-05-25T20:56:21+00:00,ACTIONED,MEDIUM,POLICY-v1
ALT-006945,CMP-006945,2026-05-23T12:51:55+00:00,EXPIRED,HIGH,POLICY-v1
ALT-006946,CMP-006946,2026-04-14T06:01:58+00:00,ACTIONED,HIGH,POLICY-v1
ALT-006947,CMP-006947,2026-03-26T18:19:05+00:00,ACTIONED,MEDIUM,POLICY-v1
ALT-006948,CMP-006948,2026-02-26T03:30:00+00:00,EXPIRED,LOW,POLICY-v1
ALT-006949,CMP-006949,2026-05-07T04:31:04+00:00,ACTIONED,MEDIUM,POLICY-v1
ALT-006950,CMP-006950,2026-06-14T21:00:43+00:00,ACTIONED,HIGH,POLICY-v1
ALT-006951,CMP-006951,2026-05-09T23:28:06+00:00,PENDING,LOW,POLICY-v1
ALT-006952,CMP-006952,2026-06-22T18:39:53+00:00,ACKNOWLEDGED,LOW,POLICY-v1
ALT-006953,CMP-006953,2026-04-07T00:38:30+00:00,ACTIONED,LOW,POLICY-v1
ALT-006954,CMP-006954,2026-04-30T21:35:48+00:00,ACTIONED,MEDIUM,POLICY-v1
ALT-006955,CMP-006955,2026-03-23T17:32:34+00:00,PENDING,HIGH,POLICY-v1
ALT-006956,CMP-006956,2026-02-23T21:31:43+00:00,ACTIONED,HIGH,POLICY-v1
ALT-006957,CMP-006957,2026-03-08T00:34:19+00:00,PENDING,MEDIUM,POLICY-v1
ALT-006958,CMP-006958,2026-02-12T05:44:12+00:00,EXPIRED,LOW,POLICY-v1
ALT-006959,CMP-006959,2026-03-30T23:11:20+00:00,EXPIRED,LOW,POLICY-v1
ALT-006960,CMP-006960,2026-03-18T22:53:04+00:00,EXPIRED,MEDIUM,POLICY-v1
ALT-006961,CMP-006961,2026-03-29T09:51:41+00:00,EXPIRED,MEDIUM,POLICY-v1
ALT-006962,CMP-006962,2026-04-05T16:10:33+00:00,ACKNOWLEDGED,MEDIUM,POLICY-v1
ALT-006963,CMP-006963,2026-02-12T09:38:41+00:00,ACKNOWLEDGED,MEDIUM,POLICY-v1
ALT-006964,CMP-006964,2026-02-07T18:54:47+00:00,ACTIONED,MEDIUM,POLICY-v1
ALT-006965,CMP-006965,2026-06-16T18:09:31+00:00,ACTIONED,MEDIUM,POLICY-v1
ALT-006966,CMP-006966,2026-01-30T22:18:46+00:00,PENDING,MEDIUM,POLICY-v1
ALT-006967,CMP-006967,2026-03-13T18:01:09+00:00,ACTIONED,MEDIUM,POLICY-v1
ALT-006968,CMP-006968,2026-03-25T12:20:14+00:00,EXPIRED,MEDIUM,POLICY-v1
ALT-006969,CMP-006969,2026-04-12T20:12:27+00:00,ACTIONED,HIGH,POLICY-v1
ALT-006970,CMP-006970,2026-06-27T14:18:19+00:00,EXPIRED,HIGH,POLICY-v1
ALT-006971,CMP-006971,2026-03-12T04:37:40+00:00,ACKNOWLEDGED,HIGH,POLICY-v1
ALT-006972,CMP-006972,2026-01-25T08:47:24+00:00,ACTIONED,HIGH,POLICY-v1
ALT-006973,CMP-006973,2026-04-06T22:28:45+00:00,ACTIONED,MEDIUM,POLICY-v1
ALT-006974,CMP-006974,2026-04-10T08:25:33+00:00,ACTIONED,HIGH,POLICY-v1
ALT-006975,CMP-006975,2026-05-05T01:16:36+00:00,ACKNOWLEDGED,MEDIUM,POLICY-v1
ALT-006976,CMP-006976,2026-04-26T11:37:12+00:00,ACKNOWLEDGED,HIGH,POLICY-v1
ALT-006977,CMP-006977,2026-01-18T19:16:00+00:00,ACKNOWLEDGED,MEDIUM,POLICY-v1
ALT-006978,CMP-006978,2026-05-10T03:55:17+00:00,ACKNOWLEDGED,LOW,POLICY-v1
ALT-006979,CMP-006979,2026-04-11T09:47:15+00:00,PENDING,HIGH,POLICY-v1
ALT-006980,CMP-006980,2026-05-12T09:21:56+00:00,ACTIONED,MEDIUM,POLICY-v1
ALT-006981,CMP-006981,2026-01-06T21:40:43+00:00,ACTIONED,LOW,POLICY-v1
ALT-006982,CMP-006982,2026-05-24T13:55:10+00:00,ACKNOWLEDGED,LOW,POLICY-v1
ALT-006983,CMP-006983,2026-01-17T11:31:54+00:00,EXPIRED,LOW,POLICY-v1
ALT-006984,CMP-006984,2026-04-08T23:56:47+00:00,PENDING,MEDIUM,POLICY-v1
ALT-006985,CMP-006985,2026-06-20T00:13:13+00:00,ACKNOWLEDGED,MEDIUM,POLICY-v1
ALT-006986,CMP-006986,2026-02-02T16:57:54+00:00,EXPIRED,LOW,POLICY-v1
ALT-006987,CMP-006987,2026-05-25T11:25:38+00:00,ACKNOWLEDGED,HIGH,POLICY-v1
ALT-006988,CMP-006988,2026-05-27T10:41:54+00:00,PENDING,HIGH,POLICY-v1
ALT-006989,CMP-006989,2026-02-11T20:12:40+00:00,ACKNOWLEDGED,LOW,POLICY-v1
ALT-006990,CMP-006990,2026-06-14T10:54:09+00:00,ACTIONED,HIGH,POLICY-v1
ALT-006991,CMP-006991,2026-01-23T07:08:32+00:00,ACTIONED,LOW,POLICY-v1
ALT-006992,CMP-006992,2026-03-07T18:53:48+00:00,ACKNOWLEDGED,MEDIUM,POLICY-v1
ALT-006993,CMP-006993,2026-03-09T10:52:27+00:00,ACTIONED,HIGH,POLICY-v1
ALT-006994,CMP-006994,2026-06-25T02:24:57+00:00,PENDING,MEDIUM,POLICY-v1
ALT-006995,CMP-006995,2026-01-28T09:49:31+00:00,EXPIRED,HIGH,POLICY-v1
ALT-006996,CMP-006996,2026-01-27T03:15:54+00:00,EXPIRED,LOW,POLICY-v1
ALT-006997,CMP-006997,2026-01-08T07:43:48+00:00,ACTIONED,MEDIUM,POLICY-v1
ALT-006998,CMP-006998,2026-01-23T00:45:17+00:00,ACKNOWLEDGED,MEDIUM,POLICY-v1
ALT-006999,CMP-006999,2026-03-17T01:06:46+00:00,ACTIONED,MEDIUM,POLICY-v1
ALT-007000,CMP-007000,2026-05-15T10:19:47+00:00,ACKNOWLEDGED,HIGH,POLICY-v1
ALT-007001,CMP-007001,2026-04-22T08:44:03+00:00,ACTIONED,MEDIUM,POLICY-v1
ALT-007002,CMP-007002,2026-06-18T00:56:45+00:00,ACTIONED,HIGH,POLICY-v1
ALT-007003,CMP-007003,2026-01-13T08:17:04+00:00,ACKNOWLEDGED,MEDIUM,POLICY-v1
ALT-007004,CMP-007004,2026-04-14T03:28:09+00:00,ACTIONED,MEDIUM,POLICY-v1
ALT-007005,CMP-007005,2026-02-16T07:44:16+00:00,EXPIRED,HIGH,POLICY-v1
ALT-007006,CMP-007006,2026-02-14T20:36:57+00:00,ACTIONED,LOW,POLICY-v1
ALT-007007,CMP-007007,2026-02-04T07:04:56+00:00,PENDING,LOW,POLICY-v1
ALT-007008,CMP-007008,2026-01-28T22:30:34+00:00,ACTIONED,HIGH,POLICY-v1
ALT-007009,CMP-007009,2026-05-18T00:43:06+00:00,PENDING,HIGH,POLICY-v1
ALT-007010,CMP-007010,2026-05-20T18:43:25+00:00,ACTIONED,LOW,POLICY-v1
ALT-007011,CMP-007011,2026-04-08T11:24:02+00:00,ACTIONED,LOW,POLICY-v1
ALT-007012,CMP-007012,2026-06-21T12:43:42+00:00,ACTIONED,HIGH,POLICY-v1
ALT-007013,CMP-007013,2026-05-22T22:16:30+00:00,ACKNOWLEDGED,LOW,POLICY-v1
ALT-007014,CMP-007014,2026-03-21T05:24:20+00:00,ACTIONED,MEDIUM,POLICY-v1
ALT-007015,CMP-007015,2026-04-06T01:52:31+00:00,ACKNOWLEDGED,LOW,POLICY-v1
ALT-007016,CMP-007016,2026-01-11T08:31:24+00:00,ACTIONED,LOW,POLICY-v1
ALT-007017,CMP-007017,2026-03-08T02:54:29+00:00,ACKNOWLEDGED,MEDIUM,POLICY-v1
ALT-007018,CMP-007018,2026-05-13T02:38:13+00:00,ACTIONED,HIGH,POLICY-v1
ALT-007019,CMP-007019,2026-03-01T19:50:54+00:00,ACKNOWLEDGED,LOW,POLICY-v1
ALT-007020,CMP-007020,2026-04-15T14:11:33+00:00,ACKNOWLEDGED,LOW,POLICY-v1
ALT-007021,CMP-007021,2026-02-04T11:00:31+00:00,PENDING,LOW,POLICY-v1
ALT-007022,CMP-007022,2026-03-25T15:03:32+00:00,EXPIRED,MEDIUM,POLICY-v1
ALT-007023,CMP-007023,2026-06-09T02:50:15+00:00,ACTIONED,HIGH,POLICY-v1
ALT-007024,CMP-007024,2026-01-04T11:33:53+00:00,ACTIONED,LOW,POLICY-v1
ALT-007025,CMP-007025,2026-01-14T23:03:34+00:00,ACTIONED,HIGH,POLICY-v1
ALT-007026,CMP-007026,2026-02-27T09:52:06+00:00,EXPIRED,HIGH,POLICY-v1
ALT-007027,CMP-007027,2026-01-03T02:45:04+00:00,ACKNOWLEDGED,MEDIUM,POLICY-v1
ALT-007028,CMP-007028,2026-04-22T09:10:36+00:00,EXPIRED,LOW,POLICY-v1
ALT-007029,CMP-007029,2026-06-04T22:29:23+00:00,EXPIRED,HIGH,POLICY-v1
ALT-007030,CMP-007030,2026-03-27T04:24:39+00:00,PENDING,HIGH,POLICY-v1
ALT-007031,CMP-007031,2026-05-13T02:03:29+00:00,ACKNOWLEDGED,MEDIUM,POLICY-v1
ALT-007032,CMP-007032,2026-05-11T13:56:30+00:00,ACTIONED,LOW,POLICY-v1
ALT-007033,CMP-007033,2026-04-28T20:24:57+00:00,ACKNOWLEDGED,LOW,POLICY-v1
ALT-007034,CMP-007034,2026-04-24T16:40:37+00:00,ACTIONED,HIGH,POLICY-v1
ALT-007035,CMP-007035,2026-03-18T17:26:55+00:00,ACTIONED,MEDIUM,POLICY-v1
ALT-007036,CMP-007036,2026-02-09T22:32:53+00:00,ACTIONED,MEDIUM,POLICY-v1
ALT-007037,CMP-007037,2026-06-08T16:58:40+00:00,ACKNOWLEDGED,HIGH,POLICY-v1
ALT-007038,CMP-007038,2026-02-13T13:02:06+00:00,ACTIONED,HIGH,POLICY-v1
ALT-007039,CMP-007039,2026-05-26T01:37:54+00:00,PENDING,MEDIUM,POLICY-v1
ALT-007040,CMP-007040,2026-01-25T12:21:37+00:00,PENDING,HIGH,POLICY-v1
ALT-007041,CMP-007041,2026-03-30T22:08:28+00:00,ACKNOWLEDGED,LOW,POLICY-v1
ALT-007042,CMP-007042,2026-04-15T18:02:17+00:00,ACTIONED,HIGH,POLICY-v1
ALT-007043,CMP-007043,2026-02-09T14:45:14+00:00,ACKNOWLEDGED,HIGH,POLICY-v1
ALT-007044,CMP-007044,2026-05-07T19:19:05+00:00,EXPIRED,LOW,POLICY-v1
ALT-007045,CMP-007045,2026-01-27T15:15:43+00:00,ACTIONED,LOW,POLICY-v1
ALT-007046,CMP-007046,2026-02-01T23:47:45+00:00,EXPIRED,MEDIUM,POLICY-v1
ALT-007047,CMP-007047,2026-03-25T01:57:42+00:00,ACTIONED,LOW,POLICY-v1
ALT-007048,CMP-007048,2026-05-18T05:05:44+00:00,ACTIONED,LOW,POLICY-v1
ALT-007049,CMP-007049,2026-06-21T01:14:11+00:00,PENDING,LOW,POLICY-v1
ALT-007050,CMP-007050,2026-06-23T14:59:50+00:00,PENDING,MEDIUM,POLICY-v1
ALT-007051,CMP-007051,2026-05-15T03:21:20+00:00,ACTIONED,MEDIUM,POLICY-v1
ALT-007052,CMP-007052,2026-06-21T20:23:43+00:00,ACKNOWLEDGED,LOW,POLICY-v1
ALT-007053,CMP-007053,2026-04-06T20:13:31+00:00,ACTIONED,HIGH,POLICY-v1
ALT-007054,CMP-007054,2026-04-20T18:30:59+00:00,ACTIONED,MEDIUM,POLICY-v1
ALT-007055,CMP-007055,2026-05-31T00:15:48+00:00,EXPIRED,LOW,POLICY-v1
ALT-007056,CMP-007056,2026-04-03T12:41:21+00:00,PENDING,MEDIUM,POLICY-v1
ALT-007057,CMP-007057,2026-05-15T19:42:46+00:00,PENDING,LOW,POLICY-v1
ALT-007058,CMP-007058,2026-04-11T04:21:56+00:00,ACTIONED,LOW,POLICY-v1
ALT-007059,CMP-007059,2026-03-16T00:21:20+00:00,ACTIONED,HIGH,POLICY-v1
ALT-007060,CMP-007060,2026-05-28T19:26:06+00:00,ACTIONED,LOW,POLICY-v1
ALT-007061,CMP-007061,2026-03-18T08:03:39+00:00,EXPIRED,HIGH,POLICY-v1
ALT-007062,CMP-007062,2026-02-04T14:03:54+00:00,ACTIONED,LOW,POLICY-v1
ALT-007063,CMP-007063,2026-04-01T00:22:12+00:00,PENDING,LOW,POLICY-v1
ALT-007064,CMP-007064,2026-06-28T09:03:16+00:00,ACTIONED,HIGH,POLICY-v1
ALT-007065,CMP-007065,2026-06-16T02:47:12+00:00,ACTIONED,HIGH,POLICY-v1
ALT-007066,CMP-007066,2026-04-01T21:26:14+00:00,EXPIRED,MEDIUM,POLICY-v1
ALT-007067,CMP-007067,2026-05-05T11:05:26+00:00,ACTIONED,LOW,POLICY-v1
ALT-007068,CMP-007068,2026-04-20T03:33:26+00:00,ACKNOWLEDGED,LOW,POLICY-v1
ALT-007069,CMP-007069,2026-03-02T17:26:32+00:00,ACKNOWLEDGED,HIGH,POLICY-v1
ALT-007070,CMP-007070,2026-05-16T05:49:59+00:00,ACTIONED,HIGH,POLICY-v1
ALT-007071,CMP-007071,2026-01-14T10:35:00+00:00,ACTIONED,HIGH,POLICY-v1
ALT-007072,CMP-007072,2026-05-03T08:03:14+00:00,PENDING,HIGH,POLICY-v1
ALT-007073,CMP-007073,2026-06-04T17:54:46+00:00,ACTIONED,LOW,POLICY-v1
ALT-007074,CMP-007074,2026-06-12T14:19:50+00:00,ACTIONED,LOW,POLICY-v1
ALT-007075,CMP-007075,2026-02-08T10:02:04+00:00,ACTIONED,LOW,POLICY-v1
ALT-007076,CMP-007076,2026-06-02T11:14:23+00:00,ACKNOWLEDGED,HIGH,POLICY-v1
ALT-007077,CMP-007077,2026-03-26T00:36:01+00:00,ACTIONED,LOW,POLICY-v1
ALT-007078,CMP-007078,2026-02-20T14:39:50+00:00,ACKNOWLEDGED,HIGH,POLICY-v1
ALT-007079,CMP-007079,2026-06-09T19:20:14+00:00,ACKNOWLEDGED,MEDIUM,POLICY-v1
ALT-007080,CMP-007080,2026-04-29T00:42:50+00:00,ACTIONED,MEDIUM,POLICY-v1
ALT-007081,CMP-007081,2026-01-20T01:09:53+00:00,ACTIONED,LOW,POLICY-v1
ALT-007082,CMP-007082,2026-06-09T05:21:45+00:00,EXPIRED,LOW,POLICY-v1
ALT-007083,CMP-007083,2026-03-08T10:25:59+00:00,EXPIRED,LOW,POLICY-v1
ALT-007084,CMP-007084,2026-03-05T18:04:09+00:00,ACTIONED,MEDIUM,POLICY-v1
ALT-007085,CMP-007085,2026-02-28T15:24:24+00:00,ACTIONED,MEDIUM,POLICY-v1
ALT-007086,CMP-007086,2026-05-08T04:46:50+00:00,ACTIONED,LOW,POLICY-v1
ALT-007087,CMP-007087,2026-02-08T21:04:29+00:00,ACTIONED,HIGH,POLICY-v1
ALT-007088,CMP-007088,2026-06-08T23:43:48+00:00,ACTIONED,LOW,POLICY-v1
ALT-007089,CMP-007089,2026-05-18T04:19:05+00:00,EXPIRED,HIGH,POLICY-v1
ALT-007090,CMP-007090,2026-04-25T04:33:14+00:00,ACTIONED,MEDIUM,POLICY-v1
ALT-007091,CMP-007091,2026-05-11T13:07:58+00:00,ACTIONED,LOW,POLICY-v1
ALT-007092,CMP-007092,2026-06-20T14:50:15+00:00,ACTIONED,HIGH,POLICY-v1
ALT-007093,CMP-007093,2026-05-02T19:23:45+00:00,EXPIRED,MEDIUM,POLICY-v1
ALT-007094,CMP-007094,2026-06-10T09:17:20+00:00,EXPIRED,MEDIUM,POLICY-v1
ALT-007095,CMP-007095,2026-02-21T17:45:55+00:00,ACKNOWLEDGED,LOW,POLICY-v1
ALT-007096,CMP-007096,2026-06-16T19:15:05+00:00,EXPIRED,MEDIUM,POLICY-v1
ALT-007097,CMP-007097,2026-06-16T14:38:43+00:00,ACTIONED,HIGH,POLICY-v1
ALT-007098,CMP-007098,2026-06-10T00:26:00+00:00,ACKNOWLEDGED,HIGH,POLICY-v1
ALT-007099,CMP-007099,2026-02-23T01:50:39+00:00,PENDING,LOW,POLICY-v1
ALT-007100,CMP-007100,2026-06-05T01:23:45+00:00,ACTIONED,HIGH,POLICY-v1
ALT-007101,CMP-007101,2026-05-19T10:53:47+00:00,PENDING,MEDIUM,POLICY-v1
ALT-007102,CMP-007102,2026-03-29T22:24:04+00:00,ACTIONED,HIGH,POLICY-v1
ALT-007103,CMP-007103,2026-04-12T00:55:55+00:00,ACKNOWLEDGED,HIGH,POLICY-v1
ALT-007104,CMP-007104,2026-04-06T07:12:07+00:00,ACTIONED,HIGH,POLICY-v1
ALT-007105,CMP-007105,2026-04-17T03:05:33+00:00,PENDING,HIGH,POLICY-v1
ALT-007106,CMP-007106,2026-05-15T16:26:07+00:00,ACTIONED,HIGH,POLICY-v1
ALT-007107,CMP-007107,2026-05-31T10:47:18+00:00,ACKNOWLEDGED,HIGH,POLICY-v1
ALT-007108,CMP-007108,2026-06-16T03:01:33+00:00,ACTIONED,HIGH,POLICY-v1
ALT-007109,CMP-007109,2026-05-30T01:31:40+00:00,ACTIONED,MEDIUM,POLICY-v1
ALT-007110,CMP-007110,2026-01-29T10:33:39+00:00,ACKNOWLEDGED,LOW,POLICY-v1
ALT-007111,CMP-007111,2026-02-22T21:48:14+00:00,ACTIONED,HIGH,POLICY-v1
ALT-007112,CMP-007112,2026-01-09T14:28:01+00:00,EXPIRED,HIGH,POLICY-v1
ALT-007113,CMP-007113,2026-03-16T04:22:20+00:00,EXPIRED,MEDIUM,POLICY-v1
ALT-007114,CMP-007114,2026-06-16T00:17:10+00:00,ACTIONED,LOW,POLICY-v1
ALT-007115,CMP-007115,2026-04-04T05:57:37+00:00,ACTIONED,HIGH,POLICY-v1
ALT-007116,CMP-007116,2026-01-16T21:12:49+00:00,ACKNOWLEDGED,HIGH,POLICY-v1
ALT-007117,CMP-007117,2026-03-09T03:23:19+00:00,ACTIONED,HIGH,POLICY-v1
ALT-007118,CMP-007118,2026-04-24T19:47:18+00:00,ACTIONED,LOW,POLICY-v1
ALT-007119,CMP-007119,2026-05-29T23:27:52+00:00,PENDING,MEDIUM,POLICY-v1
ALT-007120,CMP-007120,2026-05-04T07:08:35+00:00,EXPIRED,HIGH,POLICY-v1
ALT-007121,CMP-007121,2026-02-12T06:43:53+00:00,ACTIONED,LOW,POLICY-v1
ALT-007122,CMP-007122,2026-03-21T14:29:06+00:00,PENDING,LOW,POLICY-v1
ALT-007123,CMP-007123,2026-06-17T00:10:57+00:00,PENDING,MEDIUM,POLICY-v1
ALT-007124,CMP-007124,2026-05-14T05:52:09+00:00,ACTIONED,MEDIUM,POLICY-v1
ALT-007125,CMP-007125,2026-05-31T01:23:03+00:00,ACTIONED,HIGH,POLICY-v1
ALT-007126,CMP-007126,2026-03-11T00:22:57+00:00,ACTIONED,LOW,POLICY-v1
ALT-007127,CMP-007127,2026-05-19T12:11:26+00:00,ACKNOWLEDGED,HIGH,POLICY-v1
ALT-007128,CMP-007128,2026-01-30T04:28:00+00:00,ACTIONED,HIGH,POLICY-v1
ALT-007129,CMP-007129,2026-03-04T09:47:55+00:00,ACKNOWLEDGED,HIGH,POLICY-v1
ALT-007130,CMP-007130,2026-02-16T12:13:37+00:00,ACTIONED,LOW,POLICY-v1
ALT-007131,CMP-007131,2026-04-28T13:44:12+00:00,ACTIONED,LOW,POLICY-v1
ALT-007132,CMP-007132,2026-03-01T22:11:13+00:00,ACKNOWLEDGED,LOW,POLICY-v1
ALT-007133,CMP-007133,2026-01-21T19:55:14+00:00,PENDING,HIGH,POLICY-v1
ALT-007134,CMP-007134,2026-03-27T08:44:24+00:00,EXPIRED,LOW,POLICY-v1
ALT-007135,CMP-007135,2026-02-21T19:59:39+00:00,ACTIONED,MEDIUM,POLICY-v1
ALT-007136,CMP-007136,2026-04-24T16:56:07+00:00,ACTIONED,HIGH,POLICY-v1
ALT-007137,CMP-007137,2026-03-05T09:20:31+00:00,EXPIRED,HIGH,POLICY-v1
ALT-007138,CMP-007138,2026-03-05T16:59:27+00:00,ACKNOWLEDGED,MEDIUM,POLICY-v1
ALT-007139,CMP-007139,2026-04-11T05:22:49+00:00,EXPIRED,HIGH,POLICY-v1
ALT-007140,CMP-007140,2026-06-07T13:06:56+00:00,ACKNOWLEDGED,HIGH,POLICY-v1
ALT-007141,CMP-007141,2026-04-19T03:26:51+00:00,ACTIONED,LOW,POLICY-v1
ALT-007142,CMP-007142,2026-06-08T16:33:18+00:00,EXPIRED,LOW,POLICY-v1
ALT-007143,CMP-007143,2026-01-09T20:03:57+00:00,PENDING,LOW,POLICY-v1
ALT-007144,CMP-007144,2026-04-11T17:31:44+00:00,ACTIONED,LOW,POLICY-v1
ALT-007145,CMP-007145,2026-04-29T19:13:53+00:00,ACTIONED,HIGH,POLICY-v1
ALT-007146,CMP-007146,2026-05-12T22:31:44+00:00,PENDING,MEDIUM,POLICY-v1
ALT-007147,CMP-007147,2026-01-05T13:49:48+00:00,ACKNOWLEDGED,HIGH,POLICY-v1
ALT-007148,CMP-007148,2026-02-20T22:18:33+00:00,ACTIONED,HIGH,POLICY-v1
ALT-007149,CMP-007149,2026-06-16T01:50:34+00:00,ACKNOWLEDGED,MEDIUM,POLICY-v1
ALT-007150,CMP-007150,2026-03-20T15:24:32+00:00,ACTIONED,MEDIUM,POLICY-v1
ALT-007151,CMP-007151,2026-05-21T09:39:38+00:00,ACTIONED,HIGH,POLICY-v1
ALT-007152,CMP-007152,2026-05-16T04:32:05+00:00,EXPIRED,HIGH,POLICY-v1
ALT-007153,CMP-007153,2026-06-01T06:07:16+00:00,ACTIONED,LOW,POLICY-v1
ALT-007154,CMP-007154,2026-05-22T11:24:27+00:00,PENDING,HIGH,POLICY-v1
ALT-007155,CMP-007155,2026-01-05T11:30:34+00:00,PENDING,LOW,POLICY-v1
ALT-007156,CMP-007156,2026-04-19T06:42:33+00:00,EXPIRED,MEDIUM,POLICY-v1
ALT-007157,CMP-007157,2026-04-20T23:48:58+00:00,ACTIONED,HIGH,POLICY-v1
ALT-007158,CMP-007158,2026-01-14T09:44:04+00:00,ACTIONED,MEDIUM,POLICY-v1
ALT-007159,CMP-007159,2026-04-12T19:58:05+00:00,ACTIONED,LOW,POLICY-v1
ALT-007160,CMP-007160,2026-04-05T01:56:39+00:00,ACTIONED,MEDIUM,POLICY-v1
ALT-007161,CMP-007161,2026-02-12T09:57:26+00:00,ACTIONED,MEDIUM,POLICY-v1
ALT-007162,CMP-007162,2026-02-01T11:42:50+00:00,ACKNOWLEDGED,MEDIUM,POLICY-v1
ALT-007163,CMP-007163,2026-04-09T07:37:45+00:00,PENDING,HIGH,POLICY-v1
ALT-007164,CMP-007164,2026-03-28T16:03:26+00:00,ACTIONED,MEDIUM,POLICY-v1
ALT-007165,CMP-007165,2026-01-25T11:47:54+00:00,ACTIONED,HIGH,POLICY-v1
ALT-007166,CMP-007166,2026-02-03T15:09:28+00:00,ACKNOWLEDGED,MEDIUM,POLICY-v1
ALT-007167,CMP-007167,2026-03-29T01:35:15+00:00,ACKNOWLEDGED,HIGH,POLICY-v1
ALT-007168,CMP-007168,2026-01-18T12:58:17+00:00,ACTIONED,HIGH,POLICY-v1
ALT-007169,CMP-007169,2026-06-27T11:35:51+00:00,PENDING,HIGH,POLICY-v1
ALT-007170,CMP-007170,2026-02-07T21:58:23+00:00,ACTIONED,HIGH,POLICY-v1
ALT-007171,CMP-007171,2026-05-24T21:11:12+00:00,PENDING,HIGH,POLICY-v1
ALT-007172,CMP-007172,2026-05-02T05:48:25+00:00,PENDING,MEDIUM,POLICY-v1
ALT-007173,CMP-007173,2026-04-22T18:18:38+00:00,ACTIONED,HIGH,POLICY-v1
ALT-007174,CMP-007174,2026-02-05T01:20:42+00:00,ACKNOWLEDGED,HIGH,POLICY-v1
ALT-007175,CMP-007175,2026-03-30T22:50:57+00:00,EXPIRED,HIGH,POLICY-v1
ALT-007176,CMP-007176,2026-03-07T07:45:50+00:00,ACTIONED,HIGH,POLICY-v1
ALT-007177,CMP-007177,2026-02-21T14:00:35+00:00,PENDING,LOW,POLICY-v1
ALT-007178,CMP-007178,2026-05-29T15:38:21+00:00,ACTIONED,LOW,POLICY-v1
ALT-007179,CMP-007179,2026-03-04T17:08:16+00:00,ACKNOWLEDGED,LOW,POLICY-v1
ALT-007180,CMP-007180,2026-06-14T07:06:15+00:00,ACKNOWLEDGED,LOW,POLICY-v1
ALT-007181,CMP-007181,2026-02-23T21:20:47+00:00,ACTIONED,LOW,POLICY-v1
ALT-007182,CMP-007182,2026-03-17T12:38:38+00:00,EXPIRED,LOW,POLICY-v1
ALT-007183,CMP-007183,2026-04-28T12:51:57+00:00,EXPIRED,LOW,POLICY-v1
ALT-007184,CMP-007184,2026-04-28T04:03:46+00:00,ACTIONED,MEDIUM,POLICY-v1
ALT-007185,CMP-007185,2026-01-31T15:42:10+00:00,ACTIONED,HIGH,POLICY-v1
ALT-007186,CMP-007186,2026-05-01T02:50:54+00:00,ACTIONED,MEDIUM,POLICY-v1
ALT-007187,CMP-007187,2026-04-17T15:53:55+00:00,PENDING,HIGH,POLICY-v1
ALT-007188,CMP-007188,2026-05-23T22:50:25+00:00,ACTIONED,LOW,POLICY-v1
ALT-007189,CMP-007189,2026-04-24T18:01:51+00:00,ACKNOWLEDGED,LOW,POLICY-v1
ALT-007190,CMP-007190,2026-01-03T21:06:16+00:00,ACTIONED,HIGH,POLICY-v1
ALT-007191,CMP-007191,2026-02-10T18:48:26+00:00,ACTIONED,MEDIUM,POLICY-v1
ALT-007192,CMP-007192,2026-01-22T11:54:39+00:00,ACKNOWLEDGED,HIGH,POLICY-v1
ALT-007193,CMP-007193,2026-05-18T17:33:04+00:00,ACTIONED,MEDIUM,POLICY-v1
ALT-007194,CMP-007194,2026-06-29T14:22:45+00:00,ACTIONED,HIGH,POLICY-v1
ALT-007195,CMP-007195,2026-06-05T15:41:50+00:00,ACKNOWLEDGED,MEDIUM,POLICY-v1
ALT-007196,CMP-007196,2026-05-25T02:31:49+00:00,ACTIONED,HIGH,POLICY-v1
ALT-007197,CMP-007197,2026-04-13T11:51:47+00:00,ACKNOWLEDGED,HIGH,POLICY-v1
ALT-007198,CMP-007198,2026-01-25T06:37:09+00:00,PENDING,LOW,POLICY-v1
ALT-007199,CMP-007199,2026-04-14T11:04:48+00:00,ACKNOWLEDGED,LOW,POLICY-v1
ALT-007200,CMP-007200,2026-03-19T20:02:11+00:00,ACTIONED,MEDIUM,POLICY-v1
ALT-007201,CMP-007201,2026-03-22T08:58:06+00:00,ACTIONED,LOW,POLICY-v1
ALT-007202,CMP-007202,2026-05-12T21:13:36+00:00,ACKNOWLEDGED,LOW,POLICY-v1
ALT-007203,CMP-007203,2026-04-11T23:52:34+00:00,ACTIONED,HIGH,POLICY-v1
ALT-007204,CMP-007204,2026-02-25T12:04:43+00:00,EXPIRED,MEDIUM,POLICY-v1
ALT-007205,CMP-007205,2026-05-12T06:27:47+00:00,EXPIRED,MEDIUM,POLICY-v1
ALT-007206,CMP-007206,2026-06-07T06:22:00+00:00,ACKNOWLEDGED,HIGH,POLICY-v1
ALT-007207,CMP-007207,2026-03-07T16:40:41+00:00,ACKNOWLEDGED,HIGH,POLICY-v1
ALT-007208,CMP-007208,2026-03-11T15:08:09+00:00,ACTIONED,LOW,POLICY-v1
ALT-007209,CMP-007209,2026-01-03T23:16:56+00:00,ACTIONED,LOW,POLICY-v1
ALT-007210,CMP-007210,2026-06-11T06:19:40+00:00,ACTIONED,LOW,POLICY-v1
ALT-007211,CMP-007211,2026-01-26T06:58:45+00:00,ACTIONED,HIGH,POLICY-v1
ALT-007212,CMP-007212,2026-04-15T14:10:47+00:00,ACTIONED,LOW,POLICY-v1
ALT-007213,CMP-007213,2026-01-08T19:40:36+00:00,ACTIONED,LOW,POLICY-v1
ALT-007214,CMP-007214,2026-05-21T09:21:24+00:00,ACTIONED,HIGH,POLICY-v1
ALT-007215,CMP-007215,2026-04-17T15:12:01+00:00,ACTIONED,HIGH,POLICY-v1
ALT-007216,CMP-007216,2026-02-11T18:28:49+00:00,ACTIONED,LOW,POLICY-v1
ALT-007217,CMP-007217,2026-05-14T07:04:25+00:00,ACTIONED,MEDIUM,POLICY-v1
ALT-007218,CMP-007218,2026-01-07T02:11:30+00:00,PENDING,LOW,POLICY-v1
ALT-007219,CMP-007219,2026-01-10T00:41:49+00:00,ACTIONED,MEDIUM,POLICY-v1
ALT-007220,CMP-007220,2026-05-22T17:09:00+00:00,ACTIONED,HIGH,POLICY-v1
ALT-007221,CMP-007221,2026-06-18T06:38:35+00:00,ACKNOWLEDGED,LOW,POLICY-v1
ALT-007222,CMP-007222,2026-02-11T00:17:19+00:00,ACTIONED,MEDIUM,POLICY-v1
ALT-007223,CMP-007223,2026-03-24T08:23:45+00:00,ACTIONED,HIGH,POLICY-v1
ALT-007224,CMP-007224,2026-06-17T00:50:20+00:00,ACTIONED,MEDIUM,POLICY-v1
ALT-007225,CMP-007225,2026-02-08T01:46:24+00:00,ACTIONED,HIGH,POLICY-v1
ALT-007226,CMP-007226,2026-05-20T03:38:11+00:00,ACTIONED,HIGH,POLICY-v1
ALT-007227,CMP-007227,2026-01-10T23:15:39+00:00,ACTIONED,MEDIUM,POLICY-v1
ALT-007228,CMP-007228,2026-06-02T12:12:28+00:00,ACKNOWLEDGED,HIGH,POLICY-v1
ALT-007229,CMP-007229,2026-03-03T04:22:53+00:00,ACKNOWLEDGED,MEDIUM,POLICY-v1
ALT-007230,CMP-007230,2026-06-18T23:31:08+00:00,ACTIONED,HIGH,POLICY-v1
ALT-007231,CMP-007231,2026-06-12T19:52:14+00:00,ACKNOWLEDGED,MEDIUM,POLICY-v1
ALT-007232,CMP-007232,2026-01-10T17:48:48+00:00,PENDING,LOW,POLICY-v1
ALT-007233,CMP-007233,2026-04-27T04:03:33+00:00,EXPIRED,MEDIUM,POLICY-v1
ALT-007234,CMP-007234,2026-03-19T17:07:58+00:00,ACTIONED,MEDIUM,POLICY-v1
ALT-007235,CMP-007235,2026-04-14T03:40:41+00:00,ACKNOWLEDGED,MEDIUM,POLICY-v1
ALT-007236,CMP-007236,2026-05-09T09:29:13+00:00,ACKNOWLEDGED,HIGH,POLICY-v1
ALT-007237,CMP-007237,2026-04-11T04:43:14+00:00,EXPIRED,LOW,POLICY-v1
ALT-007238,CMP-007238,2026-01-26T03:39:02+00:00,ACTIONED,LOW,POLICY-v1
ALT-007239,CMP-007239,2026-02-11T20:25:03+00:00,ACKNOWLEDGED,LOW,POLICY-v1
ALT-007240,CMP-007240,2026-02-19T16:19:01+00:00,PENDING,HIGH,POLICY-v1
ALT-007241,CMP-007241,2026-01-24T04:08:04+00:00,ACTIONED,MEDIUM,POLICY-v1
ALT-007242,CMP-007242,2026-04-14T14:03:49+00:00,PENDING,HIGH,POLICY-v1
ALT-007243,CMP-007243,2026-01-07T05:19:54+00:00,ACKNOWLEDGED,LOW,POLICY-v1
ALT-007244,CMP-007244,2026-05-09T19:05:47+00:00,ACKNOWLEDGED,MEDIUM,POLICY-v1
ALT-007245,CMP-007245,2026-06-27T17:34:48+00:00,ACTIONED,LOW,POLICY-v1
ALT-007246,CMP-007246,2026-06-12T11:08:41+00:00,ACKNOWLEDGED,HIGH,POLICY-v1
ALT-007247,CMP-007247,2026-04-27T10:25:45+00:00,ACTIONED,LOW,POLICY-v1
ALT-007248,CMP-007248,2026-05-20T18:53:51+00:00,PENDING,LOW,POLICY-v1
ALT-007249,CMP-007249,2026-04-28T11:58:28+00:00,EXPIRED,LOW,POLICY-v1
ALT-007250,CMP-007250,2026-01-20T15:26:16+00:00,ACTIONED,HIGH,POLICY-v1
ALT-007251,CMP-007251,2026-05-20T11:42:40+00:00,EXPIRED,MEDIUM,POLICY-v1
ALT-007252,CMP-007252,2026-04-25T12:01:42+00:00,ACTIONED,LOW,POLICY-v1
ALT-007253,CMP-007253,2026-02-11T07:15:49+00:00,PENDING,HIGH,POLICY-v1
ALT-007254,CMP-007254,2026-06-12T05:34:44+00:00,ACTIONED,MEDIUM,POLICY-v1
ALT-007255,CMP-007255,2026-06-04T12:47:37+00:00,EXPIRED,MEDIUM,POLICY-v1
ALT-007256,CMP-007256,2026-01-30T06:07:44+00:00,ACKNOWLEDGED,HIGH,POLICY-v1
ALT-007257,CMP-007257,2026-02-18T08:08:14+00:00,PENDING,LOW,POLICY-v1
ALT-007258,CMP-007258,2026-05-21T15:47:39+00:00,ACTIONED,HIGH,POLICY-v1
ALT-007259,CMP-007259,2026-05-17T14:18:54+00:00,ACTIONED,HIGH,POLICY-v1
ALT-007260,CMP-007260,2026-06-17T10:15:09+00:00,ACKNOWLEDGED,HIGH,POLICY-v1
ALT-007261,CMP-007261,2026-03-02T06:30:10+00:00,EXPIRED,MEDIUM,POLICY-v1
ALT-007262,CMP-007262,2026-03-03T13:50:26+00:00,EXPIRED,HIGH,POLICY-v1
ALT-007263,CMP-007263,2026-04-29T14:58:09+00:00,ACTIONED,MEDIUM,POLICY-v1
ALT-007264,CMP-007264,2026-01-09T17:14:14+00:00,EXPIRED,LOW,POLICY-v1
ALT-007265,CMP-007265,2026-05-20T05:58:01+00:00,ACTIONED,LOW,POLICY-v1
ALT-007266,CMP-007266,2026-01-29T07:58:29+00:00,ACKNOWLEDGED,LOW,POLICY-v1
ALT-007267,CMP-007267,2026-06-18T02:02:10+00:00,ACTIONED,LOW,POLICY-v1
ALT-007268,CMP-007268,2026-05-10T08:35:16+00:00,PENDING,HIGH,POLICY-v1
ALT-007269,CMP-007269,2026-01-23T02:49:08+00:00,ACKNOWLEDGED,MEDIUM,POLICY-v1
ALT-007270,CMP-007270,2026-04-10T01:42:07+00:00,ACKNOWLEDGED,LOW,POLICY-v1
ALT-007271,CMP-007271,2026-05-12T10:20:30+00:00,EXPIRED,LOW,POLICY-v1
ALT-007272,CMP-007272,2026-06-08T04:11:57+00:00,ACTIONED,MEDIUM,POLICY-v1
ALT-007273,CMP-007273,2026-02-23T04:32:00+00:00,ACTIONED,LOW,POLICY-v1
ALT-007274,CMP-007274,2026-04-13T14:07:10+00:00,ACTIONED,HIGH,POLICY-v1
ALT-007275,CMP-007275,2026-05-31T19:19:10+00:00,PENDING,MEDIUM,POLICY-v1
ALT-007276,CMP-007276,2026-03-23T07:34:43+00:00,ACKNOWLEDGED,LOW,POLICY-v1
ALT-007277,CMP-007277,2026-05-26T06:44:31+00:00,ACTIONED,HIGH,POLICY-v1
ALT-007278,CMP-007278,2026-05-10T09:27:48+00:00,PENDING,MEDIUM,POLICY-v1
ALT-007279,CMP-007279,2026-06-23T06:50:01+00:00,PENDING,HIGH,POLICY-v1
ALT-007280,CMP-007280,2026-05-21T21:30:26+00:00,ACKNOWLEDGED,HIGH,POLICY-v1
ALT-007281,CMP-007281,2026-02-19T01:54:38+00:00,ACKNOWLEDGED,MEDIUM,POLICY-v1
ALT-007282,CMP-007282,2026-06-06T23:19:02+00:00,ACTIONED,MEDIUM,POLICY-v1
ALT-007283,CMP-007283,2026-06-27T20:08:18+00:00,PENDING,LOW,POLICY-v1
ALT-007284,CMP-007284,2026-01-03T09:06:35+00:00,ACTIONED,LOW,POLICY-v1
ALT-007285,CMP-007285,2026-03-19T22:38:34+00:00,ACTIONED,LOW,POLICY-v1
ALT-007286,CMP-007286,2026-01-01T22:25:04+00:00,EXPIRED,HIGH,POLICY-v1
ALT-007287,CMP-007287,2026-01-13T07:33:30+00:00,ACTIONED,HIGH,POLICY-v1
ALT-007288,CMP-007288,2026-01-20T19:52:40+00:00,ACTIONED,LOW,POLICY-v1
ALT-007289,CMP-007289,2026-02-28T03:12:29+00:00,PENDING,MEDIUM,POLICY-v1
ALT-007290,CMP-007290,2026-05-15T11:44:32+00:00,EXPIRED,MEDIUM,POLICY-v1
ALT-007291,CMP-007291,2026-05-18T21:59:17+00:00,ACTIONED,LOW,POLICY-v1
ALT-007292,CMP-007292,2026-05-28T09:29:59+00:00,ACTIONED,HIGH,POLICY-v1
ALT-007293,CMP-007293,2026-02-04T13:25:58+00:00,PENDING,LOW,POLICY-v1
ALT-007294,CMP-007294,2026-04-29T18:42:21+00:00,ACKNOWLEDGED,HIGH,POLICY-v1
ALT-007295,CMP-007295,2026-04-28T19:23:12+00:00,ACKNOWLEDGED,MEDIUM,POLICY-v1
ALT-007296,CMP-007296,2026-03-11T09:03:09+00:00,ACTIONED,HIGH,POLICY-v1
ALT-007297,CMP-007297,2026-04-02T12:58:48+00:00,ACKNOWLEDGED,MEDIUM,POLICY-v1
ALT-007298,CMP-007298,2026-01-01T17:45:42+00:00,EXPIRED,HIGH,POLICY-v1
ALT-007299,CMP-007299,2026-06-25T17:10:42+00:00,ACKNOWLEDGED,LOW,POLICY-v1
ALT-007300,CMP-007300,2026-02-12T21:26:53+00:00,PENDING,HIGH,POLICY-v1
ALT-007301,CMP-007301,2026-03-09T14:58:17+00:00,ACKNOWLEDGED,MEDIUM,POLICY-v1
ALT-007302,CMP-007302,2026-03-01T14:22:17+00:00,ACTIONED,HIGH,POLICY-v1
ALT-007303,CMP-007303,2026-04-22T21:22:21+00:00,ACTIONED,LOW,POLICY-v1
ALT-007304,CMP-007304,2026-01-16T01:40:47+00:00,PENDING,MEDIUM,POLICY-v1
ALT-007305,CMP-007305,2026-04-03T18:16:33+00:00,ACTIONED,HIGH,POLICY-v1
ALT-007306,CMP-007306,2026-04-17T23:48:52+00:00,ACKNOWLEDGED,MEDIUM,POLICY-v1
ALT-007307,CMP-007307,2026-04-14T13:43:31+00:00,ACTIONED,HIGH,POLICY-v1
ALT-007308,CMP-007308,2026-01-10T20:07:35+00:00,EXPIRED,MEDIUM,POLICY-v1
ALT-007309,CMP-007309,2026-04-03T00:20:31+00:00,ACTIONED,LOW,POLICY-v1
ALT-007310,CMP-007310,2026-05-01T04:54:10+00:00,ACTIONED,HIGH,POLICY-v1
ALT-007311,CMP-007311,2026-03-28T02:26:33+00:00,ACTIONED,HIGH,POLICY-v1
ALT-007312,CMP-007312,2026-01-08T07:52:06+00:00,ACTIONED,LOW,POLICY-v1
ALT-007313,CMP-007313,2026-03-11T08:17:37+00:00,ACKNOWLEDGED,MEDIUM,POLICY-v1
ALT-007314,CMP-007314,2026-02-27T09:35:00+00:00,ACKNOWLEDGED,LOW,POLICY-v1
ALT-007315,CMP-007315,2026-02-04T09:56:13+00:00,ACTIONED,HIGH,POLICY-v1
ALT-007316,CMP-007316,2026-02-16T17:24:17+00:00,ACTIONED,LOW,POLICY-v1
ALT-007317,CMP-007317,2026-02-14T11:15:46+00:00,PENDING,HIGH,POLICY-v1
ALT-007318,CMP-007318,2026-01-30T16:33:29+00:00,ACTIONED,LOW,POLICY-v1
ALT-007319,CMP-007319,2026-01-02T09:45:27+00:00,ACTIONED,MEDIUM,POLICY-v1
ALT-007320,CMP-007320,2026-06-29T22:06:55+00:00,ACKNOWLEDGED,MEDIUM,POLICY-v1
ALT-007321,CMP-007321,2026-01-10T21:40:05+00:00,EXPIRED,LOW,POLICY-v1
ALT-007322,CMP-007322,2026-03-07T15:24:21+00:00,ACKNOWLEDGED,MEDIUM,POLICY-v1
ALT-007323,CMP-007323,2026-03-10T03:17:35+00:00,ACTIONED,LOW,POLICY-v1
ALT-007324,CMP-007324,2026-03-23T12:38:56+00:00,ACKNOWLEDGED,HIGH,POLICY-v1
ALT-007325,CMP-007325,2026-05-18T22:33:46+00:00,EXPIRED,LOW,POLICY-v1
ALT-007326,CMP-007326,2026-01-24T12:08:35+00:00,PENDING,LOW,POLICY-v1
ALT-007327,CMP-007327,2026-04-20T23:16:57+00:00,ACTIONED,MEDIUM,POLICY-v1
ALT-007328,CMP-007328,2026-05-26T12:43:26+00:00,ACKNOWLEDGED,HIGH,POLICY-v1
ALT-007329,CMP-007329,2026-03-09T19:44:21+00:00,ACKNOWLEDGED,MEDIUM,POLICY-v1
ALT-007330,CMP-007330,2026-06-26T01:31:03+00:00,ACKNOWLEDGED,LOW,POLICY-v1
ALT-007331,CMP-007331,2026-06-01T09:24:04+00:00,ACTIONED,LOW,POLICY-v1
ALT-007332,CMP-007332,2026-01-16T02:49:59+00:00,ACKNOWLEDGED,MEDIUM,POLICY-v1
ALT-007333,CMP-007333,2026-05-29T23:43:24+00:00,EXPIRED,LOW,POLICY-v1
ALT-007334,CMP-007334,2026-04-23T15:05:31+00:00,ACTIONED,HIGH,POLICY-v1
ALT-007335,CMP-007335,2026-04-06T04:54:16+00:00,ACKNOWLEDGED,HIGH,POLICY-v1
ALT-007336,CMP-007336,2026-06-18T19:11:31+00:00,ACTIONED,LOW,POLICY-v1
ALT-007337,CMP-007337,2026-01-18T15:49:40+00:00,ACTIONED,HIGH,POLICY-v1
ALT-007338,CMP-007338,2026-02-19T13:45:51+00:00,EXPIRED,MEDIUM,POLICY-v1
ALT-007339,CMP-007339,2026-04-25T17:56:47+00:00,ACTIONED,MEDIUM,POLICY-v1
ALT-007340,CMP-007340,2026-06-24T10:35:38+00:00,ACTIONED,MEDIUM,POLICY-v1
ALT-007341,CMP-007341,2026-05-19T11:50:46+00:00,ACTIONED,HIGH,POLICY-v1
ALT-007342,CMP-007342,2026-06-19T20:43:08+00:00,PENDING,MEDIUM,POLICY-v1
ALT-007343,CMP-007343,2026-04-30T21:44:51+00:00,ACTIONED,HIGH,POLICY-v1
ALT-007344,CMP-007344,2026-02-19T22:54:34+00:00,ACTIONED,HIGH,POLICY-v1
ALT-007345,CMP-007345,2026-04-18T17:40:52+00:00,ACTIONED,HIGH,POLICY-v1
ALT-007346,CMP-007346,2026-06-28T14:00:46+00:00,ACKNOWLEDGED,LOW,POLICY-v1
ALT-007347,CMP-007347,2026-04-26T18:06:04+00:00,ACTIONED,MEDIUM,POLICY-v1
ALT-007348,CMP-007348,2026-04-03T07:26:32+00:00,ACKNOWLEDGED,MEDIUM,POLICY-v1
ALT-007349,CMP-007349,2026-05-11T06:24:27+00:00,ACKNOWLEDGED,MEDIUM,POLICY-v1
ALT-007350,CMP-007350,2026-05-15T04:33:02+00:00,ACTIONED,LOW,POLICY-v1
ALT-007351,CMP-007351,2026-01-31T21:09:33+00:00,ACTIONED,HIGH,POLICY-v1
ALT-007352,CMP-007352,2026-03-05T15:00:46+00:00,ACKNOWLEDGED,MEDIUM,POLICY-v1
ALT-007353,CMP-007353,2026-05-31T15:38:24+00:00,ACTIONED,MEDIUM,POLICY-v1
ALT-007354,CMP-007354,2026-06-18T14:08:19+00:00,EXPIRED,MEDIUM,POLICY-v1
ALT-007355,CMP-007355,2026-05-02T00:32:27+00:00,EXPIRED,LOW,POLICY-v1
ALT-007356,CMP-007356,2026-05-12T10:42:55+00:00,ACKNOWLEDGED,LOW,POLICY-v1
ALT-007357,CMP-007357,2026-01-11T06:47:07+00:00,ACKNOWLEDGED,MEDIUM,POLICY-v1
ALT-007358,CMP-007358,2026-03-17T18:03:57+00:00,ACTIONED,LOW,POLICY-v1
ALT-007359,CMP-007359,2026-02-17T03:46:35+00:00,EXPIRED,LOW,POLICY-v1
ALT-007360,CMP-007360,2026-03-24T20:29:42+00:00,ACTIONED,HIGH,POLICY-v1
ALT-007361,CMP-007361,2026-04-04T16:55:55+00:00,ACKNOWLEDGED,MEDIUM,POLICY-v1
ALT-007362,CMP-007362,2026-05-31T05:34:38+00:00,ACKNOWLEDGED,MEDIUM,POLICY-v1
ALT-007363,CMP-007363,2026-02-08T20:52:18+00:00,EXPIRED,MEDIUM,POLICY-v1
ALT-007364,CMP-007364,2026-03-16T15:40:53+00:00,ACTIONED,LOW,POLICY-v1
ALT-007365,CMP-007365,2026-02-02T23:06:33+00:00,ACTIONED,HIGH,POLICY-v1
ALT-007366,CMP-007366,2026-03-07T20:01:11+00:00,ACTIONED,HIGH,POLICY-v1
ALT-007367,CMP-007367,2026-01-13T05:56:54+00:00,EXPIRED,LOW,POLICY-v1
ALT-007368,CMP-007368,2026-06-24T09:21:22+00:00,ACTIONED,MEDIUM,POLICY-v1
ALT-007369,CMP-007369,2026-05-10T23:00:44+00:00,ACTIONED,MEDIUM,POLICY-v1
ALT-007370,CMP-007370,2026-05-04T08:39:59+00:00,ACTIONED,LOW,POLICY-v1
ALT-007371,CMP-007371,2026-01-02T20:49:34+00:00,ACTIONED,LOW,POLICY-v1
ALT-007372,CMP-007372,2026-04-16T05:46:25+00:00,ACTIONED,HIGH,POLICY-v1
ALT-007373,CMP-007373,2026-03-14T13:59:03+00:00,ACTIONED,LOW,POLICY-v1
ALT-007374,CMP-007374,2026-01-14T12:35:23+00:00,ACTIONED,MEDIUM,POLICY-v1
ALT-007375,CMP-007375,2026-04-28T12:37:34+00:00,ACTIONED,HIGH,POLICY-v1
ALT-007376,CMP-007376,2026-01-03T21:35:16+00:00,ACTIONED,MEDIUM,POLICY-v1
ALT-007377,CMP-007377,2026-05-24T07:44:20+00:00,ACTIONED,HIGH,POLICY-v1
ALT-007378,CMP-007378,2026-01-01T04:12:43+00:00,ACTIONED,MEDIUM,POLICY-v1
ALT-007379,CMP-007379,2026-06-25T20:36:51+00:00,ACTIONED,LOW,POLICY-v1
ALT-007380,CMP-007380,2026-06-27T03:45:17+00:00,EXPIRED,LOW,POLICY-v1
ALT-007381,CMP-007381,2026-06-08T12:00:33+00:00,ACTIONED,LOW,POLICY-v1
ALT-007382,CMP-007382,2026-06-26T14:41:47+00:00,PENDING,MEDIUM,POLICY-v1
ALT-007383,CMP-007383,2026-06-03T21:53:02+00:00,ACTIONED,LOW,POLICY-v1
ALT-007384,CMP-007384,2026-05-22T14:28:12+00:00,ACTIONED,MEDIUM,POLICY-v1
ALT-007385,CMP-007385,2026-04-10T18:44:44+00:00,ACTIONED,LOW,POLICY-v1
ALT-007386,CMP-007386,2026-04-23T03:54:59+00:00,ACTIONED,LOW,POLICY-v1
ALT-007387,CMP-007387,2026-06-23T18:12:13+00:00,ACTIONED,HIGH,POLICY-v1
ALT-007388,CMP-007388,2026-02-09T00:25:31+00:00,ACKNOWLEDGED,HIGH,POLICY-v1
ALT-007389,CMP-007389,2026-06-26T00:40:59+00:00,EXPIRED,MEDIUM,POLICY-v1
ALT-007390,CMP-007390,2026-01-10T23:17:59+00:00,PENDING,MEDIUM,POLICY-v1
ALT-007391,CMP-007391,2026-04-17T13:04:06+00:00,ACTIONED,LOW,POLICY-v1
ALT-007392,CMP-007392,2026-03-12T00:41:14+00:00,ACTIONED,LOW,POLICY-v1
ALT-007393,CMP-007393,2026-04-16T10:10:54+00:00,ACKNOWLEDGED,LOW,POLICY-v1
ALT-007394,CMP-007394,2026-05-06T23:10:32+00:00,ACKNOWLEDGED,MEDIUM,POLICY-v1
ALT-007395,CMP-007395,2026-04-16T22:22:59+00:00,ACTIONED,LOW,POLICY-v1
ALT-007396,CMP-007396,2026-02-07T07:26:15+00:00,PENDING,LOW,POLICY-v1
ALT-007397,CMP-007397,2026-04-14T05:15:14+00:00,ACTIONED,HIGH,POLICY-v1
ALT-007398,CMP-007398,2026-03-28T04:50:45+00:00,ACTIONED,HIGH,POLICY-v1
ALT-007399,CMP-007399,2026-02-08T23:04:22+00:00,ACTIONED,MEDIUM,POLICY-v1
ALT-007400,CMP-007400,2026-06-21T03:06:04+00:00,EXPIRED,LOW,POLICY-v1
ALT-007401,CMP-007401,2026-06-20T23:32:25+00:00,ACTIONED,LOW,POLICY-v1
ALT-007402,CMP-007402,2026-05-26T13:30:19+00:00,PENDING,MEDIUM,POLICY-v1
ALT-007403,CMP-007403,2026-04-19T08:14:18+00:00,ACTIONED,MEDIUM,POLICY-v1
ALT-007404,CMP-007404,2026-05-26T22:33:11+00:00,ACKNOWLEDGED,MEDIUM,POLICY-v1
ALT-007405,CMP-007405,2026-01-14T23:19:47+00:00,ACKNOWLEDGED,MEDIUM,POLICY-v1
ALT-007406,CMP-007406,2026-03-11T00:13:27+00:00,ACTIONED,LOW,POLICY-v1
ALT-007407,CMP-007407,2026-05-25T23:52:04+00:00,ACTIONED,HIGH,POLICY-v1
ALT-007408,CMP-007408,2026-05-04T03:28:11+00:00,PENDING,MEDIUM,POLICY-v1
ALT-007409,CMP-007409,2026-05-07T10:56:42+00:00,ACTIONED,LOW,POLICY-v1
ALT-007410,CMP-007410,2026-03-30T21:09:52+00:00,ACTIONED,LOW,POLICY-v1
ALT-007411,CMP-007411,2026-05-15T19:53:44+00:00,ACTIONED,MEDIUM,POLICY-v1
ALT-007412,CMP-007412,2026-01-09T09:12:38+00:00,ACKNOWLEDGED,HIGH,POLICY-v1
ALT-007413,CMP-007413,2026-04-29T01:35:22+00:00,ACTIONED,HIGH,POLICY-v1
ALT-007414,CMP-007414,2026-06-10T05:33:09+00:00,ACTIONED,MEDIUM,POLICY-v1
ALT-007415,CMP-007415,2026-06-24T16:36:37+00:00,ACTIONED,HIGH,POLICY-v1
ALT-007416,CMP-007416,2026-06-17T20:28:57+00:00,ACTIONED,HIGH,POLICY-v1
ALT-007417,CMP-007417,2026-06-05T22:29:16+00:00,PENDING,HIGH,POLICY-v1
ALT-007418,CMP-007418,2026-06-13T09:35:01+00:00,ACKNOWLEDGED,MEDIUM,POLICY-v1
ALT-007419,CMP-007419,2026-05-14T07:05:04+00:00,ACTIONED,LOW,POLICY-v1
ALT-007420,CMP-007420,2026-04-29T05:07:25+00:00,ACKNOWLEDGED,HIGH,POLICY-v1
ALT-007421,CMP-007421,2026-06-11T09:24:57+00:00,EXPIRED,HIGH,POLICY-v1
ALT-007422,CMP-007422,2026-01-09T17:15:50+00:00,ACTIONED,LOW,POLICY-v1
ALT-007423,CMP-007423,2026-02-26T23:28:14+00:00,ACTIONED,HIGH,POLICY-v1
ALT-007424,CMP-007424,2026-06-06T01:15:02+00:00,ACTIONED,MEDIUM,POLICY-v1
ALT-007425,CMP-007425,2026-05-07T08:37:12+00:00,EXPIRED,LOW,POLICY-v1
ALT-007426,CMP-007426,2026-04-07T10:15:36+00:00,PENDING,MEDIUM,POLICY-v1
ALT-007427,CMP-007427,2026-01-18T15:50:28+00:00,ACTIONED,HIGH,POLICY-v1
ALT-007428,CMP-007428,2026-01-01T18:37:27+00:00,ACTIONED,LOW,POLICY-v1
ALT-007429,CMP-007429,2026-06-17T08:49:11+00:00,ACTIONED,HIGH,POLICY-v1
ALT-007430,CMP-007430,2026-04-13T10:29:55+00:00,PENDING,HIGH,POLICY-v1
ALT-007431,CMP-007431,2026-01-28T22:18:55+00:00,ACKNOWLEDGED,LOW,POLICY-v1
ALT-007432,CMP-007432,2026-04-30T12:16:10+00:00,ACTIONED,HIGH,POLICY-v1
ALT-007433,CMP-007433,2026-02-27T13:51:38+00:00,ACTIONED,MEDIUM,POLICY-v1
ALT-007434,CMP-007434,2026-03-23T20:09:28+00:00,PENDING,LOW,POLICY-v1
ALT-007435,CMP-007435,2026-01-10T18:47:30+00:00,ACKNOWLEDGED,LOW,POLICY-v1
ALT-007436,CMP-007436,2026-05-11T22:33:35+00:00,ACKNOWLEDGED,HIGH,POLICY-v1
ALT-007437,CMP-007437,2026-02-16T08:26:23+00:00,PENDING,HIGH,POLICY-v1
ALT-007438,CMP-007438,2026-01-09T03:44:22+00:00,PENDING,HIGH,POLICY-v1
ALT-007439,CMP-007439,2026-04-25T19:29:32+00:00,PENDING,LOW,POLICY-v1
ALT-007440,CMP-007440,2026-06-15T03:58:36+00:00,ACKNOWLEDGED,LOW,POLICY-v1
ALT-007441,CMP-007441,2026-01-24T03:50:18+00:00,EXPIRED,MEDIUM,POLICY-v1
ALT-007442,CMP-007442,2026-01-02T19:59:39+00:00,ACTIONED,MEDIUM,POLICY-v1
ALT-007443,CMP-007443,2026-03-28T11:46:19+00:00,ACTIONED,HIGH,POLICY-v1
ALT-007444,CMP-007444,2026-03-08T02:02:48+00:00,EXPIRED,HIGH,POLICY-v1
ALT-007445,CMP-007445,2026-03-07T22:46:42+00:00,PENDING,MEDIUM,POLICY-v1
ALT-007446,CMP-007446,2026-05-31T04:31:15+00:00,ACKNOWLEDGED,MEDIUM,POLICY-v1
ALT-007447,CMP-007447,2026-03-30T02:48:10+00:00,ACTIONED,LOW,POLICY-v1
ALT-007448,CMP-007448,2026-05-11T08:32:56+00:00,ACKNOWLEDGED,MEDIUM,POLICY-v1
ALT-007449,CMP-007449,2026-03-20T18:12:58+00:00,ACTIONED,LOW,POLICY-v1
ALT-007450,CMP-007450,2026-04-07T04:46:46+00:00,EXPIRED,LOW,POLICY-v1
ALT-007451,CMP-007451,2026-05-25T02:42:37+00:00,EXPIRED,MEDIUM,POLICY-v1
ALT-007452,CMP-007452,2026-02-18T23:54:54+00:00,ACKNOWLEDGED,MEDIUM,POLICY-v1
ALT-007453,CMP-007453,2026-06-16T20:32:04+00:00,EXPIRED,MEDIUM,POLICY-v1
ALT-007454,CMP-007454,2026-05-18T19:23:29+00:00,ACKNOWLEDGED,MEDIUM,POLICY-v1
ALT-007455,CMP-007455,2026-04-02T17:04:12+00:00,ACTIONED,LOW,POLICY-v1
ALT-007456,CMP-007456,2026-06-12T19:47:45+00:00,ACTIONED,LOW,POLICY-v1
ALT-007457,CMP-007457,2026-02-06T01:55:36+00:00,ACTIONED,MEDIUM,POLICY-v1
ALT-007458,CMP-007458,2026-06-12T05:41:48+00:00,ACTIONED,LOW,POLICY-v1
ALT-007459,CMP-007459,2026-05-19T01:25:16+00:00,EXPIRED,LOW,POLICY-v1
ALT-007460,CMP-007460,2026-02-09T05:07:30+00:00,ACTIONED,LOW,POLICY-v1
ALT-007461,CMP-007461,2026-02-24T16:24:13+00:00,ACTIONED,LOW,POLICY-v1
ALT-007462,CMP-007462,2026-05-07T23:19:11+00:00,EXPIRED,HIGH,POLICY-v1
ALT-007463,CMP-007463,2026-02-27T00:30:34+00:00,PENDING,HIGH,POLICY-v1
ALT-007464,CMP-007464,2026-05-14T21:34:48+00:00,ACTIONED,LOW,POLICY-v1
ALT-007465,CMP-007465,2026-04-26T17:17:31+00:00,PENDING,LOW,POLICY-v1
ALT-007466,CMP-007466,2026-03-26T12:11:42+00:00,ACTIONED,LOW,POLICY-v1
ALT-007467,CMP-007467,2026-01-21T04:02:41+00:00,EXPIRED,MEDIUM,POLICY-v1
ALT-007468,CMP-007468,2026-02-23T12:37:57+00:00,EXPIRED,LOW,POLICY-v1
ALT-007469,CMP-007469,2026-01-07T02:46:38+00:00,EXPIRED,MEDIUM,POLICY-v1
ALT-007470,CMP-007470,2026-06-01T15:48:08+00:00,EXPIRED,MEDIUM,POLICY-v1
ALT-007471,CMP-007471,2026-03-07T22:36:16+00:00,ACTIONED,LOW,POLICY-v1
ALT-007472,CMP-007472,2026-01-01T11:49:35+00:00,ACTIONED,LOW,POLICY-v1
ALT-007473,CMP-007473,2026-06-29T16:23:02+00:00,ACTIONED,LOW,POLICY-v1
ALT-007474,CMP-007474,2026-06-05T18:11:57+00:00,ACKNOWLEDGED,LOW,POLICY-v1
ALT-007475,CMP-007475,2026-01-06T16:33:44+00:00,EXPIRED,HIGH,POLICY-v1
ALT-007476,CMP-007476,2026-05-20T20:14:08+00:00,ACTIONED,HIGH,POLICY-v1
ALT-007477,CMP-007477,2026-06-05T15:38:41+00:00,PENDING,MEDIUM,POLICY-v1
ALT-007478,CMP-007478,2026-02-23T08:42:11+00:00,ACTIONED,MEDIUM,POLICY-v1
ALT-007479,CMP-007479,2026-05-05T09:53:19+00:00,ACTIONED,MEDIUM,POLICY-v1
ALT-007480,CMP-007480,2026-05-28T03:54:56+00:00,ACTIONED,LOW,POLICY-v1
ALT-007481,CMP-007481,2026-01-24T20:38:55+00:00,PENDING,HIGH,POLICY-v1
ALT-007482,CMP-007482,2026-06-06T19:00:30+00:00,EXPIRED,MEDIUM,POLICY-v1
ALT-007483,CMP-007483,2026-05-18T02:42:19+00:00,ACTIONED,HIGH,POLICY-v1
ALT-007484,CMP-007484,2026-04-24T21:43:36+00:00,ACKNOWLEDGED,MEDIUM,POLICY-v1
ALT-007485,CMP-007485,2026-06-23T06:32:20+00:00,ACKNOWLEDGED,MEDIUM,POLICY-v1
ALT-007486,CMP-007486,2026-05-30T23:42:10+00:00,ACTIONED,HIGH,POLICY-v1
ALT-007487,CMP-007487,2026-02-18T06:17:56+00:00,ACTIONED,MEDIUM,POLICY-v1
ALT-007488,CMP-007488,2026-05-03T20:18:51+00:00,ACTIONED,MEDIUM,POLICY-v1
ALT-007489,CMP-007489,2026-04-13T08:29:35+00:00,ACTIONED,HIGH,POLICY-v1
ALT-007490,CMP-007490,2026-03-29T11:55:45+00:00,ACKNOWLEDGED,LOW,POLICY-v1
ALT-007491,CMP-007491,2026-05-31T00:44:29+00:00,ACTIONED,HIGH,POLICY-v1
ALT-007492,CMP-007492,2026-04-09T02:22:13+00:00,ACTIONED,HIGH,POLICY-v1
ALT-007493,CMP-007493,2026-04-18T14:39:41+00:00,ACTIONED,HIGH,POLICY-v1
ALT-007494,CMP-007494,2026-01-06T06:06:00+00:00,EXPIRED,MEDIUM,POLICY-v1
ALT-007495,CMP-007495,2026-01-01T18:03:13+00:00,ACTIONED,LOW,POLICY-v1
ALT-007496,CMP-007496,2026-05-01T02:30:23+00:00,PENDING,MEDIUM,POLICY-v1
ALT-007497,CMP-007497,2026-06-04T06:23:26+00:00,PENDING,LOW,POLICY-v1
ALT-007498,CMP-007498,2026-06-04T15:14:44+00:00,ACTIONED,MEDIUM,POLICY-v1
ALT-007499,CMP-007499,2026-06-29T22:21:39+00:00,ACTIONED,HIGH,POLICY-v1
ALT-007500,CMP-007500,2026-06-03T18:38:39+00:00,ACTIONED,MEDIUM,POLICY-v1
ALT-007501,CMP-007501,2026-05-21T02:58:16+00:00,EXPIRED,MEDIUM,POLICY-v1
ALT-007502,CMP-007502,2026-03-29T08:03:31+00:00,ACKNOWLEDGED,LOW,POLICY-v1
ALT-007503,CMP-007503,2026-01-02T09:25:10+00:00,ACTIONED,LOW,POLICY-v1
ALT-007504,CMP-007504,2026-05-03T08:53:43+00:00,PENDING,LOW,POLICY-v1
ALT-007505,CMP-007505,2026-03-13T20:18:19+00:00,ACTIONED,LOW,POLICY-v1
ALT-007506,CMP-007506,2026-03-25T21:51:19+00:00,ACTIONED,MEDIUM,POLICY-v1
ALT-007507,CMP-007507,2026-01-23T12:56:37+00:00,ACTIONED,MEDIUM,POLICY-v1
ALT-007508,CMP-007508,2026-01-01T08:51:47+00:00,ACTIONED,LOW,POLICY-v1
ALT-007509,CMP-007509,2026-04-17T16:08:56+00:00,ACTIONED,MEDIUM,POLICY-v1
ALT-007510,CMP-007510,2026-04-01T20:05:22+00:00,ACTIONED,LOW,POLICY-v1
ALT-007511,CMP-007511,2026-02-03T12:27:58+00:00,ACTIONED,LOW,POLICY-v1
ALT-007512,CMP-007512,2026-04-07T08:56:16+00:00,ACTIONED,LOW,POLICY-v1
ALT-007513,CMP-007513,2026-02-26T15:43:47+00:00,EXPIRED,MEDIUM,POLICY-v1
ALT-007514,CMP-007514,2026-05-25T10:01:01+00:00,ACKNOWLEDGED,MEDIUM,POLICY-v1
ALT-007515,CMP-007515,2026-06-26T03:44:06+00:00,PENDING,LOW,POLICY-v1
ALT-007516,CMP-007516,2026-02-02T05:15:51+00:00,PENDING,LOW,POLICY-v1
ALT-007517,CMP-007517,2026-04-10T16:47:52+00:00,ACTIONED,LOW,POLICY-v1
ALT-007518,CMP-007518,2026-01-13T10:38:05+00:00,ACTIONED,HIGH,POLICY-v1
ALT-007519,CMP-007519,2026-03-04T16:40:12+00:00,PENDING,HIGH,POLICY-v1
ALT-007520,CMP-007520,2026-03-13T11:22:06+00:00,ACTIONED,LOW,POLICY-v1
ALT-007521,CMP-007521,2026-03-09T07:05:15+00:00,EXPIRED,HIGH,POLICY-v1
ALT-007522,CMP-007522,2026-06-27T11:42:32+00:00,ACTIONED,LOW,POLICY-v1
ALT-007523,CMP-007523,2026-04-14T04:36:23+00:00,EXPIRED,LOW,POLICY-v1
ALT-007524,CMP-007524,2026-06-15T12:09:02+00:00,PENDING,LOW,POLICY-v1
ALT-007525,CMP-007525,2026-05-19T14:09:43+00:00,EXPIRED,MEDIUM,POLICY-v1
ALT-007526,CMP-007526,2026-04-29T13:25:33+00:00,EXPIRED,MEDIUM,POLICY-v1
ALT-007527,CMP-007527,2026-02-17T13:46:39+00:00,ACKNOWLEDGED,LOW,POLICY-v1
ALT-007528,CMP-007528,2026-02-08T22:38:55+00:00,PENDING,HIGH,POLICY-v1
ALT-007529,CMP-007529,2026-06-01T15:51:18+00:00,PENDING,LOW,POLICY-v1
ALT-007530,CMP-007530,2026-02-16T05:43:43+00:00,ACTIONED,HIGH,POLICY-v1
ALT-007531,CMP-007531,2026-05-01T19:19:53+00:00,EXPIRED,LOW,POLICY-v1
ALT-007532,CMP-007532,2026-05-13T14:39:14+00:00,ACTIONED,HIGH,POLICY-v1
ALT-007533,CMP-007533,2026-03-07T13:02:39+00:00,ACKNOWLEDGED,HIGH,POLICY-v1
ALT-007534,CMP-007534,2026-04-10T03:22:39+00:00,ACTIONED,HIGH,POLICY-v1
ALT-007535,CMP-007535,2026-05-27T23:53:23+00:00,ACKNOWLEDGED,LOW,POLICY-v1
ALT-007536,CMP-007536,2026-03-17T08:57:29+00:00,ACTIONED,LOW,POLICY-v1
ALT-007537,CMP-007537,2026-06-14T09:07:39+00:00,ACTIONED,HIGH,POLICY-v1
ALT-007538,CMP-007538,2026-02-16T13:07:34+00:00,ACTIONED,MEDIUM,POLICY-v1
ALT-007539,CMP-007539,2026-05-29T01:02:28+00:00,ACTIONED,LOW,POLICY-v1
ALT-007540,CMP-007540,2026-04-01T00:33:23+00:00,EXPIRED,MEDIUM,POLICY-v1
ALT-007541,CMP-007541,2026-02-16T23:55:38+00:00,ACTIONED,LOW,POLICY-v1
ALT-007542,CMP-007542,2026-06-06T12:59:45+00:00,ACKNOWLEDGED,MEDIUM,POLICY-v1
ALT-007543,CMP-007543,2026-05-19T08:41:51+00:00,ACKNOWLEDGED,MEDIUM,POLICY-v1
ALT-007544,CMP-007544,2026-06-16T01:00:53+00:00,ACTIONED,LOW,POLICY-v1
ALT-007545,CMP-007545,2026-02-08T19:19:22+00:00,ACTIONED,HIGH,POLICY-v1
ALT-007546,CMP-007546,2026-03-31T10:30:50+00:00,PENDING,LOW,POLICY-v1
ALT-007547,CMP-007547,2026-02-06T01:15:24+00:00,ACTIONED,LOW,POLICY-v1
ALT-007548,CMP-007548,2026-05-14T18:14:31+00:00,ACTIONED,HIGH,POLICY-v1
ALT-007549,CMP-007549,2026-04-28T08:35:14+00:00,ACTIONED,MEDIUM,POLICY-v1
ALT-007550,CMP-007550,2026-02-28T01:56:09+00:00,ACKNOWLEDGED,MEDIUM,POLICY-v1
ALT-007551,CMP-007551,2026-02-12T00:14:00+00:00,ACKNOWLEDGED,LOW,POLICY-v1
ALT-007552,CMP-007552,2026-01-08T22:20:52+00:00,ACTIONED,LOW,POLICY-v1
ALT-007553,CMP-007553,2026-06-14T09:06:26+00:00,ACTIONED,HIGH,POLICY-v1
ALT-007554,CMP-007554,2026-03-27T06:46:16+00:00,ACTIONED,LOW,POLICY-v1
ALT-007555,CMP-007555,2026-03-24T18:10:22+00:00,PENDING,HIGH,POLICY-v1
ALT-007556,CMP-007556,2026-06-26T12:11:30+00:00,PENDING,MEDIUM,POLICY-v1
ALT-007557,CMP-007557,2026-04-30T15:35:59+00:00,PENDING,LOW,POLICY-v1
ALT-007558,CMP-007558,2026-05-01T14:17:26+00:00,ACKNOWLEDGED,HIGH,POLICY-v1
ALT-007559,CMP-007559,2026-06-20T09:34:44+00:00,EXPIRED,MEDIUM,POLICY-v1
ALT-007560,CMP-007560,2026-05-15T00:52:38+00:00,ACKNOWLEDGED,LOW,POLICY-v1
ALT-007561,CMP-007561,2026-02-27T00:56:04+00:00,ACKNOWLEDGED,LOW,POLICY-v1
ALT-007562,CMP-007562,2026-03-27T17:38:49+00:00,EXPIRED,HIGH,POLICY-v1
ALT-007563,CMP-007563,2026-01-13T00:25:48+00:00,EXPIRED,MEDIUM,POLICY-v1
ALT-007564,CMP-007564,2026-01-14T20:06:21+00:00,ACTIONED,MEDIUM,POLICY-v1
ALT-007565,CMP-007565,2026-04-28T05:48:39+00:00,ACTIONED,MEDIUM,POLICY-v1
ALT-007566,CMP-007566,2026-03-07T10:37:02+00:00,ACKNOWLEDGED,HIGH,POLICY-v1
ALT-007567,CMP-007567,2026-03-16T10:51:51+00:00,ACTIONED,MEDIUM,POLICY-v1
ALT-007568,CMP-007568,2026-05-01T03:05:53+00:00,ACTIONED,LOW,POLICY-v1
ALT-007569,CMP-007569,2026-03-07T12:40:28+00:00,ACTIONED,HIGH,POLICY-v1
ALT-007570,CMP-007570,2026-01-21T05:48:18+00:00,PENDING,MEDIUM,POLICY-v1
ALT-007571,CMP-007571,2026-05-18T14:26:27+00:00,ACKNOWLEDGED,MEDIUM,POLICY-v1
ALT-007572,CMP-007572,2026-05-31T20:31:18+00:00,ACTIONED,HIGH,POLICY-v1
ALT-007573,CMP-007573,2026-03-18T05:41:34+00:00,ACTIONED,LOW,POLICY-v1
ALT-007574,CMP-007574,2026-01-19T11:32:54+00:00,ACTIONED,LOW,POLICY-v1
ALT-007575,CMP-007575,2026-02-25T09:28:39+00:00,ACTIONED,MEDIUM,POLICY-v1
ALT-007576,CMP-007576,2026-06-20T11:40:57+00:00,EXPIRED,LOW,POLICY-v1
ALT-007577,CMP-007577,2026-01-14T20:46:23+00:00,ACTIONED,MEDIUM,POLICY-v1
ALT-007578,CMP-007578,2026-01-30T12:02:15+00:00,ACKNOWLEDGED,HIGH,POLICY-v1
ALT-007579,CMP-007579,2026-05-14T13:33:25+00:00,PENDING,LOW,POLICY-v1
ALT-007580,CMP-007580,2026-04-15T03:04:39+00:00,ACKNOWLEDGED,LOW,POLICY-v1
ALT-007581,CMP-007581,2026-04-11T17:52:05+00:00,ACKNOWLEDGED,HIGH,POLICY-v1
ALT-007582,CMP-007582,2026-05-13T09:32:43+00:00,PENDING,HIGH,POLICY-v1
ALT-007583,CMP-007583,2026-02-21T16:41:01+00:00,ACTIONED,LOW,POLICY-v1
ALT-007584,CMP-007584,2026-06-09T22:59:12+00:00,ACKNOWLEDGED,HIGH,POLICY-v1
ALT-007585,CMP-007585,2026-03-24T18:11:07+00:00,ACTIONED,MEDIUM,POLICY-v1
ALT-007586,CMP-007586,2026-06-28T11:18:41+00:00,ACTIONED,HIGH,POLICY-v1
ALT-007587,CMP-007587,2026-03-23T23:17:53+00:00,EXPIRED,HIGH,POLICY-v1
ALT-007588,CMP-007588,2026-02-15T08:18:35+00:00,ACTIONED,MEDIUM,POLICY-v1
ALT-007589,CMP-007589,2026-03-17T08:00:25+00:00,EXPIRED,MEDIUM,POLICY-v1
ALT-007590,CMP-007590,2026-03-10T02:53:30+00:00,PENDING,MEDIUM,POLICY-v1
ALT-007591,CMP-007591,2026-01-28T14:31:08+00:00,ACKNOWLEDGED,MEDIUM,POLICY-v1
ALT-007592,CMP-007592,2026-03-24T12:36:07+00:00,EXPIRED,HIGH,POLICY-v1
ALT-007593,CMP-007593,2026-01-14T13:04:06+00:00,ACTIONED,LOW,POLICY-v1
ALT-007594,CMP-007594,2026-04-29T04:11:03+00:00,EXPIRED,LOW,POLICY-v1
ALT-007595,CMP-007595,2026-03-06T06:14:51+00:00,PENDING,HIGH,POLICY-v1
ALT-007596,CMP-007596,2026-04-18T19:20:40+00:00,PENDING,MEDIUM,POLICY-v1
ALT-007597,CMP-007597,2026-01-02T02:45:41+00:00,ACKNOWLEDGED,HIGH,POLICY-v1
ALT-007598,CMP-007598,2026-06-21T06:54:53+00:00,PENDING,MEDIUM,POLICY-v1
ALT-007599,CMP-007599,2026-06-06T14:06:48+00:00,ACKNOWLEDGED,MEDIUM,POLICY-v1
ALT-007600,CMP-007600,2026-01-05T20:43:17+00:00,ACTIONED,HIGH,POLICY-v1
ALT-007601,CMP-007601,2026-01-29T17:00:48+00:00,ACKNOWLEDGED,HIGH,POLICY-v1
ALT-007602,CMP-007602,2026-01-09T10:52:29+00:00,ACTIONED,HIGH,POLICY-v1
ALT-007603,CMP-007603,2026-01-11T08:52:11+00:00,ACKNOWLEDGED,LOW,POLICY-v1
ALT-007604,CMP-007604,2026-04-09T10:37:01+00:00,PENDING,LOW,POLICY-v1
ALT-007605,CMP-007605,2026-05-04T16:56:21+00:00,EXPIRED,LOW,POLICY-v1
ALT-007606,CMP-007606,2026-01-23T01:23:15+00:00,ACKNOWLEDGED,HIGH,POLICY-v1
ALT-007607,CMP-007607,2026-02-24T13:52:21+00:00,ACTIONED,MEDIUM,POLICY-v1
ALT-007608,CMP-007608,2026-02-18T00:56:51+00:00,EXPIRED,HIGH,POLICY-v1
ALT-007609,CMP-007609,2026-03-24T10:47:55+00:00,ACTIONED,LOW,POLICY-v1
ALT-007610,CMP-007610,2026-03-11T16:13:55+00:00,ACKNOWLEDGED,MEDIUM,POLICY-v1
ALT-007611,CMP-007611,2026-05-06T19:17:18+00:00,PENDING,MEDIUM,POLICY-v1
ALT-007612,CMP-007612,2026-05-02T22:24:23+00:00,EXPIRED,LOW,POLICY-v1
ALT-007613,CMP-007613,2026-04-12T01:02:08+00:00,EXPIRED,MEDIUM,POLICY-v1
ALT-007614,CMP-007614,2026-03-06T16:52:06+00:00,ACTIONED,HIGH,POLICY-v1
ALT-007615,CMP-007615,2026-03-16T19:09:13+00:00,EXPIRED,HIGH,POLICY-v1
ALT-007616,CMP-007616,2026-05-15T10:30:26+00:00,ACTIONED,HIGH,POLICY-v1
ALT-007617,CMP-007617,2026-05-02T20:28:22+00:00,ACTIONED,LOW,POLICY-v1
ALT-007618,CMP-007618,2026-05-02T05:01:15+00:00,ACKNOWLEDGED,HIGH,POLICY-v1
ALT-007619,CMP-007619,2026-02-23T02:05:04+00:00,EXPIRED,LOW,POLICY-v1
ALT-007620,CMP-007620,2026-05-21T01:22:32+00:00,ACKNOWLEDGED,HIGH,POLICY-v1
ALT-007621,CMP-007621,2026-04-05T02:30:41+00:00,ACKNOWLEDGED,LOW,POLICY-v1
ALT-007622,CMP-007622,2026-05-20T01:57:22+00:00,ACKNOWLEDGED,LOW,POLICY-v1
ALT-007623,CMP-007623,2026-01-02T10:28:58+00:00,ACTIONED,HIGH,POLICY-v1
ALT-007624,CMP-007624,2026-05-06T19:48:37+00:00,ACKNOWLEDGED,MEDIUM,POLICY-v1
ALT-007625,CMP-007625,2026-03-22T23:51:16+00:00,ACTIONED,HIGH,POLICY-v1
ALT-007626,CMP-007626,2026-06-04T17:31:06+00:00,EXPIRED,LOW,POLICY-v1
ALT-007627,CMP-007627,2026-02-05T02:09:54+00:00,ACTIONED,LOW,POLICY-v1
ALT-007628,CMP-007628,2026-02-16T03:45:02+00:00,ACTIONED,MEDIUM,POLICY-v1
ALT-007629,CMP-007629,2026-06-22T09:15:27+00:00,EXPIRED,HIGH,POLICY-v1
ALT-007630,CMP-007630,2026-05-03T03:36:47+00:00,EXPIRED,LOW,POLICY-v1
ALT-007631,CMP-007631,2026-06-02T09:17:12+00:00,EXPIRED,HIGH,POLICY-v1
ALT-007632,CMP-007632,2026-01-08T13:23:35+00:00,ACTIONED,HIGH,POLICY-v1
ALT-007633,CMP-007633,2026-05-30T02:19:17+00:00,ACTIONED,HIGH,POLICY-v1
ALT-007634,CMP-007634,2026-02-23T06:44:56+00:00,ACKNOWLEDGED,HIGH,POLICY-v1
ALT-007635,CMP-007635,2026-02-18T06:35:01+00:00,PENDING,LOW,POLICY-v1
ALT-007636,CMP-007636,2026-06-18T01:35:42+00:00,PENDING,LOW,POLICY-v1
ALT-007637,CMP-007637,2026-01-02T08:13:10+00:00,ACTIONED,HIGH,POLICY-v1
ALT-007638,CMP-007638,2026-06-12T23:12:44+00:00,ACKNOWLEDGED,LOW,POLICY-v1
ALT-007639,CMP-007639,2026-01-11T10:12:35+00:00,PENDING,MEDIUM,POLICY-v1
ALT-007640,CMP-007640,2026-04-29T02:09:37+00:00,PENDING,LOW,POLICY-v1
ALT-007641,CMP-007641,2026-04-13T23:24:28+00:00,ACTIONED,HIGH,POLICY-v1
ALT-007642,CMP-007642,2026-04-07T23:00:14+00:00,ACKNOWLEDGED,MEDIUM,POLICY-v1
ALT-007643,CMP-007643,2026-02-22T22:18:40+00:00,EXPIRED,MEDIUM,POLICY-v1
ALT-007644,CMP-007644,2026-02-18T11:02:55+00:00,ACTIONED,LOW,POLICY-v1
ALT-007645,CMP-007645,2026-06-02T10:59:01+00:00,ACTIONED,MEDIUM,POLICY-v1
ALT-007646,CMP-007646,2026-05-24T01:15:55+00:00,ACTIONED,MEDIUM,POLICY-v1
ALT-007647,CMP-007647,2026-03-04T05:54:47+00:00,EXPIRED,MEDIUM,POLICY-v1
ALT-007648,CMP-007648,2026-02-26T03:36:21+00:00,ACKNOWLEDGED,LOW,POLICY-v1
ALT-007649,CMP-007649,2026-02-08T19:55:10+00:00,ACKNOWLEDGED,LOW,POLICY-v1
ALT-007650,CMP-007650,2026-06-25T20:57:21+00:00,PENDING,LOW,POLICY-v1
ALT-007651,CMP-007651,2026-01-15T00:00:06+00:00,PENDING,LOW,POLICY-v1
ALT-007652,CMP-007652,2026-02-23T04:28:00+00:00,ACKNOWLEDGED,HIGH,POLICY-v1
ALT-007653,CMP-007653,2026-05-31T07:16:42+00:00,ACKNOWLEDGED,LOW,POLICY-v1
ALT-007654,CMP-007654,2026-01-22T04:05:07+00:00,PENDING,LOW,POLICY-v1
ALT-007655,CMP-007655,2026-03-25T10:06:44+00:00,ACTIONED,HIGH,POLICY-v1
ALT-007656,CMP-007656,2026-03-08T07:13:01+00:00,ACTIONED,HIGH,POLICY-v1
ALT-007657,CMP-007657,2026-01-30T01:10:26+00:00,ACKNOWLEDGED,LOW,POLICY-v1
ALT-007658,CMP-007658,2026-05-26T02:33:19+00:00,ACTIONED,HIGH,POLICY-v1
ALT-007659,CMP-007659,2026-06-12T08:39:19+00:00,ACKNOWLEDGED,LOW,POLICY-v1
ALT-007660,CMP-007660,2026-03-13T16:11:41+00:00,ACKNOWLEDGED,LOW,POLICY-v1
ALT-007661,CMP-007661,2026-04-03T07:30:28+00:00,ACTIONED,MEDIUM,POLICY-v1
ALT-007662,CMP-007662,2026-05-21T15:55:54+00:00,EXPIRED,HIGH,POLICY-v1
ALT-007663,CMP-007663,2026-03-04T20:57:43+00:00,ACTIONED,LOW,POLICY-v1
ALT-007664,CMP-007664,2026-03-01T19:40:34+00:00,ACTIONED,HIGH,POLICY-v1
ALT-007665,CMP-007665,2026-05-09T05:29:14+00:00,PENDING,MEDIUM,POLICY-v1
ALT-007666,CMP-007666,2026-01-20T10:26:01+00:00,ACTIONED,LOW,POLICY-v1
ALT-007667,CMP-007667,2026-02-18T19:44:08+00:00,PENDING,LOW,POLICY-v1
ALT-007668,CMP-007668,2026-03-06T05:36:58+00:00,ACTIONED,MEDIUM,POLICY-v1
ALT-007669,CMP-007669,2026-03-19T11:56:41+00:00,ACTIONED,HIGH,POLICY-v1
ALT-007670,CMP-007670,2026-02-18T03:45:16+00:00,ACTIONED,MEDIUM,POLICY-v1
ALT-007671,CMP-007671,2026-02-24T06:24:16+00:00,ACTIONED,MEDIUM,POLICY-v1
ALT-007672,CMP-007672,2026-01-04T03:49:57+00:00,ACTIONED,LOW,POLICY-v1
ALT-007673,CMP-007673,2026-04-07T05:54:46+00:00,ACKNOWLEDGED,MEDIUM,POLICY-v1
ALT-007674,CMP-007674,2026-03-25T02:09:34+00:00,EXPIRED,MEDIUM,POLICY-v1
ALT-007675,CMP-007675,2026-05-01T20:18:41+00:00,ACKNOWLEDGED,LOW,POLICY-v1
ALT-007676,CMP-007676,2026-06-01T23:05:04+00:00,ACTIONED,LOW,POLICY-v1
ALT-007677,CMP-007677,2026-03-09T18:19:54+00:00,ACTIONED,MEDIUM,POLICY-v1
ALT-007678,CMP-007678,2026-03-15T22:48:13+00:00,EXPIRED,LOW,POLICY-v1
ALT-007679,CMP-007679,2026-06-19T19:51:08+00:00,ACKNOWLEDGED,LOW,POLICY-v1
ALT-007680,CMP-007680,2026-04-27T13:50:43+00:00,ACTIONED,LOW,POLICY-v1
ALT-007681,CMP-007681,2026-06-22T12:06:44+00:00,EXPIRED,MEDIUM,POLICY-v1
ALT-007682,CMP-007682,2026-05-06T11:57:24+00:00,PENDING,LOW,POLICY-v1
ALT-007683,CMP-007683,2026-01-19T13:23:06+00:00,PENDING,MEDIUM,POLICY-v1
ALT-007684,CMP-007684,2026-04-28T16:21:22+00:00,PENDING,HIGH,POLICY-v1
ALT-007685,CMP-007685,2026-03-21T07:42:30+00:00,ACKNOWLEDGED,LOW,POLICY-v1
ALT-007686,CMP-007686,2026-02-20T22:09:53+00:00,ACKNOWLEDGED,LOW,POLICY-v1
ALT-007687,CMP-007687,2026-03-11T21:29:13+00:00,ACTIONED,MEDIUM,POLICY-v1
ALT-007688,CMP-007688,2026-04-23T16:15:21+00:00,ACTIONED,MEDIUM,POLICY-v1
ALT-007689,CMP-007689,2026-06-27T20:37:10+00:00,ACTIONED,HIGH,POLICY-v1
ALT-007690,CMP-007690,2026-03-17T20:27:54+00:00,ACTIONED,LOW,POLICY-v1
ALT-007691,CMP-007691,2026-01-08T08:58:27+00:00,ACTIONED,HIGH,POLICY-v1
ALT-007692,CMP-007692,2026-03-27T05:09:07+00:00,ACKNOWLEDGED,LOW,POLICY-v1
ALT-007693,CMP-007693,2026-04-12T23:27:53+00:00,PENDING,MEDIUM,POLICY-v1
ALT-007694,CMP-007694,2026-03-02T15:03:44+00:00,ACTIONED,LOW,POLICY-v1
ALT-007695,CMP-007695,2026-01-16T01:26:23+00:00,ACTIONED,LOW,POLICY-v1
ALT-007696,CMP-007696,2026-02-24T10:52:41+00:00,ACTIONED,MEDIUM,POLICY-v1
ALT-007697,CMP-007697,2026-06-01T21:55:36+00:00,ACTIONED,MEDIUM,POLICY-v1
ALT-007698,CMP-007698,2026-01-01T10:07:12+00:00,ACTIONED,LOW,POLICY-v1
ALT-007699,CMP-007699,2026-04-13T19:31:58+00:00,ACTIONED,MEDIUM,POLICY-v1
ALT-007700,CMP-007700,2026-01-22T17:39:46+00:00,ACKNOWLEDGED,MEDIUM,POLICY-v1
ALT-007701,CMP-007701,2026-04-22T09:41:48+00:00,PENDING,LOW,POLICY-v1
ALT-007702,CMP-007702,2026-03-24T10:59:16+00:00,EXPIRED,HIGH,POLICY-v1
ALT-007703,CMP-007703,2026-03-13T00:27:47+00:00,ACTIONED,LOW,POLICY-v1
ALT-007704,CMP-007704,2026-06-10T10:30:47+00:00,EXPIRED,LOW,POLICY-v1
ALT-007705,CMP-007705,2026-02-20T04:35:43+00:00,ACTIONED,HIGH,POLICY-v1
ALT-007706,CMP-007706,2026-02-04T02:11:42+00:00,ACTIONED,MEDIUM,POLICY-v1
ALT-007707,CMP-007707,2026-05-06T13:31:46+00:00,ACTIONED,HIGH,POLICY-v1
ALT-007708,CMP-007708,2026-05-20T00:59:21+00:00,ACTIONED,HIGH,POLICY-v1
ALT-007709,CMP-007709,2026-03-16T19:02:44+00:00,ACKNOWLEDGED,LOW,POLICY-v1
ALT-007710,CMP-007710,2026-02-18T04:22:38+00:00,ACTIONED,HIGH,POLICY-v1
ALT-007711,CMP-007711,2026-05-15T19:03:20+00:00,ACTIONED,HIGH,POLICY-v1
ALT-007712,CMP-007712,2026-01-20T18:24:19+00:00,ACTIONED,LOW,POLICY-v1
ALT-007713,CMP-007713,2026-05-23T20:59:01+00:00,ACTIONED,LOW,POLICY-v1
ALT-007714,CMP-007714,2026-02-01T08:55:40+00:00,EXPIRED,MEDIUM,POLICY-v1
ALT-007715,CMP-007715,2026-05-16T09:55:23+00:00,ACKNOWLEDGED,HIGH,POLICY-v1
ALT-007716,CMP-007716,2026-02-01T19:07:00+00:00,PENDING,MEDIUM,POLICY-v1
ALT-007717,CMP-007717,2026-06-08T18:56:10+00:00,ACKNOWLEDGED,LOW,POLICY-v1
ALT-007718,CMP-007718,2026-01-23T02:43:22+00:00,ACTIONED,HIGH,POLICY-v1
ALT-007719,CMP-007719,2026-02-24T15:09:14+00:00,ACKNOWLEDGED,MEDIUM,POLICY-v1
ALT-007720,CMP-007720,2026-01-24T14:51:08+00:00,EXPIRED,LOW,POLICY-v1
ALT-007721,CMP-007721,2026-01-05T14:10:46+00:00,ACTIONED,HIGH,POLICY-v1
ALT-007722,CMP-007722,2026-03-31T06:58:59+00:00,ACKNOWLEDGED,HIGH,POLICY-v1
ALT-007723,CMP-007723,2026-04-10T22:51:17+00:00,PENDING,MEDIUM,POLICY-v1
ALT-007724,CMP-007724,2026-05-17T21:31:19+00:00,ACTIONED,LOW,POLICY-v1
ALT-007725,CMP-007725,2026-06-18T13:21:03+00:00,ACTIONED,HIGH,POLICY-v1
ALT-007726,CMP-007726,2026-04-03T01:55:41+00:00,ACTIONED,MEDIUM,POLICY-v1
ALT-007727,CMP-007727,2026-04-14T21:11:36+00:00,ACTIONED,LOW,POLICY-v1
ALT-007728,CMP-007728,2026-03-18T00:10:47+00:00,PENDING,HIGH,POLICY-v1
ALT-007729,CMP-007729,2026-05-23T15:22:55+00:00,ACKNOWLEDGED,LOW,POLICY-v1
ALT-007730,CMP-007730,2026-03-07T13:20:50+00:00,ACTIONED,LOW,POLICY-v1
ALT-007731,CMP-007731,2026-04-17T21:16:35+00:00,PENDING,MEDIUM,POLICY-v1
ALT-007732,CMP-007732,2026-06-12T21:05:31+00:00,PENDING,LOW,POLICY-v1
ALT-007733,CMP-007733,2026-04-12T05:21:15+00:00,PENDING,MEDIUM,POLICY-v1
ALT-007734,CMP-007734,2026-06-10T17:06:43+00:00,PENDING,HIGH,POLICY-v1
ALT-007735,CMP-007735,2026-01-04T14:41:11+00:00,ACTIONED,LOW,POLICY-v1
ALT-007736,CMP-007736,2026-05-25T18:55:08+00:00,ACKNOWLEDGED,MEDIUM,POLICY-v1
ALT-007737,CMP-007737,2026-01-07T02:28:24+00:00,ACTIONED,HIGH,POLICY-v1
ALT-007738,CMP-007738,2026-04-02T15:07:52+00:00,ACKNOWLEDGED,LOW,POLICY-v1
ALT-007739,CMP-007739,2026-01-22T06:19:51+00:00,ACKNOWLEDGED,LOW,POLICY-v1
ALT-007740,CMP-007740,2026-04-24T04:18:08+00:00,ACTIONED,HIGH,POLICY-v1
ALT-007741,CMP-007741,2026-01-13T10:47:13+00:00,ACTIONED,MEDIUM,POLICY-v1
ALT-007742,CMP-007742,2026-01-07T21:03:39+00:00,PENDING,MEDIUM,POLICY-v1
ALT-007743,CMP-007743,2026-02-15T23:51:02+00:00,EXPIRED,HIGH,POLICY-v1
ALT-007744,CMP-007744,2026-02-22T17:21:03+00:00,PENDING,MEDIUM,POLICY-v1
ALT-007745,CMP-007745,2026-02-23T04:55:05+00:00,ACTIONED,LOW,POLICY-v1
ALT-007746,CMP-007746,2026-06-06T18:41:15+00:00,ACKNOWLEDGED,MEDIUM,POLICY-v1
ALT-007747,CMP-007747,2026-06-07T04:54:14+00:00,ACTIONED,MEDIUM,POLICY-v1
ALT-007748,CMP-007748,2026-02-01T15:29:04+00:00,EXPIRED,MEDIUM,POLICY-v1
ALT-007749,CMP-007749,2026-05-06T23:51:20+00:00,ACTIONED,MEDIUM,POLICY-v1
ALT-007750,CMP-007750,2026-06-06T00:04:48+00:00,EXPIRED,HIGH,POLICY-v1
ALT-007751,CMP-007751,2026-03-23T05:43:36+00:00,ACTIONED,HIGH,POLICY-v1
ALT-007752,CMP-007752,2026-02-09T09:36:01+00:00,ACKNOWLEDGED,LOW,POLICY-v1
ALT-007753,CMP-007753,2026-05-24T20:04:18+00:00,PENDING,HIGH,POLICY-v1
ALT-007754,CMP-007754,2026-01-13T06:52:58+00:00,PENDING,HIGH,POLICY-v1
ALT-007755,CMP-007755,2026-02-19T09:47:13+00:00,EXPIRED,LOW,POLICY-v1
ALT-007756,CMP-007756,2026-02-14T03:55:56+00:00,EXPIRED,LOW,POLICY-v1
ALT-007757,CMP-007757,2026-04-23T04:52:46+00:00,ACTIONED,HIGH,POLICY-v1
ALT-007758,CMP-007758,2026-05-09T10:09:19+00:00,ACTIONED,LOW,POLICY-v1
ALT-007759,CMP-007759,2026-05-31T15:43:00+00:00,ACTIONED,MEDIUM,POLICY-v1
ALT-007760,CMP-007760,2026-05-27T22:23:55+00:00,ACTIONED,LOW,POLICY-v1
ALT-007761,CMP-007761,2026-06-17T22:23:34+00:00,PENDING,MEDIUM,POLICY-v1
ALT-007762,CMP-007762,2026-02-25T16:54:02+00:00,PENDING,LOW,POLICY-v1
ALT-007763,CMP-007763,2026-06-12T07:56:07+00:00,ACTIONED,HIGH,POLICY-v1
ALT-007764,CMP-007764,2026-05-03T09:40:31+00:00,ACTIONED,LOW,POLICY-v1
ALT-007765,CMP-007765,2026-06-05T13:28:34+00:00,ACTIONED,LOW,POLICY-v1
ALT-007766,CMP-007766,2026-03-28T15:33:47+00:00,PENDING,LOW,POLICY-v1
ALT-007767,CMP-007767,2026-06-11T22:48:54+00:00,ACTIONED,MEDIUM,POLICY-v1
ALT-007768,CMP-007768,2026-06-26T07:18:59+00:00,EXPIRED,HIGH,POLICY-v1
ALT-007769,CMP-007769,2026-03-21T02:47:32+00:00,EXPIRED,MEDIUM,POLICY-v1
ALT-007770,CMP-007770,2026-02-01T22:25:28+00:00,ACKNOWLEDGED,HIGH,POLICY-v1
ALT-007771,CMP-007771,2026-04-17T20:40:56+00:00,ACKNOWLEDGED,LOW,POLICY-v1
ALT-007772,CMP-007772,2026-01-13T23:47:38+00:00,ACTIONED,MEDIUM,POLICY-v1
ALT-007773,CMP-007773,2026-04-28T16:06:50+00:00,ACKNOWLEDGED,HIGH,POLICY-v1
ALT-007774,CMP-007774,2026-06-09T07:53:34+00:00,ACTIONED,MEDIUM,POLICY-v1
ALT-007775,CMP-007775,2026-03-06T04:29:14+00:00,EXPIRED,MEDIUM,POLICY-v1
ALT-007776,CMP-007776,2026-03-31T22:50:27+00:00,ACTIONED,HIGH,POLICY-v1
ALT-007777,CMP-007777,2026-03-25T04:35:30+00:00,ACTIONED,HIGH,POLICY-v1
ALT-007778,CMP-007778,2026-02-19T01:10:03+00:00,ACTIONED,MEDIUM,POLICY-v1
ALT-007779,CMP-007779,2026-05-02T08:46:36+00:00,EXPIRED,LOW,POLICY-v1
ALT-007780,CMP-007780,2026-01-01T00:18:34+00:00,ACTIONED,MEDIUM,POLICY-v1
ALT-007781,CMP-007781,2026-03-30T10:14:34+00:00,PENDING,LOW,POLICY-v1
ALT-007782,CMP-007782,2026-05-03T18:39:18+00:00,ACKNOWLEDGED,HIGH,POLICY-v1
ALT-007783,CMP-007783,2026-02-16T23:42:33+00:00,PENDING,HIGH,POLICY-v1
ALT-007784,CMP-007784,2026-05-04T15:45:00+00:00,PENDING,LOW,POLICY-v1
ALT-007785,CMP-007785,2026-03-22T06:32:21+00:00,ACTIONED,LOW,POLICY-v1
ALT-007786,CMP-007786,2026-04-11T08:40:57+00:00,ACTIONED,HIGH,POLICY-v1
ALT-007787,CMP-007787,2026-04-28T01:45:10+00:00,ACTIONED,MEDIUM,POLICY-v1
ALT-007788,CMP-007788,2026-03-03T19:49:48+00:00,ACTIONED,MEDIUM,POLICY-v1
ALT-007789,CMP-007789,2026-05-25T12:47:56+00:00,ACTIONED,LOW,POLICY-v1
ALT-007790,CMP-007790,2026-04-08T09:03:29+00:00,ACTIONED,LOW,POLICY-v1
ALT-007791,CMP-007791,2026-01-31T07:15:28+00:00,ACTIONED,HIGH,POLICY-v1
ALT-007792,CMP-007792,2026-01-05T10:57:23+00:00,ACTIONED,HIGH,POLICY-v1
ALT-007793,CMP-007793,2026-06-13T23:25:20+00:00,ACTIONED,LOW,POLICY-v1
ALT-007794,CMP-007794,2026-06-07T19:35:07+00:00,PENDING,LOW,POLICY-v1
ALT-007795,CMP-007795,2026-04-15T23:05:29+00:00,PENDING,HIGH,POLICY-v1
ALT-007796,CMP-007796,2026-06-05T18:00:17+00:00,ACTIONED,MEDIUM,POLICY-v1
ALT-007797,CMP-007797,2026-03-14T13:19:28+00:00,ACKNOWLEDGED,MEDIUM,POLICY-v1
ALT-007798,CMP-007798,2026-04-03T11:06:17+00:00,EXPIRED,MEDIUM,POLICY-v1
ALT-007799,CMP-007799,2026-03-16T09:19:50+00:00,ACKNOWLEDGED,LOW,POLICY-v1
ALT-007800,CMP-007800,2026-02-03T00:47:56+00:00,ACTIONED,HIGH,POLICY-v1
ALT-007801,CMP-007801,2026-03-01T04:36:23+00:00,ACTIONED,LOW,POLICY-v1
ALT-007802,CMP-007802,2026-05-23T04:47:40+00:00,ACTIONED,LOW,POLICY-v1
ALT-007803,CMP-007803,2026-05-20T14:09:18+00:00,ACKNOWLEDGED,MEDIUM,POLICY-v1
ALT-007804,CMP-007804,2026-04-06T08:11:57+00:00,ACTIONED,HIGH,POLICY-v1
ALT-007805,CMP-007805,2026-05-08T00:11:35+00:00,ACTIONED,LOW,POLICY-v1
ALT-007806,CMP-007806,2026-03-21T08:51:44+00:00,ACTIONED,MEDIUM,POLICY-v1
ALT-007807,CMP-007807,2026-01-24T02:51:54+00:00,ACTIONED,MEDIUM,POLICY-v1
ALT-007808,CMP-007808,2026-01-21T05:29:34+00:00,ACTIONED,HIGH,POLICY-v1
ALT-007809,CMP-007809,2026-06-14T01:09:26+00:00,ACTIONED,LOW,POLICY-v1
ALT-007810,CMP-007810,2026-06-25T17:55:59+00:00,EXPIRED,HIGH,POLICY-v1
ALT-007811,CMP-007811,2026-06-25T22:04:47+00:00,ACTIONED,HIGH,POLICY-v1
ALT-007812,CMP-007812,2026-03-09T14:04:37+00:00,ACTIONED,LOW,POLICY-v1
ALT-007813,CMP-007813,2026-05-11T23:53:09+00:00,ACTIONED,HIGH,POLICY-v1
ALT-007814,CMP-007814,2026-01-22T14:03:56+00:00,ACTIONED,HIGH,POLICY-v1
ALT-007815,CMP-007815,2026-01-30T04:14:00+00:00,ACTIONED,HIGH,POLICY-v1
ALT-007816,CMP-007816,2026-06-10T19:55:26+00:00,EXPIRED,HIGH,POLICY-v1
ALT-007817,CMP-007817,2026-06-28T00:14:14+00:00,ACKNOWLEDGED,MEDIUM,POLICY-v1
ALT-007818,CMP-007818,2026-06-13T02:10:17+00:00,ACKNOWLEDGED,LOW,POLICY-v1
ALT-007819,CMP-007819,2026-04-02T12:38:39+00:00,ACKNOWLEDGED,MEDIUM,POLICY-v1
ALT-007820,CMP-007820,2026-04-17T21:23:04+00:00,ACTIONED,LOW,POLICY-v1
ALT-007821,CMP-007821,2026-03-10T20:42:28+00:00,ACKNOWLEDGED,MEDIUM,POLICY-v1
ALT-007822,CMP-007822,2026-03-26T14:22:16+00:00,PENDING,LOW,POLICY-v1
ALT-007823,CMP-007823,2026-04-05T15:17:32+00:00,PENDING,HIGH,POLICY-v1
ALT-007824,CMP-007824,2026-01-16T19:43:12+00:00,ACTIONED,HIGH,POLICY-v1
ALT-007825,CMP-007825,2026-02-25T10:35:15+00:00,ACKNOWLEDGED,LOW,POLICY-v1
ALT-007826,CMP-007826,2026-06-26T17:33:12+00:00,ACTIONED,MEDIUM,POLICY-v1
ALT-007827,CMP-007827,2026-06-05T15:15:05+00:00,ACTIONED,HIGH,POLICY-v1
ALT-007828,CMP-007828,2026-03-21T13:35:42+00:00,ACTIONED,HIGH,POLICY-v1
ALT-007829,CMP-007829,2026-02-24T06:55:27+00:00,ACTIONED,HIGH,POLICY-v1
ALT-007830,CMP-007830,2026-04-07T18:33:37+00:00,ACKNOWLEDGED,LOW,POLICY-v1
ALT-007831,CMP-007831,2026-03-30T01:21:26+00:00,EXPIRED,HIGH,POLICY-v1
ALT-007832,CMP-007832,2026-04-17T07:49:21+00:00,ACTIONED,LOW,POLICY-v1
ALT-007833,CMP-007833,2026-02-08T22:12:28+00:00,ACTIONED,HIGH,POLICY-v1
ALT-007834,CMP-007834,2026-05-17T09:19:36+00:00,ACTIONED,LOW,POLICY-v1
ALT-007835,CMP-007835,2026-03-28T22:10:35+00:00,ACTIONED,LOW,POLICY-v1
ALT-007836,CMP-007836,2026-06-05T11:47:08+00:00,ACTIONED,HIGH,POLICY-v1
ALT-007837,CMP-007837,2026-06-23T22:25:10+00:00,ACTIONED,LOW,POLICY-v1
ALT-007838,CMP-007838,2026-03-05T19:15:21+00:00,ACTIONED,LOW,POLICY-v1
ALT-007839,CMP-007839,2026-04-21T18:42:15+00:00,ACTIONED,LOW,POLICY-v1
ALT-007840,CMP-007840,2026-04-28T16:49:20+00:00,EXPIRED,MEDIUM,POLICY-v1
ALT-007841,CMP-007841,2026-03-01T00:43:37+00:00,EXPIRED,MEDIUM,POLICY-v1
ALT-007842,CMP-007842,2026-01-30T00:19:13+00:00,ACKNOWLEDGED,LOW,POLICY-v1
ALT-007843,CMP-007843,2026-01-07T01:52:38+00:00,EXPIRED,HIGH,POLICY-v1
ALT-007844,CMP-007844,2026-06-03T14:24:44+00:00,ACKNOWLEDGED,HIGH,POLICY-v1
ALT-007845,CMP-007845,2026-06-18T09:42:02+00:00,ACTIONED,HIGH,POLICY-v1
ALT-007846,CMP-007846,2026-05-07T10:45:32+00:00,ACKNOWLEDGED,LOW,POLICY-v1
ALT-007847,CMP-007847,2026-01-27T09:20:26+00:00,PENDING,HIGH,POLICY-v1
ALT-007848,CMP-007848,2026-06-14T12:02:34+00:00,ACKNOWLEDGED,MEDIUM,POLICY-v1
ALT-007849,CMP-007849,2026-02-07T13:48:17+00:00,ACTIONED,MEDIUM,POLICY-v1
ALT-007850,CMP-007850,2026-05-10T08:50:01+00:00,ACKNOWLEDGED,HIGH,POLICY-v1
ALT-007851,CMP-007851,2026-04-03T15:10:05+00:00,ACTIONED,LOW,POLICY-v1
ALT-007852,CMP-007852,2026-06-18T17:56:34+00:00,ACTIONED,MEDIUM,POLICY-v1
ALT-007853,CMP-007853,2026-05-29T14:42:09+00:00,ACTIONED,LOW,POLICY-v1
ALT-007854,CMP-007854,2026-01-12T21:54:29+00:00,ACKNOWLEDGED,LOW,POLICY-v1
ALT-007855,CMP-007855,2026-04-25T18:25:04+00:00,PENDING,HIGH,POLICY-v1
ALT-007856,CMP-007856,2026-05-21T04:35:12+00:00,ACTIONED,HIGH,POLICY-v1
ALT-007857,CMP-007857,2026-04-06T01:13:10+00:00,EXPIRED,HIGH,POLICY-v1
ALT-007858,CMP-007858,2026-05-22T15:17:23+00:00,ACTIONED,LOW,POLICY-v1
ALT-007859,CMP-007859,2026-02-07T07:01:20+00:00,EXPIRED,HIGH,POLICY-v1
ALT-007860,CMP-007860,2026-01-03T00:43:04+00:00,ACTIONED,MEDIUM,POLICY-v1
ALT-007861,CMP-007861,2026-05-27T02:22:10+00:00,ACKNOWLEDGED,LOW,POLICY-v1
ALT-007862,CMP-007862,2026-06-06T14:02:26+00:00,ACTIONED,LOW,POLICY-v1
ALT-007863,CMP-007863,2026-04-13T02:11:01+00:00,ACTIONED,MEDIUM,POLICY-v1
ALT-007864,CMP-007864,2026-02-24T00:28:01+00:00,ACKNOWLEDGED,LOW,POLICY-v1
ALT-007865,CMP-007865,2026-01-21T07:16:04+00:00,ACTIONED,LOW,POLICY-v1
ALT-007866,CMP-007866,2026-04-20T13:36:59+00:00,ACKNOWLEDGED,HIGH,POLICY-v1
ALT-007867,CMP-007867,2026-02-13T16:32:25+00:00,PENDING,HIGH,POLICY-v1
ALT-007868,CMP-007868,2026-01-12T10:39:29+00:00,ACTIONED,LOW,POLICY-v1
ALT-007869,CMP-007869,2026-01-02T03:23:09+00:00,EXPIRED,LOW,POLICY-v1
ALT-007870,CMP-007870,2026-04-17T11:41:40+00:00,ACTIONED,LOW,POLICY-v1
ALT-007871,CMP-007871,2026-04-27T04:56:15+00:00,EXPIRED,MEDIUM,POLICY-v1
ALT-007872,CMP-007872,2026-02-10T09:56:30+00:00,ACTIONED,HIGH,POLICY-v1
ALT-007873,CMP-007873,2026-03-26T13:45:30+00:00,ACTIONED,LOW,POLICY-v1
ALT-007874,CMP-007874,2026-06-29T22:17:06+00:00,ACTIONED,HIGH,POLICY-v1
ALT-007875,CMP-007875,2026-04-27T20:35:11+00:00,ACTIONED,HIGH,POLICY-v1
ALT-007876,CMP-007876,2026-03-11T21:45:33+00:00,PENDING,LOW,POLICY-v1
ALT-007877,CMP-007877,2026-04-10T02:11:30+00:00,ACKNOWLEDGED,LOW,POLICY-v1
ALT-007878,CMP-007878,2026-06-14T22:19:43+00:00,ACTIONED,LOW,POLICY-v1
ALT-007879,CMP-007879,2026-03-03T12:50:03+00:00,ACKNOWLEDGED,LOW,POLICY-v1
ALT-007880,CMP-007880,2026-02-13T04:06:31+00:00,ACKNOWLEDGED,MEDIUM,POLICY-v1
ALT-007881,CMP-007881,2026-01-18T01:39:31+00:00,ACTIONED,LOW,POLICY-v1
ALT-007882,CMP-007882,2026-03-16T10:02:42+00:00,ACTIONED,LOW,POLICY-v1
ALT-007883,CMP-007883,2026-02-07T18:00:44+00:00,ACKNOWLEDGED,LOW,POLICY-v1
ALT-007884,CMP-007884,2026-03-21T21:57:12+00:00,PENDING,HIGH,POLICY-v1
ALT-007885,CMP-007885,2026-02-07T01:14:26+00:00,EXPIRED,MEDIUM,POLICY-v1
ALT-007886,CMP-007886,2026-05-22T09:06:11+00:00,ACTIONED,HIGH,POLICY-v1
ALT-007887,CMP-007887,2026-05-31T09:34:08+00:00,ACTIONED,HIGH,POLICY-v1
ALT-007888,CMP-007888,2026-06-17T08:22:05+00:00,ACTIONED,HIGH,POLICY-v1
ALT-007889,CMP-007889,2026-03-30T16:26:19+00:00,ACTIONED,HIGH,POLICY-v1
ALT-007890,CMP-007890,2026-04-26T18:37:44+00:00,PENDING,MEDIUM,POLICY-v1
ALT-007891,CMP-007891,2026-05-24T16:51:14+00:00,ACTIONED,LOW,POLICY-v1
ALT-007892,CMP-007892,2026-03-03T17:44:08+00:00,ACKNOWLEDGED,MEDIUM,POLICY-v1
ALT-007893,CMP-007893,2026-04-24T06:14:33+00:00,ACTIONED,LOW,POLICY-v1
ALT-007894,CMP-007894,2026-03-18T17:14:45+00:00,ACTIONED,LOW,POLICY-v1
ALT-007895,CMP-007895,2026-04-27T11:42:19+00:00,PENDING,MEDIUM,POLICY-v1
ALT-007896,CMP-007896,2026-02-16T12:31:17+00:00,ACTIONED,MEDIUM,POLICY-v1
ALT-007897,CMP-007897,2026-06-21T22:28:16+00:00,PENDING,LOW,POLICY-v1
ALT-007898,CMP-007898,2026-03-10T04:55:51+00:00,ACKNOWLEDGED,HIGH,POLICY-v1
ALT-007899,CMP-007899,2026-05-27T15:25:42+00:00,PENDING,HIGH,POLICY-v1
ALT-007900,CMP-007900,2026-06-18T01:45:23+00:00,ACKNOWLEDGED,LOW,POLICY-v1
ALT-007901,CMP-007901,2026-03-06T06:46:04+00:00,ACKNOWLEDGED,LOW,POLICY-v1
ALT-007902,CMP-007902,2026-04-28T21:15:49+00:00,ACTIONED,LOW,POLICY-v1
ALT-007903,CMP-007903,2026-02-19T20:20:44+00:00,ACTIONED,LOW,POLICY-v1
ALT-007904,CMP-007904,2026-04-25T05:51:26+00:00,ACKNOWLEDGED,LOW,POLICY-v1
ALT-007905,CMP-007905,2026-02-08T03:52:46+00:00,ACKNOWLEDGED,MEDIUM,POLICY-v1
ALT-007906,CMP-007906,2026-06-13T16:11:13+00:00,ACTIONED,LOW,POLICY-v1
ALT-007907,CMP-007907,2026-01-16T05:44:26+00:00,EXPIRED,MEDIUM,POLICY-v1
ALT-007908,CMP-007908,2026-06-14T16:14:00+00:00,ACTIONED,HIGH,POLICY-v1
ALT-007909,CMP-007909,2026-01-18T12:48:26+00:00,ACTIONED,MEDIUM,POLICY-v1
ALT-007910,CMP-007910,2026-01-07T03:20:44+00:00,EXPIRED,MEDIUM,POLICY-v1
ALT-007911,CMP-007911,2026-03-21T03:34:43+00:00,ACTIONED,LOW,POLICY-v1
ALT-007912,CMP-007912,2026-04-03T03:24:57+00:00,PENDING,LOW,POLICY-v1
ALT-007913,CMP-007913,2026-03-02T15:59:45+00:00,ACTIONED,MEDIUM,POLICY-v1
ALT-007914,CMP-007914,2026-03-08T00:28:27+00:00,EXPIRED,LOW,POLICY-v1
ALT-007915,CMP-007915,2026-03-30T05:03:16+00:00,ACKNOWLEDGED,MEDIUM,POLICY-v1
ALT-007916,CMP-007916,2026-05-14T16:01:35+00:00,PENDING,MEDIUM,POLICY-v1
ALT-007917,CMP-007917,2026-04-26T09:40:52+00:00,ACTIONED,MEDIUM,POLICY-v1
ALT-007918,CMP-007918,2026-06-24T16:03:42+00:00,ACTIONED,HIGH,POLICY-v1
ALT-007919,CMP-007919,2026-03-10T13:38:03+00:00,ACTIONED,MEDIUM,POLICY-v1
ALT-007920,CMP-007920,2026-01-14T06:12:00+00:00,EXPIRED,MEDIUM,POLICY-v1
ALT-007921,CMP-007921,2026-04-23T13:22:48+00:00,ACTIONED,LOW,POLICY-v1
ALT-007922,CMP-007922,2026-05-13T22:12:42+00:00,ACKNOWLEDGED,MEDIUM,POLICY-v1
ALT-007923,CMP-007923,2026-01-15T20:13:15+00:00,EXPIRED,HIGH,POLICY-v1
ALT-007924,CMP-007924,2026-02-09T03:43:55+00:00,ACKNOWLEDGED,MEDIUM,POLICY-v1
ALT-007925,CMP-007925,2026-05-06T05:30:29+00:00,ACKNOWLEDGED,MEDIUM,POLICY-v1
ALT-007926,CMP-007926,2026-05-04T07:52:37+00:00,ACTIONED,MEDIUM,POLICY-v1
ALT-007927,CMP-007927,2026-01-03T16:17:19+00:00,ACTIONED,HIGH,POLICY-v1
ALT-007928,CMP-007928,2026-02-02T17:33:40+00:00,ACKNOWLEDGED,MEDIUM,POLICY-v1
ALT-007929,CMP-007929,2026-04-25T12:01:38+00:00,ACTIONED,LOW,POLICY-v1
ALT-007930,CMP-007930,2026-03-07T19:34:34+00:00,ACKNOWLEDGED,LOW,POLICY-v1
ALT-007931,CMP-007931,2026-05-26T13:56:53+00:00,ACKNOWLEDGED,HIGH,POLICY-v1
ALT-007932,CMP-007932,2026-04-15T22:18:58+00:00,ACKNOWLEDGED,LOW,POLICY-v1
ALT-007933,CMP-007933,2026-02-11T05:00:11+00:00,ACTIONED,HIGH,POLICY-v1
ALT-007934,CMP-007934,2026-04-13T07:46:35+00:00,ACTIONED,LOW,POLICY-v1
ALT-007935,CMP-007935,2026-02-17T00:16:10+00:00,ACKNOWLEDGED,LOW,POLICY-v1
ALT-007936,CMP-007936,2026-05-31T15:27:30+00:00,ACTIONED,HIGH,POLICY-v1
ALT-007937,CMP-007937,2026-04-04T02:57:53+00:00,ACKNOWLEDGED,HIGH,POLICY-v1
ALT-007938,CMP-007938,2026-06-22T03:58:37+00:00,ACTIONED,LOW,POLICY-v1
ALT-007939,CMP-007939,2026-06-02T19:23:02+00:00,ACTIONED,HIGH,POLICY-v1
ALT-007940,CMP-007940,2026-02-15T14:08:01+00:00,EXPIRED,LOW,POLICY-v1
ALT-007941,CMP-007941,2026-02-09T07:22:12+00:00,ACTIONED,MEDIUM,POLICY-v1
ALT-007942,CMP-007942,2026-01-26T10:45:56+00:00,EXPIRED,HIGH,POLICY-v1
ALT-007943,CMP-007943,2026-05-11T12:17:56+00:00,ACKNOWLEDGED,MEDIUM,POLICY-v1
ALT-007944,CMP-007944,2026-06-10T12:11:50+00:00,EXPIRED,HIGH,POLICY-v1
ALT-007945,CMP-007945,2026-05-25T23:23:38+00:00,ACTIONED,HIGH,POLICY-v1
ALT-007946,CMP-007946,2026-04-16T17:37:24+00:00,ACTIONED,MEDIUM,POLICY-v1
ALT-007947,CMP-007947,2026-04-21T13:57:52+00:00,ACTIONED,MEDIUM,POLICY-v1
ALT-007948,CMP-007948,2026-06-18T11:04:43+00:00,PENDING,HIGH,POLICY-v1
ALT-007949,CMP-007949,2026-02-02T20:06:54+00:00,ACTIONED,LOW,POLICY-v1
ALT-007950,CMP-007950,2026-01-16T21:33:13+00:00,ACTIONED,HIGH,POLICY-v1
ALT-007951,CMP-007951,2026-03-09T15:23:59+00:00,ACTIONED,MEDIUM,POLICY-v1
ALT-007952,CMP-007952,2026-05-28T09:23:11+00:00,ACKNOWLEDGED,HIGH,POLICY-v1
ALT-007953,CMP-007953,2026-03-15T05:35:20+00:00,ACTIONED,MEDIUM,POLICY-v1
ALT-007954,CMP-007954,2026-01-17T05:26:34+00:00,PENDING,MEDIUM,POLICY-v1
ALT-007955,CMP-007955,2026-04-08T19:54:33+00:00,ACTIONED,MEDIUM,POLICY-v1
ALT-007956,CMP-007956,2026-02-13T13:45:06+00:00,PENDING,LOW,POLICY-v1
ALT-007957,CMP-007957,2026-05-02T16:40:18+00:00,ACTIONED,LOW,POLICY-v1
ALT-007958,CMP-007958,2026-06-24T22:22:31+00:00,ACTIONED,LOW,POLICY-v1
ALT-007959,CMP-007959,2026-05-15T14:25:52+00:00,EXPIRED,LOW,POLICY-v1
ALT-007960,CMP-007960,2026-02-20T23:16:28+00:00,ACKNOWLEDGED,LOW,POLICY-v1
ALT-007961,CMP-007961,2026-03-20T04:09:38+00:00,PENDING,MEDIUM,POLICY-v1
ALT-007962,CMP-007962,2026-02-28T15:16:30+00:00,ACKNOWLEDGED,MEDIUM,POLICY-v1
ALT-007963,CMP-007963,2026-06-10T05:44:03+00:00,PENDING,HIGH,POLICY-v1
ALT-007964,CMP-007964,2026-04-24T20:10:29+00:00,ACKNOWLEDGED,HIGH,POLICY-v1
ALT-007965,CMP-007965,2026-04-02T15:39:09+00:00,ACTIONED,LOW,POLICY-v1
ALT-007966,CMP-007966,2026-03-15T01:29:57+00:00,ACKNOWLEDGED,HIGH,POLICY-v1
ALT-007967,CMP-007967,2026-04-18T21:00:19+00:00,ACKNOWLEDGED,HIGH,POLICY-v1
ALT-007968,CMP-007968,2026-05-13T04:32:27+00:00,ACTIONED,MEDIUM,POLICY-v1
ALT-007969,CMP-007969,2026-01-16T05:44:30+00:00,EXPIRED,MEDIUM,POLICY-v1
ALT-007970,CMP-007970,2026-03-18T00:19:26+00:00,ACTIONED,HIGH,POLICY-v1
ALT-007971,CMP-007971,2026-06-27T16:49:58+00:00,EXPIRED,MEDIUM,POLICY-v1
ALT-007972,CMP-007972,2026-06-13T23:15:03+00:00,PENDING,MEDIUM,POLICY-v1
ALT-007973,CMP-007973,2026-04-01T16:40:38+00:00,ACTIONED,HIGH,POLICY-v1
ALT-007974,CMP-007974,2026-03-28T04:58:37+00:00,ACTIONED,MEDIUM,POLICY-v1
ALT-007975,CMP-007975,2026-03-06T18:15:41+00:00,EXPIRED,MEDIUM,POLICY-v1
ALT-007976,CMP-007976,2026-03-27T19:24:02+00:00,ACKNOWLEDGED,MEDIUM,POLICY-v1
ALT-007977,CMP-007977,2026-02-22T08:36:18+00:00,ACTIONED,MEDIUM,POLICY-v1
ALT-007978,CMP-007978,2026-04-26T00:29:53+00:00,ACKNOWLEDGED,MEDIUM,POLICY-v1
ALT-007979,CMP-007979,2026-01-16T18:21:37+00:00,ACTIONED,MEDIUM,POLICY-v1
ALT-007980,CMP-007980,2026-06-09T07:12:34+00:00,ACKNOWLEDGED,LOW,POLICY-v1
ALT-007981,CMP-007981,2026-06-11T18:22:33+00:00,PENDING,LOW,POLICY-v1
ALT-007982,CMP-007982,2026-06-15T09:14:02+00:00,ACKNOWLEDGED,MEDIUM,POLICY-v1
ALT-007983,CMP-007983,2026-05-12T15:50:12+00:00,ACKNOWLEDGED,LOW,POLICY-v1
ALT-007984,CMP-007984,2026-05-04T18:18:51+00:00,ACTIONED,LOW,POLICY-v1
ALT-007985,CMP-007985,2026-05-05T03:55:12+00:00,ACTIONED,MEDIUM,POLICY-v1
ALT-007986,CMP-007986,2026-01-20T06:51:11+00:00,EXPIRED,MEDIUM,POLICY-v1
ALT-007987,CMP-007987,2026-03-17T06:47:09+00:00,EXPIRED,HIGH,POLICY-v1
ALT-007988,CMP-007988,2026-03-28T10:08:02+00:00,PENDING,LOW,POLICY-v1
ALT-007989,CMP-007989,2026-04-20T20:01:36+00:00,EXPIRED,MEDIUM,POLICY-v1
ALT-007990,CMP-007990,2026-01-15T07:38:40+00:00,ACTIONED,HIGH,POLICY-v1
ALT-007991,CMP-007991,2026-06-05T08:30:54+00:00,PENDING,MEDIUM,POLICY-v1
ALT-007992,CMP-007992,2026-02-21T19:52:06+00:00,PENDING,HIGH,POLICY-v1
ALT-007993,CMP-007993,2026-04-05T11:33:39+00:00,ACKNOWLEDGED,MEDIUM,POLICY-v1
ALT-007994,CMP-007994,2026-04-19T05:06:26+00:00,ACTIONED,LOW,POLICY-v1
ALT-007995,CMP-007995,2026-06-04T23:40:37+00:00,EXPIRED,LOW,POLICY-v1
ALT-007996,CMP-007996,2026-05-10T04:26:35+00:00,ACTIONED,HIGH,POLICY-v1
ALT-007997,CMP-007997,2026-05-30T07:03:40+00:00,ACKNOWLEDGED,HIGH,POLICY-v1
ALT-007998,CMP-007998,2026-03-10T16:51:52+00:00,ACTIONED,MEDIUM,POLICY-v1
ALT-007999,CMP-007999,2026-02-26T04:48:32+00:00,ACTIONED,MEDIUM,POLICY-v1
ALT-008000,CMP-008000,2026-03-23T22:48:38+00:00,PENDING,MEDIUM,POLICY-v1
ALT-008001,CMP-008001,2026-03-28T03:33:59+00:00,ACTIONED,LOW,POLICY-v1
ALT-008002,CMP-008002,2026-04-20T13:04:57+00:00,PENDING,HIGH,POLICY-v1
ALT-008003,CMP-008003,2026-02-20T02:30:31+00:00,PENDING,HIGH,POLICY-v1
ALT-008004,CMP-008004,2026-04-25T21:47:19+00:00,EXPIRED,HIGH,POLICY-v1
ALT-008005,CMP-008005,2026-05-04T04:19:54+00:00,ACTIONED,LOW,POLICY-v1
ALT-008006,CMP-008006,2026-03-23T08:06:58+00:00,ACKNOWLEDGED,LOW,POLICY-v1
ALT-008007,CMP-008007,2026-03-31T10:49:33+00:00,PENDING,HIGH,POLICY-v1
ALT-008008,CMP-008008,2026-05-20T16:09:12+00:00,ACTIONED,HIGH,POLICY-v1
ALT-008009,CMP-008009,2026-03-09T20:00:48+00:00,ACKNOWLEDGED,HIGH,POLICY-v1
ALT-008010,CMP-008010,2026-05-15T07:07:30+00:00,PENDING,MEDIUM,POLICY-v1
ALT-008011,CMP-008011,2026-03-13T09:40:38+00:00,ACTIONED,LOW,POLICY-v1
ALT-008012,CMP-008012,2026-04-02T21:00:05+00:00,EXPIRED,HIGH,POLICY-v1
ALT-008013,CMP-008013,2026-01-03T02:34:56+00:00,ACTIONED,LOW,POLICY-v1
ALT-008014,CMP-008014,2026-04-18T21:40:44+00:00,ACTIONED,HIGH,POLICY-v1
ALT-008015,CMP-008015,2026-04-14T01:41:49+00:00,ACTIONED,LOW,POLICY-v1
ALT-008016,CMP-008016,2026-04-23T09:35:26+00:00,ACTIONED,HIGH,POLICY-v1
ALT-008017,CMP-008017,2026-05-08T21:29:58+00:00,EXPIRED,LOW,POLICY-v1
ALT-008018,CMP-008018,2026-02-09T23:33:10+00:00,ACKNOWLEDGED,MEDIUM,POLICY-v1
ALT-008019,CMP-008019,2026-05-22T15:46:57+00:00,ACTIONED,MEDIUM,POLICY-v1
ALT-008020,CMP-008020,2026-06-28T02:28:59+00:00,ACTIONED,HIGH,POLICY-v1
ALT-008021,CMP-008021,2026-05-17T17:36:39+00:00,EXPIRED,MEDIUM,POLICY-v1
ALT-008022,CMP-008022,2026-05-11T02:12:45+00:00,ACTIONED,LOW,POLICY-v1
ALT-008023,CMP-008023,2026-05-30T02:03:56+00:00,ACTIONED,HIGH,POLICY-v1
ALT-008024,CMP-008024,2026-03-18T06:35:10+00:00,ACTIONED,HIGH,POLICY-v1
ALT-008025,CMP-008025,2026-02-03T06:53:50+00:00,ACKNOWLEDGED,HIGH,POLICY-v1
ALT-008026,CMP-008026,2026-03-12T17:54:10+00:00,ACTIONED,MEDIUM,POLICY-v1
ALT-008027,CMP-008027,2026-03-23T18:46:55+00:00,ACTIONED,MEDIUM,POLICY-v1
ALT-008028,CMP-008028,2026-04-21T21:56:49+00:00,EXPIRED,HIGH,POLICY-v1
ALT-008029,CMP-008029,2026-04-13T02:12:03+00:00,PENDING,HIGH,POLICY-v1
ALT-008030,CMP-008030,2026-04-22T02:27:12+00:00,EXPIRED,HIGH,POLICY-v1
ALT-008031,CMP-008031,2026-04-26T14:47:43+00:00,EXPIRED,HIGH,POLICY-v1
ALT-008032,CMP-008032,2026-02-15T05:21:09+00:00,ACTIONED,LOW,POLICY-v1
ALT-008033,CMP-008033,2026-03-30T08:54:55+00:00,ACTIONED,LOW,POLICY-v1
ALT-008034,CMP-008034,2026-04-10T09:46:34+00:00,ACTIONED,LOW,POLICY-v1
ALT-008035,CMP-008035,2026-06-08T09:33:12+00:00,ACKNOWLEDGED,HIGH,POLICY-v1
ALT-008036,CMP-008036,2026-02-18T22:47:11+00:00,ACTIONED,LOW,POLICY-v1
ALT-008037,CMP-008037,2026-03-12T12:25:52+00:00,EXPIRED,LOW,POLICY-v1
ALT-008038,CMP-008038,2026-05-04T00:39:25+00:00,PENDING,LOW,POLICY-v1
ALT-008039,CMP-008039,2026-05-03T16:35:44+00:00,EXPIRED,LOW,POLICY-v1
ALT-008040,CMP-008040,2026-05-28T13:25:34+00:00,PENDING,LOW,POLICY-v1
ALT-008041,CMP-008041,2026-05-10T09:21:06+00:00,ACTIONED,LOW,POLICY-v1
ALT-008042,CMP-008042,2026-05-28T20:12:45+00:00,ACTIONED,HIGH,POLICY-v1
ALT-008043,CMP-008043,2026-03-08T19:39:10+00:00,ACKNOWLEDGED,LOW,POLICY-v1
ALT-008044,CMP-008044,2026-06-26T00:02:14+00:00,ACTIONED,MEDIUM,POLICY-v1
ALT-008045,CMP-008045,2026-04-01T14:25:02+00:00,ACTIONED,MEDIUM,POLICY-v1
ALT-008046,CMP-008046,2026-06-04T12:45:38+00:00,PENDING,MEDIUM,POLICY-v1
ALT-008047,CMP-008047,2026-04-16T19:21:23+00:00,ACKNOWLEDGED,HIGH,POLICY-v1
ALT-008048,CMP-008048,2026-03-30T23:14:10+00:00,PENDING,HIGH,POLICY-v1
ALT-008049,CMP-008049,2026-05-25T10:00:32+00:00,EXPIRED,LOW,POLICY-v1
ALT-008050,CMP-008050,2026-02-28T03:45:27+00:00,ACTIONED,HIGH,POLICY-v1
ALT-008051,CMP-008051,2026-02-05T06:09:00+00:00,ACTIONED,LOW,POLICY-v1
ALT-008052,CMP-008052,2026-06-04T16:22:35+00:00,ACTIONED,HIGH,POLICY-v1
ALT-008053,CMP-008053,2026-01-12T19:34:54+00:00,ACTIONED,HIGH,POLICY-v1
ALT-008054,CMP-008054,2026-06-25T07:55:39+00:00,EXPIRED,LOW,POLICY-v1
ALT-008055,CMP-008055,2026-04-16T11:36:39+00:00,ACTIONED,HIGH,POLICY-v1
ALT-008056,CMP-008056,2026-04-03T03:34:22+00:00,EXPIRED,HIGH,POLICY-v1
ALT-008057,CMP-008057,2026-05-15T22:34:19+00:00,ACTIONED,MEDIUM,POLICY-v1
ALT-008058,CMP-008058,2026-05-27T06:25:09+00:00,PENDING,HIGH,POLICY-v1
ALT-008059,CMP-008059,2026-05-27T14:48:15+00:00,ACTIONED,MEDIUM,POLICY-v1
ALT-008060,CMP-008060,2026-04-04T20:51:01+00:00,ACTIONED,HIGH,POLICY-v1
ALT-008061,CMP-008061,2026-03-29T14:26:01+00:00,PENDING,MEDIUM,POLICY-v1
ALT-008062,CMP-008062,2026-02-02T23:49:27+00:00,ACTIONED,LOW,POLICY-v1
ALT-008063,CMP-008063,2026-04-25T00:00:45+00:00,ACTIONED,LOW,POLICY-v1
ALT-008064,CMP-008064,2026-03-05T15:05:18+00:00,EXPIRED,HIGH,POLICY-v1
ALT-008065,CMP-008065,2026-04-03T14:12:49+00:00,ACTIONED,MEDIUM,POLICY-v1
ALT-008066,CMP-008066,2026-05-15T19:27:39+00:00,ACTIONED,HIGH,POLICY-v1
ALT-008067,CMP-008067,2026-02-13T07:42:59+00:00,ACKNOWLEDGED,LOW,POLICY-v1
ALT-008068,CMP-008068,2026-06-21T21:38:45+00:00,ACKNOWLEDGED,MEDIUM,POLICY-v1
ALT-008069,CMP-008069,2026-03-20T12:11:53+00:00,ACTIONED,HIGH,POLICY-v1
ALT-008070,CMP-008070,2026-06-22T05:42:20+00:00,ACTIONED,LOW,POLICY-v1
ALT-008071,CMP-008071,2026-03-16T16:29:54+00:00,ACTIONED,LOW,POLICY-v1
ALT-008072,CMP-008072,2026-03-10T13:45:33+00:00,EXPIRED,MEDIUM,POLICY-v1
ALT-008073,CMP-008073,2026-03-09T08:52:06+00:00,ACKNOWLEDGED,MEDIUM,POLICY-v1
ALT-008074,CMP-008074,2026-04-24T16:34:01+00:00,ACTIONED,LOW,POLICY-v1
ALT-008075,CMP-008075,2026-02-16T22:40:16+00:00,ACKNOWLEDGED,LOW,POLICY-v1
ALT-008076,CMP-008076,2026-06-19T08:29:36+00:00,ACKNOWLEDGED,HIGH,POLICY-v1
ALT-008077,CMP-008077,2026-04-16T20:23:42+00:00,ACTIONED,MEDIUM,POLICY-v1
ALT-008078,CMP-008078,2026-01-06T00:06:39+00:00,ACKNOWLEDGED,HIGH,POLICY-v1
ALT-008079,CMP-008079,2026-05-02T15:07:01+00:00,ACTIONED,LOW,POLICY-v1
ALT-008080,CMP-008080,2026-06-27T14:36:40+00:00,ACTIONED,MEDIUM,POLICY-v1
ALT-008081,CMP-008081,2026-01-13T10:15:11+00:00,EXPIRED,HIGH,POLICY-v1
ALT-008082,CMP-008082,2026-01-03T14:44:12+00:00,ACKNOWLEDGED,LOW,POLICY-v1
ALT-008083,CMP-008083,2026-04-26T11:22:31+00:00,ACKNOWLEDGED,HIGH,POLICY-v1
ALT-008084,CMP-008084,2026-02-08T04:37:14+00:00,ACTIONED,HIGH,POLICY-v1
ALT-008085,CMP-008085,2026-03-17T05:58:58+00:00,EXPIRED,MEDIUM,POLICY-v1
ALT-008086,CMP-008086,2026-05-30T01:42:55+00:00,PENDING,MEDIUM,POLICY-v1
ALT-008087,CMP-008087,2026-02-21T13:09:21+00:00,ACTIONED,MEDIUM,POLICY-v1
ALT-008088,CMP-008088,2026-04-14T01:53:07+00:00,ACKNOWLEDGED,LOW,POLICY-v1
ALT-008089,CMP-008089,2026-05-21T22:11:29+00:00,ACKNOWLEDGED,HIGH,POLICY-v1
ALT-008090,CMP-008090,2026-01-11T01:07:40+00:00,PENDING,MEDIUM,POLICY-v1
ALT-008091,CMP-008091,2026-03-10T23:47:49+00:00,ACTIONED,LOW,POLICY-v1
ALT-008092,CMP-008092,2026-01-25T01:18:58+00:00,ACTIONED,HIGH,POLICY-v1
ALT-008093,CMP-008093,2026-06-26T14:37:32+00:00,EXPIRED,MEDIUM,POLICY-v1
ALT-008094,CMP-008094,2026-03-18T21:56:34+00:00,ACTIONED,LOW,POLICY-v1
ALT-008095,CMP-008095,2026-03-25T07:00:12+00:00,PENDING,HIGH,POLICY-v1
ALT-008096,CMP-008096,2026-01-11T16:37:26+00:00,EXPIRED,LOW,POLICY-v1
ALT-008097,CMP-008097,2026-05-26T21:13:35+00:00,ACTIONED,MEDIUM,POLICY-v1
ALT-008098,CMP-008098,2026-01-03T05:41:34+00:00,ACTIONED,LOW,POLICY-v1
ALT-008099,CMP-008099,2026-04-05T17:59:09+00:00,ACTIONED,MEDIUM,POLICY-v1
ALT-008100,CMP-008100,2026-06-16T10:07:00+00:00,PENDING,LOW,POLICY-v1
ALT-008101,CMP-008101,2026-02-19T16:08:36+00:00,ACTIONED,HIGH,POLICY-v1
ALT-008102,CMP-008102,2026-03-21T10:11:38+00:00,PENDING,MEDIUM,POLICY-v1
ALT-008103,CMP-008103,2026-03-11T19:43:54+00:00,ACTIONED,MEDIUM,POLICY-v1
ALT-008104,CMP-008104,2026-05-30T11:27:40+00:00,ACKNOWLEDGED,HIGH,POLICY-v1
ALT-008105,CMP-008105,2026-01-23T11:07:05+00:00,ACTIONED,MEDIUM,POLICY-v1
ALT-008106,CMP-008106,2026-02-07T06:03:17+00:00,ACKNOWLEDGED,LOW,POLICY-v1
ALT-008107,CMP-008107,2026-03-13T02:32:46+00:00,ACTIONED,LOW,POLICY-v1
ALT-008108,CMP-008108,2026-05-30T02:27:34+00:00,ACTIONED,LOW,POLICY-v1
ALT-008109,CMP-008109,2026-02-11T16:09:29+00:00,ACTIONED,MEDIUM,POLICY-v1
ALT-008110,CMP-008110,2026-05-18T18:46:39+00:00,ACTIONED,HIGH,POLICY-v1
ALT-008111,CMP-008111,2026-06-13T10:13:20+00:00,ACKNOWLEDGED,HIGH,POLICY-v1
ALT-008112,CMP-008112,2026-06-18T05:23:13+00:00,ACTIONED,HIGH,POLICY-v1
ALT-008113,CMP-008113,2026-01-12T08:26:37+00:00,ACKNOWLEDGED,LOW,POLICY-v1
ALT-008114,CMP-008114,2026-03-13T18:49:15+00:00,EXPIRED,LOW,POLICY-v1
ALT-008115,CMP-008115,2026-01-02T07:45:17+00:00,ACTIONED,LOW,POLICY-v1
ALT-008116,CMP-008116,2026-06-08T07:44:04+00:00,ACKNOWLEDGED,MEDIUM,POLICY-v1
ALT-008117,CMP-008117,2026-02-08T07:21:48+00:00,ACTIONED,LOW,POLICY-v1
ALT-008118,CMP-008118,2026-01-31T11:05:45+00:00,EXPIRED,LOW,POLICY-v1
ALT-008119,CMP-008119,2026-03-06T06:08:33+00:00,ACTIONED,HIGH,POLICY-v1
ALT-008120,CMP-008120,2026-01-17T17:37:02+00:00,ACTIONED,MEDIUM,POLICY-v1
ALT-008121,CMP-008121,2026-04-26T05:38:45+00:00,ACTIONED,MEDIUM,POLICY-v1
ALT-008122,CMP-008122,2026-03-16T11:53:00+00:00,PENDING,HIGH,POLICY-v1
ALT-008123,CMP-008123,2026-04-29T03:32:11+00:00,PENDING,MEDIUM,POLICY-v1
ALT-008124,CMP-008124,2026-05-30T06:43:23+00:00,EXPIRED,MEDIUM,POLICY-v1
ALT-008125,CMP-008125,2026-01-05T21:25:22+00:00,ACTIONED,HIGH,POLICY-v1
ALT-008126,CMP-008126,2026-06-09T01:16:58+00:00,ACTIONED,HIGH,POLICY-v1
ALT-008127,CMP-008127,2026-05-20T15:34:49+00:00,ACTIONED,MEDIUM,POLICY-v1
ALT-008128,CMP-008128,2026-06-20T06:26:36+00:00,ACTIONED,MEDIUM,POLICY-v1
ALT-008129,CMP-008129,2026-02-21T14:16:50+00:00,ACTIONED,HIGH,POLICY-v1
ALT-008130,CMP-008130,2026-03-02T09:18:54+00:00,ACKNOWLEDGED,HIGH,POLICY-v1
ALT-008131,CMP-008131,2026-03-02T18:00:04+00:00,ACTIONED,MEDIUM,POLICY-v1
ALT-008132,CMP-008132,2026-02-06T18:17:10+00:00,ACKNOWLEDGED,HIGH,POLICY-v1
ALT-008133,CMP-008133,2026-03-13T10:53:36+00:00,ACKNOWLEDGED,LOW,POLICY-v1
ALT-008134,CMP-008134,2026-05-25T10:17:56+00:00,ACKNOWLEDGED,MEDIUM,POLICY-v1
ALT-008135,CMP-008135,2026-01-20T21:04:08+00:00,ACTIONED,HIGH,POLICY-v1
ALT-008136,CMP-008136,2026-04-17T10:27:48+00:00,ACTIONED,MEDIUM,POLICY-v1
ALT-008137,CMP-008137,2026-03-20T15:02:55+00:00,ACTIONED,HIGH,POLICY-v1
ALT-008138,CMP-008138,2026-02-23T09:13:34+00:00,ACTIONED,LOW,POLICY-v1
ALT-008139,CMP-008139,2026-01-14T18:10:04+00:00,ACTIONED,HIGH,POLICY-v1
ALT-008140,CMP-008140,2026-01-27T01:59:15+00:00,ACTIONED,MEDIUM,POLICY-v1
ALT-008141,CMP-008141,2026-01-02T04:38:08+00:00,PENDING,LOW,POLICY-v1
ALT-008142,CMP-008142,2026-05-12T04:31:24+00:00,ACTIONED,MEDIUM,POLICY-v1
ALT-008143,CMP-008143,2026-05-01T12:32:43+00:00,ACKNOWLEDGED,MEDIUM,POLICY-v1
ALT-008144,CMP-008144,2026-06-21T17:09:13+00:00,ACKNOWLEDGED,LOW,POLICY-v1
ALT-008145,CMP-008145,2026-03-17T22:26:53+00:00,PENDING,MEDIUM,POLICY-v1
ALT-008146,CMP-008146,2026-06-08T17:45:33+00:00,PENDING,MEDIUM,POLICY-v1
ALT-008147,CMP-008147,2026-01-07T02:40:29+00:00,ACTIONED,LOW,POLICY-v1
ALT-008148,CMP-008148,2026-03-14T19:33:59+00:00,ACTIONED,LOW,POLICY-v1
ALT-008149,CMP-008149,2026-03-02T06:34:50+00:00,ACTIONED,MEDIUM,POLICY-v1
ALT-008150,CMP-008150,2026-01-07T21:26:40+00:00,ACTIONED,MEDIUM,POLICY-v1
ALT-008151,CMP-008151,2026-05-17T02:45:21+00:00,EXPIRED,HIGH,POLICY-v1
ALT-008152,CMP-008152,2026-02-06T15:06:51+00:00,EXPIRED,HIGH,POLICY-v1
ALT-008153,CMP-008153,2026-02-04T09:02:47+00:00,PENDING,LOW,POLICY-v1
ALT-008154,CMP-008154,2026-03-09T13:39:16+00:00,ACKNOWLEDGED,HIGH,POLICY-v1
ALT-008155,CMP-008155,2026-01-28T07:50:10+00:00,ACTIONED,LOW,POLICY-v1
ALT-008156,CMP-008156,2026-02-07T17:09:11+00:00,ACTIONED,HIGH,POLICY-v1
ALT-008157,CMP-008157,2026-03-24T07:37:36+00:00,ACTIONED,MEDIUM,POLICY-v1
ALT-008158,CMP-008158,2026-05-18T23:07:33+00:00,ACTIONED,HIGH,POLICY-v1
ALT-008159,CMP-008159,2026-01-26T23:00:24+00:00,ACTIONED,MEDIUM,POLICY-v1
ALT-008160,CMP-008160,2026-02-11T04:57:17+00:00,ACTIONED,LOW,POLICY-v1
ALT-008161,CMP-008161,2026-04-20T05:33:21+00:00,PENDING,MEDIUM,POLICY-v1
ALT-008162,CMP-008162,2026-04-16T01:36:28+00:00,ACTIONED,MEDIUM,POLICY-v1
ALT-008163,CMP-008163,2026-03-01T11:09:52+00:00,EXPIRED,LOW,POLICY-v1
ALT-008164,CMP-008164,2026-02-11T01:55:04+00:00,ACTIONED,MEDIUM,POLICY-v1
ALT-008165,CMP-008165,2026-03-13T15:47:19+00:00,PENDING,MEDIUM,POLICY-v1
ALT-008166,CMP-008166,2026-01-14T23:43:25+00:00,ACTIONED,HIGH,POLICY-v1
ALT-008167,CMP-008167,2026-01-01T00:55:53+00:00,ACTIONED,LOW,POLICY-v1
ALT-008168,CMP-008168,2026-04-21T13:32:53+00:00,ACKNOWLEDGED,HIGH,POLICY-v1
ALT-008169,CMP-008169,2026-02-23T08:32:20+00:00,PENDING,LOW,POLICY-v1
ALT-008170,CMP-008170,2026-04-21T10:49:33+00:00,ACTIONED,HIGH,POLICY-v1
ALT-008171,CMP-008171,2026-06-04T18:02:41+00:00,ACKNOWLEDGED,LOW,POLICY-v1
ALT-008172,CMP-008172,2026-06-29T03:43:01+00:00,ACTIONED,LOW,POLICY-v1
ALT-008173,CMP-008173,2026-05-06T20:00:43+00:00,ACTIONED,LOW,POLICY-v1
ALT-008174,CMP-008174,2026-05-11T14:25:53+00:00,ACTIONED,MEDIUM,POLICY-v1
ALT-008175,CMP-008175,2026-01-02T17:33:45+00:00,PENDING,HIGH,POLICY-v1
ALT-008176,CMP-008176,2026-04-22T23:05:44+00:00,ACTIONED,HIGH,POLICY-v1
ALT-008177,CMP-008177,2026-03-24T22:20:21+00:00,ACTIONED,MEDIUM,POLICY-v1
ALT-008178,CMP-008178,2026-03-09T00:36:31+00:00,ACTIONED,LOW,POLICY-v1
ALT-008179,CMP-008179,2026-03-18T03:50:32+00:00,ACTIONED,HIGH,POLICY-v1
ALT-008180,CMP-008180,2026-01-26T14:23:58+00:00,ACTIONED,MEDIUM,POLICY-v1
ALT-008181,CMP-008181,2026-01-11T15:59:56+00:00,EXPIRED,LOW,POLICY-v1
ALT-008182,CMP-008182,2026-01-20T04:58:39+00:00,ACKNOWLEDGED,LOW,POLICY-v1
ALT-008183,CMP-008183,2026-03-27T19:19:28+00:00,PENDING,LOW,POLICY-v1
ALT-008184,CMP-008184,2026-06-18T10:17:20+00:00,ACKNOWLEDGED,HIGH,POLICY-v1
ALT-008185,CMP-008185,2026-04-06T04:50:07+00:00,ACTIONED,MEDIUM,POLICY-v1
ALT-008186,CMP-008186,2026-06-10T09:57:34+00:00,EXPIRED,LOW,POLICY-v1
ALT-008187,CMP-008187,2026-04-03T16:17:44+00:00,ACTIONED,MEDIUM,POLICY-v1
ALT-008188,CMP-008188,2026-03-01T23:22:51+00:00,EXPIRED,LOW,POLICY-v1
ALT-008189,CMP-008189,2026-02-12T00:46:29+00:00,ACTIONED,LOW,POLICY-v1
ALT-008190,CMP-008190,2026-03-20T17:11:11+00:00,ACTIONED,LOW,POLICY-v1
ALT-008191,CMP-008191,2026-05-18T18:54:14+00:00,ACTIONED,MEDIUM,POLICY-v1
ALT-008192,CMP-008192,2026-04-24T18:12:39+00:00,ACKNOWLEDGED,HIGH,POLICY-v1
ALT-008193,CMP-008193,2026-03-26T02:33:26+00:00,ACTIONED,HIGH,POLICY-v1
ALT-008194,CMP-008194,2026-03-21T03:22:54+00:00,ACTIONED,LOW,POLICY-v1
ALT-008195,CMP-008195,2026-04-25T21:47:40+00:00,ACKNOWLEDGED,HIGH,POLICY-v1
ALT-008196,CMP-008196,2026-05-17T20:09:17+00:00,ACKNOWLEDGED,LOW,POLICY-v1
ALT-008197,CMP-008197,2026-01-10T04:11:53+00:00,PENDING,HIGH,POLICY-v1
ALT-008198,CMP-008198,2026-05-16T12:45:20+00:00,ACTIONED,LOW,POLICY-v1
ALT-008199,CMP-008199,2026-06-01T16:17:03+00:00,ACTIONED,HIGH,POLICY-v1
ALT-008200,CMP-008200,2026-05-27T06:46:51+00:00,EXPIRED,HIGH,POLICY-v1
ALT-008201,CMP-008201,2026-03-17T11:57:36+00:00,ACTIONED,MEDIUM,POLICY-v1
ALT-008202,CMP-008202,2026-03-07T02:36:52+00:00,ACTIONED,HIGH,POLICY-v1
ALT-008203,CMP-008203,2026-01-29T21:58:02+00:00,ACKNOWLEDGED,HIGH,POLICY-v1
ALT-008204,CMP-008204,2026-04-11T19:50:59+00:00,ACTIONED,HIGH,POLICY-v1
ALT-008205,CMP-008205,2026-01-13T05:28:28+00:00,ACKNOWLEDGED,HIGH,POLICY-v1
ALT-008206,CMP-008206,2026-04-14T20:08:31+00:00,ACKNOWLEDGED,MEDIUM,POLICY-v1
ALT-008207,CMP-008207,2026-05-18T02:42:51+00:00,PENDING,LOW,POLICY-v1
ALT-008208,CMP-008208,2026-04-13T23:50:25+00:00,PENDING,HIGH,POLICY-v1
ALT-008209,CMP-008209,2026-06-27T02:07:49+00:00,ACTIONED,HIGH,POLICY-v1
ALT-008210,CMP-008210,2026-06-12T17:13:58+00:00,ACTIONED,LOW,POLICY-v1
ALT-008211,CMP-008211,2026-04-15T18:55:45+00:00,PENDING,LOW,POLICY-v1
ALT-008212,CMP-008212,2026-06-13T02:50:21+00:00,ACKNOWLEDGED,LOW,POLICY-v1
ALT-008213,CMP-008213,2026-02-06T10:09:56+00:00,ACTIONED,LOW,POLICY-v1
ALT-008214,CMP-008214,2026-02-01T22:15:58+00:00,ACTIONED,MEDIUM,POLICY-v1
ALT-008215,CMP-008215,2026-02-12T00:48:45+00:00,PENDING,MEDIUM,POLICY-v1
ALT-008216,CMP-008216,2026-05-23T09:00:27+00:00,ACTIONED,HIGH,POLICY-v1
ALT-008217,CMP-008217,2026-04-16T09:32:10+00:00,ACKNOWLEDGED,HIGH,POLICY-v1
ALT-008218,CMP-008218,2026-01-04T01:18:34+00:00,PENDING,MEDIUM,POLICY-v1
ALT-008219,CMP-008219,2026-04-17T06:37:09+00:00,ACTIONED,LOW,POLICY-v1
ALT-008220,CMP-008220,2026-04-19T11:45:22+00:00,ACTIONED,HIGH,POLICY-v1
ALT-008221,CMP-008221,2026-06-13T04:47:44+00:00,ACKNOWLEDGED,MEDIUM,POLICY-v1
ALT-008222,CMP-008222,2026-02-25T05:58:24+00:00,ACTIONED,LOW,POLICY-v1
ALT-008223,CMP-008223,2026-03-04T17:18:30+00:00,ACTIONED,LOW,POLICY-v1
ALT-008224,CMP-008224,2026-04-14T10:20:19+00:00,ACKNOWLEDGED,HIGH,POLICY-v1
ALT-008225,CMP-008225,2026-03-01T17:47:13+00:00,PENDING,MEDIUM,POLICY-v1
ALT-008226,CMP-008226,2026-03-27T00:36:03+00:00,EXPIRED,HIGH,POLICY-v1
ALT-008227,CMP-008227,2026-02-05T00:30:12+00:00,ACKNOWLEDGED,HIGH,POLICY-v1
ALT-008228,CMP-008228,2026-03-27T16:45:44+00:00,ACKNOWLEDGED,MEDIUM,POLICY-v1
ALT-008229,CMP-008229,2026-03-10T04:43:10+00:00,ACTIONED,LOW,POLICY-v1
ALT-008230,CMP-008230,2026-02-11T04:42:40+00:00,ACTIONED,HIGH,POLICY-v1
ALT-008231,CMP-008231,2026-06-07T11:05:05+00:00,PENDING,HIGH,POLICY-v1
ALT-008232,CMP-008232,2026-01-03T19:39:56+00:00,ACTIONED,MEDIUM,POLICY-v1
ALT-008233,CMP-008233,2026-01-03T22:15:47+00:00,ACKNOWLEDGED,HIGH,POLICY-v1
ALT-008234,CMP-008234,2026-05-27T21:16:30+00:00,ACTIONED,LOW,POLICY-v1
ALT-008235,CMP-008235,2026-02-13T20:28:50+00:00,ACTIONED,MEDIUM,POLICY-v1
ALT-008236,CMP-008236,2026-02-03T16:25:42+00:00,PENDING,MEDIUM,POLICY-v1
ALT-008237,CMP-008237,2026-01-22T12:45:53+00:00,ACTIONED,HIGH,POLICY-v1
ALT-008238,CMP-008238,2026-06-16T09:28:56+00:00,PENDING,HIGH,POLICY-v1
ALT-008239,CMP-008239,2026-04-30T10:40:58+00:00,ACTIONED,MEDIUM,POLICY-v1
ALT-008240,CMP-008240,2026-05-23T00:02:36+00:00,EXPIRED,MEDIUM,POLICY-v1
ALT-008241,CMP-008241,2026-01-10T22:29:05+00:00,ACTIONED,MEDIUM,POLICY-v1
ALT-008242,CMP-008242,2026-05-09T13:00:49+00:00,ACKNOWLEDGED,MEDIUM,POLICY-v1
ALT-008243,CMP-008243,2026-03-29T23:57:45+00:00,ACTIONED,MEDIUM,POLICY-v1
ALT-008244,CMP-008244,2026-05-09T03:06:21+00:00,ACKNOWLEDGED,HIGH,POLICY-v1
ALT-008245,CMP-008245,2026-02-06T14:50:12+00:00,ACTIONED,LOW,POLICY-v1
ALT-008246,CMP-008246,2026-03-29T18:36:42+00:00,EXPIRED,HIGH,POLICY-v1
ALT-008247,CMP-008247,2026-02-28T21:02:50+00:00,ACTIONED,LOW,POLICY-v1
ALT-008248,CMP-008248,2026-03-14T20:45:28+00:00,ACKNOWLEDGED,MEDIUM,POLICY-v1
ALT-008249,CMP-008249,2026-04-01T09:24:05+00:00,ACTIONED,LOW,POLICY-v1
ALT-008250,CMP-008250,2026-01-15T20:04:44+00:00,ACTIONED,HIGH,POLICY-v1
ALT-008251,CMP-008251,2026-03-13T05:51:31+00:00,ACTIONED,MEDIUM,POLICY-v1
ALT-008252,CMP-008252,2026-03-02T06:49:16+00:00,ACTIONED,MEDIUM,POLICY-v1
ALT-008253,CMP-008253,2026-05-16T06:10:42+00:00,ACTIONED,MEDIUM,POLICY-v1
ALT-008254,CMP-008254,2026-01-25T14:15:50+00:00,EXPIRED,HIGH,POLICY-v1
ALT-008255,CMP-008255,2026-06-10T17:50:48+00:00,EXPIRED,MEDIUM,POLICY-v1
ALT-008256,CMP-008256,2026-02-04T19:38:37+00:00,ACTIONED,MEDIUM,POLICY-v1
ALT-008257,CMP-008257,2026-02-09T11:34:33+00:00,ACKNOWLEDGED,MEDIUM,POLICY-v1
ALT-008258,CMP-008258,2026-03-11T20:41:05+00:00,ACTIONED,MEDIUM,POLICY-v1
ALT-008259,CMP-008259,2026-04-07T09:24:40+00:00,ACTIONED,LOW,POLICY-v1
ALT-008260,CMP-008260,2026-01-14T07:01:32+00:00,EXPIRED,HIGH,POLICY-v1
ALT-008261,CMP-008261,2026-04-08T03:34:28+00:00,EXPIRED,MEDIUM,POLICY-v1
ALT-008262,CMP-008262,2026-05-20T21:39:06+00:00,ACKNOWLEDGED,MEDIUM,POLICY-v1
ALT-008263,CMP-008263,2026-03-11T20:03:37+00:00,PENDING,HIGH,POLICY-v1
ALT-008264,CMP-008264,2026-03-03T21:08:27+00:00,ACTIONED,HIGH,POLICY-v1
ALT-008265,CMP-008265,2026-02-15T20:34:18+00:00,ACKNOWLEDGED,MEDIUM,POLICY-v1
ALT-008266,CMP-008266,2026-02-21T19:40:12+00:00,ACTIONED,LOW,POLICY-v1
ALT-008267,CMP-008267,2026-05-30T07:35:00+00:00,ACTIONED,HIGH,POLICY-v1
ALT-008268,CMP-008268,2026-05-09T03:34:47+00:00,ACTIONED,LOW,POLICY-v1
ALT-008269,CMP-008269,2026-02-12T08:00:27+00:00,PENDING,LOW,POLICY-v1
ALT-008270,CMP-008270,2026-04-22T12:31:16+00:00,EXPIRED,MEDIUM,POLICY-v1
ALT-008271,CMP-008271,2026-01-24T18:11:01+00:00,ACTIONED,MEDIUM,POLICY-v1
ALT-008272,CMP-008272,2026-04-07T11:24:42+00:00,EXPIRED,LOW,POLICY-v1
ALT-008273,CMP-008273,2026-04-23T11:29:39+00:00,PENDING,MEDIUM,POLICY-v1
ALT-008274,CMP-008274,2026-02-12T15:00:58+00:00,ACTIONED,HIGH,POLICY-v1
ALT-008275,CMP-008275,2026-01-14T14:28:28+00:00,ACTIONED,HIGH,POLICY-v1
ALT-008276,CMP-008276,2026-04-08T14:05:36+00:00,ACTIONED,MEDIUM,POLICY-v1
ALT-008277,CMP-008277,2026-01-19T04:32:03+00:00,PENDING,LOW,POLICY-v1
ALT-008278,CMP-008278,2026-05-25T10:49:32+00:00,PENDING,HIGH,POLICY-v1
ALT-008279,CMP-008279,2026-06-06T22:03:18+00:00,ACKNOWLEDGED,HIGH,POLICY-v1
ALT-008280,CMP-008280,2026-03-27T14:26:58+00:00,EXPIRED,MEDIUM,POLICY-v1
ALT-008281,CMP-008281,2026-01-11T17:28:38+00:00,ACKNOWLEDGED,HIGH,POLICY-v1
ALT-008282,CMP-008282,2026-03-27T02:59:01+00:00,ACKNOWLEDGED,LOW,POLICY-v1
ALT-008283,CMP-008283,2026-06-10T06:48:54+00:00,EXPIRED,LOW,POLICY-v1
ALT-008284,CMP-008284,2026-04-08T11:53:02+00:00,EXPIRED,MEDIUM,POLICY-v1
ALT-008285,CMP-008285,2026-06-22T21:42:34+00:00,ACTIONED,LOW,POLICY-v1
ALT-008286,CMP-008286,2026-01-14T05:55:52+00:00,ACKNOWLEDGED,LOW,POLICY-v1
ALT-008287,CMP-008287,2026-01-26T19:16:33+00:00,ACTIONED,MEDIUM,POLICY-v1
ALT-008288,CMP-008288,2026-05-15T01:37:21+00:00,ACTIONED,LOW,POLICY-v1
ALT-008289,CMP-008289,2026-06-14T00:09:56+00:00,ACTIONED,MEDIUM,POLICY-v1
ALT-008290,CMP-008290,2026-06-09T17:55:43+00:00,EXPIRED,LOW,POLICY-v1
ALT-008291,CMP-008291,2026-03-28T14:17:15+00:00,ACTIONED,LOW,POLICY-v1
ALT-008292,CMP-008292,2026-06-27T15:05:18+00:00,EXPIRED,MEDIUM,POLICY-v1
ALT-008293,CMP-008293,2026-05-11T03:03:41+00:00,PENDING,HIGH,POLICY-v1
ALT-008294,CMP-008294,2026-05-29T22:39:29+00:00,ACTIONED,MEDIUM,POLICY-v1
ALT-008295,CMP-008295,2026-05-17T23:35:16+00:00,EXPIRED,LOW,POLICY-v1
ALT-008296,CMP-008296,2026-02-21T06:41:14+00:00,ACTIONED,LOW,POLICY-v1
ALT-008297,CMP-008297,2026-01-31T04:54:50+00:00,ACTIONED,HIGH,POLICY-v1
ALT-008298,CMP-008298,2026-05-09T17:38:49+00:00,ACKNOWLEDGED,HIGH,POLICY-v1
ALT-008299,CMP-008299,2026-03-13T13:58:26+00:00,ACTIONED,MEDIUM,POLICY-v1
ALT-008300,CMP-008300,2026-03-25T15:56:06+00:00,ACTIONED,LOW,POLICY-v1
ALT-008301,CMP-008301,2026-02-15T08:01:24+00:00,ACTIONED,LOW,POLICY-v1
ALT-008302,CMP-008302,2026-01-11T07:38:56+00:00,ACTIONED,MEDIUM,POLICY-v1
ALT-008303,CMP-008303,2026-06-02T04:57:22+00:00,EXPIRED,LOW,POLICY-v1
ALT-008304,CMP-008304,2026-02-01T08:51:49+00:00,ACTIONED,HIGH,POLICY-v1
ALT-008305,CMP-008305,2026-06-12T11:55:26+00:00,ACKNOWLEDGED,LOW,POLICY-v1
ALT-008306,CMP-008306,2026-03-16T21:08:32+00:00,PENDING,HIGH,POLICY-v1
ALT-008307,CMP-008307,2026-05-11T19:35:13+00:00,ACTIONED,HIGH,POLICY-v1
ALT-008308,CMP-008308,2026-05-05T00:12:41+00:00,ACTIONED,HIGH,POLICY-v1
ALT-008309,CMP-008309,2026-05-19T08:44:03+00:00,PENDING,LOW,POLICY-v1
ALT-008310,CMP-008310,2026-01-01T00:26:23+00:00,ACTIONED,LOW,POLICY-v1
ALT-008311,CMP-008311,2026-03-20T01:31:23+00:00,ACKNOWLEDGED,MEDIUM,POLICY-v1
ALT-008312,CMP-008312,2026-01-04T14:31:14+00:00,EXPIRED,HIGH,POLICY-v1
ALT-008313,CMP-008313,2026-03-12T23:07:54+00:00,ACTIONED,HIGH,POLICY-v1
ALT-008314,CMP-008314,2026-02-24T16:33:21+00:00,ACTIONED,HIGH,POLICY-v1
ALT-008315,CMP-008315,2026-05-11T01:39:55+00:00,ACKNOWLEDGED,MEDIUM,POLICY-v1
ALT-008316,CMP-008316,2026-01-27T23:06:42+00:00,ACTIONED,MEDIUM,POLICY-v1
ALT-008317,CMP-008317,2026-04-22T00:49:59+00:00,ACKNOWLEDGED,HIGH,POLICY-v1
ALT-008318,CMP-008318,2026-01-21T05:15:37+00:00,ACTIONED,HIGH,POLICY-v1
ALT-008319,CMP-008319,2026-02-15T07:41:00+00:00,ACTIONED,LOW,POLICY-v1
ALT-008320,CMP-008320,2026-04-26T05:12:09+00:00,ACKNOWLEDGED,LOW,POLICY-v1
ALT-008321,CMP-008321,2026-05-05T08:00:44+00:00,EXPIRED,MEDIUM,POLICY-v1
ALT-008322,CMP-008322,2026-05-18T13:30:59+00:00,ACTIONED,MEDIUM,POLICY-v1
ALT-008323,CMP-008323,2026-04-03T13:54:40+00:00,EXPIRED,MEDIUM,POLICY-v1
ALT-008324,CMP-008324,2026-01-17T18:47:05+00:00,EXPIRED,MEDIUM,POLICY-v1
ALT-008325,CMP-008325,2026-02-18T17:22:49+00:00,ACTIONED,HIGH,POLICY-v1
ALT-008326,CMP-008326,2026-02-25T22:45:20+00:00,ACKNOWLEDGED,HIGH,POLICY-v1
ALT-008327,CMP-008327,2026-05-21T08:46:08+00:00,ACTIONED,HIGH,POLICY-v1
ALT-008328,CMP-008328,2026-05-11T08:57:57+00:00,ACTIONED,HIGH,POLICY-v1
ALT-008329,CMP-008329,2026-03-18T16:28:59+00:00,ACTIONED,LOW,POLICY-v1
ALT-008330,CMP-008330,2026-05-01T02:47:25+00:00,PENDING,MEDIUM,POLICY-v1
ALT-008331,CMP-008331,2026-03-04T12:06:00+00:00,ACTIONED,MEDIUM,POLICY-v1
ALT-008332,CMP-008332,2026-05-23T18:16:23+00:00,ACTIONED,MEDIUM,POLICY-v1
ALT-008333,CMP-008333,2026-03-03T22:17:16+00:00,ACKNOWLEDGED,LOW,POLICY-v1
ALT-008334,CMP-008334,2026-02-07T21:45:17+00:00,EXPIRED,HIGH,POLICY-v1
ALT-008335,CMP-008335,2026-03-13T21:23:33+00:00,ACTIONED,MEDIUM,POLICY-v1
ALT-008336,CMP-008336,2026-01-03T08:08:25+00:00,ACTIONED,LOW,POLICY-v1
ALT-008337,CMP-008337,2026-06-21T00:00:13+00:00,ACTIONED,LOW,POLICY-v1
ALT-008338,CMP-008338,2026-02-03T15:15:14+00:00,ACTIONED,LOW,POLICY-v1
ALT-008339,CMP-008339,2026-02-26T17:41:32+00:00,PENDING,HIGH,POLICY-v1
ALT-008340,CMP-008340,2026-01-02T15:58:12+00:00,ACKNOWLEDGED,MEDIUM,POLICY-v1
ALT-008341,CMP-008341,2026-01-06T13:10:16+00:00,PENDING,HIGH,POLICY-v1
ALT-008342,CMP-008342,2026-05-15T05:38:07+00:00,EXPIRED,HIGH,POLICY-v1
ALT-008343,CMP-008343,2026-06-17T13:07:24+00:00,ACTIONED,HIGH,POLICY-v1
ALT-008344,CMP-008344,2026-01-22T08:00:06+00:00,ACTIONED,MEDIUM,POLICY-v1
ALT-008345,CMP-008345,2026-03-06T12:14:33+00:00,ACTIONED,HIGH,POLICY-v1
ALT-008346,CMP-008346,2026-04-20T14:24:14+00:00,PENDING,LOW,POLICY-v1
ALT-008347,CMP-008347,2026-01-22T14:09:56+00:00,ACTIONED,MEDIUM,POLICY-v1
ALT-008348,CMP-008348,2026-05-08T00:59:25+00:00,ACTIONED,LOW,POLICY-v1
ALT-008349,CMP-008349,2026-03-03T18:54:11+00:00,ACTIONED,HIGH,POLICY-v1
ALT-008350,CMP-008350,2026-01-06T19:40:12+00:00,PENDING,MEDIUM,POLICY-v1
ALT-008351,CMP-008351,2026-04-04T00:01:13+00:00,ACKNOWLEDGED,MEDIUM,POLICY-v1
ALT-008352,CMP-008352,2026-05-24T08:07:07+00:00,ACTIONED,HIGH,POLICY-v1
ALT-008353,CMP-008353,2026-06-27T16:08:02+00:00,PENDING,LOW,POLICY-v1
ALT-008354,CMP-008354,2026-05-30T23:30:30+00:00,ACTIONED,HIGH,POLICY-v1
ALT-008355,CMP-008355,2026-03-19T09:07:04+00:00,EXPIRED,LOW,POLICY-v1
ALT-008356,CMP-008356,2026-03-23T13:32:04+00:00,EXPIRED,HIGH,POLICY-v1
ALT-008357,CMP-008357,2026-05-15T18:17:29+00:00,ACKNOWLEDGED,HIGH,POLICY-v1
ALT-008358,CMP-008358,2026-02-18T06:40:32+00:00,ACTIONED,HIGH,POLICY-v1
ALT-008359,CMP-008359,2026-02-22T19:28:32+00:00,EXPIRED,LOW,POLICY-v1
ALT-008360,CMP-008360,2026-05-19T13:47:20+00:00,ACTIONED,HIGH,POLICY-v1
ALT-008361,CMP-008361,2026-03-27T06:11:32+00:00,ACTIONED,LOW,POLICY-v1
ALT-008362,CMP-008362,2026-03-15T11:23:08+00:00,EXPIRED,HIGH,POLICY-v1
ALT-008363,CMP-008363,2026-04-01T18:44:13+00:00,ACTIONED,LOW,POLICY-v1
ALT-008364,CMP-008364,2026-01-05T18:01:43+00:00,ACTIONED,MEDIUM,POLICY-v1
ALT-008365,CMP-008365,2026-05-05T08:26:36+00:00,ACKNOWLEDGED,HIGH,POLICY-v1
ALT-008366,CMP-008366,2026-01-27T01:34:27+00:00,EXPIRED,MEDIUM,POLICY-v1
ALT-008367,CMP-008367,2026-06-26T20:49:26+00:00,ACTIONED,MEDIUM,POLICY-v1
ALT-008368,CMP-008368,2026-04-11T14:39:11+00:00,ACTIONED,MEDIUM,POLICY-v1
ALT-008369,CMP-008369,2026-06-26T07:08:49+00:00,ACTIONED,MEDIUM,POLICY-v1
ALT-008370,CMP-008370,2026-01-20T03:58:44+00:00,ACTIONED,MEDIUM,POLICY-v1
ALT-008371,CMP-008371,2026-04-18T20:29:47+00:00,ACKNOWLEDGED,LOW,POLICY-v1
ALT-008372,CMP-008372,2026-01-31T04:29:29+00:00,ACKNOWLEDGED,HIGH,POLICY-v1
ALT-008373,CMP-008373,2026-03-31T02:18:57+00:00,EXPIRED,HIGH,POLICY-v1
ALT-008374,CMP-008374,2026-04-22T22:41:29+00:00,ACTIONED,LOW,POLICY-v1
ALT-008375,CMP-008375,2026-02-06T16:45:26+00:00,ACTIONED,HIGH,POLICY-v1
ALT-008376,CMP-008376,2026-02-16T09:58:15+00:00,ACTIONED,HIGH,POLICY-v1
ALT-008377,CMP-008377,2026-01-21T17:12:58+00:00,ACTIONED,HIGH,POLICY-v1
ALT-008378,CMP-008378,2026-01-12T12:14:47+00:00,ACTIONED,MEDIUM,POLICY-v1
ALT-008379,CMP-008379,2026-03-19T12:37:30+00:00,ACTIONED,MEDIUM,POLICY-v1
ALT-008380,CMP-008380,2026-03-13T15:35:17+00:00,ACTIONED,HIGH,POLICY-v1
ALT-008381,CMP-008381,2026-03-24T11:48:42+00:00,ACTIONED,MEDIUM,POLICY-v1
ALT-008382,CMP-008382,2026-04-21T16:56:16+00:00,ACTIONED,MEDIUM,POLICY-v1
ALT-008383,CMP-008383,2026-06-06T02:39:06+00:00,ACTIONED,MEDIUM,POLICY-v1
ALT-008384,CMP-008384,2026-03-04T14:42:13+00:00,ACTIONED,LOW,POLICY-v1
ALT-008385,CMP-008385,2026-05-18T10:47:15+00:00,ACTIONED,MEDIUM,POLICY-v1
ALT-008386,CMP-008386,2026-01-15T06:59:51+00:00,ACKNOWLEDGED,LOW,POLICY-v1
ALT-008387,CMP-008387,2026-05-09T02:37:32+00:00,ACTIONED,LOW,POLICY-v1
ALT-008388,CMP-008388,2026-04-15T00:01:31+00:00,PENDING,MEDIUM,POLICY-v1
ALT-008389,CMP-008389,2026-05-28T06:54:39+00:00,ACTIONED,MEDIUM,POLICY-v1
ALT-008390,CMP-008390,2026-05-04T20:46:33+00:00,ACTIONED,LOW,POLICY-v1
ALT-008391,CMP-008391,2026-06-21T19:45:22+00:00,ACTIONED,MEDIUM,POLICY-v1
ALT-008392,CMP-008392,2026-06-17T17:06:23+00:00,ACTIONED,HIGH,POLICY-v1
ALT-008393,CMP-008393,2026-01-27T04:05:36+00:00,ACTIONED,LOW,POLICY-v1
ALT-008394,CMP-008394,2026-06-17T10:37:37+00:00,ACTIONED,LOW,POLICY-v1
ALT-008395,CMP-008395,2026-05-20T22:26:40+00:00,EXPIRED,HIGH,POLICY-v1
ALT-008396,CMP-008396,2026-06-15T12:12:01+00:00,ACTIONED,MEDIUM,POLICY-v1
ALT-008397,CMP-008397,2026-01-01T08:35:43+00:00,ACTIONED,MEDIUM,POLICY-v1
ALT-008398,CMP-008398,2026-04-17T21:57:58+00:00,ACTIONED,MEDIUM,POLICY-v1
ALT-008399,CMP-008399,2026-04-25T06:57:39+00:00,EXPIRED,MEDIUM,POLICY-v1
ALT-008400,CMP-008400,2026-03-01T17:51:02+00:00,PENDING,LOW,POLICY-v1
ALT-008401,CMP-008401,2026-04-25T19:04:21+00:00,ACTIONED,MEDIUM,POLICY-v1
ALT-008402,CMP-008402,2026-04-19T19:49:16+00:00,ACKNOWLEDGED,LOW,POLICY-v1
ALT-008403,CMP-008403,2026-04-20T14:19:02+00:00,EXPIRED,LOW,POLICY-v1
ALT-008404,CMP-008404,2026-03-14T22:59:31+00:00,ACKNOWLEDGED,HIGH,POLICY-v1
ALT-008405,CMP-008405,2026-06-13T05:29:43+00:00,ACTIONED,HIGH,POLICY-v1
ALT-008406,CMP-008406,2026-02-24T14:43:02+00:00,EXPIRED,LOW,POLICY-v1
ALT-008407,CMP-008407,2026-02-19T12:27:33+00:00,EXPIRED,MEDIUM,POLICY-v1
ALT-008408,CMP-008408,2026-02-17T17:57:13+00:00,ACTIONED,MEDIUM,POLICY-v1
ALT-008409,CMP-008409,2026-01-18T14:55:46+00:00,EXPIRED,HIGH,POLICY-v1
ALT-008410,CMP-008410,2026-04-23T23:33:21+00:00,ACTIONED,MEDIUM,POLICY-v1
ALT-008411,CMP-008411,2026-05-11T08:53:54+00:00,ACKNOWLEDGED,HIGH,POLICY-v1
ALT-008412,CMP-008412,2026-02-15T07:31:06+00:00,ACKNOWLEDGED,MEDIUM,POLICY-v1
ALT-008413,CMP-008413,2026-02-21T10:17:11+00:00,ACTIONED,HIGH,POLICY-v1
ALT-008414,CMP-008414,2026-01-19T07:54:41+00:00,EXPIRED,HIGH,POLICY-v1
ALT-008415,CMP-008415,2026-05-29T07:41:50+00:00,ACKNOWLEDGED,MEDIUM,POLICY-v1
ALT-008416,CMP-008416,2026-04-02T08:14:39+00:00,ACKNOWLEDGED,LOW,POLICY-v1
ALT-008417,CMP-008417,2026-06-12T15:02:07+00:00,ACTIONED,MEDIUM,POLICY-v1
ALT-008418,CMP-008418,2026-06-10T17:38:40+00:00,ACKNOWLEDGED,LOW,POLICY-v1
ALT-008419,CMP-008419,2026-01-29T11:07:39+00:00,ACTIONED,MEDIUM,POLICY-v1
ALT-008420,CMP-008420,2026-05-26T15:09:44+00:00,ACTIONED,MEDIUM,POLICY-v1
ALT-008421,CMP-008421,2026-03-30T12:39:02+00:00,EXPIRED,LOW,POLICY-v1
ALT-008422,CMP-008422,2026-05-19T07:50:53+00:00,ACTIONED,MEDIUM,POLICY-v1
ALT-008423,CMP-008423,2026-05-20T16:45:51+00:00,ACTIONED,MEDIUM,POLICY-v1
ALT-008424,CMP-008424,2026-06-02T03:28:16+00:00,ACTIONED,HIGH,POLICY-v1
ALT-008425,CMP-008425,2026-03-18T05:56:50+00:00,ACTIONED,HIGH,POLICY-v1
ALT-008426,CMP-008426,2026-02-09T00:25:06+00:00,PENDING,MEDIUM,POLICY-v1
ALT-008427,CMP-008427,2026-06-28T07:08:12+00:00,ACKNOWLEDGED,LOW,POLICY-v1
ALT-008428,CMP-008428,2026-04-16T02:43:05+00:00,ACKNOWLEDGED,HIGH,POLICY-v1
ALT-008429,CMP-008429,2026-01-09T02:31:48+00:00,EXPIRED,HIGH,POLICY-v1
ALT-008430,CMP-008430,2026-02-16T07:13:40+00:00,ACTIONED,HIGH,POLICY-v1
ALT-008431,CMP-008431,2026-02-12T23:47:41+00:00,ACTIONED,LOW,POLICY-v1
ALT-008432,CMP-008432,2026-04-04T12:34:28+00:00,ACTIONED,HIGH,POLICY-v1
ALT-008433,CMP-008433,2026-06-02T11:54:31+00:00,ACTIONED,MEDIUM,POLICY-v1
ALT-008434,CMP-008434,2026-05-20T23:46:58+00:00,ACKNOWLEDGED,HIGH,POLICY-v1
ALT-008435,CMP-008435,2026-01-31T08:46:11+00:00,ACTIONED,HIGH,POLICY-v1
ALT-008436,CMP-008436,2026-03-20T03:55:32+00:00,ACKNOWLEDGED,MEDIUM,POLICY-v1
ALT-008437,CMP-008437,2026-01-06T18:45:43+00:00,PENDING,MEDIUM,POLICY-v1
ALT-008438,CMP-008438,2026-01-19T17:57:58+00:00,ACTIONED,MEDIUM,POLICY-v1
ALT-008439,CMP-008439,2026-01-03T18:49:45+00:00,ACTIONED,MEDIUM,POLICY-v1
ALT-008440,CMP-008440,2026-03-03T07:09:23+00:00,EXPIRED,MEDIUM,POLICY-v1
ALT-008441,CMP-008441,2026-03-05T17:47:59+00:00,ACTIONED,MEDIUM,POLICY-v1
ALT-008442,CMP-008442,2026-06-15T12:12:22+00:00,ACTIONED,MEDIUM,POLICY-v1
ALT-008443,CMP-008443,2026-05-30T09:36:53+00:00,PENDING,HIGH,POLICY-v1
ALT-008444,CMP-008444,2026-01-07T09:15:10+00:00,PENDING,MEDIUM,POLICY-v1
ALT-008445,CMP-008445,2026-04-21T21:06:40+00:00,ACTIONED,MEDIUM,POLICY-v1
ALT-008446,CMP-008446,2026-04-27T07:22:16+00:00,ACTIONED,LOW,POLICY-v1
ALT-008447,CMP-008447,2026-02-27T15:17:15+00:00,ACTIONED,MEDIUM,POLICY-v1
ALT-008448,CMP-008448,2026-06-19T18:38:15+00:00,ACTIONED,MEDIUM,POLICY-v1
ALT-008449,CMP-008449,2026-01-02T10:18:16+00:00,ACTIONED,LOW,POLICY-v1
ALT-008450,CMP-008450,2026-04-20T16:46:30+00:00,EXPIRED,HIGH,POLICY-v1
ALT-008451,CMP-008451,2026-06-01T09:44:58+00:00,PENDING,MEDIUM,POLICY-v1
ALT-008452,CMP-008452,2026-01-26T13:54:24+00:00,EXPIRED,MEDIUM,POLICY-v1
ALT-008453,CMP-008453,2026-06-24T03:22:37+00:00,PENDING,LOW,POLICY-v1
ALT-008454,CMP-008454,2026-01-20T13:53:55+00:00,EXPIRED,LOW,POLICY-v1
ALT-008455,CMP-008455,2026-01-09T05:13:04+00:00,ACTIONED,LOW,POLICY-v1
ALT-008456,CMP-008456,2026-04-25T09:40:22+00:00,EXPIRED,LOW,POLICY-v1
ALT-008457,CMP-008457,2026-05-13T19:20:07+00:00,ACTIONED,LOW,POLICY-v1
ALT-008458,CMP-008458,2026-03-20T03:10:05+00:00,ACTIONED,MEDIUM,POLICY-v1
ALT-008459,CMP-008459,2026-04-09T11:04:21+00:00,PENDING,MEDIUM,POLICY-v1
ALT-008460,CMP-008460,2026-05-17T00:29:31+00:00,ACKNOWLEDGED,MEDIUM,POLICY-v1
ALT-008461,CMP-008461,2026-03-15T17:37:16+00:00,EXPIRED,MEDIUM,POLICY-v1
ALT-008462,CMP-008462,2026-04-15T17:56:50+00:00,ACTIONED,MEDIUM,POLICY-v1
ALT-008463,CMP-008463,2026-01-09T10:54:00+00:00,PENDING,HIGH,POLICY-v1
ALT-008464,CMP-008464,2026-04-08T14:47:30+00:00,ACTIONED,MEDIUM,POLICY-v1
ALT-008465,CMP-008465,2026-03-21T08:53:08+00:00,ACTIONED,LOW,POLICY-v1
ALT-008466,CMP-008466,2026-06-18T04:43:32+00:00,ACKNOWLEDGED,HIGH,POLICY-v1
ALT-008467,CMP-008467,2026-05-21T11:22:58+00:00,ACTIONED,HIGH,POLICY-v1
ALT-008468,CMP-008468,2026-06-11T20:03:47+00:00,ACTIONED,HIGH,POLICY-v1
ALT-008469,CMP-008469,2026-04-08T06:14:40+00:00,ACTIONED,LOW,POLICY-v1
ALT-008470,CMP-008470,2026-03-12T16:57:49+00:00,ACKNOWLEDGED,LOW,POLICY-v1
ALT-008471,CMP-008471,2026-04-15T07:19:33+00:00,ACTIONED,HIGH,POLICY-v1
ALT-008472,CMP-008472,2026-02-13T03:14:29+00:00,ACTIONED,HIGH,POLICY-v1
ALT-008473,CMP-008473,2026-03-22T14:42:41+00:00,ACTIONED,LOW,POLICY-v1
ALT-008474,CMP-008474,2026-03-24T15:31:48+00:00,PENDING,HIGH,POLICY-v1
ALT-008475,CMP-008475,2026-02-21T09:39:21+00:00,PENDING,HIGH,POLICY-v1
ALT-008476,CMP-008476,2026-02-02T08:17:30+00:00,ACTIONED,MEDIUM,POLICY-v1
ALT-008477,CMP-008477,2026-03-28T19:59:05+00:00,ACTIONED,MEDIUM,POLICY-v1
ALT-008478,CMP-008478,2026-05-28T17:48:17+00:00,ACTIONED,LOW,POLICY-v1
ALT-008479,CMP-008479,2026-05-05T07:33:28+00:00,ACTIONED,HIGH,POLICY-v1
ALT-008480,CMP-008480,2026-03-13T10:34:55+00:00,ACTIONED,LOW,POLICY-v1
ALT-008481,CMP-008481,2026-05-10T19:05:18+00:00,PENDING,MEDIUM,POLICY-v1
ALT-008482,CMP-008482,2026-04-28T03:47:31+00:00,ACKNOWLEDGED,LOW,POLICY-v1
ALT-008483,CMP-008483,2026-04-30T08:26:56+00:00,ACTIONED,MEDIUM,POLICY-v1
ALT-008484,CMP-008484,2026-03-27T20:04:06+00:00,EXPIRED,MEDIUM,POLICY-v1
ALT-008485,CMP-008485,2026-01-24T06:03:00+00:00,EXPIRED,MEDIUM,POLICY-v1
ALT-008486,CMP-008486,2026-06-17T09:16:07+00:00,PENDING,MEDIUM,POLICY-v1
ALT-008487,CMP-008487,2026-01-16T03:43:19+00:00,ACKNOWLEDGED,LOW,POLICY-v1
ALT-008488,CMP-008488,2026-04-07T19:40:58+00:00,PENDING,MEDIUM,POLICY-v1
ALT-008489,CMP-008489,2026-05-19T13:22:49+00:00,ACTIONED,LOW,POLICY-v1
ALT-008490,CMP-008490,2026-03-26T02:46:41+00:00,ACTIONED,MEDIUM,POLICY-v1
ALT-008491,CMP-008491,2026-04-17T09:36:34+00:00,ACTIONED,MEDIUM,POLICY-v1
ALT-008492,CMP-008492,2026-04-14T22:17:41+00:00,EXPIRED,HIGH,POLICY-v1
ALT-008493,CMP-008493,2026-03-24T04:28:14+00:00,ACKNOWLEDGED,LOW,POLICY-v1
ALT-008494,CMP-008494,2026-05-13T11:47:51+00:00,EXPIRED,LOW,POLICY-v1
ALT-008495,CMP-008495,2026-04-16T15:10:12+00:00,ACTIONED,LOW,POLICY-v1
ALT-008496,CMP-008496,2026-05-20T23:58:56+00:00,ACKNOWLEDGED,HIGH,POLICY-v1
ALT-008497,CMP-008497,2026-01-31T09:23:28+00:00,ACTIONED,HIGH,POLICY-v1
ALT-008498,CMP-008498,2026-01-18T08:30:10+00:00,ACTIONED,LOW,POLICY-v1
ALT-008499,CMP-008499,2026-03-16T07:41:25+00:00,ACKNOWLEDGED,HIGH,POLICY-v1
ALT-008500,CMP-008500,2026-01-04T06:41:00+00:00,ACTIONED,MEDIUM,POLICY-v1
ALT-008501,CMP-008501,2026-03-25T18:44:13+00:00,ACTIONED,HIGH,POLICY-v1
ALT-008502,CMP-008502,2026-05-02T22:02:31+00:00,PENDING,MEDIUM,POLICY-v1
ALT-008503,CMP-008503,2026-01-04T00:33:05+00:00,ACKNOWLEDGED,MEDIUM,POLICY-v1
ALT-008504,CMP-008504,2026-01-22T08:36:03+00:00,ACTIONED,MEDIUM,POLICY-v1
ALT-008505,CMP-008505,2026-04-11T16:38:06+00:00,ACKNOWLEDGED,LOW,POLICY-v1
ALT-008506,CMP-008506,2026-03-05T19:02:23+00:00,ACKNOWLEDGED,LOW,POLICY-v1
ALT-008507,CMP-008507,2026-04-02T06:15:26+00:00,PENDING,MEDIUM,POLICY-v1
ALT-008508,CMP-008508,2026-04-06T23:01:22+00:00,EXPIRED,HIGH,POLICY-v1
ALT-008509,CMP-008509,2026-05-09T23:57:42+00:00,ACTIONED,MEDIUM,POLICY-v1
ALT-008510,CMP-008510,2026-03-06T19:11:52+00:00,ACTIONED,LOW,POLICY-v1
ALT-008511,CMP-008511,2026-06-06T20:52:58+00:00,ACKNOWLEDGED,MEDIUM,POLICY-v1
ALT-008512,CMP-008512,2026-02-05T03:54:55+00:00,EXPIRED,HIGH,POLICY-v1
ALT-008513,CMP-008513,2026-06-16T04:27:48+00:00,EXPIRED,HIGH,POLICY-v1
ALT-008514,CMP-008514,2026-02-02T12:35:08+00:00,ACKNOWLEDGED,LOW,POLICY-v1
ALT-008515,CMP-008515,2026-03-29T23:51:14+00:00,EXPIRED,LOW,POLICY-v1
ALT-008516,CMP-008516,2026-06-15T19:06:53+00:00,EXPIRED,MEDIUM,POLICY-v1
ALT-008517,CMP-008517,2026-06-29T23:10:47+00:00,ACTIONED,LOW,POLICY-v1
ALT-008518,CMP-008518,2026-01-18T21:28:39+00:00,PENDING,MEDIUM,POLICY-v1
ALT-008519,CMP-008519,2026-03-17T13:56:04+00:00,ACKNOWLEDGED,HIGH,POLICY-v1
ALT-008520,CMP-008520,2026-06-04T15:36:56+00:00,ACKNOWLEDGED,LOW,POLICY-v1
ALT-008521,CMP-008521,2026-03-01T07:22:25+00:00,ACTIONED,HIGH,POLICY-v1
ALT-008522,CMP-008522,2026-06-04T08:13:02+00:00,ACTIONED,HIGH,POLICY-v1
ALT-008523,CMP-008523,2026-01-25T22:46:21+00:00,EXPIRED,LOW,POLICY-v1
ALT-008524,CMP-008524,2026-06-19T20:39:22+00:00,ACTIONED,HIGH,POLICY-v1
ALT-008525,CMP-008525,2026-01-13T10:26:07+00:00,ACTIONED,MEDIUM,POLICY-v1
ALT-008526,CMP-008526,2026-02-10T08:15:28+00:00,EXPIRED,HIGH,POLICY-v1
ALT-008527,CMP-008527,2026-05-18T15:40:17+00:00,EXPIRED,HIGH,POLICY-v1
ALT-008528,CMP-008528,2026-05-10T13:34:33+00:00,ACTIONED,MEDIUM,POLICY-v1
ALT-008529,CMP-008529,2026-05-18T05:34:28+00:00,PENDING,LOW,POLICY-v1
ALT-008530,CMP-008530,2026-03-11T04:05:13+00:00,PENDING,MEDIUM,POLICY-v1
ALT-008531,CMP-008531,2026-04-27T06:19:15+00:00,EXPIRED,HIGH,POLICY-v1
ALT-008532,CMP-008532,2026-01-18T10:15:35+00:00,PENDING,HIGH,POLICY-v1
ALT-008533,CMP-008533,2026-06-03T08:05:19+00:00,ACTIONED,LOW,POLICY-v1
ALT-008534,CMP-008534,2026-03-02T05:56:08+00:00,ACTIONED,MEDIUM,POLICY-v1
ALT-008535,CMP-008535,2026-05-22T13:39:07+00:00,EXPIRED,LOW,POLICY-v1
ALT-008536,CMP-008536,2026-01-03T03:36:28+00:00,ACTIONED,MEDIUM,POLICY-v1
ALT-008537,CMP-008537,2026-04-27T13:04:24+00:00,ACTIONED,HIGH,POLICY-v1
ALT-008538,CMP-008538,2026-05-09T14:10:36+00:00,ACTIONED,MEDIUM,POLICY-v1
ALT-008539,CMP-008539,2026-05-05T14:33:48+00:00,EXPIRED,LOW,POLICY-v1
ALT-008540,CMP-008540,2026-04-19T23:30:18+00:00,ACTIONED,MEDIUM,POLICY-v1
ALT-008541,CMP-008541,2026-05-09T05:20:08+00:00,ACTIONED,MEDIUM,POLICY-v1
ALT-008542,CMP-008542,2026-04-10T17:04:06+00:00,ACTIONED,HIGH,POLICY-v1
ALT-008543,CMP-008543,2026-03-25T17:27:58+00:00,EXPIRED,MEDIUM,POLICY-v1
ALT-008544,CMP-008544,2026-02-28T21:14:33+00:00,EXPIRED,LOW,POLICY-v1
ALT-008545,CMP-008545,2026-04-05T19:23:52+00:00,PENDING,MEDIUM,POLICY-v1
ALT-008546,CMP-008546,2026-02-03T04:43:55+00:00,ACTIONED,LOW,POLICY-v1
ALT-008547,CMP-008547,2026-03-25T20:08:17+00:00,ACKNOWLEDGED,LOW,POLICY-v1
ALT-008548,CMP-008548,2026-04-12T01:40:30+00:00,PENDING,MEDIUM,POLICY-v1
ALT-008549,CMP-008549,2026-04-17T07:35:30+00:00,ACTIONED,LOW,POLICY-v1
ALT-008550,CMP-008550,2026-01-01T14:52:53+00:00,ACKNOWLEDGED,HIGH,POLICY-v1
ALT-008551,CMP-008551,2026-02-07T11:49:30+00:00,PENDING,HIGH,POLICY-v1
ALT-008552,CMP-008552,2026-05-12T09:29:17+00:00,ACTIONED,HIGH,POLICY-v1
ALT-008553,CMP-008553,2026-02-20T11:07:30+00:00,ACTIONED,LOW,POLICY-v1
ALT-008554,CMP-008554,2026-04-12T07:08:09+00:00,ACTIONED,LOW,POLICY-v1
ALT-008555,CMP-008555,2026-02-09T22:44:55+00:00,ACTIONED,MEDIUM,POLICY-v1
ALT-008556,CMP-008556,2026-03-05T01:08:55+00:00,ACKNOWLEDGED,LOW,POLICY-v1
ALT-008557,CMP-008557,2026-03-13T06:05:27+00:00,ACKNOWLEDGED,HIGH,POLICY-v1
ALT-008558,CMP-008558,2026-06-07T12:30:49+00:00,PENDING,MEDIUM,POLICY-v1
ALT-008559,CMP-008559,2026-04-17T06:24:50+00:00,ACKNOWLEDGED,MEDIUM,POLICY-v1
ALT-008560,CMP-008560,2026-03-07T20:52:07+00:00,PENDING,HIGH,POLICY-v1
ALT-008561,CMP-008561,2026-02-22T23:55:36+00:00,ACTIONED,HIGH,POLICY-v1
ALT-008562,CMP-008562,2026-03-18T22:00:19+00:00,ACKNOWLEDGED,MEDIUM,POLICY-v1
ALT-008563,CMP-008563,2026-06-22T10:07:54+00:00,PENDING,MEDIUM,POLICY-v1
ALT-008564,CMP-008564,2026-04-07T18:21:43+00:00,ACTIONED,LOW,POLICY-v1
ALT-008565,CMP-008565,2026-06-19T14:15:32+00:00,ACTIONED,LOW,POLICY-v1
ALT-008566,CMP-008566,2026-01-25T09:32:13+00:00,ACTIONED,HIGH,POLICY-v1
ALT-008567,CMP-008567,2026-06-28T16:43:52+00:00,ACTIONED,LOW,POLICY-v1
ALT-008568,CMP-008568,2026-03-05T10:22:44+00:00,PENDING,HIGH,POLICY-v1
ALT-008569,CMP-008569,2026-06-04T20:35:34+00:00,ACTIONED,MEDIUM,POLICY-v1
ALT-008570,CMP-008570,2026-05-12T20:49:37+00:00,PENDING,MEDIUM,POLICY-v1
ALT-008571,CMP-008571,2026-02-22T06:11:13+00:00,EXPIRED,MEDIUM,POLICY-v1
ALT-008572,CMP-008572,2026-03-10T23:28:46+00:00,ACKNOWLEDGED,HIGH,POLICY-v1
ALT-008573,CMP-008573,2026-01-10T01:35:20+00:00,PENDING,MEDIUM,POLICY-v1
ALT-008574,CMP-008574,2026-02-21T16:14:40+00:00,ACKNOWLEDGED,LOW,POLICY-v1
ALT-008575,CMP-008575,2026-05-01T07:59:31+00:00,PENDING,HIGH,POLICY-v1
ALT-008576,CMP-008576,2026-03-20T18:54:24+00:00,ACTIONED,HIGH,POLICY-v1
ALT-008577,CMP-008577,2026-05-28T18:02:52+00:00,PENDING,HIGH,POLICY-v1
ALT-008578,CMP-008578,2026-06-02T21:36:24+00:00,ACKNOWLEDGED,LOW,POLICY-v1
ALT-008579,CMP-008579,2026-05-08T09:17:06+00:00,ACTIONED,LOW,POLICY-v1
ALT-008580,CMP-008580,2026-05-11T22:31:45+00:00,ACTIONED,LOW,POLICY-v1
ALT-008581,CMP-008581,2026-04-07T16:27:19+00:00,ACTIONED,HIGH,POLICY-v1
ALT-008582,CMP-008582,2026-01-26T00:17:34+00:00,ACTIONED,LOW,POLICY-v1
ALT-008583,CMP-008583,2026-03-20T16:44:37+00:00,ACKNOWLEDGED,LOW,POLICY-v1
ALT-008584,CMP-008584,2026-03-07T06:02:07+00:00,ACTIONED,LOW,POLICY-v1
ALT-008585,CMP-008585,2026-04-25T11:39:19+00:00,ACTIONED,MEDIUM,POLICY-v1
ALT-008586,CMP-008586,2026-01-20T19:18:44+00:00,ACTIONED,LOW,POLICY-v1
ALT-008587,CMP-008587,2026-05-14T14:54:46+00:00,ACTIONED,HIGH,POLICY-v1
ALT-008588,CMP-008588,2026-04-22T12:18:40+00:00,ACKNOWLEDGED,LOW,POLICY-v1
ALT-008589,CMP-008589,2026-03-07T10:09:01+00:00,ACTIONED,MEDIUM,POLICY-v1
ALT-008590,CMP-008590,2026-03-17T15:39:27+00:00,ACTIONED,HIGH,POLICY-v1
ALT-008591,CMP-008591,2026-05-30T08:32:51+00:00,ACTIONED,HIGH,POLICY-v1
ALT-008592,CMP-008592,2026-06-29T13:53:24+00:00,ACTIONED,LOW,POLICY-v1
ALT-008593,CMP-008593,2026-03-16T05:10:57+00:00,EXPIRED,HIGH,POLICY-v1
ALT-008594,CMP-008594,2026-01-27T05:52:46+00:00,EXPIRED,LOW,POLICY-v1
ALT-008595,CMP-008595,2026-03-23T09:56:44+00:00,ACTIONED,HIGH,POLICY-v1
ALT-008596,CMP-008596,2026-02-22T04:03:30+00:00,ACTIONED,MEDIUM,POLICY-v1
ALT-008597,CMP-008597,2026-05-22T12:38:42+00:00,ACTIONED,HIGH,POLICY-v1
ALT-008598,CMP-008598,2026-04-12T08:32:13+00:00,ACTIONED,MEDIUM,POLICY-v1
ALT-008599,CMP-008599,2026-04-15T04:39:46+00:00,ACTIONED,LOW,POLICY-v1
ALT-008600,CMP-008600,2026-05-07T09:20:57+00:00,ACTIONED,HIGH,POLICY-v1
ALT-008601,CMP-008601,2026-04-17T05:42:34+00:00,PENDING,MEDIUM,POLICY-v1
ALT-008602,CMP-008602,2026-05-05T11:07:07+00:00,ACTIONED,HIGH,POLICY-v1
ALT-008603,CMP-008603,2026-01-11T19:30:25+00:00,ACKNOWLEDGED,HIGH,POLICY-v1
ALT-008604,CMP-008604,2026-06-25T19:30:58+00:00,ACTIONED,LOW,POLICY-v1
ALT-008605,CMP-008605,2026-06-21T14:16:49+00:00,ACTIONED,MEDIUM,POLICY-v1
ALT-008606,CMP-008606,2026-02-17T02:21:09+00:00,ACTIONED,LOW,POLICY-v1
ALT-008607,CMP-008607,2026-04-22T11:18:51+00:00,ACKNOWLEDGED,HIGH,POLICY-v1
ALT-008608,CMP-008608,2026-05-06T13:55:13+00:00,ACTIONED,LOW,POLICY-v1
ALT-008609,CMP-008609,2026-03-26T08:07:59+00:00,ACTIONED,MEDIUM,POLICY-v1
ALT-008610,CMP-008610,2026-02-25T11:03:17+00:00,PENDING,HIGH,POLICY-v1
ALT-008611,CMP-008611,2026-04-21T21:20:42+00:00,ACTIONED,MEDIUM,POLICY-v1
ALT-008612,CMP-008612,2026-03-09T14:15:55+00:00,EXPIRED,MEDIUM,POLICY-v1
ALT-008613,CMP-008613,2026-01-27T06:16:10+00:00,ACKNOWLEDGED,LOW,POLICY-v1
ALT-008614,CMP-008614,2026-04-28T06:59:13+00:00,ACKNOWLEDGED,MEDIUM,POLICY-v1
ALT-008615,CMP-008615,2026-04-13T03:51:41+00:00,ACTIONED,LOW,POLICY-v1
ALT-008616,CMP-008616,2026-04-01T00:28:33+00:00,ACKNOWLEDGED,HIGH,POLICY-v1
ALT-008617,CMP-008617,2026-04-15T13:42:26+00:00,ACTIONED,MEDIUM,POLICY-v1
ALT-008618,CMP-008618,2026-06-03T02:19:10+00:00,ACTIONED,HIGH,POLICY-v1
ALT-008619,CMP-008619,2026-04-18T06:55:58+00:00,ACTIONED,LOW,POLICY-v1
ALT-008620,CMP-008620,2026-02-12T05:52:20+00:00,EXPIRED,HIGH,POLICY-v1
ALT-008621,CMP-008621,2026-02-13T05:00:52+00:00,ACTIONED,LOW,POLICY-v1
ALT-008622,CMP-008622,2026-03-02T07:37:48+00:00,ACTIONED,MEDIUM,POLICY-v1
ALT-008623,CMP-008623,2026-06-27T09:10:25+00:00,ACTIONED,HIGH,POLICY-v1
ALT-008624,CMP-008624,2026-01-04T23:25:44+00:00,PENDING,HIGH,POLICY-v1
ALT-008625,CMP-008625,2026-03-20T02:25:47+00:00,ACTIONED,LOW,POLICY-v1
ALT-008626,CMP-008626,2026-05-04T23:28:22+00:00,ACTIONED,LOW,POLICY-v1
ALT-008627,CMP-008627,2026-03-14T15:18:09+00:00,ACKNOWLEDGED,LOW,POLICY-v1
ALT-008628,CMP-008628,2026-04-04T19:26:36+00:00,PENDING,MEDIUM,POLICY-v1
ALT-008629,CMP-008629,2026-05-23T03:57:35+00:00,ACTIONED,LOW,POLICY-v1
ALT-008630,CMP-008630,2026-06-09T23:05:26+00:00,ACTIONED,LOW,POLICY-v1
ALT-008631,CMP-008631,2026-02-06T03:50:03+00:00,ACKNOWLEDGED,MEDIUM,POLICY-v1
ALT-008632,CMP-008632,2026-04-01T23:33:43+00:00,ACTIONED,MEDIUM,POLICY-v1
ALT-008633,CMP-008633,2026-06-17T20:47:46+00:00,ACKNOWLEDGED,HIGH,POLICY-v1
ALT-008634,CMP-008634,2026-01-31T14:08:11+00:00,ACKNOWLEDGED,MEDIUM,POLICY-v1
ALT-008635,CMP-008635,2026-06-04T10:45:03+00:00,ACTIONED,MEDIUM,POLICY-v1
ALT-008636,CMP-008636,2026-01-01T07:03:43+00:00,ACTIONED,LOW,POLICY-v1
ALT-008637,CMP-008637,2026-02-20T20:33:53+00:00,ACTIONED,MEDIUM,POLICY-v1
ALT-008638,CMP-008638,2026-04-05T18:30:35+00:00,ACKNOWLEDGED,HIGH,POLICY-v1
ALT-008639,CMP-008639,2026-05-22T01:27:17+00:00,EXPIRED,HIGH,POLICY-v1
ALT-008640,CMP-008640,2026-04-22T10:29:27+00:00,ACTIONED,LOW,POLICY-v1
ALT-008641,CMP-008641,2026-06-27T06:41:56+00:00,EXPIRED,LOW,POLICY-v1
ALT-008642,CMP-008642,2026-05-01T15:21:03+00:00,ACTIONED,HIGH,POLICY-v1
ALT-008643,CMP-008643,2026-03-08T16:34:27+00:00,ACKNOWLEDGED,HIGH,POLICY-v1
ALT-008644,CMP-008644,2026-06-09T05:03:06+00:00,ACTIONED,MEDIUM,POLICY-v1
ALT-008645,CMP-008645,2026-06-29T06:58:25+00:00,ACKNOWLEDGED,HIGH,POLICY-v1
ALT-008646,CMP-008646,2026-05-29T16:54:37+00:00,EXPIRED,HIGH,POLICY-v1
ALT-008647,CMP-008647,2026-06-18T17:29:45+00:00,ACKNOWLEDGED,LOW,POLICY-v1
ALT-008648,CMP-008648,2026-02-19T13:48:33+00:00,ACTIONED,HIGH,POLICY-v1
ALT-008649,CMP-008649,2026-06-20T12:58:59+00:00,EXPIRED,MEDIUM,POLICY-v1
ALT-008650,CMP-008650,2026-03-02T16:31:26+00:00,ACTIONED,LOW,POLICY-v1
ALT-008651,CMP-008651,2026-05-15T08:24:58+00:00,EXPIRED,LOW,POLICY-v1
ALT-008652,CMP-008652,2026-04-22T14:29:58+00:00,ACTIONED,LOW,POLICY-v1
ALT-008653,CMP-008653,2026-05-09T10:05:26+00:00,PENDING,MEDIUM,POLICY-v1
ALT-008654,CMP-008654,2026-01-31T12:52:49+00:00,ACKNOWLEDGED,LOW,POLICY-v1
ALT-008655,CMP-008655,2026-02-24T06:22:07+00:00,PENDING,MEDIUM,POLICY-v1
ALT-008656,CMP-008656,2026-06-17T21:55:54+00:00,ACTIONED,LOW,POLICY-v1
ALT-008657,CMP-008657,2026-01-15T12:07:25+00:00,ACTIONED,LOW,POLICY-v1
ALT-008658,CMP-008658,2026-02-02T19:06:54+00:00,PENDING,HIGH,POLICY-v1
ALT-008659,CMP-008659,2026-04-09T05:15:53+00:00,ACTIONED,MEDIUM,POLICY-v1
ALT-008660,CMP-008660,2026-04-26T11:07:19+00:00,EXPIRED,MEDIUM,POLICY-v1
ALT-008661,CMP-008661,2026-05-05T14:50:11+00:00,ACTIONED,MEDIUM,POLICY-v1
ALT-008662,CMP-008662,2026-04-14T00:56:41+00:00,ACTIONED,HIGH,POLICY-v1
ALT-008663,CMP-008663,2026-02-28T15:54:51+00:00,ACTIONED,HIGH,POLICY-v1
ALT-008664,CMP-008664,2026-02-07T00:46:59+00:00,ACTIONED,HIGH,POLICY-v1
ALT-008665,CMP-008665,2026-06-18T01:57:01+00:00,EXPIRED,HIGH,POLICY-v1
ALT-008666,CMP-008666,2026-01-24T11:18:01+00:00,ACTIONED,MEDIUM,POLICY-v1
ALT-008667,CMP-008667,2026-03-28T22:56:39+00:00,PENDING,HIGH,POLICY-v1
ALT-008668,CMP-008668,2026-06-10T19:31:29+00:00,EXPIRED,MEDIUM,POLICY-v1
ALT-008669,CMP-008669,2026-02-26T08:41:53+00:00,ACTIONED,LOW,POLICY-v1
ALT-008670,CMP-008670,2026-03-23T08:05:50+00:00,ACTIONED,MEDIUM,POLICY-v1
ALT-008671,CMP-008671,2026-01-23T14:19:48+00:00,ACTIONED,LOW,POLICY-v1
ALT-008672,CMP-008672,2026-03-09T04:51:45+00:00,ACTIONED,LOW,POLICY-v1
ALT-008673,CMP-008673,2026-02-26T13:18:15+00:00,EXPIRED,MEDIUM,POLICY-v1
ALT-008674,CMP-008674,2026-03-18T16:37:36+00:00,EXPIRED,HIGH,POLICY-v1
ALT-008675,CMP-008675,2026-06-17T01:39:39+00:00,PENDING,HIGH,POLICY-v1
ALT-008676,CMP-008676,2026-05-30T08:47:06+00:00,PENDING,LOW,POLICY-v1
ALT-008677,CMP-008677,2026-02-27T13:12:01+00:00,ACTIONED,LOW,POLICY-v1
ALT-008678,CMP-008678,2026-06-19T20:29:19+00:00,ACTIONED,LOW,POLICY-v1
ALT-008679,CMP-008679,2026-01-21T06:40:20+00:00,PENDING,LOW,POLICY-v1
ALT-008680,CMP-008680,2026-05-30T02:09:20+00:00,ACKNOWLEDGED,HIGH,POLICY-v1
ALT-008681,CMP-008681,2026-02-11T14:48:26+00:00,EXPIRED,HIGH,POLICY-v1
ALT-008682,CMP-008682,2026-06-19T14:33:55+00:00,ACTIONED,LOW,POLICY-v1
ALT-008683,CMP-008683,2026-05-16T14:35:31+00:00,ACTIONED,LOW,POLICY-v1
ALT-008684,CMP-008684,2026-03-06T21:44:43+00:00,EXPIRED,LOW,POLICY-v1
ALT-008685,CMP-008685,2026-02-24T23:52:53+00:00,PENDING,LOW,POLICY-v1
ALT-008686,CMP-008686,2026-02-15T19:02:37+00:00,ACTIONED,MEDIUM,POLICY-v1
ALT-008687,CMP-008687,2026-03-02T00:43:04+00:00,ACKNOWLEDGED,LOW,POLICY-v1
ALT-008688,CMP-008688,2026-05-07T19:21:09+00:00,ACTIONED,LOW,POLICY-v1
ALT-008689,CMP-008689,2026-04-22T22:18:37+00:00,ACTIONED,HIGH,POLICY-v1
ALT-008690,CMP-008690,2026-02-09T20:41:37+00:00,ACTIONED,MEDIUM,POLICY-v1
ALT-008691,CMP-008691,2026-03-25T15:42:50+00:00,PENDING,MEDIUM,POLICY-v1
ALT-008692,CMP-008692,2026-03-29T09:14:07+00:00,ACTIONED,HIGH,POLICY-v1
ALT-008693,CMP-008693,2026-01-31T10:43:01+00:00,ACKNOWLEDGED,MEDIUM,POLICY-v1
ALT-008694,CMP-008694,2026-06-29T23:55:24+00:00,ACKNOWLEDGED,MEDIUM,POLICY-v1
ALT-008695,CMP-008695,2026-01-03T22:29:31+00:00,ACTIONED,LOW,POLICY-v1
ALT-008696,CMP-008696,2026-02-21T03:40:52+00:00,ACTIONED,MEDIUM,POLICY-v1
ALT-008697,CMP-008697,2026-02-17T20:56:50+00:00,ACKNOWLEDGED,HIGH,POLICY-v1
ALT-008698,CMP-008698,2026-05-27T22:14:03+00:00,ACTIONED,HIGH,POLICY-v1
ALT-008699,CMP-008699,2026-05-05T20:09:37+00:00,ACTIONED,MEDIUM,POLICY-v1
ALT-008700,CMP-008700,2026-01-07T14:11:49+00:00,ACTIONED,HIGH,POLICY-v1
ALT-008701,CMP-008701,2026-05-01T10:09:45+00:00,ACTIONED,HIGH,POLICY-v1
ALT-008702,CMP-008702,2026-03-23T15:56:24+00:00,ACKNOWLEDGED,MEDIUM,POLICY-v1
ALT-008703,CMP-008703,2026-04-28T05:01:42+00:00,PENDING,MEDIUM,POLICY-v1
ALT-008704,CMP-008704,2026-05-16T13:29:57+00:00,PENDING,LOW,POLICY-v1
ALT-008705,CMP-008705,2026-04-24T20:33:49+00:00,PENDING,LOW,POLICY-v1
ALT-008706,CMP-008706,2026-02-15T06:31:01+00:00,ACKNOWLEDGED,HIGH,POLICY-v1
ALT-008707,CMP-008707,2026-01-09T07:31:12+00:00,ACTIONED,HIGH,POLICY-v1
ALT-008708,CMP-008708,2026-04-06T16:27:02+00:00,EXPIRED,LOW,POLICY-v1
ALT-008709,CMP-008709,2026-01-10T04:59:39+00:00,ACTIONED,LOW,POLICY-v1
ALT-008710,CMP-008710,2026-03-03T02:05:20+00:00,ACKNOWLEDGED,LOW,POLICY-v1
ALT-008711,CMP-008711,2026-06-10T23:02:27+00:00,PENDING,HIGH,POLICY-v1
ALT-008712,CMP-008712,2026-04-24T14:31:37+00:00,ACKNOWLEDGED,LOW,POLICY-v1
ALT-008713,CMP-008713,2026-06-07T10:23:32+00:00,EXPIRED,HIGH,POLICY-v1
ALT-008714,CMP-008714,2026-02-22T02:40:00+00:00,ACTIONED,LOW,POLICY-v1
ALT-008715,CMP-008715,2026-05-08T04:41:46+00:00,ACTIONED,LOW,POLICY-v1
ALT-008716,CMP-008716,2026-04-26T20:18:58+00:00,PENDING,MEDIUM,POLICY-v1
ALT-008717,CMP-008717,2026-01-15T15:09:15+00:00,ACKNOWLEDGED,MEDIUM,POLICY-v1
ALT-008718,CMP-008718,2026-06-08T08:56:34+00:00,ACKNOWLEDGED,LOW,POLICY-v1
ALT-008719,CMP-008719,2026-05-28T11:14:38+00:00,ACKNOWLEDGED,MEDIUM,POLICY-v1
ALT-008720,CMP-008720,2026-02-15T23:09:04+00:00,ACTIONED,HIGH,POLICY-v1
ALT-008721,CMP-008721,2026-05-19T23:26:47+00:00,EXPIRED,MEDIUM,POLICY-v1
ALT-008722,CMP-008722,2026-03-19T05:45:54+00:00,ACTIONED,MEDIUM,POLICY-v1
ALT-008723,CMP-008723,2026-01-06T23:09:22+00:00,ACTIONED,MEDIUM,POLICY-v1
ALT-008724,CMP-008724,2026-05-15T03:40:53+00:00,ACTIONED,HIGH,POLICY-v1
ALT-008725,CMP-008725,2026-04-01T18:38:23+00:00,ACTIONED,MEDIUM,POLICY-v1
ALT-008726,CMP-008726,2026-01-13T15:59:58+00:00,PENDING,MEDIUM,POLICY-v1
ALT-008727,CMP-008727,2026-05-20T06:21:50+00:00,ACTIONED,MEDIUM,POLICY-v1
ALT-008728,CMP-008728,2026-01-20T06:11:41+00:00,ACTIONED,LOW,POLICY-v1
ALT-008729,CMP-008729,2026-04-09T09:43:22+00:00,ACTIONED,HIGH,POLICY-v1
ALT-008730,CMP-008730,2026-05-24T19:06:11+00:00,ACTIONED,MEDIUM,POLICY-v1
ALT-008731,CMP-008731,2026-06-22T20:05:40+00:00,ACTIONED,HIGH,POLICY-v1
ALT-008732,CMP-008732,2026-03-28T15:25:26+00:00,EXPIRED,HIGH,POLICY-v1
ALT-008733,CMP-008733,2026-04-05T16:06:49+00:00,ACTIONED,HIGH,POLICY-v1
ALT-008734,CMP-008734,2026-01-10T21:06:01+00:00,EXPIRED,LOW,POLICY-v1
ALT-008735,CMP-008735,2026-03-09T07:56:34+00:00,ACTIONED,HIGH,POLICY-v1
ALT-008736,CMP-008736,2026-01-28T05:01:59+00:00,ACTIONED,MEDIUM,POLICY-v1
ALT-008737,CMP-008737,2026-06-04T00:17:34+00:00,PENDING,MEDIUM,POLICY-v1
ALT-008738,CMP-008738,2026-05-19T09:12:29+00:00,ACTIONED,HIGH,POLICY-v1
ALT-008739,CMP-008739,2026-03-04T06:21:17+00:00,ACKNOWLEDGED,LOW,POLICY-v1
ALT-008740,CMP-008740,2026-06-23T22:08:10+00:00,EXPIRED,HIGH,POLICY-v1
ALT-008741,CMP-008741,2026-01-15T08:23:03+00:00,ACTIONED,LOW,POLICY-v1
ALT-008742,CMP-008742,2026-05-19T21:52:49+00:00,ACTIONED,HIGH,POLICY-v1
ALT-008743,CMP-008743,2026-06-26T23:20:13+00:00,ACTIONED,MEDIUM,POLICY-v1
ALT-008744,CMP-008744,2026-04-22T18:30:23+00:00,ACTIONED,HIGH,POLICY-v1
ALT-008745,CMP-008745,2026-04-22T05:19:51+00:00,ACTIONED,MEDIUM,POLICY-v1
ALT-008746,CMP-008746,2026-01-17T13:41:37+00:00,ACTIONED,MEDIUM,POLICY-v1
ALT-008747,CMP-008747,2026-02-17T18:14:45+00:00,ACTIONED,MEDIUM,POLICY-v1
ALT-008748,CMP-008748,2026-04-23T20:41:49+00:00,ACTIONED,MEDIUM,POLICY-v1
ALT-008749,CMP-008749,2026-01-22T09:31:49+00:00,ACTIONED,MEDIUM,POLICY-v1
ALT-008750,CMP-008750,2026-05-14T14:26:12+00:00,ACTIONED,LOW,POLICY-v1
ALT-008751,CMP-008751,2026-01-21T11:41:04+00:00,ACKNOWLEDGED,HIGH,POLICY-v1
ALT-008752,CMP-008752,2026-05-10T03:41:37+00:00,ACTIONED,MEDIUM,POLICY-v1
ALT-008753,CMP-008753,2026-04-14T07:45:29+00:00,ACTIONED,HIGH,POLICY-v1
ALT-008754,CMP-008754,2026-04-26T15:29:09+00:00,ACTIONED,LOW,POLICY-v1
ALT-008755,CMP-008755,2026-06-15T17:32:37+00:00,ACTIONED,HIGH,POLICY-v1
ALT-008756,CMP-008756,2026-06-09T21:21:09+00:00,PENDING,HIGH,POLICY-v1
ALT-008757,CMP-008757,2026-05-08T05:22:34+00:00,ACTIONED,LOW,POLICY-v1
ALT-008758,CMP-008758,2026-04-15T18:07:44+00:00,PENDING,LOW,POLICY-v1
ALT-008759,CMP-008759,2026-01-19T13:33:21+00:00,ACTIONED,MEDIUM,POLICY-v1
ALT-008760,CMP-008760,2026-04-29T09:51:10+00:00,ACKNOWLEDGED,LOW,POLICY-v1
ALT-008761,CMP-008761,2026-06-16T15:29:14+00:00,ACKNOWLEDGED,LOW,POLICY-v1
ALT-008762,CMP-008762,2026-02-15T09:32:13+00:00,ACTIONED,LOW,POLICY-v1
ALT-008763,CMP-008763,2026-05-02T19:41:53+00:00,EXPIRED,HIGH,POLICY-v1
ALT-008764,CMP-008764,2026-05-30T10:55:21+00:00,ACTIONED,MEDIUM,POLICY-v1
ALT-008765,CMP-008765,2026-05-07T12:39:08+00:00,ACTIONED,MEDIUM,POLICY-v1
ALT-008766,CMP-008766,2026-03-02T16:26:11+00:00,EXPIRED,MEDIUM,POLICY-v1
ALT-008767,CMP-008767,2026-01-28T22:43:36+00:00,ACKNOWLEDGED,MEDIUM,POLICY-v1
ALT-008768,CMP-008768,2026-01-22T04:28:13+00:00,ACKNOWLEDGED,MEDIUM,POLICY-v1
ALT-008769,CMP-008769,2026-02-28T05:03:20+00:00,PENDING,HIGH,POLICY-v1
ALT-008770,CMP-008770,2026-03-13T11:35:35+00:00,ACKNOWLEDGED,MEDIUM,POLICY-v1
ALT-008771,CMP-008771,2026-05-01T12:55:28+00:00,ACTIONED,MEDIUM,POLICY-v1
ALT-008772,CMP-008772,2026-02-13T10:49:55+00:00,ACTIONED,MEDIUM,POLICY-v1
ALT-008773,CMP-008773,2026-02-22T13:46:00+00:00,ACTIONED,LOW,POLICY-v1
ALT-008774,CMP-008774,2026-04-13T23:25:15+00:00,ACTIONED,MEDIUM,POLICY-v1
ALT-008775,CMP-008775,2026-03-24T22:55:20+00:00,ACTIONED,HIGH,POLICY-v1
ALT-008776,CMP-008776,2026-06-02T15:38:26+00:00,ACTIONED,LOW,POLICY-v1
ALT-008777,CMP-008777,2026-05-11T21:43:29+00:00,ACTIONED,LOW,POLICY-v1
ALT-008778,CMP-008778,2026-03-20T09:26:47+00:00,ACTIONED,HIGH,POLICY-v1
ALT-008779,CMP-008779,2026-06-19T16:17:19+00:00,ACTIONED,HIGH,POLICY-v1
ALT-008780,CMP-008780,2026-01-02T19:54:49+00:00,PENDING,LOW,POLICY-v1
ALT-008781,CMP-008781,2026-03-26T12:42:34+00:00,ACTIONED,LOW,POLICY-v1
ALT-008782,CMP-008782,2026-05-06T06:35:46+00:00,ACTIONED,MEDIUM,POLICY-v1
ALT-008783,CMP-008783,2026-04-07T13:39:03+00:00,ACTIONED,HIGH,POLICY-v1
ALT-008784,CMP-008784,2026-04-07T18:06:00+00:00,PENDING,HIGH,POLICY-v1
ALT-008785,CMP-008785,2026-02-09T10:58:17+00:00,ACTIONED,HIGH,POLICY-v1
ALT-008786,CMP-008786,2026-03-02T19:34:22+00:00,ACKNOWLEDGED,LOW,POLICY-v1
ALT-008787,CMP-008787,2026-06-23T09:53:19+00:00,EXPIRED,HIGH,POLICY-v1
ALT-008788,CMP-008788,2026-04-19T15:12:03+00:00,ACTIONED,HIGH,POLICY-v1
ALT-008789,CMP-008789,2026-02-27T23:10:41+00:00,EXPIRED,MEDIUM,POLICY-v1
ALT-008790,CMP-008790,2026-05-20T17:59:32+00:00,ACKNOWLEDGED,MEDIUM,POLICY-v1
ALT-008791,CMP-008791,2026-01-27T01:41:44+00:00,PENDING,MEDIUM,POLICY-v1
ALT-008792,CMP-008792,2026-05-26T23:33:43+00:00,PENDING,LOW,POLICY-v1
ALT-008793,CMP-008793,2026-03-29T19:14:11+00:00,ACTIONED,MEDIUM,POLICY-v1
ALT-008794,CMP-008794,2026-04-11T14:02:10+00:00,ACTIONED,HIGH,POLICY-v1
ALT-008795,CMP-008795,2026-03-13T20:43:07+00:00,EXPIRED,MEDIUM,POLICY-v1
ALT-008796,CMP-008796,2026-01-09T22:18:44+00:00,ACKNOWLEDGED,MEDIUM,POLICY-v1
ALT-008797,CMP-008797,2026-03-24T02:19:59+00:00,ACTIONED,HIGH,POLICY-v1
ALT-008798,CMP-008798,2026-04-20T22:58:16+00:00,ACKNOWLEDGED,HIGH,POLICY-v1
ALT-008799,CMP-008799,2026-04-25T07:17:33+00:00,ACTIONED,MEDIUM,POLICY-v1
ALT-008800,CMP-008800,2026-04-04T12:36:09+00:00,ACKNOWLEDGED,LOW,POLICY-v1
ALT-008801,CMP-008801,2026-04-03T04:12:28+00:00,EXPIRED,MEDIUM,POLICY-v1
ALT-008802,CMP-008802,2026-05-30T05:49:20+00:00,ACKNOWLEDGED,MEDIUM,POLICY-v1
ALT-008803,CMP-008803,2026-05-22T17:34:32+00:00,ACTIONED,MEDIUM,POLICY-v1
ALT-008804,CMP-008804,2026-02-08T17:05:17+00:00,ACKNOWLEDGED,HIGH,POLICY-v1
ALT-008805,CMP-008805,2026-06-09T13:37:58+00:00,ACTIONED,HIGH,POLICY-v1
ALT-008806,CMP-008806,2026-02-06T07:02:00+00:00,ACKNOWLEDGED,MEDIUM,POLICY-v1
ALT-008807,CMP-008807,2026-05-20T06:28:25+00:00,ACKNOWLEDGED,HIGH,POLICY-v1
ALT-008808,CMP-008808,2026-04-17T18:47:33+00:00,PENDING,HIGH,POLICY-v1
ALT-008809,CMP-008809,2026-06-27T12:02:05+00:00,ACTIONED,HIGH,POLICY-v1
ALT-008810,CMP-008810,2026-05-14T13:28:48+00:00,ACTIONED,MEDIUM,POLICY-v1
ALT-008811,CMP-008811,2026-02-25T10:15:10+00:00,EXPIRED,MEDIUM,POLICY-v1
ALT-008812,CMP-008812,2026-06-03T21:08:42+00:00,ACKNOWLEDGED,LOW,POLICY-v1
ALT-008813,CMP-008813,2026-03-07T05:32:26+00:00,ACTIONED,LOW,POLICY-v1
ALT-008814,CMP-008814,2026-04-26T05:53:33+00:00,ACTIONED,HIGH,POLICY-v1
ALT-008815,CMP-008815,2026-06-11T15:00:49+00:00,EXPIRED,HIGH,POLICY-v1
ALT-008816,CMP-008816,2026-05-02T19:40:39+00:00,ACTIONED,LOW,POLICY-v1
ALT-008817,CMP-008817,2026-03-21T14:14:54+00:00,ACKNOWLEDGED,MEDIUM,POLICY-v1
ALT-008818,CMP-008818,2026-06-13T10:21:55+00:00,EXPIRED,LOW,POLICY-v1
ALT-008819,CMP-008819,2026-03-09T10:19:45+00:00,ACTIONED,HIGH,POLICY-v1
ALT-008820,CMP-008820,2026-04-25T10:29:46+00:00,PENDING,HIGH,POLICY-v1
ALT-008821,CMP-008821,2026-02-11T21:37:44+00:00,ACKNOWLEDGED,LOW,POLICY-v1
ALT-008822,CMP-008822,2026-04-14T15:08:55+00:00,ACKNOWLEDGED,MEDIUM,POLICY-v1
ALT-008823,CMP-008823,2026-06-06T09:22:43+00:00,EXPIRED,LOW,POLICY-v1
ALT-008824,CMP-008824,2026-06-16T00:29:12+00:00,EXPIRED,HIGH,POLICY-v1
ALT-008825,CMP-008825,2026-03-04T19:00:03+00:00,ACTIONED,LOW,POLICY-v1
ALT-008826,CMP-008826,2026-03-05T15:39:34+00:00,PENDING,MEDIUM,POLICY-v1
ALT-008827,CMP-008827,2026-02-05T13:45:59+00:00,ACTIONED,HIGH,POLICY-v1
ALT-008828,CMP-008828,2026-03-16T13:22:19+00:00,ACTIONED,HIGH,POLICY-v1
ALT-008829,CMP-008829,2026-01-12T00:50:54+00:00,ACTIONED,LOW,POLICY-v1
ALT-008830,CMP-008830,2026-05-27T23:16:23+00:00,ACKNOWLEDGED,MEDIUM,POLICY-v1
ALT-008831,CMP-008831,2026-01-02T19:53:00+00:00,ACTIONED,MEDIUM,POLICY-v1
ALT-008832,CMP-008832,2026-04-03T04:00:43+00:00,ACTIONED,MEDIUM,POLICY-v1
ALT-008833,CMP-008833,2026-06-15T12:45:45+00:00,ACTIONED,HIGH,POLICY-v1
ALT-008834,CMP-008834,2026-04-03T08:39:53+00:00,PENDING,HIGH,POLICY-v1
ALT-008835,CMP-008835,2026-05-10T20:49:02+00:00,ACKNOWLEDGED,HIGH,POLICY-v1
ALT-008836,CMP-008836,2026-05-05T09:05:53+00:00,ACKNOWLEDGED,MEDIUM,POLICY-v1
ALT-008837,CMP-008837,2026-03-16T19:31:56+00:00,ACKNOWLEDGED,LOW,POLICY-v1
ALT-008838,CMP-008838,2026-03-20T13:41:37+00:00,ACTIONED,HIGH,POLICY-v1
ALT-008839,CMP-008839,2026-05-13T19:24:26+00:00,ACTIONED,MEDIUM,POLICY-v1
ALT-008840,CMP-008840,2026-03-03T06:40:20+00:00,ACTIONED,LOW,POLICY-v1
ALT-008841,CMP-008841,2026-01-24T02:53:29+00:00,ACTIONED,MEDIUM,POLICY-v1
ALT-008842,CMP-008842,2026-04-05T11:56:22+00:00,ACTIONED,MEDIUM,POLICY-v1
ALT-008843,CMP-008843,2026-05-13T19:46:47+00:00,PENDING,LOW,POLICY-v1
ALT-008844,CMP-008844,2026-06-20T12:18:29+00:00,ACTIONED,LOW,POLICY-v1
ALT-008845,CMP-008845,2026-03-24T13:20:20+00:00,ACKNOWLEDGED,HIGH,POLICY-v1
ALT-008846,CMP-008846,2026-03-16T10:28:22+00:00,ACTIONED,HIGH,POLICY-v1
ALT-008847,CMP-008847,2026-03-13T01:17:04+00:00,ACKNOWLEDGED,LOW,POLICY-v1
ALT-008848,CMP-008848,2026-04-14T01:49:07+00:00,ACTIONED,LOW,POLICY-v1
ALT-008849,CMP-008849,2026-04-28T21:47:19+00:00,ACKNOWLEDGED,LOW,POLICY-v1
ALT-008850,CMP-008850,2026-06-08T14:01:45+00:00,ACTIONED,LOW,POLICY-v1
ALT-008851,CMP-008851,2026-04-24T06:26:42+00:00,ACTIONED,MEDIUM,POLICY-v1
ALT-008852,CMP-008852,2026-05-02T21:10:32+00:00,PENDING,LOW,POLICY-v1
ALT-008853,CMP-008853,2026-05-28T11:09:03+00:00,ACTIONED,HIGH,POLICY-v1
ALT-008854,CMP-008854,2026-06-15T10:33:48+00:00,ACTIONED,HIGH,POLICY-v1
ALT-008855,CMP-008855,2026-03-03T04:09:38+00:00,ACTIONED,HIGH,POLICY-v1
ALT-008856,CMP-008856,2026-02-08T10:18:57+00:00,ACKNOWLEDGED,LOW,POLICY-v1
ALT-008857,CMP-008857,2026-02-24T03:31:05+00:00,ACTIONED,HIGH,POLICY-v1
ALT-008858,CMP-008858,2026-04-12T13:42:26+00:00,PENDING,HIGH,POLICY-v1
ALT-008859,CMP-008859,2026-03-24T04:57:40+00:00,PENDING,MEDIUM,POLICY-v1
ALT-008860,CMP-008860,2026-06-08T22:03:14+00:00,ACTIONED,MEDIUM,POLICY-v1
ALT-008861,CMP-008861,2026-03-05T18:46:45+00:00,ACTIONED,HIGH,POLICY-v1
ALT-008862,CMP-008862,2026-02-10T20:00:00+00:00,ACTIONED,LOW,POLICY-v1
ALT-008863,CMP-008863,2026-04-08T08:31:45+00:00,ACTIONED,MEDIUM,POLICY-v1
ALT-008864,CMP-008864,2026-04-30T00:59:46+00:00,PENDING,MEDIUM,POLICY-v1
ALT-008865,CMP-008865,2026-04-20T00:36:12+00:00,ACTIONED,LOW,POLICY-v1
ALT-008866,CMP-008866,2026-01-04T14:10:07+00:00,ACKNOWLEDGED,MEDIUM,POLICY-v1
ALT-008867,CMP-008867,2026-06-02T15:51:04+00:00,ACTIONED,MEDIUM,POLICY-v1
ALT-008868,CMP-008868,2026-01-05T11:58:35+00:00,ACTIONED,MEDIUM,POLICY-v1
ALT-008869,CMP-008869,2026-01-16T13:17:23+00:00,PENDING,HIGH,POLICY-v1
ALT-008870,CMP-008870,2026-05-06T17:08:49+00:00,EXPIRED,LOW,POLICY-v1
ALT-008871,CMP-008871,2026-02-13T23:22:42+00:00,ACKNOWLEDGED,HIGH,POLICY-v1
ALT-008872,CMP-008872,2026-05-22T02:28:33+00:00,ACTIONED,LOW,POLICY-v1
ALT-008873,CMP-008873,2026-03-30T14:48:56+00:00,EXPIRED,HIGH,POLICY-v1
ALT-008874,CMP-008874,2026-04-04T06:29:21+00:00,ACTIONED,LOW,POLICY-v1
ALT-008875,CMP-008875,2026-01-30T12:38:32+00:00,ACKNOWLEDGED,HIGH,POLICY-v1
ALT-008876,CMP-008876,2026-03-07T06:21:12+00:00,ACTIONED,LOW,POLICY-v1
ALT-008877,CMP-008877,2026-04-01T07:38:48+00:00,ACTIONED,MEDIUM,POLICY-v1
ALT-008878,CMP-008878,2026-03-11T05:08:26+00:00,ACTIONED,HIGH,POLICY-v1
ALT-008879,CMP-008879,2026-01-30T09:54:08+00:00,PENDING,LOW,POLICY-v1
ALT-008880,CMP-008880,2026-04-06T05:35:27+00:00,ACTIONED,LOW,POLICY-v1
ALT-008881,CMP-008881,2026-01-09T01:38:29+00:00,ACTIONED,LOW,POLICY-v1
ALT-008882,CMP-008882,2026-06-08T11:28:52+00:00,ACKNOWLEDGED,MEDIUM,POLICY-v1
ALT-008883,CMP-008883,2026-02-02T07:53:33+00:00,PENDING,MEDIUM,POLICY-v1
ALT-008884,CMP-008884,2026-04-27T17:36:24+00:00,ACKNOWLEDGED,LOW,POLICY-v1
ALT-008885,CMP-008885,2026-05-18T13:02:44+00:00,ACKNOWLEDGED,MEDIUM,POLICY-v1
ALT-008886,CMP-008886,2026-04-20T16:14:11+00:00,ACKNOWLEDGED,MEDIUM,POLICY-v1
ALT-008887,CMP-008887,2026-01-08T15:00:06+00:00,EXPIRED,HIGH,POLICY-v1
ALT-008888,CMP-008888,2026-06-12T11:01:28+00:00,ACTIONED,HIGH,POLICY-v1
ALT-008889,CMP-008889,2026-05-01T02:19:56+00:00,PENDING,LOW,POLICY-v1
ALT-008890,CMP-008890,2026-04-10T19:31:22+00:00,ACKNOWLEDGED,HIGH,POLICY-v1
ALT-008891,CMP-008891,2026-05-01T08:58:25+00:00,ACTIONED,MEDIUM,POLICY-v1
ALT-008892,CMP-008892,2026-02-04T06:43:58+00:00,ACTIONED,LOW,POLICY-v1
ALT-008893,CMP-008893,2026-04-25T22:01:29+00:00,PENDING,HIGH,POLICY-v1
ALT-008894,CMP-008894,2026-04-25T15:43:34+00:00,EXPIRED,HIGH,POLICY-v1
ALT-008895,CMP-008895,2026-03-26T19:53:43+00:00,ACTIONED,MEDIUM,POLICY-v1
ALT-008896,CMP-008896,2026-01-20T02:32:23+00:00,ACTIONED,LOW,POLICY-v1
ALT-008897,CMP-008897,2026-01-07T23:39:15+00:00,ACKNOWLEDGED,LOW,POLICY-v1
ALT-008898,CMP-008898,2026-02-16T08:09:08+00:00,ACKNOWLEDGED,HIGH,POLICY-v1
ALT-008899,CMP-008899,2026-04-30T01:43:16+00:00,ACTIONED,HIGH,POLICY-v1
ALT-008900,CMP-008900,2026-02-06T10:46:02+00:00,ACKNOWLEDGED,LOW,POLICY-v1
ALT-008901,CMP-008901,2026-05-01T04:47:45+00:00,ACTIONED,HIGH,POLICY-v1
ALT-008902,CMP-008902,2026-03-06T05:56:49+00:00,PENDING,LOW,POLICY-v1
ALT-008903,CMP-008903,2026-03-31T06:05:34+00:00,EXPIRED,LOW,POLICY-v1
ALT-008904,CMP-008904,2026-03-16T21:02:03+00:00,ACTIONED,LOW,POLICY-v1
ALT-008905,CMP-008905,2026-05-06T10:46:34+00:00,ACTIONED,MEDIUM,POLICY-v1
ALT-008906,CMP-008906,2026-03-23T15:31:46+00:00,ACTIONED,MEDIUM,POLICY-v1
ALT-008907,CMP-008907,2026-05-19T18:29:35+00:00,ACTIONED,LOW,POLICY-v1
ALT-008908,CMP-008908,2026-06-26T09:23:09+00:00,ACTIONED,MEDIUM,POLICY-v1
ALT-008909,CMP-008909,2026-06-22T00:40:25+00:00,ACTIONED,MEDIUM,POLICY-v1
ALT-008910,CMP-008910,2026-03-12T03:33:03+00:00,ACTIONED,LOW,POLICY-v1
ALT-008911,CMP-008911,2026-03-12T06:14:37+00:00,ACKNOWLEDGED,HIGH,POLICY-v1
ALT-008912,CMP-008912,2026-03-28T04:57:28+00:00,ACKNOWLEDGED,LOW,POLICY-v1
ALT-008913,CMP-008913,2026-03-07T04:02:52+00:00,ACTIONED,MEDIUM,POLICY-v1
ALT-008914,CMP-008914,2026-01-17T01:16:05+00:00,ACKNOWLEDGED,HIGH,POLICY-v1
ALT-008915,CMP-008915,2026-06-16T21:01:56+00:00,ACTIONED,LOW,POLICY-v1
ALT-008916,CMP-008916,2026-06-06T20:15:13+00:00,EXPIRED,LOW,POLICY-v1
ALT-008917,CMP-008917,2026-04-14T12:35:14+00:00,ACKNOWLEDGED,LOW,POLICY-v1
ALT-008918,CMP-008918,2026-05-04T20:28:53+00:00,EXPIRED,MEDIUM,POLICY-v1
ALT-008919,CMP-008919,2026-06-20T13:47:33+00:00,ACTIONED,MEDIUM,POLICY-v1
ALT-008920,CMP-008920,2026-01-22T23:54:12+00:00,ACTIONED,MEDIUM,POLICY-v1
ALT-008921,CMP-008921,2026-04-29T22:16:06+00:00,ACTIONED,HIGH,POLICY-v1
ALT-008922,CMP-008922,2026-05-25T03:32:36+00:00,ACTIONED,LOW,POLICY-v1
ALT-008923,CMP-008923,2026-03-14T02:01:30+00:00,ACTIONED,HIGH,POLICY-v1
ALT-008924,CMP-008924,2026-03-29T18:52:05+00:00,EXPIRED,LOW,POLICY-v1
ALT-008925,CMP-008925,2026-04-15T11:13:01+00:00,ACKNOWLEDGED,HIGH,POLICY-v1
ALT-008926,CMP-008926,2026-02-21T15:53:13+00:00,PENDING,HIGH,POLICY-v1
ALT-008927,CMP-008927,2026-01-31T20:01:26+00:00,PENDING,LOW,POLICY-v1
ALT-008928,CMP-008928,2026-04-08T13:22:59+00:00,ACTIONED,MEDIUM,POLICY-v1
ALT-008929,CMP-008929,2026-02-10T15:39:27+00:00,ACTIONED,LOW,POLICY-v1
ALT-008930,CMP-008930,2026-03-11T10:40:00+00:00,ACTIONED,LOW,POLICY-v1
ALT-008931,CMP-008931,2026-06-25T09:42:30+00:00,ACTIONED,MEDIUM,POLICY-v1
ALT-008932,CMP-008932,2026-02-11T23:17:50+00:00,ACTIONED,HIGH,POLICY-v1
ALT-008933,CMP-008933,2026-05-10T11:54:57+00:00,ACTIONED,HIGH,POLICY-v1
ALT-008934,CMP-008934,2026-04-25T10:06:40+00:00,ACTIONED,LOW,POLICY-v1
ALT-008935,CMP-008935,2026-03-14T13:50:53+00:00,EXPIRED,MEDIUM,POLICY-v1
ALT-008936,CMP-008936,2026-01-21T14:33:17+00:00,ACKNOWLEDGED,HIGH,POLICY-v1
ALT-008937,CMP-008937,2026-03-05T19:02:10+00:00,EXPIRED,MEDIUM,POLICY-v1
ALT-008938,CMP-008938,2026-06-10T02:56:38+00:00,PENDING,MEDIUM,POLICY-v1
ALT-008939,CMP-008939,2026-06-24T07:51:18+00:00,ACTIONED,HIGH,POLICY-v1
ALT-008940,CMP-008940,2026-06-18T07:04:34+00:00,ACKNOWLEDGED,HIGH,POLICY-v1
ALT-008941,CMP-008941,2026-03-24T18:55:59+00:00,ACTIONED,LOW,POLICY-v1
ALT-008942,CMP-008942,2026-02-10T21:02:43+00:00,EXPIRED,LOW,POLICY-v1
ALT-008943,CMP-008943,2026-06-13T17:11:51+00:00,EXPIRED,LOW,POLICY-v1
ALT-008944,CMP-008944,2026-03-11T10:36:38+00:00,ACTIONED,HIGH,POLICY-v1
ALT-008945,CMP-008945,2026-02-01T10:12:29+00:00,EXPIRED,MEDIUM,POLICY-v1
ALT-008946,CMP-008946,2026-01-29T02:38:50+00:00,ACKNOWLEDGED,MEDIUM,POLICY-v1
ALT-008947,CMP-008947,2026-01-19T06:45:10+00:00,PENDING,HIGH,POLICY-v1
ALT-008948,CMP-008948,2026-01-02T12:15:59+00:00,ACKNOWLEDGED,HIGH,POLICY-v1
ALT-008949,CMP-008949,2026-03-04T11:27:05+00:00,ACKNOWLEDGED,MEDIUM,POLICY-v1
ALT-008950,CMP-008950,2026-05-03T09:48:39+00:00,PENDING,LOW,POLICY-v1
ALT-008951,CMP-008951,2026-05-02T07:24:24+00:00,ACTIONED,LOW,POLICY-v1
ALT-008952,CMP-008952,2026-04-01T12:17:45+00:00,ACTIONED,LOW,POLICY-v1
ALT-008953,CMP-008953,2026-02-22T22:37:43+00:00,ACKNOWLEDGED,LOW,POLICY-v1
ALT-008954,CMP-008954,2026-05-15T06:06:48+00:00,ACKNOWLEDGED,HIGH,POLICY-v1
ALT-008955,CMP-008955,2026-06-12T19:34:36+00:00,ACTIONED,LOW,POLICY-v1
ALT-008956,CMP-008956,2026-05-18T01:46:56+00:00,ACTIONED,HIGH,POLICY-v1
ALT-008957,CMP-008957,2026-05-09T06:28:43+00:00,ACTIONED,MEDIUM,POLICY-v1
ALT-008958,CMP-008958,2026-01-21T03:42:46+00:00,ACKNOWLEDGED,LOW,POLICY-v1
ALT-008959,CMP-008959,2026-06-27T12:51:02+00:00,ACKNOWLEDGED,LOW,POLICY-v1
ALT-008960,CMP-008960,2026-04-17T14:31:55+00:00,EXPIRED,HIGH,POLICY-v1
ALT-008961,CMP-008961,2026-06-02T01:09:36+00:00,ACTIONED,HIGH,POLICY-v1
ALT-008962,CMP-008962,2026-06-02T20:40:00+00:00,ACTIONED,LOW,POLICY-v1
ALT-008963,CMP-008963,2026-02-18T07:53:07+00:00,ACTIONED,MEDIUM,POLICY-v1
ALT-008964,CMP-008964,2026-03-20T02:18:48+00:00,ACKNOWLEDGED,HIGH,POLICY-v1
ALT-008965,CMP-008965,2026-06-01T08:38:00+00:00,EXPIRED,LOW,POLICY-v1
ALT-008966,CMP-008966,2026-02-15T05:32:47+00:00,PENDING,LOW,POLICY-v1
ALT-008967,CMP-008967,2026-04-28T04:24:27+00:00,PENDING,MEDIUM,POLICY-v1
ALT-008968,CMP-008968,2026-06-22T11:57:50+00:00,EXPIRED,HIGH,POLICY-v1
ALT-008969,CMP-008969,2026-03-25T23:36:56+00:00,ACTIONED,MEDIUM,POLICY-v1
ALT-008970,CMP-008970,2026-01-13T02:13:39+00:00,ACKNOWLEDGED,HIGH,POLICY-v1
ALT-008971,CMP-008971,2026-03-05T07:07:11+00:00,ACTIONED,LOW,POLICY-v1
ALT-008972,CMP-008972,2026-02-11T11:36:43+00:00,ACTIONED,MEDIUM,POLICY-v1
ALT-008973,CMP-008973,2026-06-26T16:51:47+00:00,PENDING,LOW,POLICY-v1
ALT-008974,CMP-008974,2026-02-24T22:50:18+00:00,PENDING,HIGH,POLICY-v1
ALT-008975,CMP-008975,2026-02-02T12:52:16+00:00,ACTIONED,MEDIUM,POLICY-v1
ALT-008976,CMP-008976,2026-06-28T03:49:19+00:00,ACTIONED,MEDIUM,POLICY-v1
ALT-008977,CMP-008977,2026-01-21T23:52:14+00:00,ACTIONED,MEDIUM,POLICY-v1
ALT-008978,CMP-008978,2026-06-10T18:41:00+00:00,PENDING,LOW,POLICY-v1
ALT-008979,CMP-008979,2026-01-09T21:57:14+00:00,ACKNOWLEDGED,HIGH,POLICY-v1
ALT-008980,CMP-008980,2026-04-16T20:47:59+00:00,ACTIONED,HIGH,POLICY-v1
ALT-008981,CMP-008981,2026-03-28T04:50:22+00:00,ACTIONED,LOW,POLICY-v1
ALT-008982,CMP-008982,2026-04-09T06:19:26+00:00,ACKNOWLEDGED,LOW,POLICY-v1
ALT-008983,CMP-008983,2026-05-03T23:13:02+00:00,EXPIRED,HIGH,POLICY-v1
ALT-008984,CMP-008984,2026-04-17T18:21:33+00:00,ACTIONED,HIGH,POLICY-v1
ALT-008985,CMP-008985,2026-05-03T03:17:51+00:00,ACTIONED,MEDIUM,POLICY-v1
ALT-008986,CMP-008986,2026-01-11T08:38:42+00:00,ACTIONED,MEDIUM,POLICY-v1
ALT-008987,CMP-008987,2026-02-23T11:52:42+00:00,ACKNOWLEDGED,MEDIUM,POLICY-v1
ALT-008988,CMP-008988,2026-03-11T09:20:45+00:00,EXPIRED,HIGH,POLICY-v1
ALT-008989,CMP-008989,2026-01-24T14:55:11+00:00,PENDING,MEDIUM,POLICY-v1
ALT-008990,CMP-008990,2026-06-12T14:29:36+00:00,EXPIRED,MEDIUM,POLICY-v1
ALT-008991,CMP-008991,2026-02-07T15:54:12+00:00,EXPIRED,MEDIUM,POLICY-v1
ALT-008992,CMP-008992,2026-02-25T10:18:24+00:00,ACKNOWLEDGED,LOW,POLICY-v1
ALT-008993,CMP-008993,2026-06-24T05:07:53+00:00,ACTIONED,MEDIUM,POLICY-v1
ALT-008994,CMP-008994,2026-03-23T18:08:24+00:00,EXPIRED,HIGH,POLICY-v1
ALT-008995,CMP-008995,2026-05-01T00:31:25+00:00,ACTIONED,MEDIUM,POLICY-v1
ALT-008996,CMP-008996,2026-02-14T10:40:25+00:00,EXPIRED,HIGH,POLICY-v1
ALT-008997,CMP-008997,2026-03-07T18:44:10+00:00,ACTIONED,LOW,POLICY-v1
ALT-008998,CMP-008998,2026-04-23T06:35:12+00:00,ACTIONED,LOW,POLICY-v1
ALT-008999,CMP-008999,2026-06-24T05:11:18+00:00,PENDING,HIGH,POLICY-v1
ALT-009000,CMP-009000,2026-04-06T19:45:07+00:00,ACTIONED,HIGH,POLICY-v1
ALT-009001,CMP-009001,2026-04-02T16:50:35+00:00,EXPIRED,LOW,POLICY-v1
ALT-009002,CMP-009002,2026-03-13T12:05:22+00:00,ACTIONED,MEDIUM,POLICY-v1
ALT-009003,CMP-009003,2026-03-16T05:11:30+00:00,ACTIONED,MEDIUM,POLICY-v1
ALT-009004,CMP-009004,2026-04-16T14:46:04+00:00,ACTIONED,MEDIUM,POLICY-v1
ALT-009005,CMP-009005,2026-02-02T05:53:10+00:00,ACTIONED,MEDIUM,POLICY-v1
ALT-009006,CMP-009006,2026-06-17T10:43:23+00:00,ACTIONED,HIGH,POLICY-v1
ALT-009007,CMP-009007,2026-01-08T12:52:28+00:00,EXPIRED,LOW,POLICY-v1
ALT-009008,CMP-009008,2026-06-14T15:09:16+00:00,PENDING,HIGH,POLICY-v1
ALT-009009,CMP-009009,2026-04-17T15:24:23+00:00,ACKNOWLEDGED,HIGH,POLICY-v1
ALT-009010,CMP-009010,2026-01-22T04:50:26+00:00,ACTIONED,LOW,POLICY-v1
ALT-009011,CMP-009011,2026-05-19T01:56:32+00:00,ACTIONED,LOW,POLICY-v1
ALT-009012,CMP-009012,2026-03-13T14:07:57+00:00,PENDING,LOW,POLICY-v1
ALT-009013,CMP-009013,2026-05-30T08:02:03+00:00,ACTIONED,HIGH,POLICY-v1
ALT-009014,CMP-009014,2026-06-27T07:33:36+00:00,ACTIONED,HIGH,POLICY-v1
ALT-009015,CMP-009015,2026-01-13T12:54:43+00:00,ACTIONED,LOW,POLICY-v1
ALT-009016,CMP-009016,2026-03-08T04:20:47+00:00,ACTIONED,HIGH,POLICY-v1
ALT-009017,CMP-009017,2026-03-14T01:00:44+00:00,ACTIONED,HIGH,POLICY-v1
ALT-009018,CMP-009018,2026-04-17T16:51:59+00:00,ACTIONED,MEDIUM,POLICY-v1
ALT-009019,CMP-009019,2026-03-31T07:41:38+00:00,ACKNOWLEDGED,MEDIUM,POLICY-v1
ALT-009020,CMP-009020,2026-03-04T10:28:57+00:00,ACTIONED,MEDIUM,POLICY-v1
ALT-009021,CMP-009021,2026-02-26T05:22:53+00:00,PENDING,HIGH,POLICY-v1
ALT-009022,CMP-009022,2026-01-24T23:00:01+00:00,PENDING,MEDIUM,POLICY-v1
ALT-009023,CMP-009023,2026-03-22T01:57:13+00:00,ACTIONED,HIGH,POLICY-v1
ALT-009024,CMP-009024,2026-03-19T00:43:59+00:00,PENDING,HIGH,POLICY-v1
ALT-009025,CMP-009025,2026-04-20T04:19:49+00:00,ACKNOWLEDGED,HIGH,POLICY-v1
ALT-009026,CMP-009026,2026-06-05T21:04:19+00:00,PENDING,LOW,POLICY-v1
ALT-009027,CMP-009027,2026-03-20T00:24:28+00:00,ACTIONED,HIGH,POLICY-v1
ALT-009028,CMP-009028,2026-05-04T14:03:25+00:00,ACKNOWLEDGED,MEDIUM,POLICY-v1
ALT-009029,CMP-009029,2026-05-29T06:52:43+00:00,ACTIONED,LOW,POLICY-v1
ALT-009030,CMP-009030,2026-03-27T19:58:39+00:00,ACTIONED,LOW,POLICY-v1
ALT-009031,CMP-009031,2026-01-04T20:48:01+00:00,EXPIRED,LOW,POLICY-v1
ALT-009032,CMP-009032,2026-01-23T22:37:32+00:00,ACTIONED,MEDIUM,POLICY-v1
ALT-009033,CMP-009033,2026-06-17T18:59:49+00:00,ACTIONED,LOW,POLICY-v1
ALT-009034,CMP-009034,2026-05-22T18:15:55+00:00,EXPIRED,LOW,POLICY-v1
ALT-009035,CMP-009035,2026-06-17T18:39:16+00:00,ACTIONED,MEDIUM,POLICY-v1
ALT-009036,CMP-009036,2026-05-21T05:20:31+00:00,ACTIONED,HIGH,POLICY-v1
ALT-009037,CMP-009037,2026-01-29T22:44:16+00:00,ACKNOWLEDGED,LOW,POLICY-v1
ALT-009038,CMP-009038,2026-02-20T02:24:15+00:00,ACTIONED,LOW,POLICY-v1
ALT-009039,CMP-009039,2026-04-16T01:40:09+00:00,EXPIRED,LOW,POLICY-v1
ALT-009040,CMP-009040,2026-02-26T19:42:02+00:00,ACTIONED,HIGH,POLICY-v1
ALT-009041,CMP-009041,2026-06-07T02:31:16+00:00,ACTIONED,HIGH,POLICY-v1
ALT-009042,CMP-009042,2026-04-14T16:05:14+00:00,EXPIRED,MEDIUM,POLICY-v1
ALT-009043,CMP-009043,2026-05-27T04:14:59+00:00,PENDING,HIGH,POLICY-v1
ALT-009044,CMP-009044,2026-04-18T03:17:56+00:00,ACTIONED,HIGH,POLICY-v1
ALT-009045,CMP-009045,2026-05-31T23:45:53+00:00,ACTIONED,MEDIUM,POLICY-v1
ALT-009046,CMP-009046,2026-05-18T06:16:17+00:00,PENDING,MEDIUM,POLICY-v1
ALT-009047,CMP-009047,2026-03-19T10:51:59+00:00,ACTIONED,HIGH,POLICY-v1
ALT-009048,CMP-009048,2026-02-19T15:42:36+00:00,PENDING,MEDIUM,POLICY-v1
ALT-009049,CMP-009049,2026-06-25T13:12:30+00:00,EXPIRED,MEDIUM,POLICY-v1
ALT-009050,CMP-009050,2026-01-14T14:11:01+00:00,PENDING,LOW,POLICY-v1
ALT-009051,CMP-009051,2026-01-01T15:10:49+00:00,ACTIONED,HIGH,POLICY-v1
ALT-009052,CMP-009052,2026-01-14T01:13:16+00:00,ACKNOWLEDGED,HIGH,POLICY-v1
ALT-009053,CMP-009053,2026-04-22T01:47:13+00:00,ACKNOWLEDGED,LOW,POLICY-v1
ALT-009054,CMP-009054,2026-05-11T14:37:05+00:00,EXPIRED,LOW,POLICY-v1
ALT-009055,CMP-009055,2026-04-17T23:31:20+00:00,EXPIRED,MEDIUM,POLICY-v1
ALT-009056,CMP-009056,2026-05-20T04:14:47+00:00,ACTIONED,MEDIUM,POLICY-v1
ALT-009057,CMP-009057,2026-06-04T06:04:01+00:00,ACTIONED,HIGH,POLICY-v1
ALT-009058,CMP-009058,2026-03-11T04:00:46+00:00,ACTIONED,LOW,POLICY-v1
ALT-009059,CMP-009059,2026-04-22T22:26:08+00:00,ACKNOWLEDGED,HIGH,POLICY-v1
ALT-009060,CMP-009060,2026-06-02T00:48:46+00:00,ACTIONED,HIGH,POLICY-v1
ALT-009061,CMP-009061,2026-03-23T16:49:36+00:00,ACKNOWLEDGED,MEDIUM,POLICY-v1
ALT-009062,CMP-009062,2026-01-06T11:24:34+00:00,PENDING,HIGH,POLICY-v1
ALT-009063,CMP-009063,2026-05-02T13:46:36+00:00,ACKNOWLEDGED,MEDIUM,POLICY-v1
ALT-009064,CMP-009064,2026-03-22T14:46:28+00:00,ACTIONED,HIGH,POLICY-v1
ALT-009065,CMP-009065,2026-06-15T23:37:32+00:00,PENDING,MEDIUM,POLICY-v1
ALT-009066,CMP-009066,2026-02-21T23:54:48+00:00,EXPIRED,HIGH,POLICY-v1
ALT-009067,CMP-009067,2026-01-04T17:06:34+00:00,ACTIONED,MEDIUM,POLICY-v1
ALT-009068,CMP-009068,2026-03-30T13:06:20+00:00,ACTIONED,LOW,POLICY-v1
ALT-009069,CMP-009069,2026-03-08T20:59:16+00:00,ACTIONED,HIGH,POLICY-v1
ALT-009070,CMP-009070,2026-03-11T21:54:48+00:00,ACKNOWLEDGED,MEDIUM,POLICY-v1
ALT-009071,CMP-009071,2026-04-30T03:31:00+00:00,ACKNOWLEDGED,LOW,POLICY-v1
ALT-009072,CMP-009072,2026-04-03T04:27:39+00:00,ACTIONED,LOW,POLICY-v1
ALT-009073,CMP-009073,2026-05-12T11:05:51+00:00,ACKNOWLEDGED,LOW,POLICY-v1
ALT-009074,CMP-009074,2026-06-29T06:04:58+00:00,ACTIONED,LOW,POLICY-v1
ALT-009075,CMP-009075,2026-03-17T21:43:06+00:00,ACTIONED,LOW,POLICY-v1
ALT-009076,CMP-009076,2026-01-18T12:59:22+00:00,ACTIONED,HIGH,POLICY-v1
ALT-009077,CMP-009077,2026-01-26T13:45:54+00:00,ACTIONED,LOW,POLICY-v1
ALT-009078,CMP-009078,2026-06-16T06:47:17+00:00,ACTIONED,MEDIUM,POLICY-v1
ALT-009079,CMP-009079,2026-06-26T07:22:44+00:00,EXPIRED,MEDIUM,POLICY-v1
ALT-009080,CMP-009080,2026-03-16T13:23:27+00:00,ACKNOWLEDGED,HIGH,POLICY-v1
ALT-009081,CMP-009081,2026-03-30T19:14:10+00:00,ACTIONED,HIGH,POLICY-v1
ALT-009082,CMP-009082,2026-06-06T04:10:52+00:00,ACKNOWLEDGED,MEDIUM,POLICY-v1
ALT-009083,CMP-009083,2026-01-22T20:03:59+00:00,PENDING,HIGH,POLICY-v1
ALT-009084,CMP-009084,2026-05-29T13:08:22+00:00,ACKNOWLEDGED,MEDIUM,POLICY-v1
ALT-009085,CMP-009085,2026-01-20T15:30:26+00:00,ACKNOWLEDGED,MEDIUM,POLICY-v1
ALT-009086,CMP-009086,2026-05-03T00:29:13+00:00,ACTIONED,LOW,POLICY-v1
ALT-009087,CMP-009087,2026-01-26T22:17:48+00:00,ACKNOWLEDGED,MEDIUM,POLICY-v1
ALT-009088,CMP-009088,2026-03-26T01:51:21+00:00,ACTIONED,HIGH,POLICY-v1
ALT-009089,CMP-009089,2026-01-25T07:26:38+00:00,PENDING,MEDIUM,POLICY-v1
ALT-009090,CMP-009090,2026-04-19T09:17:59+00:00,ACTIONED,MEDIUM,POLICY-v1
ALT-009091,CMP-009091,2026-04-21T16:56:33+00:00,EXPIRED,LOW,POLICY-v1
ALT-009092,CMP-009092,2026-02-20T21:28:32+00:00,PENDING,LOW,POLICY-v1
ALT-009093,CMP-009093,2026-04-13T08:35:42+00:00,EXPIRED,HIGH,POLICY-v1
ALT-009094,CMP-009094,2026-01-07T14:17:42+00:00,EXPIRED,MEDIUM,POLICY-v1
ALT-009095,CMP-009095,2026-04-12T10:17:12+00:00,EXPIRED,HIGH,POLICY-v1
ALT-009096,CMP-009096,2026-04-21T17:10:40+00:00,PENDING,HIGH,POLICY-v1
ALT-009097,CMP-009097,2026-03-08T00:35:28+00:00,EXPIRED,MEDIUM,POLICY-v1
ALT-009098,CMP-009098,2026-03-12T08:30:25+00:00,ACTIONED,LOW,POLICY-v1
ALT-009099,CMP-009099,2026-02-12T01:58:14+00:00,ACKNOWLEDGED,MEDIUM,POLICY-v1
ALT-009100,CMP-009100,2026-05-27T18:34:25+00:00,ACTIONED,HIGH,POLICY-v1
ALT-009101,CMP-009101,2026-04-18T03:17:31+00:00,EXPIRED,HIGH,POLICY-v1
ALT-009102,CMP-009102,2026-06-11T05:07:44+00:00,ACTIONED,LOW,POLICY-v1
ALT-009103,CMP-009103,2026-01-25T12:35:10+00:00,ACTIONED,MEDIUM,POLICY-v1
ALT-009104,CMP-009104,2026-02-24T04:01:15+00:00,ACTIONED,LOW,POLICY-v1
ALT-009105,CMP-009105,2026-06-23T07:21:22+00:00,ACKNOWLEDGED,LOW,POLICY-v1
ALT-009106,CMP-009106,2026-04-14T07:52:58+00:00,ACKNOWLEDGED,LOW,POLICY-v1
ALT-009107,CMP-009107,2026-01-16T14:28:07+00:00,EXPIRED,LOW,POLICY-v1
ALT-009108,CMP-009108,2026-05-27T03:13:54+00:00,ACTIONED,MEDIUM,POLICY-v1
ALT-009109,CMP-009109,2026-01-02T09:09:25+00:00,ACTIONED,HIGH,POLICY-v1
ALT-009110,CMP-009110,2026-05-21T19:09:02+00:00,ACTIONED,HIGH,POLICY-v1
ALT-009111,CMP-009111,2026-01-07T14:28:00+00:00,ACTIONED,HIGH,POLICY-v1
ALT-009112,CMP-009112,2026-05-27T11:37:07+00:00,ACTIONED,LOW,POLICY-v1
ALT-009113,CMP-009113,2026-05-08T23:24:30+00:00,ACKNOWLEDGED,HIGH,POLICY-v1
ALT-009114,CMP-009114,2026-04-16T06:59:57+00:00,ACTIONED,LOW,POLICY-v1
ALT-009115,CMP-009115,2026-05-23T16:47:36+00:00,ACTIONED,MEDIUM,POLICY-v1
ALT-009116,CMP-009116,2026-05-09T07:18:24+00:00,ACKNOWLEDGED,LOW,POLICY-v1
ALT-009117,CMP-009117,2026-06-07T10:47:00+00:00,ACKNOWLEDGED,MEDIUM,POLICY-v1
ALT-009118,CMP-009118,2026-03-05T05:28:57+00:00,ACTIONED,MEDIUM,POLICY-v1
ALT-009119,CMP-009119,2026-03-16T14:50:54+00:00,EXPIRED,LOW,POLICY-v1
ALT-009120,CMP-009120,2026-01-25T22:44:02+00:00,ACTIONED,HIGH,POLICY-v1
ALT-009121,CMP-009121,2026-03-05T09:22:30+00:00,ACKNOWLEDGED,MEDIUM,POLICY-v1
ALT-009122,CMP-009122,2026-02-19T05:26:45+00:00,ACTIONED,HIGH,POLICY-v1
ALT-009123,CMP-009123,2026-03-01T15:29:30+00:00,ACTIONED,LOW,POLICY-v1
ALT-009124,CMP-009124,2026-03-01T14:54:58+00:00,ACTIONED,MEDIUM,POLICY-v1
ALT-009125,CMP-009125,2026-02-02T07:36:55+00:00,ACTIONED,MEDIUM,POLICY-v1
ALT-009126,CMP-009126,2026-01-20T23:31:09+00:00,ACTIONED,MEDIUM,POLICY-v1
ALT-009127,CMP-009127,2026-06-16T19:03:03+00:00,ACTIONED,LOW,POLICY-v1
ALT-009128,CMP-009128,2026-02-19T11:26:00+00:00,EXPIRED,LOW,POLICY-v1
ALT-009129,CMP-009129,2026-03-07T09:48:40+00:00,ACTIONED,HIGH,POLICY-v1
ALT-009130,CMP-009130,2026-05-17T06:41:44+00:00,ACTIONED,HIGH,POLICY-v1
ALT-009131,CMP-009131,2026-06-16T15:27:49+00:00,ACTIONED,HIGH,POLICY-v1
ALT-009132,CMP-009132,2026-02-15T15:54:46+00:00,EXPIRED,LOW,POLICY-v1
ALT-009133,CMP-009133,2026-05-30T07:33:51+00:00,EXPIRED,HIGH,POLICY-v1
ALT-009134,CMP-009134,2026-06-03T21:14:10+00:00,ACTIONED,MEDIUM,POLICY-v1
ALT-009135,CMP-009135,2026-01-19T01:48:49+00:00,EXPIRED,LOW,POLICY-v1
ALT-009136,CMP-009136,2026-04-03T03:48:04+00:00,EXPIRED,LOW,POLICY-v1
ALT-009137,CMP-009137,2026-01-06T14:22:55+00:00,EXPIRED,HIGH,POLICY-v1
ALT-009138,CMP-009138,2026-05-05T03:48:33+00:00,ACTIONED,HIGH,POLICY-v1
ALT-009139,CMP-009139,2026-02-18T12:12:44+00:00,ACTIONED,LOW,POLICY-v1
ALT-009140,CMP-009140,2026-01-20T15:54:07+00:00,ACTIONED,LOW,POLICY-v1
ALT-009141,CMP-009141,2026-05-23T04:18:50+00:00,PENDING,MEDIUM,POLICY-v1
ALT-009142,CMP-009142,2026-02-21T19:44:21+00:00,ACKNOWLEDGED,MEDIUM,POLICY-v1
ALT-009143,CMP-009143,2026-06-05T08:53:13+00:00,PENDING,MEDIUM,POLICY-v1
ALT-009144,CMP-009144,2026-06-22T02:17:05+00:00,ACTIONED,MEDIUM,POLICY-v1
ALT-009145,CMP-009145,2026-02-02T18:45:10+00:00,ACTIONED,LOW,POLICY-v1
ALT-009146,CMP-009146,2026-04-10T17:40:54+00:00,ACTIONED,HIGH,POLICY-v1
ALT-009147,CMP-009147,2026-03-01T12:49:40+00:00,ACTIONED,MEDIUM,POLICY-v1
ALT-009148,CMP-009148,2026-05-03T01:05:03+00:00,ACTIONED,HIGH,POLICY-v1
ALT-009149,CMP-009149,2026-06-17T20:03:43+00:00,EXPIRED,HIGH,POLICY-v1
ALT-009150,CMP-009150,2026-03-02T14:53:57+00:00,ACTIONED,HIGH,POLICY-v1
ALT-009151,CMP-009151,2026-02-11T22:50:31+00:00,ACTIONED,MEDIUM,POLICY-v1
ALT-009152,CMP-009152,2026-04-04T08:11:35+00:00,ACTIONED,HIGH,POLICY-v1
ALT-009153,CMP-009153,2026-02-12T02:41:42+00:00,ACTIONED,LOW,POLICY-v1
ALT-009154,CMP-009154,2026-05-15T08:20:02+00:00,ACKNOWLEDGED,MEDIUM,POLICY-v1
ALT-009155,CMP-009155,2026-02-10T18:18:06+00:00,EXPIRED,HIGH,POLICY-v1
ALT-009156,CMP-009156,2026-05-06T07:18:18+00:00,ACKNOWLEDGED,LOW,POLICY-v1
ALT-009157,CMP-009157,2026-01-28T17:49:42+00:00,ACTIONED,MEDIUM,POLICY-v1
ALT-009158,CMP-009158,2026-02-11T17:52:30+00:00,PENDING,HIGH,POLICY-v1
ALT-009159,CMP-009159,2026-03-06T03:46:03+00:00,ACKNOWLEDGED,HIGH,POLICY-v1
ALT-009160,CMP-009160,2026-01-24T07:51:50+00:00,PENDING,HIGH,POLICY-v1
ALT-009161,CMP-009161,2026-02-07T10:21:45+00:00,ACTIONED,LOW,POLICY-v1
ALT-009162,CMP-009162,2026-05-24T22:35:49+00:00,PENDING,LOW,POLICY-v1
ALT-009163,CMP-009163,2026-03-20T22:44:59+00:00,ACKNOWLEDGED,HIGH,POLICY-v1
ALT-009164,CMP-009164,2026-01-26T11:27:10+00:00,ACTIONED,HIGH,POLICY-v1
ALT-009165,CMP-009165,2026-01-09T06:37:28+00:00,PENDING,HIGH,POLICY-v1
ALT-009166,CMP-009166,2026-01-17T14:25:09+00:00,ACTIONED,LOW,POLICY-v1
ALT-009167,CMP-009167,2026-05-29T15:51:41+00:00,ACTIONED,MEDIUM,POLICY-v1
ALT-009168,CMP-009168,2026-03-02T23:59:19+00:00,ACTIONED,LOW,POLICY-v1
ALT-009169,CMP-009169,2026-01-18T03:27:13+00:00,ACTIONED,LOW,POLICY-v1
ALT-009170,CMP-009170,2026-04-05T09:06:46+00:00,ACKNOWLEDGED,HIGH,POLICY-v1
ALT-009171,CMP-009171,2026-04-13T21:06:12+00:00,PENDING,LOW,POLICY-v1
ALT-009172,CMP-009172,2026-02-15T17:52:38+00:00,ACTIONED,LOW,POLICY-v1
ALT-009173,CMP-009173,2026-01-04T12:51:37+00:00,ACTIONED,HIGH,POLICY-v1
ALT-009174,CMP-009174,2026-02-18T00:39:09+00:00,ACTIONED,MEDIUM,POLICY-v1
ALT-009175,CMP-009175,2026-06-10T20:51:41+00:00,ACTIONED,MEDIUM,POLICY-v1
ALT-009176,CMP-009176,2026-05-26T03:04:14+00:00,ACTIONED,HIGH,POLICY-v1
ALT-009177,CMP-009177,2026-03-17T08:46:57+00:00,ACTIONED,HIGH,POLICY-v1
ALT-009178,CMP-009178,2026-02-13T23:03:35+00:00,ACKNOWLEDGED,MEDIUM,POLICY-v1
ALT-009179,CMP-009179,2026-06-22T14:57:48+00:00,ACKNOWLEDGED,LOW,POLICY-v1
ALT-009180,CMP-009180,2026-02-21T13:01:55+00:00,PENDING,MEDIUM,POLICY-v1
ALT-009181,CMP-009181,2026-04-30T14:38:51+00:00,ACKNOWLEDGED,LOW,POLICY-v1
ALT-009182,CMP-009182,2026-03-04T14:45:18+00:00,ACTIONED,MEDIUM,POLICY-v1
ALT-009183,CMP-009183,2026-06-20T08:19:28+00:00,ACTIONED,MEDIUM,POLICY-v1
ALT-009184,CMP-009184,2026-06-11T11:02:07+00:00,ACTIONED,MEDIUM,POLICY-v1
ALT-009185,CMP-009185,2026-06-15T18:25:37+00:00,EXPIRED,HIGH,POLICY-v1
ALT-009186,CMP-009186,2026-03-05T09:58:44+00:00,ACTIONED,HIGH,POLICY-v1
ALT-009187,CMP-009187,2026-04-06T12:34:06+00:00,ACTIONED,LOW,POLICY-v1
ALT-009188,CMP-009188,2026-05-12T02:43:41+00:00,ACTIONED,MEDIUM,POLICY-v1
ALT-009189,CMP-009189,2026-01-09T06:11:20+00:00,ACTIONED,HIGH,POLICY-v1
ALT-009190,CMP-009190,2026-06-25T08:45:53+00:00,ACTIONED,LOW,POLICY-v1
ALT-009191,CMP-009191,2026-06-09T17:15:52+00:00,ACTIONED,HIGH,POLICY-v1
ALT-009192,CMP-009192,2026-03-12T04:06:58+00:00,ACTIONED,HIGH,POLICY-v1
ALT-009193,CMP-009193,2026-04-27T01:54:56+00:00,ACTIONED,HIGH,POLICY-v1
ALT-009194,CMP-009194,2026-06-05T08:55:44+00:00,ACTIONED,MEDIUM,POLICY-v1
ALT-009195,CMP-009195,2026-02-18T08:12:25+00:00,ACKNOWLEDGED,MEDIUM,POLICY-v1
ALT-009196,CMP-009196,2026-06-17T05:57:06+00:00,ACTIONED,LOW,POLICY-v1
ALT-009197,CMP-009197,2026-06-08T01:39:07+00:00,PENDING,MEDIUM,POLICY-v1
ALT-009198,CMP-009198,2026-06-14T20:55:36+00:00,PENDING,HIGH,POLICY-v1
ALT-009199,CMP-009199,2026-04-03T03:12:36+00:00,EXPIRED,MEDIUM,POLICY-v1
ALT-009200,CMP-009200,2026-04-28T21:39:36+00:00,ACTIONED,HIGH,POLICY-v1
ALT-009201,CMP-009201,2026-03-27T05:53:31+00:00,ACTIONED,HIGH,POLICY-v1
ALT-009202,CMP-009202,2026-03-12T02:20:31+00:00,ACTIONED,HIGH,POLICY-v1
ALT-009203,CMP-009203,2026-05-04T00:39:57+00:00,EXPIRED,HIGH,POLICY-v1
ALT-009204,CMP-009204,2026-06-11T09:07:21+00:00,ACTIONED,MEDIUM,POLICY-v1
ALT-009205,CMP-009205,2026-06-23T01:43:57+00:00,ACTIONED,LOW,POLICY-v1
ALT-009206,CMP-009206,2026-02-14T04:56:14+00:00,ACKNOWLEDGED,MEDIUM,POLICY-v1
ALT-009207,CMP-009207,2026-02-15T12:30:51+00:00,ACKNOWLEDGED,LOW,POLICY-v1
ALT-009208,CMP-009208,2026-01-09T21:44:01+00:00,ACTIONED,HIGH,POLICY-v1
ALT-009209,CMP-009209,2026-03-06T23:30:15+00:00,EXPIRED,HIGH,POLICY-v1
ALT-009210,CMP-009210,2026-03-05T13:51:03+00:00,PENDING,HIGH,POLICY-v1
ALT-009211,CMP-009211,2026-01-27T15:20:58+00:00,ACTIONED,MEDIUM,POLICY-v1
ALT-009212,CMP-009212,2026-04-12T23:20:57+00:00,ACTIONED,HIGH,POLICY-v1
ALT-009213,CMP-009213,2026-02-23T15:35:00+00:00,EXPIRED,MEDIUM,POLICY-v1
ALT-009214,CMP-009214,2026-02-20T12:58:28+00:00,ACTIONED,MEDIUM,POLICY-v1
ALT-009215,CMP-009215,2026-06-15T06:48:02+00:00,ACTIONED,HIGH,POLICY-v1
ALT-009216,CMP-009216,2026-03-07T20:16:59+00:00,ACKNOWLEDGED,HIGH,POLICY-v1
ALT-009217,CMP-009217,2026-04-06T09:25:36+00:00,ACTIONED,MEDIUM,POLICY-v1
ALT-009218,CMP-009218,2026-02-16T21:49:47+00:00,ACTIONED,LOW,POLICY-v1
ALT-009219,CMP-009219,2026-02-28T23:54:48+00:00,PENDING,MEDIUM,POLICY-v1
ALT-009220,CMP-009220,2026-02-03T12:54:23+00:00,EXPIRED,HIGH,POLICY-v1
ALT-009221,CMP-009221,2026-03-02T01:22:09+00:00,ACTIONED,MEDIUM,POLICY-v1
ALT-009222,CMP-009222,2026-02-17T11:27:38+00:00,ACTIONED,MEDIUM,POLICY-v1
ALT-009223,CMP-009223,2026-03-21T14:16:11+00:00,ACTIONED,LOW,POLICY-v1
ALT-009224,CMP-009224,2026-06-01T20:41:50+00:00,ACKNOWLEDGED,MEDIUM,POLICY-v1
ALT-009225,CMP-009225,2026-02-05T09:49:59+00:00,EXPIRED,HIGH,POLICY-v1
ALT-009226,CMP-009226,2026-03-20T00:28:02+00:00,ACTIONED,HIGH,POLICY-v1
ALT-009227,CMP-009227,2026-03-11T14:34:05+00:00,ACKNOWLEDGED,MEDIUM,POLICY-v1
ALT-009228,CMP-009228,2026-02-14T15:44:18+00:00,ACKNOWLEDGED,MEDIUM,POLICY-v1
ALT-009229,CMP-009229,2026-04-05T11:16:47+00:00,ACTIONED,MEDIUM,POLICY-v1
ALT-009230,CMP-009230,2026-01-29T06:03:08+00:00,PENDING,HIGH,POLICY-v1
ALT-009231,CMP-009231,2026-01-25T01:15:10+00:00,ACTIONED,LOW,POLICY-v1
ALT-009232,CMP-009232,2026-06-07T03:56:22+00:00,ACKNOWLEDGED,LOW,POLICY-v1
ALT-009233,CMP-009233,2026-03-21T22:10:16+00:00,ACKNOWLEDGED,LOW,POLICY-v1
ALT-009234,CMP-009234,2026-02-13T21:53:36+00:00,EXPIRED,LOW,POLICY-v1
ALT-009235,CMP-009235,2026-03-22T01:00:36+00:00,ACTIONED,HIGH,POLICY-v1
ALT-009236,CMP-009236,2026-05-27T16:58:19+00:00,ACTIONED,HIGH,POLICY-v1
ALT-009237,CMP-009237,2026-02-28T06:43:02+00:00,EXPIRED,HIGH,POLICY-v1
ALT-009238,CMP-009238,2026-04-11T04:10:40+00:00,ACTIONED,LOW,POLICY-v1
ALT-009239,CMP-009239,2026-06-12T00:37:39+00:00,ACKNOWLEDGED,HIGH,POLICY-v1
ALT-009240,CMP-009240,2026-04-07T18:13:44+00:00,ACTIONED,HIGH,POLICY-v1
ALT-009241,CMP-009241,2026-05-17T22:50:03+00:00,ACKNOWLEDGED,MEDIUM,POLICY-v1
ALT-009242,CMP-009242,2026-06-21T16:34:39+00:00,ACTIONED,MEDIUM,POLICY-v1
ALT-009243,CMP-009243,2026-01-21T20:11:19+00:00,ACTIONED,LOW,POLICY-v1
ALT-009244,CMP-009244,2026-06-20T02:52:24+00:00,ACTIONED,HIGH,POLICY-v1
ALT-009245,CMP-009245,2026-04-22T08:57:01+00:00,EXPIRED,HIGH,POLICY-v1
ALT-009246,CMP-009246,2026-05-18T03:55:41+00:00,ACKNOWLEDGED,MEDIUM,POLICY-v1
ALT-009247,CMP-009247,2026-05-22T07:47:57+00:00,EXPIRED,MEDIUM,POLICY-v1
ALT-009248,CMP-009248,2026-03-15T16:43:49+00:00,PENDING,MEDIUM,POLICY-v1
ALT-009249,CMP-009249,2026-03-03T20:25:29+00:00,ACTIONED,HIGH,POLICY-v1
ALT-009250,CMP-009250,2026-04-09T14:48:50+00:00,ACKNOWLEDGED,HIGH,POLICY-v1
ALT-009251,CMP-009251,2026-05-22T19:41:11+00:00,ACTIONED,LOW,POLICY-v1
ALT-009252,CMP-009252,2026-01-22T16:09:10+00:00,PENDING,LOW,POLICY-v1
ALT-009253,CMP-009253,2026-05-16T17:56:24+00:00,ACTIONED,LOW,POLICY-v1
ALT-009254,CMP-009254,2026-05-25T20:20:28+00:00,ACTIONED,MEDIUM,POLICY-v1
ALT-009255,CMP-009255,2026-06-11T19:12:28+00:00,ACTIONED,HIGH,POLICY-v1
ALT-009256,CMP-009256,2026-05-03T00:59:34+00:00,ACKNOWLEDGED,MEDIUM,POLICY-v1
ALT-009257,CMP-009257,2026-03-15T03:38:19+00:00,ACTIONED,LOW,POLICY-v1
ALT-009258,CMP-009258,2026-02-05T13:53:54+00:00,ACTIONED,LOW,POLICY-v1
ALT-009259,CMP-009259,2026-04-14T18:57:11+00:00,ACTIONED,HIGH,POLICY-v1
ALT-009260,CMP-009260,2026-01-16T06:14:10+00:00,ACTIONED,HIGH,POLICY-v1
ALT-009261,CMP-009261,2026-04-19T02:27:50+00:00,PENDING,HIGH,POLICY-v1
ALT-009262,CMP-009262,2026-01-12T09:47:05+00:00,PENDING,HIGH,POLICY-v1
ALT-009263,CMP-009263,2026-06-26T04:17:48+00:00,ACKNOWLEDGED,LOW,POLICY-v1
ALT-009264,CMP-009264,2026-05-05T17:29:13+00:00,PENDING,LOW,POLICY-v1
ALT-009265,CMP-009265,2026-01-11T09:12:26+00:00,ACTIONED,LOW,POLICY-v1
ALT-009266,CMP-009266,2026-04-11T00:41:34+00:00,ACTIONED,LOW,POLICY-v1
ALT-009267,CMP-009267,2026-06-17T11:32:53+00:00,ACTIONED,MEDIUM,POLICY-v1
ALT-009268,CMP-009268,2026-02-07T12:43:19+00:00,ACTIONED,MEDIUM,POLICY-v1
ALT-009269,CMP-009269,2026-01-25T02:36:49+00:00,EXPIRED,LOW,POLICY-v1
ALT-009270,CMP-009270,2026-05-20T23:54:02+00:00,ACTIONED,HIGH,POLICY-v1
ALT-009271,CMP-009271,2026-02-27T21:24:00+00:00,ACTIONED,HIGH,POLICY-v1
ALT-009272,CMP-009272,2026-03-26T08:07:56+00:00,EXPIRED,MEDIUM,POLICY-v1
ALT-009273,CMP-009273,2026-05-20T21:55:31+00:00,ACKNOWLEDGED,HIGH,POLICY-v1
ALT-009274,CMP-009274,2026-06-04T00:08:49+00:00,ACKNOWLEDGED,LOW,POLICY-v1
ALT-009275,CMP-009275,2026-06-16T10:04:59+00:00,ACTIONED,LOW,POLICY-v1
ALT-009276,CMP-009276,2026-01-10T02:19:07+00:00,PENDING,HIGH,POLICY-v1
ALT-009277,CMP-009277,2026-05-30T12:33:51+00:00,ACKNOWLEDGED,LOW,POLICY-v1
ALT-009278,CMP-009278,2026-05-05T05:59:23+00:00,EXPIRED,HIGH,POLICY-v1
ALT-009279,CMP-009279,2026-03-05T22:11:59+00:00,ACTIONED,MEDIUM,POLICY-v1
ALT-009280,CMP-009280,2026-05-18T05:20:59+00:00,EXPIRED,HIGH,POLICY-v1
ALT-009281,CMP-009281,2026-04-03T00:55:24+00:00,PENDING,MEDIUM,POLICY-v1
ALT-009282,CMP-009282,2026-02-15T13:42:34+00:00,ACKNOWLEDGED,LOW,POLICY-v1
ALT-009283,CMP-009283,2026-06-11T17:08:30+00:00,PENDING,LOW,POLICY-v1
ALT-009284,CMP-009284,2026-03-15T18:08:50+00:00,PENDING,LOW,POLICY-v1
ALT-009285,CMP-009285,2026-05-04T08:46:40+00:00,ACTIONED,MEDIUM,POLICY-v1
ALT-009286,CMP-009286,2026-01-07T05:42:59+00:00,ACTIONED,MEDIUM,POLICY-v1
ALT-009287,CMP-009287,2026-05-04T00:44:56+00:00,PENDING,HIGH,POLICY-v1
ALT-009288,CMP-009288,2026-01-08T12:09:55+00:00,ACTIONED,LOW,POLICY-v1
ALT-009289,CMP-009289,2026-03-07T21:42:31+00:00,ACTIONED,HIGH,POLICY-v1
ALT-009290,CMP-009290,2026-06-12T07:53:27+00:00,ACKNOWLEDGED,HIGH,POLICY-v1
ALT-009291,CMP-009291,2026-03-02T17:05:57+00:00,ACKNOWLEDGED,LOW,POLICY-v1
ALT-009292,CMP-009292,2026-03-14T02:36:30+00:00,ACTIONED,HIGH,POLICY-v1
ALT-009293,CMP-009293,2026-01-11T13:03:31+00:00,EXPIRED,LOW,POLICY-v1
ALT-009294,CMP-009294,2026-01-17T15:14:45+00:00,ACTIONED,MEDIUM,POLICY-v1
ALT-009295,CMP-009295,2026-01-06T09:23:19+00:00,ACTIONED,HIGH,POLICY-v1
ALT-009296,CMP-009296,2026-01-24T00:23:48+00:00,PENDING,LOW,POLICY-v1
ALT-009297,CMP-009297,2026-03-09T17:20:24+00:00,PENDING,MEDIUM,POLICY-v1
ALT-009298,CMP-009298,2026-03-02T00:08:43+00:00,PENDING,LOW,POLICY-v1
ALT-009299,CMP-009299,2026-03-19T18:15:55+00:00,ACTIONED,MEDIUM,POLICY-v1
ALT-009300,CMP-009300,2026-05-09T04:17:44+00:00,PENDING,HIGH,POLICY-v1
ALT-009301,CMP-009301,2026-06-18T07:07:29+00:00,ACKNOWLEDGED,MEDIUM,POLICY-v1
ALT-009302,CMP-009302,2026-05-28T04:46:21+00:00,ACTIONED,HIGH,POLICY-v1
ALT-009303,CMP-009303,2026-02-07T02:19:26+00:00,PENDING,MEDIUM,POLICY-v1
ALT-009304,CMP-009304,2026-04-07T10:06:29+00:00,ACKNOWLEDGED,HIGH,POLICY-v1
ALT-009305,CMP-009305,2026-01-20T10:49:04+00:00,ACTIONED,HIGH,POLICY-v1
ALT-009306,CMP-009306,2026-06-20T03:38:08+00:00,ACKNOWLEDGED,LOW,POLICY-v1
ALT-009307,CMP-009307,2026-03-17T22:08:00+00:00,PENDING,HIGH,POLICY-v1
ALT-009308,CMP-009308,2026-06-02T22:04:42+00:00,ACTIONED,MEDIUM,POLICY-v1
ALT-009309,CMP-009309,2026-03-16T09:27:37+00:00,PENDING,MEDIUM,POLICY-v1
ALT-009310,CMP-009310,2026-01-23T08:57:17+00:00,ACTIONED,MEDIUM,POLICY-v1
ALT-009311,CMP-009311,2026-03-15T15:51:11+00:00,ACTIONED,HIGH,POLICY-v1
ALT-009312,CMP-009312,2026-04-01T12:12:12+00:00,ACTIONED,LOW,POLICY-v1
ALT-009313,CMP-009313,2026-06-25T16:40:47+00:00,PENDING,MEDIUM,POLICY-v1
ALT-009314,CMP-009314,2026-05-15T10:03:26+00:00,ACTIONED,MEDIUM,POLICY-v1
ALT-009315,CMP-009315,2026-05-08T16:15:11+00:00,EXPIRED,LOW,POLICY-v1
ALT-009316,CMP-009316,2026-06-28T05:44:08+00:00,ACTIONED,HIGH,POLICY-v1
ALT-009317,CMP-009317,2026-05-07T00:40:46+00:00,PENDING,LOW,POLICY-v1
ALT-009318,CMP-009318,2026-06-26T14:26:50+00:00,PENDING,LOW,POLICY-v1
ALT-009319,CMP-009319,2026-02-26T09:03:27+00:00,ACKNOWLEDGED,LOW,POLICY-v1
ALT-009320,CMP-009320,2026-03-05T15:59:23+00:00,ACTIONED,MEDIUM,POLICY-v1
ALT-009321,CMP-009321,2026-05-21T06:41:04+00:00,ACTIONED,HIGH,POLICY-v1
ALT-009322,CMP-009322,2026-02-18T06:03:26+00:00,EXPIRED,HIGH,POLICY-v1
ALT-009323,CMP-009323,2026-04-22T13:11:17+00:00,ACTIONED,LOW,POLICY-v1
ALT-009324,CMP-009324,2026-05-14T04:48:10+00:00,ACTIONED,MEDIUM,POLICY-v1
ALT-009325,CMP-009325,2026-04-28T10:38:59+00:00,ACTIONED,LOW,POLICY-v1
ALT-009326,CMP-009326,2026-03-22T17:01:52+00:00,ACTIONED,MEDIUM,POLICY-v1
ALT-009327,CMP-009327,2026-02-27T10:48:14+00:00,ACKNOWLEDGED,HIGH,POLICY-v1
ALT-009328,CMP-009328,2026-05-23T00:28:19+00:00,ACTIONED,HIGH,POLICY-v1
ALT-009329,CMP-009329,2026-06-20T06:11:33+00:00,EXPIRED,LOW,POLICY-v1
ALT-009330,CMP-009330,2026-04-01T18:44:44+00:00,ACTIONED,MEDIUM,POLICY-v1
ALT-009331,CMP-009331,2026-02-15T04:25:59+00:00,ACTIONED,MEDIUM,POLICY-v1
ALT-009332,CMP-009332,2026-05-15T23:13:08+00:00,ACKNOWLEDGED,HIGH,POLICY-v1
ALT-009333,CMP-009333,2026-04-09T19:51:37+00:00,ACTIONED,LOW,POLICY-v1
ALT-009334,CMP-009334,2026-01-26T01:39:52+00:00,ACKNOWLEDGED,LOW,POLICY-v1
ALT-009335,CMP-009335,2026-04-24T20:42:14+00:00,ACKNOWLEDGED,MEDIUM,POLICY-v1
ALT-009336,CMP-009336,2026-01-13T00:49:49+00:00,PENDING,MEDIUM,POLICY-v1
ALT-009337,CMP-009337,2026-01-05T08:50:32+00:00,EXPIRED,HIGH,POLICY-v1
ALT-009338,CMP-009338,2026-05-14T12:37:43+00:00,ACTIONED,MEDIUM,POLICY-v1
ALT-009339,CMP-009339,2026-05-13T09:05:13+00:00,ACTIONED,LOW,POLICY-v1
ALT-009340,CMP-009340,2026-04-21T21:58:13+00:00,ACKNOWLEDGED,HIGH,POLICY-v1
ALT-009341,CMP-009341,2026-05-22T08:02:17+00:00,ACTIONED,MEDIUM,POLICY-v1
ALT-009342,CMP-009342,2026-01-29T19:38:55+00:00,ACTIONED,LOW,POLICY-v1
ALT-009343,CMP-009343,2026-05-26T21:16:25+00:00,EXPIRED,LOW,POLICY-v1
ALT-009344,CMP-009344,2026-05-26T03:16:39+00:00,ACTIONED,MEDIUM,POLICY-v1
ALT-009345,CMP-009345,2026-03-05T13:14:13+00:00,PENDING,HIGH,POLICY-v1
ALT-009346,CMP-009346,2026-04-30T17:29:30+00:00,PENDING,HIGH,POLICY-v1
ALT-009347,CMP-009347,2026-05-09T07:53:22+00:00,ACTIONED,MEDIUM,POLICY-v1
ALT-009348,CMP-009348,2026-05-07T16:32:47+00:00,PENDING,MEDIUM,POLICY-v1
ALT-009349,CMP-009349,2026-04-10T21:04:46+00:00,ACKNOWLEDGED,MEDIUM,POLICY-v1
ALT-009350,CMP-009350,2026-01-05T22:13:24+00:00,ACKNOWLEDGED,LOW,POLICY-v1
ALT-009351,CMP-009351,2026-01-28T15:46:32+00:00,EXPIRED,MEDIUM,POLICY-v1
ALT-009352,CMP-009352,2026-06-05T04:07:40+00:00,PENDING,HIGH,POLICY-v1
ALT-009353,CMP-009353,2026-05-17T13:51:15+00:00,PENDING,HIGH,POLICY-v1
ALT-009354,CMP-009354,2026-05-07T07:27:50+00:00,ACTIONED,HIGH,POLICY-v1
ALT-009355,CMP-009355,2026-06-27T12:26:36+00:00,ACTIONED,LOW,POLICY-v1
ALT-009356,CMP-009356,2026-03-02T06:22:31+00:00,ACKNOWLEDGED,LOW,POLICY-v1
ALT-009357,CMP-009357,2026-06-12T22:49:13+00:00,ACKNOWLEDGED,LOW,POLICY-v1
ALT-009358,CMP-009358,2026-01-10T04:54:21+00:00,ACKNOWLEDGED,MEDIUM,POLICY-v1
ALT-009359,CMP-009359,2026-06-19T04:07:19+00:00,ACTIONED,HIGH,POLICY-v1
ALT-009360,CMP-009360,2026-04-19T08:41:53+00:00,ACKNOWLEDGED,LOW,POLICY-v1
ALT-009361,CMP-009361,2026-06-16T22:01:30+00:00,PENDING,MEDIUM,POLICY-v1
ALT-009362,CMP-009362,2026-05-26T02:16:37+00:00,ACTIONED,LOW,POLICY-v1
ALT-009363,CMP-009363,2026-05-13T21:49:32+00:00,PENDING,HIGH,POLICY-v1
ALT-009364,CMP-009364,2026-06-08T13:27:09+00:00,EXPIRED,HIGH,POLICY-v1
ALT-009365,CMP-009365,2026-03-21T21:53:43+00:00,EXPIRED,HIGH,POLICY-v1
ALT-009366,CMP-009366,2026-01-17T17:51:50+00:00,ACTIONED,MEDIUM,POLICY-v1
ALT-009367,CMP-009367,2026-03-31T20:49:26+00:00,ACTIONED,HIGH,POLICY-v1
ALT-009368,CMP-009368,2026-04-17T07:12:12+00:00,ACKNOWLEDGED,MEDIUM,POLICY-v1
ALT-009369,CMP-009369,2026-04-05T22:49:24+00:00,ACTIONED,HIGH,POLICY-v1
ALT-009370,CMP-009370,2026-03-17T07:58:30+00:00,ACTIONED,HIGH,POLICY-v1
ALT-009371,CMP-009371,2026-06-20T17:27:52+00:00,ACKNOWLEDGED,HIGH,POLICY-v1
ALT-009372,CMP-009372,2026-05-28T15:52:20+00:00,ACTIONED,HIGH,POLICY-v1
ALT-009373,CMP-009373,2026-01-01T16:58:52+00:00,ACTIONED,MEDIUM,POLICY-v1
ALT-009374,CMP-009374,2026-06-21T03:04:39+00:00,ACKNOWLEDGED,HIGH,POLICY-v1
ALT-009375,CMP-009375,2026-04-01T08:17:30+00:00,ACTIONED,HIGH,POLICY-v1
ALT-009376,CMP-009376,2026-01-19T23:26:58+00:00,ACTIONED,MEDIUM,POLICY-v1
ALT-009377,CMP-009377,2026-03-03T09:22:20+00:00,PENDING,HIGH,POLICY-v1
ALT-009378,CMP-009378,2026-01-11T13:43:20+00:00,PENDING,HIGH,POLICY-v1
ALT-009379,CMP-009379,2026-06-11T03:43:45+00:00,ACTIONED,MEDIUM,POLICY-v1
ALT-009380,CMP-009380,2026-04-30T00:06:58+00:00,ACTIONED,HIGH,POLICY-v1
ALT-009381,CMP-009381,2026-04-05T19:10:48+00:00,ACTIONED,HIGH,POLICY-v1
ALT-009382,CMP-009382,2026-04-05T03:14:24+00:00,ACKNOWLEDGED,MEDIUM,POLICY-v1
ALT-009383,CMP-009383,2026-03-20T18:58:00+00:00,EXPIRED,MEDIUM,POLICY-v1
ALT-009384,CMP-009384,2026-04-15T03:55:48+00:00,ACTIONED,MEDIUM,POLICY-v1
ALT-009385,CMP-009385,2026-06-04T13:51:08+00:00,ACTIONED,HIGH,POLICY-v1
ALT-009386,CMP-009386,2026-02-19T13:09:13+00:00,EXPIRED,MEDIUM,POLICY-v1
ALT-009387,CMP-009387,2026-06-03T01:26:34+00:00,ACTIONED,HIGH,POLICY-v1
ALT-009388,CMP-009388,2026-06-26T21:23:58+00:00,ACTIONED,MEDIUM,POLICY-v1
ALT-009389,CMP-009389,2026-02-08T03:36:21+00:00,ACKNOWLEDGED,HIGH,POLICY-v1
ALT-009390,CMP-009390,2026-06-27T01:31:49+00:00,ACTIONED,MEDIUM,POLICY-v1
ALT-009391,CMP-009391,2026-04-10T02:25:33+00:00,PENDING,LOW,POLICY-v1
ALT-009392,CMP-009392,2026-03-04T07:32:24+00:00,ACTIONED,LOW,POLICY-v1
ALT-009393,CMP-009393,2026-05-21T12:32:27+00:00,ACTIONED,MEDIUM,POLICY-v1
ALT-009394,CMP-009394,2026-03-17T06:35:08+00:00,ACTIONED,MEDIUM,POLICY-v1
ALT-009395,CMP-009395,2026-04-29T20:30:32+00:00,ACKNOWLEDGED,LOW,POLICY-v1
ALT-009396,CMP-009396,2026-04-10T21:17:02+00:00,ACKNOWLEDGED,MEDIUM,POLICY-v1
ALT-009397,CMP-009397,2026-01-10T02:52:37+00:00,ACKNOWLEDGED,LOW,POLICY-v1
ALT-009398,CMP-009398,2026-02-03T09:20:47+00:00,ACTIONED,LOW,POLICY-v1
ALT-009399,CMP-009399,2026-04-07T17:26:43+00:00,ACTIONED,HIGH,POLICY-v1
ALT-009400,CMP-009400,2026-05-24T10:26:14+00:00,ACKNOWLEDGED,HIGH,POLICY-v1
ALT-009401,CMP-009401,2026-01-19T08:28:10+00:00,EXPIRED,LOW,POLICY-v1
ALT-009402,CMP-009402,2026-01-20T18:47:28+00:00,ACTIONED,HIGH,POLICY-v1
ALT-009403,CMP-009403,2026-04-09T20:20:52+00:00,ACKNOWLEDGED,LOW,POLICY-v1
ALT-009404,CMP-009404,2026-06-14T14:23:14+00:00,PENDING,HIGH,POLICY-v1
ALT-009405,CMP-009405,2026-02-16T09:08:28+00:00,PENDING,HIGH,POLICY-v1
ALT-009406,CMP-009406,2026-01-03T18:31:29+00:00,ACTIONED,LOW,POLICY-v1
ALT-009407,CMP-009407,2026-05-04T15:32:43+00:00,ACKNOWLEDGED,LOW,POLICY-v1
ALT-009408,CMP-009408,2026-05-05T02:34:32+00:00,ACKNOWLEDGED,MEDIUM,POLICY-v1
ALT-009409,CMP-009409,2026-06-16T03:00:09+00:00,ACKNOWLEDGED,MEDIUM,POLICY-v1
ALT-009410,CMP-009410,2026-01-28T12:07:40+00:00,PENDING,MEDIUM,POLICY-v1
ALT-009411,CMP-009411,2026-01-11T13:31:02+00:00,ACTIONED,LOW,POLICY-v1
ALT-009412,CMP-009412,2026-01-28T09:30:04+00:00,ACTIONED,MEDIUM,POLICY-v1
ALT-009413,CMP-009413,2026-06-18T19:36:34+00:00,ACTIONED,MEDIUM,POLICY-v1
ALT-009414,CMP-009414,2026-05-29T17:31:17+00:00,ACTIONED,HIGH,POLICY-v1
ALT-009415,CMP-009415,2026-05-11T17:27:11+00:00,PENDING,MEDIUM,POLICY-v1
ALT-009416,CMP-009416,2026-03-06T17:41:24+00:00,EXPIRED,MEDIUM,POLICY-v1
ALT-009417,CMP-009417,2026-03-22T00:27:18+00:00,PENDING,MEDIUM,POLICY-v1
ALT-009418,CMP-009418,2026-01-10T06:45:43+00:00,ACTIONED,LOW,POLICY-v1
ALT-009419,CMP-009419,2026-01-09T23:02:21+00:00,ACTIONED,HIGH,POLICY-v1
ALT-009420,CMP-009420,2026-02-03T22:03:57+00:00,ACKNOWLEDGED,LOW,POLICY-v1
ALT-009421,CMP-009421,2026-04-22T23:43:30+00:00,ACTIONED,LOW,POLICY-v1
ALT-009422,CMP-009422,2026-04-08T09:46:54+00:00,ACTIONED,MEDIUM,POLICY-v1
ALT-009423,CMP-009423,2026-02-03T00:23:49+00:00,ACTIONED,MEDIUM,POLICY-v1
ALT-009424,CMP-009424,2026-05-14T09:57:58+00:00,ACKNOWLEDGED,MEDIUM,POLICY-v1
ALT-009425,CMP-009425,2026-05-31T12:13:45+00:00,ACTIONED,HIGH,POLICY-v1
ALT-009426,CMP-009426,2026-01-12T03:27:11+00:00,ACKNOWLEDGED,LOW,POLICY-v1
ALT-009427,CMP-009427,2026-01-21T05:12:18+00:00,EXPIRED,MEDIUM,POLICY-v1
ALT-009428,CMP-009428,2026-06-27T03:11:14+00:00,ACKNOWLEDGED,HIGH,POLICY-v1
ALT-009429,CMP-009429,2026-05-26T22:28:33+00:00,EXPIRED,HIGH,POLICY-v1
ALT-009430,CMP-009430,2026-05-23T20:15:17+00:00,EXPIRED,HIGH,POLICY-v1
ALT-009431,CMP-009431,2026-05-02T06:24:00+00:00,ACTIONED,HIGH,POLICY-v1
ALT-009432,CMP-009432,2026-04-10T09:33:29+00:00,ACTIONED,MEDIUM,POLICY-v1
ALT-009433,CMP-009433,2026-04-04T05:25:47+00:00,EXPIRED,HIGH,POLICY-v1
ALT-009434,CMP-009434,2026-01-03T04:47:06+00:00,PENDING,LOW,POLICY-v1
ALT-009435,CMP-009435,2026-06-10T20:23:57+00:00,EXPIRED,LOW,POLICY-v1
ALT-009436,CMP-009436,2026-05-16T05:56:11+00:00,PENDING,LOW,POLICY-v1
ALT-009437,CMP-009437,2026-05-28T11:19:15+00:00,ACTIONED,HIGH,POLICY-v1
ALT-009438,CMP-009438,2026-02-01T12:59:57+00:00,EXPIRED,LOW,POLICY-v1
ALT-009439,CMP-009439,2026-02-27T22:17:29+00:00,EXPIRED,HIGH,POLICY-v1
ALT-009440,CMP-009440,2026-04-16T00:01:01+00:00,ACTIONED,HIGH,POLICY-v1
ALT-009441,CMP-009441,2026-03-30T20:51:27+00:00,ACTIONED,HIGH,POLICY-v1
ALT-009442,CMP-009442,2026-02-05T19:01:44+00:00,ACTIONED,HIGH,POLICY-v1
ALT-009443,CMP-009443,2026-01-02T06:30:12+00:00,PENDING,HIGH,POLICY-v1
ALT-009444,CMP-009444,2026-05-15T20:40:37+00:00,PENDING,HIGH,POLICY-v1
ALT-009445,CMP-009445,2026-06-05T08:51:54+00:00,ACKNOWLEDGED,MEDIUM,POLICY-v1
ALT-009446,CMP-009446,2026-01-05T00:03:20+00:00,ACTIONED,LOW,POLICY-v1
ALT-009447,CMP-009447,2026-05-11T13:01:32+00:00,ACTIONED,HIGH,POLICY-v1
ALT-009448,CMP-009448,2026-02-08T00:00:58+00:00,ACKNOWLEDGED,HIGH,POLICY-v1
ALT-009449,CMP-009449,2026-04-15T23:29:20+00:00,ACTIONED,MEDIUM,POLICY-v1
ALT-009450,CMP-009450,2026-06-09T02:41:21+00:00,EXPIRED,LOW,POLICY-v1
ALT-009451,CMP-009451,2026-01-26T03:46:10+00:00,ACTIONED,MEDIUM,POLICY-v1
ALT-009452,CMP-009452,2026-03-25T22:04:26+00:00,ACTIONED,MEDIUM,POLICY-v1
ALT-009453,CMP-009453,2026-02-13T03:31:31+00:00,ACTIONED,LOW,POLICY-v1
ALT-009454,CMP-009454,2026-05-25T11:30:53+00:00,ACTIONED,LOW,POLICY-v1
ALT-009455,CMP-009455,2026-03-24T01:15:39+00:00,ACTIONED,MEDIUM,POLICY-v1
ALT-009456,CMP-009456,2026-01-05T10:25:18+00:00,ACKNOWLEDGED,MEDIUM,POLICY-v1
ALT-009457,CMP-009457,2026-02-15T12:48:56+00:00,ACKNOWLEDGED,LOW,POLICY-v1
ALT-009458,CMP-009458,2026-04-05T11:01:06+00:00,ACTIONED,MEDIUM,POLICY-v1
ALT-009459,CMP-009459,2026-01-07T17:29:10+00:00,ACTIONED,HIGH,POLICY-v1
ALT-009460,CMP-009460,2026-06-27T10:37:10+00:00,ACTIONED,HIGH,POLICY-v1
ALT-009461,CMP-009461,2026-01-10T22:05:23+00:00,ACTIONED,LOW,POLICY-v1
ALT-009462,CMP-009462,2026-06-21T23:12:15+00:00,EXPIRED,LOW,POLICY-v1
ALT-009463,CMP-009463,2026-01-31T08:10:35+00:00,ACKNOWLEDGED,LOW,POLICY-v1
ALT-009464,CMP-009464,2026-05-25T03:50:32+00:00,ACKNOWLEDGED,LOW,POLICY-v1
ALT-009465,CMP-009465,2026-01-05T22:01:57+00:00,ACTIONED,LOW,POLICY-v1
ALT-009466,CMP-009466,2026-05-30T19:41:56+00:00,ACTIONED,MEDIUM,POLICY-v1
ALT-009467,CMP-009467,2026-04-27T03:48:32+00:00,ACTIONED,MEDIUM,POLICY-v1
ALT-009468,CMP-009468,2026-01-31T00:07:10+00:00,ACTIONED,LOW,POLICY-v1
ALT-009469,CMP-009469,2026-02-15T11:05:08+00:00,ACTIONED,LOW,POLICY-v1
ALT-009470,CMP-009470,2026-02-06T00:39:27+00:00,ACTIONED,HIGH,POLICY-v1
ALT-009471,CMP-009471,2026-01-23T16:18:15+00:00,ACTIONED,HIGH,POLICY-v1
ALT-009472,CMP-009472,2026-05-14T23:54:52+00:00,ACKNOWLEDGED,LOW,POLICY-v1
ALT-009473,CMP-009473,2026-01-02T11:14:42+00:00,ACTIONED,LOW,POLICY-v1
ALT-009474,CMP-009474,2026-01-16T19:31:39+00:00,PENDING,HIGH,POLICY-v1
ALT-009475,CMP-009475,2026-03-21T03:12:37+00:00,ACTIONED,MEDIUM,POLICY-v1
ALT-009476,CMP-009476,2026-01-18T10:17:20+00:00,ACTIONED,HIGH,POLICY-v1
ALT-009477,CMP-009477,2026-03-15T17:23:53+00:00,EXPIRED,LOW,POLICY-v1
ALT-009478,CMP-009478,2026-02-23T19:31:38+00:00,ACKNOWLEDGED,HIGH,POLICY-v1
ALT-009479,CMP-009479,2026-01-03T21:05:39+00:00,ACKNOWLEDGED,MEDIUM,POLICY-v1
ALT-009480,CMP-009480,2026-05-04T13:32:25+00:00,EXPIRED,LOW,POLICY-v1
ALT-009481,CMP-009481,2026-04-27T02:35:49+00:00,PENDING,MEDIUM,POLICY-v1
ALT-009482,CMP-009482,2026-03-23T20:12:10+00:00,PENDING,HIGH,POLICY-v1
ALT-009483,CMP-009483,2026-04-14T01:28:18+00:00,ACTIONED,MEDIUM,POLICY-v1
ALT-009484,CMP-009484,2026-04-08T18:48:03+00:00,ACTIONED,MEDIUM,POLICY-v1
ALT-009485,CMP-009485,2026-02-18T11:36:23+00:00,ACTIONED,HIGH,POLICY-v1
ALT-009486,CMP-009486,2026-03-18T09:18:26+00:00,ACTIONED,MEDIUM,POLICY-v1
ALT-009487,CMP-009487,2026-01-08T00:47:24+00:00,EXPIRED,MEDIUM,POLICY-v1
ALT-009488,CMP-009488,2026-02-06T12:04:50+00:00,ACKNOWLEDGED,HIGH,POLICY-v1
ALT-009489,CMP-009489,2026-01-21T00:05:13+00:00,EXPIRED,MEDIUM,POLICY-v1
ALT-009490,CMP-009490,2026-05-15T00:55:25+00:00,ACTIONED,HIGH,POLICY-v1
ALT-009491,CMP-009491,2026-06-26T14:13:50+00:00,ACTIONED,HIGH,POLICY-v1
ALT-009492,CMP-009492,2026-04-24T13:53:26+00:00,EXPIRED,HIGH,POLICY-v1
ALT-009493,CMP-009493,2026-06-06T19:09:34+00:00,ACTIONED,MEDIUM,POLICY-v1
ALT-009494,CMP-009494,2026-02-20T14:02:38+00:00,ACTIONED,HIGH,POLICY-v1
ALT-009495,CMP-009495,2026-06-28T09:26:41+00:00,ACTIONED,HIGH,POLICY-v1
ALT-009496,CMP-009496,2026-06-25T13:31:49+00:00,ACTIONED,HIGH,POLICY-v1
ALT-009497,CMP-009497,2026-03-26T18:21:17+00:00,ACTIONED,MEDIUM,POLICY-v1
ALT-009498,CMP-009498,2026-03-20T10:38:23+00:00,ACTIONED,HIGH,POLICY-v1
ALT-009499,CMP-009499,2026-01-30T01:41:02+00:00,PENDING,HIGH,POLICY-v1
ALT-009500,CMP-009500,2026-02-17T17:51:01+00:00,ACTIONED,LOW,POLICY-v1
ALT-009501,CMP-009501,2026-06-22T23:28:43+00:00,PENDING,MEDIUM,POLICY-v1
ALT-009502,CMP-009502,2026-01-21T15:42:58+00:00,ACTIONED,MEDIUM,POLICY-v1
ALT-009503,CMP-009503,2026-03-18T16:40:34+00:00,EXPIRED,LOW,POLICY-v1
ALT-009504,CMP-009504,2026-02-08T06:28:47+00:00,ACKNOWLEDGED,LOW,POLICY-v1
ALT-009505,CMP-009505,2026-05-29T09:25:27+00:00,ACTIONED,MEDIUM,POLICY-v1
ALT-009506,CMP-009506,2026-06-08T18:20:07+00:00,ACTIONED,LOW,POLICY-v1
ALT-009507,CMP-009507,2026-06-04T06:11:23+00:00,PENDING,MEDIUM,POLICY-v1
ALT-009508,CMP-009508,2026-01-18T05:23:11+00:00,EXPIRED,MEDIUM,POLICY-v1
ALT-009509,CMP-009509,2026-02-04T05:56:59+00:00,ACKNOWLEDGED,HIGH,POLICY-v1
ALT-009510,CMP-009510,2026-05-15T09:56:01+00:00,ACKNOWLEDGED,HIGH,POLICY-v1
ALT-009511,CMP-009511,2026-01-11T08:41:41+00:00,ACTIONED,HIGH,POLICY-v1
ALT-009512,CMP-009512,2026-03-26T09:32:19+00:00,EXPIRED,MEDIUM,POLICY-v1
ALT-009513,CMP-009513,2026-06-18T13:01:10+00:00,ACTIONED,LOW,POLICY-v1
ALT-009514,CMP-009514,2026-01-02T15:13:56+00:00,PENDING,HIGH,POLICY-v1
ALT-009515,CMP-009515,2026-03-08T05:23:14+00:00,ACKNOWLEDGED,HIGH,POLICY-v1
ALT-009516,CMP-009516,2026-06-14T06:41:11+00:00,ACKNOWLEDGED,LOW,POLICY-v1
ALT-009517,CMP-009517,2026-05-09T03:11:18+00:00,ACTIONED,MEDIUM,POLICY-v1
ALT-009518,CMP-009518,2026-04-06T07:44:56+00:00,ACTIONED,LOW,POLICY-v1
ALT-009519,CMP-009519,2026-03-13T14:49:16+00:00,EXPIRED,HIGH,POLICY-v1
ALT-009520,CMP-009520,2026-01-03T05:10:33+00:00,PENDING,HIGH,POLICY-v1
ALT-009521,CMP-009521,2026-04-25T19:33:01+00:00,ACTIONED,LOW,POLICY-v1
ALT-009522,CMP-009522,2026-04-20T18:08:29+00:00,PENDING,MEDIUM,POLICY-v1
ALT-009523,CMP-009523,2026-03-11T16:47:29+00:00,PENDING,MEDIUM,POLICY-v1
ALT-009524,CMP-009524,2026-03-23T05:05:18+00:00,PENDING,LOW,POLICY-v1
ALT-009525,CMP-009525,2026-02-14T19:02:53+00:00,ACTIONED,MEDIUM,POLICY-v1
ALT-009526,CMP-009526,2026-01-09T07:47:35+00:00,EXPIRED,MEDIUM,POLICY-v1
ALT-009527,CMP-009527,2026-06-01T12:50:18+00:00,EXPIRED,MEDIUM,POLICY-v1
ALT-009528,CMP-009528,2026-02-12T07:12:59+00:00,ACTIONED,HIGH,POLICY-v1
ALT-009529,CMP-009529,2026-03-22T13:33:50+00:00,ACKNOWLEDGED,HIGH,POLICY-v1
ALT-009530,CMP-009530,2026-04-10T13:53:56+00:00,ACTIONED,LOW,POLICY-v1
ALT-009531,CMP-009531,2026-04-26T06:38:31+00:00,ACKNOWLEDGED,HIGH,POLICY-v1
ALT-009532,CMP-009532,2026-04-17T14:53:56+00:00,ACTIONED,HIGH,POLICY-v1
ALT-009533,CMP-009533,2026-05-12T20:20:59+00:00,ACTIONED,LOW,POLICY-v1
ALT-009534,CMP-009534,2026-05-07T05:14:21+00:00,EXPIRED,HIGH,POLICY-v1
ALT-009535,CMP-009535,2026-01-02T20:18:04+00:00,ACTIONED,HIGH,POLICY-v1
ALT-009536,CMP-009536,2026-01-06T00:53:29+00:00,ACKNOWLEDGED,MEDIUM,POLICY-v1
ALT-009537,CMP-009537,2026-01-19T06:30:50+00:00,ACTIONED,MEDIUM,POLICY-v1
ALT-009538,CMP-009538,2026-01-05T00:50:05+00:00,PENDING,MEDIUM,POLICY-v1
ALT-009539,CMP-009539,2026-06-01T16:41:21+00:00,ACTIONED,LOW,POLICY-v1
ALT-009540,CMP-009540,2026-04-17T13:48:16+00:00,ACTIONED,LOW,POLICY-v1
ALT-009541,CMP-009541,2026-05-16T10:34:16+00:00,EXPIRED,MEDIUM,POLICY-v1
ALT-009542,CMP-009542,2026-04-17T23:54:09+00:00,ACTIONED,MEDIUM,POLICY-v1
ALT-009543,CMP-009543,2026-03-19T01:31:23+00:00,ACTIONED,MEDIUM,POLICY-v1
ALT-009544,CMP-009544,2026-02-22T15:32:14+00:00,ACTIONED,MEDIUM,POLICY-v1
ALT-009545,CMP-009545,2026-02-10T01:47:08+00:00,ACTIONED,LOW,POLICY-v1
ALT-009546,CMP-009546,2026-02-01T09:46:27+00:00,ACTIONED,MEDIUM,POLICY-v1
ALT-009547,CMP-009547,2026-01-11T11:00:22+00:00,PENDING,LOW,POLICY-v1
ALT-009548,CMP-009548,2026-04-06T20:27:17+00:00,PENDING,HIGH,POLICY-v1
ALT-009549,CMP-009549,2026-05-03T05:46:29+00:00,ACTIONED,LOW,POLICY-v1
ALT-009550,CMP-009550,2026-05-07T09:53:03+00:00,PENDING,MEDIUM,POLICY-v1
ALT-009551,CMP-009551,2026-03-11T11:53:55+00:00,EXPIRED,MEDIUM,POLICY-v1
ALT-009552,CMP-009552,2026-05-13T08:32:14+00:00,EXPIRED,LOW,POLICY-v1
ALT-009553,CMP-009553,2026-05-07T14:20:46+00:00,ACTIONED,MEDIUM,POLICY-v1
ALT-009554,CMP-009554,2026-05-17T09:23:14+00:00,ACKNOWLEDGED,LOW,POLICY-v1
ALT-009555,CMP-009555,2026-01-02T14:37:33+00:00,EXPIRED,HIGH,POLICY-v1
ALT-009556,CMP-009556,2026-04-18T03:37:17+00:00,PENDING,LOW,POLICY-v1
ALT-009557,CMP-009557,2026-01-29T00:10:06+00:00,ACTIONED,MEDIUM,POLICY-v1
ALT-009558,CMP-009558,2026-03-17T23:58:59+00:00,ACTIONED,MEDIUM,POLICY-v1
ALT-009559,CMP-009559,2026-05-31T13:06:51+00:00,PENDING,MEDIUM,POLICY-v1
ALT-009560,CMP-009560,2026-01-18T07:53:32+00:00,ACTIONED,LOW,POLICY-v1
ALT-009561,CMP-009561,2026-06-10T12:36:41+00:00,EXPIRED,LOW,POLICY-v1
ALT-009562,CMP-009562,2026-06-20T04:01:46+00:00,EXPIRED,MEDIUM,POLICY-v1
ALT-009563,CMP-009563,2026-02-05T14:11:15+00:00,ACTIONED,LOW,POLICY-v1
ALT-009564,CMP-009564,2026-02-05T20:47:07+00:00,PENDING,LOW,POLICY-v1
ALT-009565,CMP-009565,2026-05-20T09:18:01+00:00,ACKNOWLEDGED,LOW,POLICY-v1
ALT-009566,CMP-009566,2026-04-08T03:03:42+00:00,ACTIONED,LOW,POLICY-v1
ALT-009567,CMP-009567,2026-05-28T21:33:42+00:00,ACTIONED,MEDIUM,POLICY-v1
ALT-009568,CMP-009568,2026-02-19T19:56:43+00:00,ACKNOWLEDGED,MEDIUM,POLICY-v1
ALT-009569,CMP-009569,2026-03-05T18:47:47+00:00,PENDING,MEDIUM,POLICY-v1
ALT-009570,CMP-009570,2026-01-09T15:38:32+00:00,ACKNOWLEDGED,MEDIUM,POLICY-v1
ALT-009571,CMP-009571,2026-02-12T22:43:52+00:00,ACTIONED,HIGH,POLICY-v1
ALT-009572,CMP-009572,2026-04-19T14:02:13+00:00,ACKNOWLEDGED,LOW,POLICY-v1
ALT-009573,CMP-009573,2026-04-23T18:44:01+00:00,ACKNOWLEDGED,LOW,POLICY-v1
ALT-009574,CMP-009574,2026-04-19T15:29:15+00:00,PENDING,HIGH,POLICY-v1
ALT-009575,CMP-009575,2026-06-20T17:38:34+00:00,PENDING,MEDIUM,POLICY-v1
ALT-009576,CMP-009576,2026-03-21T02:16:25+00:00,ACTIONED,HIGH,POLICY-v1
ALT-009577,CMP-009577,2026-01-02T21:55:48+00:00,ACKNOWLEDGED,LOW,POLICY-v1
ALT-009578,CMP-009578,2026-01-05T04:05:50+00:00,ACTIONED,LOW,POLICY-v1
ALT-009579,CMP-009579,2026-01-14T22:41:58+00:00,ACTIONED,MEDIUM,POLICY-v1
ALT-009580,CMP-009580,2026-03-26T13:19:16+00:00,EXPIRED,HIGH,POLICY-v1
ALT-009581,CMP-009581,2026-02-18T18:38:22+00:00,ACTIONED,HIGH,POLICY-v1
ALT-009582,CMP-009582,2026-06-19T19:28:38+00:00,ACTIONED,LOW,POLICY-v1
ALT-009583,CMP-009583,2026-06-22T10:44:52+00:00,ACKNOWLEDGED,LOW,POLICY-v1
ALT-009584,CMP-009584,2026-05-05T01:54:29+00:00,ACKNOWLEDGED,MEDIUM,POLICY-v1
ALT-009585,CMP-009585,2026-04-07T13:11:18+00:00,ACTIONED,HIGH,POLICY-v1
ALT-009586,CMP-009586,2026-01-27T22:24:45+00:00,EXPIRED,HIGH,POLICY-v1
ALT-009587,CMP-009587,2026-01-29T00:02:18+00:00,ACTIONED,HIGH,POLICY-v1
ALT-009588,CMP-009588,2026-03-14T06:35:27+00:00,EXPIRED,LOW,POLICY-v1
ALT-009589,CMP-009589,2026-04-19T16:50:59+00:00,ACTIONED,MEDIUM,POLICY-v1
ALT-009590,CMP-009590,2026-03-06T07:47:17+00:00,EXPIRED,MEDIUM,POLICY-v1
ALT-009591,CMP-009591,2026-01-24T10:26:05+00:00,EXPIRED,MEDIUM,POLICY-v1
ALT-009592,CMP-009592,2026-05-15T01:40:17+00:00,EXPIRED,LOW,POLICY-v1
ALT-009593,CMP-009593,2026-02-05T06:51:49+00:00,ACTIONED,MEDIUM,POLICY-v1
ALT-009594,CMP-009594,2026-03-03T13:39:38+00:00,ACTIONED,HIGH,POLICY-v1
ALT-009595,CMP-009595,2026-04-18T17:07:02+00:00,ACTIONED,LOW,POLICY-v1
ALT-009596,CMP-009596,2026-02-02T13:45:04+00:00,ACTIONED,LOW,POLICY-v1
ALT-009597,CMP-009597,2026-04-25T14:40:12+00:00,PENDING,HIGH,POLICY-v1
ALT-009598,CMP-009598,2026-06-19T07:32:16+00:00,PENDING,LOW,POLICY-v1
ALT-009599,CMP-009599,2026-01-27T17:37:59+00:00,ACKNOWLEDGED,MEDIUM,POLICY-v1
ALT-009600,CMP-009600,2026-05-04T05:04:33+00:00,ACKNOWLEDGED,LOW,POLICY-v1
ALT-009601,CMP-009601,2026-05-06T05:02:14+00:00,EXPIRED,MEDIUM,POLICY-v1
ALT-009602,CMP-009602,2026-01-11T14:38:50+00:00,ACTIONED,HIGH,POLICY-v1
ALT-009603,CMP-009603,2026-06-25T03:20:51+00:00,ACTIONED,HIGH,POLICY-v1
ALT-009604,CMP-009604,2026-02-10T04:16:28+00:00,ACTIONED,HIGH,POLICY-v1
ALT-009605,CMP-009605,2026-01-11T08:00:31+00:00,ACKNOWLEDGED,LOW,POLICY-v1
ALT-009606,CMP-009606,2026-06-27T19:15:29+00:00,ACTIONED,HIGH,POLICY-v1
ALT-009607,CMP-009607,2026-02-07T02:24:47+00:00,ACTIONED,LOW,POLICY-v1
ALT-009608,CMP-009608,2026-01-03T11:41:32+00:00,ACTIONED,LOW,POLICY-v1
ALT-009609,CMP-009609,2026-04-14T23:57:00+00:00,PENDING,MEDIUM,POLICY-v1
ALT-009610,CMP-009610,2026-02-25T03:39:08+00:00,ACTIONED,MEDIUM,POLICY-v1
ALT-009611,CMP-009611,2026-01-18T09:02:18+00:00,ACKNOWLEDGED,LOW,POLICY-v1
ALT-009612,CMP-009612,2026-04-08T09:10:12+00:00,EXPIRED,LOW,POLICY-v1
ALT-009613,CMP-009613,2026-03-13T10:09:57+00:00,EXPIRED,HIGH,POLICY-v1
ALT-009614,CMP-009614,2026-06-05T00:24:07+00:00,EXPIRED,LOW,POLICY-v1
ALT-009615,CMP-009615,2026-04-11T02:16:09+00:00,ACTIONED,LOW,POLICY-v1
ALT-009616,CMP-009616,2026-06-29T01:06:43+00:00,ACTIONED,MEDIUM,POLICY-v1
ALT-009617,CMP-009617,2026-05-14T18:14:31+00:00,ACTIONED,LOW,POLICY-v1
ALT-009618,CMP-009618,2026-05-14T18:36:10+00:00,EXPIRED,MEDIUM,POLICY-v1
ALT-009619,CMP-009619,2026-02-13T05:52:02+00:00,PENDING,HIGH,POLICY-v1
ALT-009620,CMP-009620,2026-04-20T15:47:03+00:00,ACTIONED,HIGH,POLICY-v1
ALT-009621,CMP-009621,2026-03-29T08:50:52+00:00,ACTIONED,HIGH,POLICY-v1
ALT-009622,CMP-009622,2026-01-04T16:18:51+00:00,EXPIRED,HIGH,POLICY-v1
ALT-009623,CMP-009623,2026-06-19T23:06:34+00:00,EXPIRED,LOW,POLICY-v1
ALT-009624,CMP-009624,2026-06-21T21:00:06+00:00,EXPIRED,HIGH,POLICY-v1
ALT-009625,CMP-009625,2026-01-06T03:44:10+00:00,PENDING,LOW,POLICY-v1
ALT-009626,CMP-009626,2026-06-21T01:43:49+00:00,ACTIONED,HIGH,POLICY-v1
ALT-009627,CMP-009627,2026-05-28T05:26:36+00:00,EXPIRED,MEDIUM,POLICY-v1
ALT-009628,CMP-009628,2026-03-19T19:53:01+00:00,ACTIONED,LOW,POLICY-v1
ALT-009629,CMP-009629,2026-02-10T10:23:03+00:00,ACTIONED,LOW,POLICY-v1
ALT-009630,CMP-009630,2026-05-14T13:47:42+00:00,PENDING,LOW,POLICY-v1
ALT-009631,CMP-009631,2026-05-01T17:19:30+00:00,ACKNOWLEDGED,HIGH,POLICY-v1
ALT-009632,CMP-009632,2026-03-17T11:36:48+00:00,EXPIRED,LOW,POLICY-v1
ALT-009633,CMP-009633,2026-01-17T11:48:18+00:00,PENDING,LOW,POLICY-v1
ALT-009634,CMP-009634,2026-06-25T16:42:09+00:00,ACKNOWLEDGED,LOW,POLICY-v1
ALT-009635,CMP-009635,2026-04-23T16:24:48+00:00,EXPIRED,LOW,POLICY-v1
ALT-009636,CMP-009636,2026-05-05T12:14:15+00:00,ACKNOWLEDGED,LOW,POLICY-v1
ALT-009637,CMP-009637,2026-06-19T12:40:54+00:00,ACTIONED,LOW,POLICY-v1
ALT-009638,CMP-009638,2026-04-07T05:17:20+00:00,ACKNOWLEDGED,LOW,POLICY-v1
ALT-009639,CMP-009639,2026-01-03T22:09:17+00:00,ACKNOWLEDGED,HIGH,POLICY-v1
ALT-009640,CMP-009640,2026-01-06T10:03:22+00:00,ACKNOWLEDGED,LOW,POLICY-v1
ALT-009641,CMP-009641,2026-01-04T06:04:51+00:00,ACKNOWLEDGED,LOW,POLICY-v1
ALT-009642,CMP-009642,2026-04-20T04:09:55+00:00,ACTIONED,LOW,POLICY-v1
ALT-009643,CMP-009643,2026-05-24T07:53:14+00:00,ACKNOWLEDGED,MEDIUM,POLICY-v1
ALT-009644,CMP-009644,2026-04-19T23:56:29+00:00,ACTIONED,LOW,POLICY-v1
ALT-009645,CMP-009645,2026-01-02T07:09:31+00:00,EXPIRED,LOW,POLICY-v1
ALT-009646,CMP-009646,2026-03-13T05:09:02+00:00,EXPIRED,MEDIUM,POLICY-v1
ALT-009647,CMP-009647,2026-02-10T04:44:35+00:00,ACKNOWLEDGED,LOW,POLICY-v1
ALT-009648,CMP-009648,2026-02-16T21:58:45+00:00,ACTIONED,LOW,POLICY-v1
ALT-009649,CMP-009649,2026-04-18T18:20:15+00:00,ACKNOWLEDGED,LOW,POLICY-v1
ALT-009650,CMP-009650,2026-02-06T01:03:51+00:00,ACKNOWLEDGED,MEDIUM,POLICY-v1
ALT-009651,CMP-009651,2026-04-04T00:17:02+00:00,ACTIONED,LOW,POLICY-v1
ALT-009652,CMP-009652,2026-03-07T17:45:35+00:00,ACTIONED,LOW,POLICY-v1
ALT-009653,CMP-009653,2026-05-10T09:35:14+00:00,ACTIONED,MEDIUM,POLICY-v1
ALT-009654,CMP-009654,2026-03-27T02:01:01+00:00,PENDING,MEDIUM,POLICY-v1
ALT-009655,CMP-009655,2026-03-24T06:27:38+00:00,EXPIRED,MEDIUM,POLICY-v1
ALT-009656,CMP-009656,2026-06-16T23:36:41+00:00,ACTIONED,HIGH,POLICY-v1
ALT-009657,CMP-009657,2026-06-07T23:30:24+00:00,ACTIONED,LOW,POLICY-v1
ALT-009658,CMP-009658,2026-05-07T12:04:32+00:00,ACTIONED,LOW,POLICY-v1
ALT-009659,CMP-009659,2026-05-08T23:44:09+00:00,EXPIRED,HIGH,POLICY-v1
ALT-009660,CMP-009660,2026-05-07T06:35:35+00:00,ACKNOWLEDGED,MEDIUM,POLICY-v1
ALT-009661,CMP-009661,2026-02-16T06:05:38+00:00,ACKNOWLEDGED,MEDIUM,POLICY-v1
ALT-009662,CMP-009662,2026-01-15T09:49:04+00:00,EXPIRED,MEDIUM,POLICY-v1
ALT-009663,CMP-009663,2026-05-22T05:41:45+00:00,ACTIONED,HIGH,POLICY-v1
ALT-009664,CMP-009664,2026-02-21T23:30:41+00:00,ACTIONED,LOW,POLICY-v1
ALT-009665,CMP-009665,2026-04-29T23:33:47+00:00,ACTIONED,HIGH,POLICY-v1
ALT-009666,CMP-009666,2026-01-25T16:05:22+00:00,ACTIONED,LOW,POLICY-v1
ALT-009667,CMP-009667,2026-03-15T20:21:51+00:00,ACTIONED,MEDIUM,POLICY-v1
ALT-009668,CMP-009668,2026-05-07T21:35:51+00:00,ACKNOWLEDGED,MEDIUM,POLICY-v1
ALT-009669,CMP-009669,2026-01-26T19:21:05+00:00,ACTIONED,MEDIUM,POLICY-v1
ALT-009670,CMP-009670,2026-06-24T23:14:23+00:00,ACTIONED,MEDIUM,POLICY-v1
ALT-009671,CMP-009671,2026-03-24T18:33:27+00:00,EXPIRED,MEDIUM,POLICY-v1
ALT-009672,CMP-009672,2026-01-17T20:14:07+00:00,ACKNOWLEDGED,LOW,POLICY-v1
ALT-009673,CMP-009673,2026-05-13T14:24:56+00:00,ACTIONED,HIGH,POLICY-v1
ALT-009674,CMP-009674,2026-03-04T02:42:00+00:00,EXPIRED,LOW,POLICY-v1
ALT-009675,CMP-009675,2026-06-21T02:02:06+00:00,ACTIONED,LOW,POLICY-v1
ALT-009676,CMP-009676,2026-01-15T14:19:14+00:00,ACTIONED,MEDIUM,POLICY-v1
ALT-009677,CMP-009677,2026-02-15T03:52:37+00:00,ACTIONED,LOW,POLICY-v1
ALT-009678,CMP-009678,2026-05-16T04:34:39+00:00,ACTIONED,MEDIUM,POLICY-v1
ALT-009679,CMP-009679,2026-06-03T04:05:23+00:00,ACTIONED,MEDIUM,POLICY-v1
ALT-009680,CMP-009680,2026-06-08T16:55:53+00:00,ACTIONED,MEDIUM,POLICY-v1
ALT-009681,CMP-009681,2026-03-08T19:38:11+00:00,ACTIONED,MEDIUM,POLICY-v1
ALT-009682,CMP-009682,2026-06-05T16:19:38+00:00,ACKNOWLEDGED,MEDIUM,POLICY-v1
ALT-009683,CMP-009683,2026-02-19T21:54:30+00:00,PENDING,LOW,POLICY-v1
ALT-009684,CMP-009684,2026-01-29T16:41:52+00:00,PENDING,LOW,POLICY-v1
ALT-009685,CMP-009685,2026-02-27T00:37:22+00:00,ACTIONED,MEDIUM,POLICY-v1
ALT-009686,CMP-009686,2026-06-27T06:43:23+00:00,ACKNOWLEDGED,MEDIUM,POLICY-v1
ALT-009687,CMP-009687,2026-03-23T18:19:35+00:00,ACTIONED,MEDIUM,POLICY-v1
ALT-009688,CMP-009688,2026-04-16T18:49:58+00:00,ACTIONED,HIGH,POLICY-v1
ALT-009689,CMP-009689,2026-03-01T18:30:27+00:00,PENDING,HIGH,POLICY-v1
ALT-009690,CMP-009690,2026-01-03T02:05:21+00:00,ACTIONED,MEDIUM,POLICY-v1
ALT-009691,CMP-009691,2026-04-06T21:15:50+00:00,PENDING,MEDIUM,POLICY-v1
ALT-009692,CMP-009692,2026-05-15T11:45:15+00:00,ACKNOWLEDGED,LOW,POLICY-v1
ALT-009693,CMP-009693,2026-04-14T23:55:43+00:00,PENDING,LOW,POLICY-v1
ALT-009694,CMP-009694,2026-01-23T14:45:21+00:00,PENDING,LOW,POLICY-v1
ALT-009695,CMP-009695,2026-04-11T02:00:15+00:00,ACTIONED,LOW,POLICY-v1
ALT-009696,CMP-009696,2026-01-27T10:55:11+00:00,ACTIONED,HIGH,POLICY-v1
ALT-009697,CMP-009697,2026-04-23T06:34:32+00:00,ACTIONED,MEDIUM,POLICY-v1
ALT-009698,CMP-009698,2026-06-29T22:46:08+00:00,ACKNOWLEDGED,LOW,POLICY-v1
ALT-009699,CMP-009699,2026-03-24T02:36:07+00:00,ACKNOWLEDGED,HIGH,POLICY-v1
ALT-009700,CMP-009700,2026-01-12T08:47:54+00:00,EXPIRED,HIGH,POLICY-v1
ALT-009701,CMP-009701,2026-03-17T04:38:57+00:00,ACTIONED,LOW,POLICY-v1
ALT-009702,CMP-009702,2026-02-15T10:42:51+00:00,ACTIONED,HIGH,POLICY-v1
ALT-009703,CMP-009703,2026-01-29T10:28:00+00:00,ACTIONED,MEDIUM,POLICY-v1
ALT-009704,CMP-009704,2026-06-28T11:21:46+00:00,EXPIRED,HIGH,POLICY-v1
ALT-009705,CMP-009705,2026-06-25T04:02:02+00:00,ACTIONED,HIGH,POLICY-v1
ALT-009706,CMP-009706,2026-06-27T11:47:38+00:00,ACTIONED,MEDIUM,POLICY-v1
ALT-009707,CMP-009707,2026-03-01T03:15:23+00:00,ACTIONED,MEDIUM,POLICY-v1
ALT-009708,CMP-009708,2026-02-22T19:36:54+00:00,PENDING,MEDIUM,POLICY-v1
ALT-009709,CMP-009709,2026-04-07T20:47:33+00:00,EXPIRED,HIGH,POLICY-v1
ALT-009710,CMP-009710,2026-06-05T04:33:41+00:00,ACTIONED,HIGH,POLICY-v1
ALT-009711,CMP-009711,2026-03-29T05:34:20+00:00,ACTIONED,HIGH,POLICY-v1
ALT-009712,CMP-009712,2026-01-27T01:27:02+00:00,ACKNOWLEDGED,HIGH,POLICY-v1
ALT-009713,CMP-009713,2026-01-03T02:00:38+00:00,PENDING,MEDIUM,POLICY-v1
ALT-009714,CMP-009714,2026-02-13T22:18:57+00:00,ACKNOWLEDGED,MEDIUM,POLICY-v1
ALT-009715,CMP-009715,2026-01-28T00:50:58+00:00,ACTIONED,HIGH,POLICY-v1
ALT-009716,CMP-009716,2026-04-22T03:13:52+00:00,ACTIONED,MEDIUM,POLICY-v1
ALT-009717,CMP-009717,2026-03-31T21:18:48+00:00,ACTIONED,LOW,POLICY-v1
ALT-009718,CMP-009718,2026-03-29T03:45:50+00:00,ACKNOWLEDGED,MEDIUM,POLICY-v1
ALT-009719,CMP-009719,2026-05-30T16:06:51+00:00,PENDING,MEDIUM,POLICY-v1
ALT-009720,CMP-009720,2026-06-21T00:51:23+00:00,ACTIONED,MEDIUM,POLICY-v1
ALT-009721,CMP-009721,2026-06-28T20:30:04+00:00,EXPIRED,MEDIUM,POLICY-v1
ALT-009722,CMP-009722,2026-04-10T23:48:59+00:00,ACKNOWLEDGED,MEDIUM,POLICY-v1
ALT-009723,CMP-009723,2026-01-18T08:05:04+00:00,ACTIONED,MEDIUM,POLICY-v1
ALT-009724,CMP-009724,2026-01-20T04:32:27+00:00,ACTIONED,HIGH,POLICY-v1
ALT-009725,CMP-009725,2026-03-26T20:24:32+00:00,PENDING,HIGH,POLICY-v1
ALT-009726,CMP-009726,2026-05-31T15:05:08+00:00,ACTIONED,HIGH,POLICY-v1
ALT-009727,CMP-009727,2026-03-05T23:47:31+00:00,ACTIONED,LOW,POLICY-v1
ALT-009728,CMP-009728,2026-06-23T00:21:49+00:00,ACTIONED,HIGH,POLICY-v1
ALT-009729,CMP-009729,2026-03-27T05:17:01+00:00,ACTIONED,LOW,POLICY-v1
ALT-009730,CMP-009730,2026-05-09T07:34:07+00:00,PENDING,MEDIUM,POLICY-v1
ALT-009731,CMP-009731,2026-04-21T23:55:22+00:00,ACKNOWLEDGED,LOW,POLICY-v1
ALT-009732,CMP-009732,2026-03-03T03:31:12+00:00,ACTIONED,MEDIUM,POLICY-v1
ALT-009733,CMP-009733,2026-06-05T13:46:00+00:00,PENDING,HIGH,POLICY-v1
ALT-009734,CMP-009734,2026-05-04T02:45:18+00:00,ACKNOWLEDGED,MEDIUM,POLICY-v1
ALT-009735,CMP-009735,2026-03-18T15:48:06+00:00,EXPIRED,MEDIUM,POLICY-v1
ALT-009736,CMP-009736,2026-04-06T11:04:17+00:00,ACKNOWLEDGED,MEDIUM,POLICY-v1
ALT-009737,CMP-009737,2026-01-16T12:29:26+00:00,PENDING,LOW,POLICY-v1
ALT-009738,CMP-009738,2026-03-24T22:51:00+00:00,ACTIONED,LOW,POLICY-v1
ALT-009739,CMP-009739,2026-01-06T13:03:15+00:00,ACKNOWLEDGED,HIGH,POLICY-v1
ALT-009740,CMP-009740,2026-06-12T07:22:17+00:00,ACKNOWLEDGED,HIGH,POLICY-v1
ALT-009741,CMP-009741,2026-06-01T18:13:46+00:00,ACTIONED,MEDIUM,POLICY-v1
ALT-009742,CMP-009742,2026-05-06T06:36:25+00:00,ACTIONED,LOW,POLICY-v1
ALT-009743,CMP-009743,2026-04-23T17:17:08+00:00,PENDING,HIGH,POLICY-v1
ALT-009744,CMP-009744,2026-06-29T14:50:31+00:00,ACKNOWLEDGED,LOW,POLICY-v1
ALT-009745,CMP-009745,2026-06-06T23:15:15+00:00,ACKNOWLEDGED,MEDIUM,POLICY-v1
ALT-009746,CMP-009746,2026-04-19T04:21:30+00:00,EXPIRED,LOW,POLICY-v1
ALT-009747,CMP-009747,2026-05-23T14:22:49+00:00,ACTIONED,MEDIUM,POLICY-v1
ALT-009748,CMP-009748,2026-02-22T19:42:00+00:00,ACTIONED,MEDIUM,POLICY-v1
ALT-009749,CMP-009749,2026-01-25T04:06:12+00:00,ACKNOWLEDGED,LOW,POLICY-v1
ALT-009750,CMP-009750,2026-06-11T17:47:30+00:00,ACTIONED,MEDIUM,POLICY-v1
ALT-009751,CMP-009751,2026-06-29T03:58:39+00:00,EXPIRED,LOW,POLICY-v1
ALT-009752,CMP-009752,2026-02-12T01:56:55+00:00,EXPIRED,MEDIUM,POLICY-v1
ALT-009753,CMP-009753,2026-05-12T22:49:28+00:00,ACTIONED,MEDIUM,POLICY-v1
ALT-009754,CMP-009754,2026-06-21T21:00:08+00:00,ACTIONED,MEDIUM,POLICY-v1
ALT-009755,CMP-009755,2026-03-08T18:35:08+00:00,ACKNOWLEDGED,LOW,POLICY-v1
ALT-009756,CMP-009756,2026-03-22T22:55:37+00:00,ACTIONED,MEDIUM,POLICY-v1
ALT-009757,CMP-009757,2026-01-03T05:00:43+00:00,ACTIONED,MEDIUM,POLICY-v1
ALT-009758,CMP-009758,2026-02-25T00:07:30+00:00,ACTIONED,LOW,POLICY-v1
ALT-009759,CMP-009759,2026-06-27T02:51:44+00:00,ACTIONED,MEDIUM,POLICY-v1
ALT-009760,CMP-009760,2026-04-29T05:11:06+00:00,EXPIRED,MEDIUM,POLICY-v1
ALT-009761,CMP-009761,2026-02-04T13:10:33+00:00,EXPIRED,MEDIUM,POLICY-v1
ALT-009762,CMP-009762,2026-02-04T15:15:25+00:00,ACKNOWLEDGED,LOW,POLICY-v1
ALT-009763,CMP-009763,2026-01-01T21:57:48+00:00,ACKNOWLEDGED,LOW,POLICY-v1
ALT-009764,CMP-009764,2026-06-13T12:37:16+00:00,PENDING,LOW,POLICY-v1
ALT-009765,CMP-009765,2026-06-23T17:44:49+00:00,ACKNOWLEDGED,LOW,POLICY-v1
ALT-009766,CMP-009766,2026-05-24T09:06:42+00:00,ACTIONED,MEDIUM,POLICY-v1
ALT-009767,CMP-009767,2026-04-01T07:20:13+00:00,EXPIRED,LOW,POLICY-v1
ALT-009768,CMP-009768,2026-03-18T12:52:19+00:00,ACKNOWLEDGED,LOW,POLICY-v1
ALT-009769,CMP-009769,2026-01-25T17:23:00+00:00,ACTIONED,LOW,POLICY-v1
ALT-009770,CMP-009770,2026-02-15T06:30:17+00:00,ACTIONED,MEDIUM,POLICY-v1
ALT-009771,CMP-009771,2026-06-06T07:47:11+00:00,ACTIONED,HIGH,POLICY-v1
ALT-009772,CMP-009772,2026-01-22T17:57:17+00:00,EXPIRED,MEDIUM,POLICY-v1
ALT-009773,CMP-009773,2026-05-18T15:13:05+00:00,PENDING,LOW,POLICY-v1
ALT-009774,CMP-009774,2026-06-27T12:48:49+00:00,ACTIONED,MEDIUM,POLICY-v1
ALT-009775,CMP-009775,2026-02-04T07:19:28+00:00,PENDING,HIGH,POLICY-v1
ALT-009776,CMP-009776,2026-04-22T10:24:05+00:00,ACKNOWLEDGED,MEDIUM,POLICY-v1
ALT-009777,CMP-009777,2026-06-16T14:46:37+00:00,PENDING,MEDIUM,POLICY-v1
ALT-009778,CMP-009778,2026-06-08T18:31:27+00:00,PENDING,HIGH,POLICY-v1
ALT-009779,CMP-009779,2026-02-23T23:43:33+00:00,ACKNOWLEDGED,HIGH,POLICY-v1
ALT-009780,CMP-009780,2026-02-26T04:17:06+00:00,EXPIRED,HIGH,POLICY-v1
ALT-009781,CMP-009781,2026-05-30T05:12:52+00:00,ACKNOWLEDGED,MEDIUM,POLICY-v1
ALT-009782,CMP-009782,2026-04-26T02:43:18+00:00,ACTIONED,MEDIUM,POLICY-v1
ALT-009783,CMP-009783,2026-01-21T10:43:17+00:00,PENDING,MEDIUM,POLICY-v1
ALT-009784,CMP-009784,2026-04-29T23:48:08+00:00,ACTIONED,MEDIUM,POLICY-v1
ALT-009785,CMP-009785,2026-01-20T11:46:42+00:00,EXPIRED,HIGH,POLICY-v1
ALT-009786,CMP-009786,2026-06-17T00:11:44+00:00,ACTIONED,MEDIUM,POLICY-v1
ALT-009787,CMP-009787,2026-01-11T09:41:41+00:00,EXPIRED,MEDIUM,POLICY-v1
ALT-009788,CMP-009788,2026-03-10T04:44:12+00:00,ACTIONED,LOW,POLICY-v1
ALT-009789,CMP-009789,2026-06-29T15:11:26+00:00,ACTIONED,LOW,POLICY-v1
ALT-009790,CMP-009790,2026-05-22T15:58:31+00:00,ACTIONED,HIGH,POLICY-v1
ALT-009791,CMP-009791,2026-01-22T00:48:46+00:00,EXPIRED,HIGH,POLICY-v1
ALT-009792,CMP-009792,2026-01-11T22:37:23+00:00,ACTIONED,LOW,POLICY-v1
ALT-009793,CMP-009793,2026-03-30T17:49:14+00:00,ACKNOWLEDGED,LOW,POLICY-v1
ALT-009794,CMP-009794,2026-01-24T21:46:49+00:00,EXPIRED,LOW,POLICY-v1
ALT-009795,CMP-009795,2026-03-25T18:30:50+00:00,ACKNOWLEDGED,HIGH,POLICY-v1
ALT-009796,CMP-009796,2026-05-13T20:30:46+00:00,ACTIONED,LOW,POLICY-v1
ALT-009797,CMP-009797,2026-01-03T21:34:36+00:00,ACKNOWLEDGED,LOW,POLICY-v1
ALT-009798,CMP-009798,2026-01-02T01:53:36+00:00,ACTIONED,HIGH,POLICY-v1
ALT-009799,CMP-009799,2026-04-22T03:11:06+00:00,ACKNOWLEDGED,LOW,POLICY-v1
ALT-009800,CMP-009800,2026-03-18T14:34:23+00:00,ACTIONED,LOW,POLICY-v1
ALT-009801,CMP-009801,2026-04-20T06:46:37+00:00,ACTIONED,HIGH,POLICY-v1
ALT-009802,CMP-009802,2026-05-20T19:39:35+00:00,EXPIRED,LOW,POLICY-v1
ALT-009803,CMP-009803,2026-05-30T12:57:40+00:00,ACKNOWLEDGED,LOW,POLICY-v1
ALT-009804,CMP-009804,2026-03-30T23:27:15+00:00,EXPIRED,MEDIUM,POLICY-v1
ALT-009805,CMP-009805,2026-04-30T15:20:58+00:00,ACTIONED,HIGH,POLICY-v1
ALT-009806,CMP-009806,2026-05-11T10:47:55+00:00,ACTIONED,MEDIUM,POLICY-v1
ALT-009807,CMP-009807,2026-02-25T19:37:24+00:00,EXPIRED,MEDIUM,POLICY-v1
ALT-009808,CMP-009808,2026-05-18T10:54:09+00:00,ACTIONED,LOW,POLICY-v1
ALT-009809,CMP-009809,2026-03-10T19:45:08+00:00,ACKNOWLEDGED,LOW,POLICY-v1
ALT-009810,CMP-009810,2026-02-07T06:23:49+00:00,PENDING,MEDIUM,POLICY-v1
ALT-009811,CMP-009811,2026-02-06T13:36:40+00:00,ACKNOWLEDGED,HIGH,POLICY-v1
ALT-009812,CMP-009812,2026-02-08T06:24:25+00:00,EXPIRED,HIGH,POLICY-v1
ALT-009813,CMP-009813,2026-02-15T01:11:30+00:00,ACTIONED,MEDIUM,POLICY-v1
ALT-009814,CMP-009814,2026-06-08T20:26:48+00:00,EXPIRED,LOW,POLICY-v1
ALT-009815,CMP-009815,2026-03-27T06:18:43+00:00,ACTIONED,MEDIUM,POLICY-v1
ALT-009816,CMP-009816,2026-05-24T09:30:39+00:00,ACTIONED,MEDIUM,POLICY-v1
ALT-009817,CMP-009817,2026-03-24T16:18:24+00:00,EXPIRED,LOW,POLICY-v1
ALT-009818,CMP-009818,2026-06-20T11:57:56+00:00,ACKNOWLEDGED,LOW,POLICY-v1
ALT-009819,CMP-009819,2026-01-09T05:31:44+00:00,PENDING,MEDIUM,POLICY-v1
ALT-009820,CMP-009820,2026-01-29T13:40:39+00:00,ACKNOWLEDGED,HIGH,POLICY-v1
ALT-009821,CMP-009821,2026-01-10T20:30:19+00:00,ACTIONED,LOW,POLICY-v1
ALT-009822,CMP-009822,2026-02-20T22:38:30+00:00,EXPIRED,LOW,POLICY-v1
ALT-009823,CMP-009823,2026-04-05T12:15:50+00:00,ACTIONED,HIGH,POLICY-v1
ALT-009824,CMP-009824,2026-05-22T04:33:38+00:00,ACTIONED,HIGH,POLICY-v1
ALT-009825,CMP-009825,2026-03-02T11:47:14+00:00,PENDING,HIGH,POLICY-v1
ALT-009826,CMP-009826,2026-05-05T02:45:40+00:00,ACTIONED,MEDIUM,POLICY-v1
ALT-009827,CMP-009827,2026-04-08T22:43:29+00:00,ACTIONED,LOW,POLICY-v1
ALT-009828,CMP-009828,2026-03-10T02:22:22+00:00,ACKNOWLEDGED,HIGH,POLICY-v1
ALT-009829,CMP-009829,2026-03-17T18:55:00+00:00,ACTIONED,HIGH,POLICY-v1
ALT-009830,CMP-009830,2026-06-15T22:05:37+00:00,PENDING,LOW,POLICY-v1
ALT-009831,CMP-009831,2026-06-02T04:10:08+00:00,PENDING,HIGH,POLICY-v1
ALT-009832,CMP-009832,2026-05-13T00:06:31+00:00,ACTIONED,MEDIUM,POLICY-v1
ALT-009833,CMP-009833,2026-03-23T02:01:43+00:00,ACTIONED,HIGH,POLICY-v1
ALT-009834,CMP-009834,2026-05-27T06:37:38+00:00,PENDING,LOW,POLICY-v1
ALT-009835,CMP-009835,2026-03-17T05:21:13+00:00,EXPIRED,HIGH,POLICY-v1
ALT-009836,CMP-009836,2026-05-30T16:47:40+00:00,PENDING,MEDIUM,POLICY-v1
ALT-009837,CMP-009837,2026-01-20T09:48:44+00:00,ACTIONED,LOW,POLICY-v1
ALT-009838,CMP-009838,2026-03-10T14:09:17+00:00,ACTIONED,MEDIUM,POLICY-v1
ALT-009839,CMP-009839,2026-01-02T11:00:01+00:00,ACKNOWLEDGED,LOW,POLICY-v1
ALT-009840,CMP-009840,2026-03-22T08:36:50+00:00,ACTIONED,LOW,POLICY-v1
ALT-009841,CMP-009841,2026-02-15T05:23:51+00:00,PENDING,LOW,POLICY-v1
ALT-009842,CMP-009842,2026-06-01T16:54:15+00:00,PENDING,HIGH,POLICY-v1
ALT-009843,CMP-009843,2026-03-16T04:25:03+00:00,EXPIRED,HIGH,POLICY-v1
ALT-009844,CMP-009844,2026-02-13T05:53:33+00:00,ACTIONED,HIGH,POLICY-v1
ALT-009845,CMP-009845,2026-01-13T21:11:49+00:00,ACTIONED,HIGH,POLICY-v1
ALT-009846,CMP-009846,2026-06-16T00:44:57+00:00,ACTIONED,LOW,POLICY-v1
ALT-009847,CMP-009847,2026-02-16T14:17:49+00:00,EXPIRED,HIGH,POLICY-v1
ALT-009848,CMP-009848,2026-04-21T01:51:52+00:00,ACKNOWLEDGED,HIGH,POLICY-v1
ALT-009849,CMP-009849,2026-05-31T12:00:53+00:00,PENDING,MEDIUM,POLICY-v1
ALT-009850,CMP-009850,2026-05-18T23:27:17+00:00,EXPIRED,LOW,POLICY-v1
ALT-009851,CMP-009851,2026-01-13T22:26:22+00:00,ACTIONED,LOW,POLICY-v1
ALT-009852,CMP-009852,2026-06-24T07:44:23+00:00,ACTIONED,MEDIUM,POLICY-v1
ALT-009853,CMP-009853,2026-01-15T10:44:10+00:00,ACTIONED,HIGH,POLICY-v1
ALT-009854,CMP-009854,2026-02-14T14:36:56+00:00,ACTIONED,MEDIUM,POLICY-v1
ALT-009855,CMP-009855,2026-04-14T08:13:43+00:00,EXPIRED,LOW,POLICY-v1
ALT-009856,CMP-009856,2026-01-25T08:45:09+00:00,ACKNOWLEDGED,HIGH,POLICY-v1
ALT-009857,CMP-009857,2026-06-20T23:15:51+00:00,ACTIONED,MEDIUM,POLICY-v1
ALT-009858,CMP-009858,2026-06-13T23:13:24+00:00,ACTIONED,MEDIUM,POLICY-v1
ALT-009859,CMP-009859,2026-05-31T12:51:46+00:00,ACTIONED,LOW,POLICY-v1
ALT-009860,CMP-009860,2026-02-16T00:49:00+00:00,ACTIONED,MEDIUM,POLICY-v1
ALT-009861,CMP-009861,2026-03-30T00:46:24+00:00,ACTIONED,MEDIUM,POLICY-v1
ALT-009862,CMP-009862,2026-04-07T06:15:40+00:00,PENDING,HIGH,POLICY-v1
ALT-009863,CMP-009863,2026-01-21T19:56:24+00:00,ACTIONED,HIGH,POLICY-v1
ALT-009864,CMP-009864,2026-04-11T02:58:04+00:00,PENDING,HIGH,POLICY-v1
ALT-009865,CMP-009865,2026-05-27T07:17:52+00:00,ACKNOWLEDGED,MEDIUM,POLICY-v1
ALT-009866,CMP-009866,2026-05-25T09:57:23+00:00,ACKNOWLEDGED,LOW,POLICY-v1
ALT-009867,CMP-009867,2026-04-21T17:25:29+00:00,ACTIONED,MEDIUM,POLICY-v1
ALT-009868,CMP-009868,2026-06-19T17:30:08+00:00,ACTIONED,MEDIUM,POLICY-v1
ALT-009869,CMP-009869,2026-05-17T07:55:27+00:00,PENDING,MEDIUM,POLICY-v1
ALT-009870,CMP-009870,2026-05-23T20:48:52+00:00,ACTIONED,HIGH,POLICY-v1
ALT-009871,CMP-009871,2026-02-11T05:16:44+00:00,ACKNOWLEDGED,LOW,POLICY-v1
ALT-009872,CMP-009872,2026-06-01T21:44:12+00:00,PENDING,HIGH,POLICY-v1
ALT-009873,CMP-009873,2026-04-01T07:43:10+00:00,ACTIONED,LOW,POLICY-v1
ALT-009874,CMP-009874,2026-05-06T22:31:37+00:00,ACTIONED,HIGH,POLICY-v1
ALT-009875,CMP-009875,2026-06-20T13:43:26+00:00,ACTIONED,HIGH,POLICY-v1
ALT-009876,CMP-009876,2026-02-04T06:25:52+00:00,ACTIONED,LOW,POLICY-v1
ALT-009877,CMP-009877,2026-05-01T01:38:45+00:00,ACTIONED,HIGH,POLICY-v1
ALT-009878,CMP-009878,2026-05-26T23:46:52+00:00,ACTIONED,HIGH,POLICY-v1
ALT-009879,CMP-009879,2026-03-08T21:10:07+00:00,ACTIONED,HIGH,POLICY-v1
ALT-009880,CMP-009880,2026-01-26T16:28:36+00:00,ACKNOWLEDGED,HIGH,POLICY-v1
ALT-009881,CMP-009881,2026-01-18T13:05:32+00:00,ACKNOWLEDGED,MEDIUM,POLICY-v1
ALT-009882,CMP-009882,2026-02-12T05:00:41+00:00,EXPIRED,MEDIUM,POLICY-v1
ALT-009883,CMP-009883,2026-03-10T10:05:34+00:00,PENDING,LOW,POLICY-v1
ALT-009884,CMP-009884,2026-01-19T07:41:53+00:00,EXPIRED,HIGH,POLICY-v1
ALT-009885,CMP-009885,2026-04-28T11:16:11+00:00,ACTIONED,LOW,POLICY-v1
ALT-009886,CMP-009886,2026-03-20T08:34:03+00:00,ACTIONED,LOW,POLICY-v1
ALT-009887,CMP-009887,2026-03-24T13:30:23+00:00,EXPIRED,HIGH,POLICY-v1
ALT-009888,CMP-009888,2026-02-19T20:00:52+00:00,ACTIONED,HIGH,POLICY-v1
ALT-009889,CMP-009889,2026-03-05T11:50:17+00:00,ACTIONED,MEDIUM,POLICY-v1
ALT-009890,CMP-009890,2026-03-27T09:35:45+00:00,ACTIONED,LOW,POLICY-v1
ALT-009891,CMP-009891,2026-02-17T01:41:00+00:00,ACTIONED,HIGH,POLICY-v1
ALT-009892,CMP-009892,2026-05-25T08:30:53+00:00,ACTIONED,MEDIUM,POLICY-v1
ALT-009893,CMP-009893,2026-02-20T22:54:53+00:00,ACTIONED,LOW,POLICY-v1
ALT-009894,CMP-009894,2026-05-11T05:17:47+00:00,PENDING,MEDIUM,POLICY-v1
ALT-009895,CMP-009895,2026-02-24T05:18:00+00:00,ACKNOWLEDGED,LOW,POLICY-v1
ALT-009896,CMP-009896,2026-02-16T08:45:24+00:00,ACTIONED,HIGH,POLICY-v1
ALT-009897,CMP-009897,2026-05-18T02:24:31+00:00,ACTIONED,MEDIUM,POLICY-v1
ALT-009898,CMP-009898,2026-03-23T04:29:18+00:00,EXPIRED,MEDIUM,POLICY-v1
ALT-009899,CMP-009899,2026-03-16T05:05:21+00:00,ACKNOWLEDGED,LOW,POLICY-v1
ALT-009900,CMP-009900,2026-05-17T05:39:01+00:00,PENDING,LOW,POLICY-v1
ALT-009901,CMP-009901,2026-05-13T20:08:16+00:00,EXPIRED,LOW,POLICY-v1
ALT-009902,CMP-009902,2026-01-22T22:45:57+00:00,ACTIONED,MEDIUM,POLICY-v1
ALT-009903,CMP-009903,2026-03-12T12:08:48+00:00,ACTIONED,MEDIUM,POLICY-v1
ALT-009904,CMP-009904,2026-06-05T05:55:05+00:00,ACTIONED,MEDIUM,POLICY-v1
ALT-009905,CMP-009905,2026-04-23T15:01:23+00:00,EXPIRED,MEDIUM,POLICY-v1
ALT-009906,CMP-009906,2026-06-09T06:08:58+00:00,ACKNOWLEDGED,LOW,POLICY-v1
ALT-009907,CMP-009907,2026-02-10T00:59:07+00:00,ACKNOWLEDGED,HIGH,POLICY-v1
ALT-009908,CMP-009908,2026-06-20T16:09:07+00:00,ACKNOWLEDGED,LOW,POLICY-v1
ALT-009909,CMP-009909,2026-03-12T04:00:38+00:00,ACKNOWLEDGED,LOW,POLICY-v1
ALT-009910,CMP-009910,2026-02-23T06:37:52+00:00,ACTIONED,HIGH,POLICY-v1
ALT-009911,CMP-009911,2026-02-23T22:04:22+00:00,ACTIONED,MEDIUM,POLICY-v1
ALT-009912,CMP-009912,2026-06-10T00:24:47+00:00,EXPIRED,LOW,POLICY-v1
ALT-009913,CMP-009913,2026-04-16T07:23:37+00:00,ACKNOWLEDGED,HIGH,POLICY-v1
ALT-009914,CMP-009914,2026-02-10T23:26:10+00:00,ACKNOWLEDGED,MEDIUM,POLICY-v1
ALT-009915,CMP-009915,2026-03-29T05:26:14+00:00,ACKNOWLEDGED,LOW,POLICY-v1
ALT-009916,CMP-009916,2026-04-21T05:53:57+00:00,ACTIONED,MEDIUM,POLICY-v1
ALT-009917,CMP-009917,2026-06-22T04:39:27+00:00,PENDING,LOW,POLICY-v1
ALT-009918,CMP-009918,2026-02-23T20:26:04+00:00,ACKNOWLEDGED,HIGH,POLICY-v1
ALT-009919,CMP-009919,2026-05-27T09:33:15+00:00,ACTIONED,MEDIUM,POLICY-v1
ALT-009920,CMP-009920,2026-06-11T13:00:40+00:00,ACKNOWLEDGED,HIGH,POLICY-v1
ALT-009921,CMP-009921,2026-02-26T16:50:55+00:00,ACTIONED,LOW,POLICY-v1
ALT-009922,CMP-009922,2026-05-03T10:36:28+00:00,PENDING,LOW,POLICY-v1
ALT-009923,CMP-009923,2026-04-24T17:12:23+00:00,ACTIONED,MEDIUM,POLICY-v1
ALT-009924,CMP-009924,2026-04-30T06:43:27+00:00,ACKNOWLEDGED,LOW,POLICY-v1
ALT-009925,CMP-009925,2026-03-01T20:44:50+00:00,ACKNOWLEDGED,LOW,POLICY-v1
ALT-009926,CMP-009926,2026-06-08T01:08:32+00:00,ACTIONED,LOW,POLICY-v1
ALT-009927,CMP-009927,2026-01-20T19:18:40+00:00,PENDING,HIGH,POLICY-v1
ALT-009928,CMP-009928,2026-06-08T07:57:36+00:00,ACTIONED,MEDIUM,POLICY-v1
ALT-009929,CMP-009929,2026-02-06T22:13:43+00:00,ACKNOWLEDGED,HIGH,POLICY-v1
ALT-009930,CMP-009930,2026-03-09T13:01:16+00:00,EXPIRED,MEDIUM,POLICY-v1
ALT-009931,CMP-009931,2026-03-18T04:25:25+00:00,EXPIRED,LOW,POLICY-v1
ALT-009932,CMP-009932,2026-06-18T23:30:40+00:00,ACTIONED,HIGH,POLICY-v1
ALT-009933,CMP-009933,2026-04-21T21:16:39+00:00,ACTIONED,LOW,POLICY-v1
ALT-009934,CMP-009934,2026-01-29T15:08:42+00:00,EXPIRED,MEDIUM,POLICY-v1
ALT-009935,CMP-009935,2026-06-03T09:22:50+00:00,EXPIRED,LOW,POLICY-v1
ALT-009936,CMP-009936,2026-04-26T16:13:37+00:00,PENDING,HIGH,POLICY-v1
ALT-009937,CMP-009937,2026-06-02T17:39:28+00:00,EXPIRED,HIGH,POLICY-v1
ALT-009938,CMP-009938,2026-04-05T11:18:01+00:00,ACTIONED,HIGH,POLICY-v1
ALT-009939,CMP-009939,2026-06-09T03:40:56+00:00,ACTIONED,HIGH,POLICY-v1
ALT-009940,CMP-009940,2026-05-05T01:33:57+00:00,PENDING,MEDIUM,POLICY-v1
ALT-009941,CMP-009941,2026-02-07T01:50:57+00:00,ACTIONED,LOW,POLICY-v1
ALT-009942,CMP-009942,2026-04-28T16:31:06+00:00,ACTIONED,MEDIUM,POLICY-v1
ALT-009943,CMP-009943,2026-05-16T19:11:36+00:00,ACTIONED,LOW,POLICY-v1
ALT-009944,CMP-009944,2026-04-24T13:22:27+00:00,ACTIONED,HIGH,POLICY-v1
ALT-009945,CMP-009945,2026-05-28T15:04:51+00:00,PENDING,MEDIUM,POLICY-v1
ALT-009946,CMP-009946,2026-03-12T19:51:52+00:00,ACKNOWLEDGED,HIGH,POLICY-v1
ALT-009947,CMP-009947,2026-02-11T04:34:37+00:00,PENDING,MEDIUM,POLICY-v1
ALT-009948,CMP-009948,2026-06-28T11:26:18+00:00,ACTIONED,LOW,POLICY-v1
ALT-009949,CMP-009949,2026-04-15T09:37:24+00:00,PENDING,HIGH,POLICY-v1
ALT-009950,CMP-009950,2026-01-11T15:25:26+00:00,ACKNOWLEDGED,LOW,POLICY-v1
ALT-009951,CMP-009951,2026-02-12T19:31:49+00:00,ACTIONED,HIGH,POLICY-v1
ALT-009952,CMP-009952,2026-03-24T16:59:16+00:00,PENDING,MEDIUM,POLICY-v1
ALT-009953,CMP-009953,2026-05-12T08:59:09+00:00,ACKNOWLEDGED,LOW,POLICY-v1
ALT-009954,CMP-009954,2026-04-26T10:14:55+00:00,ACTIONED,MEDIUM,POLICY-v1
ALT-009955,CMP-009955,2026-02-10T08:27:48+00:00,ACTIONED,HIGH,POLICY-v1
ALT-009956,CMP-009956,2026-02-13T21:57:09+00:00,ACTIONED,MEDIUM,POLICY-v1
ALT-009957,CMP-009957,2026-06-15T07:17:51+00:00,ACKNOWLEDGED,HIGH,POLICY-v1
ALT-009958,CMP-009958,2026-01-03T21:50:23+00:00,EXPIRED,MEDIUM,POLICY-v1
ALT-009959,CMP-009959,2026-01-18T22:12:19+00:00,ACTIONED,LOW,POLICY-v1
ALT-009960,CMP-009960,2026-02-08T04:44:49+00:00,ACTIONED,HIGH,POLICY-v1
ALT-009961,CMP-009961,2026-06-10T12:31:33+00:00,ACTIONED,HIGH,POLICY-v1
ALT-009962,CMP-009962,2026-04-22T08:17:36+00:00,EXPIRED,HIGH,POLICY-v1
ALT-009963,CMP-009963,2026-02-25T03:11:59+00:00,EXPIRED,LOW,POLICY-v1
ALT-009964,CMP-009964,2026-02-22T20:36:10+00:00,ACTIONED,HIGH,POLICY-v1
ALT-009965,CMP-009965,2026-04-21T06:35:31+00:00,EXPIRED,LOW,POLICY-v1
ALT-009966,CMP-009966,2026-04-12T19:27:56+00:00,PENDING,MEDIUM,POLICY-v1
ALT-009967,CMP-009967,2026-05-14T05:58:10+00:00,PENDING,LOW,POLICY-v1
ALT-009968,CMP-009968,2026-06-05T02:27:38+00:00,ACKNOWLEDGED,HIGH,POLICY-v1
ALT-009969,CMP-009969,2026-01-13T17:09:08+00:00,EXPIRED,LOW,POLICY-v1
ALT-009970,CMP-009970,2026-06-06T00:32:04+00:00,ACTIONED,LOW,POLICY-v1
ALT-009971,CMP-009971,2026-04-28T09:50:01+00:00,ACTIONED,LOW,POLICY-v1
ALT-009972,CMP-009972,2026-04-26T08:23:46+00:00,ACTIONED,HIGH,POLICY-v1
ALT-009973,CMP-009973,2026-02-09T20:10:45+00:00,ACTIONED,LOW,POLICY-v1
ALT-009974,CMP-009974,2026-04-04T09:57:38+00:00,ACKNOWLEDGED,HIGH,POLICY-v1
ALT-009975,CMP-009975,2026-03-27T05:54:48+00:00,ACKNOWLEDGED,LOW,POLICY-v1
ALT-009976,CMP-009976,2026-01-31T20:48:32+00:00,PENDING,HIGH,POLICY-v1
ALT-009977,CMP-009977,2026-05-07T09:01:14+00:00,ACKNOWLEDGED,HIGH,POLICY-v1
ALT-009978,CMP-009978,2026-03-01T03:39:44+00:00,EXPIRED,MEDIUM,POLICY-v1
ALT-009979,CMP-009979,2026-01-29T22:52:12+00:00,PENDING,MEDIUM,POLICY-v1
ALT-009980,CMP-009980,2026-06-27T15:08:47+00:00,EXPIRED,HIGH,POLICY-v1
ALT-009981,CMP-009981,2026-01-24T15:42:16+00:00,PENDING,MEDIUM,POLICY-v1
ALT-009982,CMP-009982,2026-03-31T07:05:50+00:00,ACKNOWLEDGED,MEDIUM,POLICY-v1
ALT-009983,CMP-009983,2026-05-26T20:22:02+00:00,PENDING,MEDIUM,POLICY-v1
ALT-009984,CMP-009984,2026-04-09T10:26:53+00:00,ACKNOWLEDGED,LOW,POLICY-v1
ALT-009985,CMP-009985,2026-01-06T17:24:43+00:00,ACTIONED,LOW,POLICY-v1
ALT-009986,CMP-009986,2026-06-04T07:59:44+00:00,ACTIONED,LOW,POLICY-v1
ALT-009987,CMP-009987,2026-03-15T14:00:17+00:00,EXPIRED,HIGH,POLICY-v1
ALT-009988,CMP-009988,2026-05-05T20:45:27+00:00,ACTIONED,LOW,POLICY-v1
ALT-009989,CMP-009989,2026-06-20T00:34:24+00:00,PENDING,MEDIUM,POLICY-v1
ALT-009990,CMP-009990,2026-01-03T23:58:56+00:00,PENDING,LOW,POLICY-v1
ALT-009991,CMP-009991,2026-06-10T02:19:45+00:00,ACTIONED,MEDIUM,POLICY-v1
ALT-009992,CMP-009992,2026-06-03T09:04:00+00:00,ACTIONED,MEDIUM,POLICY-v1
ALT-009993,CMP-009993,2026-06-28T07:17:41+00:00,ACKNOWLEDGED,MEDIUM,POLICY-v1
ALT-009994,CMP-009994,2026-04-02T22:17:30+00:00,ACKNOWLEDGED,HIGH,POLICY-v1
ALT-009995,CMP-009995,2026-01-16T18:25:13+00:00,ACKNOWLEDGED,LOW,POLICY-v1
ALT-009996,CMP-009996,2026-03-18T19:05:17+00:00,ACTIONED,HIGH,POLICY-v1
ALT-009997,CMP-009997,2026-05-07T09:40:37+00:00,ACTIONED,HIGH,POLICY-v1
ALT-009998,CMP-009998,2026-06-23T10:16:47+00:00,ACTIONED,LOW,POLICY-v1
ALT-009999,CMP-009999,2026-03-20T03:15:35+00:00,ACTIONED,LOW,POLICY-v1
ALT-010000,CMP-010000,2026-03-13T15:30:57+00:00,ACTIONED,LOW,POLICY-v1
