endpoint_id,endpoint_type,state,district,latitude,longitude,h3_cell
EP-00001,AePS_BC,Uttar Pradesh,Jaunpur,29.44175,79.521284,H3-2609997577014
EP-00002,POS_Cashback,Bihar,Patna,11.168243,83.408428,H3-8181816264792
EP-00003,Bank_Branch,Rajasthan,Udaipur,21.799862,68.085914,H3-9352689258905
EP-00004,AePS_BC,Karnataka,Mangaluru,9.199348,84.211335,H3-5262117861122
EP-00005,ATM,Maharashtra,Nagpur,9.701322,78.633993,H3-6648013655956
EP-00006,Prepaid,Rajasthan,Udaipur,13.945622,81.921705,H3-4903108004125
EP-00007,ATM,Uttar Pradesh,Kanpur Nagar,16.223348,82.535382,H3-4253194373909
EP-00008,ATM,Tamil Nadu,Coimbatore,18.373608,74.482424,H3-6781436732902
EP-00009,Merchant_QR,Telangana,Hyderabad,16.589707,84.928889,H3-4984012627325
EP-00010,AePS_BC,Delhi,South East Delhi,16.553562,69.03893,H3-7017596247152
EP-00011,Bank_Branch,Uttar Pradesh,Varanasi,13.373371,88.252008,H3-9976658626136
EP-00012,Crypto_P2P,Delhi,New Delhi,21.989778,76.430474,H3-7888387376971
EP-00013,Merchant_QR,Madhya Pradesh,Bhopal,29.397787,79.889808,H3-7532178582517
EP-00014,ATM,Madhya Pradesh,Bhopal,18.102168,81.605704,H3-6842194064161
EP-00015,AePS_BC,Uttar Pradesh,Varanasi,15.504592,79.159741,H3-7179137640073
EP-00016,ATM,Karnataka,Bengaluru Urban,19.409109,69.355053,H3-6228000637390
EP-00017,Merchant_QR,Delhi,South East Delhi,18.704343,71.464632,H3-9577400777526
EP-00018,AePS_BC,Madhya Pradesh,Bhopal,10.175454,80.699916,H3-9833248804275
EP-00019,Bank_Branch,Telangana,Warangal,15.410538,86.473223,H3-8613481278566
EP-00020,Merchant_QR,Uttar Pradesh,Lucknow,17.049715,71.331517,H3-6769641262393
EP-00021,AePS_BC,Bihar,Gaya,29.583782,73.784672,H3-4839499579350
EP-00022,AePS_BC,Bihar,Bhagalpur,14.89806,80.846054,H3-1444643170977
EP-00023,ATM,Rajasthan,Kota,19.979536,82.492194,H3-4492573763743
EP-00024,AePS_BC,Uttar Pradesh,Lucknow,25.240645,77.289546,H3-5827821725829
EP-00025,Prepaid,Maharashtra,Nashik,29.341679,81.301934,H3-1248576478671
EP-00026,Merchant_QR,Telangana,Hyderabad,14.548096,71.872609,H3-5798886939336
EP-00027,Bank_Branch,Karnataka,Mysuru,9.646875,71.730516,H3-9492716683520
EP-00028,ATM,Tamil Nadu,Chennai,18.331121,79.920475,H3-3620791040182
EP-00029,ATM,Maharashtra,Mumbai,8.866792,74.738925,H3-8885319528867
EP-00030,ATM,Telangana,Warangal,25.363088,79.054033,H3-1386718780717
EP-00031,POS_Cashback,Tamil Nadu,Chennai,16.796341,85.822474,H3-5518731157346
EP-00032,ATM,West Bengal,Howrah,16.182751,80.827704,H3-7343221493437
EP-00033,AePS_BC,Bihar,Gaya,22.448612,77.809597,H3-1759808148418
EP-00034,POS_Cashback,Madhya Pradesh,Jabalpur,10.699914,78.774257,H3-5275632319605
EP-00035,Bank_Branch,Maharashtra,Thane,8.545989,74.644305,H3-9557115819702
EP-00036,Bank_Branch,Madhya Pradesh,Jabalpur,16.786095,88.409702,H3-5443154700506
EP-00037,AePS_BC,Karnataka,Mangaluru,20.365771,71.098737,H3-1962777627300
EP-00038,Prepaid,Maharashtra,Thane,23.930924,87.314669,H3-6420318938375
EP-00039,ATM,Rajasthan,Udaipur,29.521032,82.831892,H3-8684235919762
EP-00040,Merchant_QR,Delhi,West Delhi,29.786909,84.765814,H3-3401536587109
EP-00041,POS_Cashback,Karnataka,Bengaluru Urban,21.982785,71.823251,H3-9078676946880
EP-00042,ATM,Telangana,Hyderabad,9.297542,71.584722,H3-6889028490233
EP-00043,Merchant_QR,Delhi,New Delhi,27.6841,82.803644,H3-3606809629809
EP-00044,ATM,Maharashtra,Nashik,19.837733,69.75527,H3-8732602945529
EP-00045,Bank_Branch,Tamil Nadu,Coimbatore,20.784832,83.576453,H3-2714281343112
EP-00046,Crypto_P2P,Telangana,Nizamabad,15.442534,86.816912,H3-1864215332120
EP-00047,Bank_Branch,Karnataka,Bengaluru Urban,16.75611,73.332798,H3-9149260736437
EP-00048,Bank_Branch,Madhya Pradesh,Bhopal,13.516603,87.968128,H3-9982553115450
EP-00049,Merchant_QR,Bihar,Muzaffarpur,30.454177,76.842099,H3-3745970388084
EP-00050,Crypto_P2P,Madhya Pradesh,Indore,24.564175,82.597181,H3-6562849983849
EP-00051,Merchant_QR,Rajasthan,Udaipur,27.87641,77.829271,H3-5749168280152
EP-00052,Prepaid,Tamil Nadu,Coimbatore,12.385708,72.5555,H3-4073680192399
EP-00053,ATM,Maharashtra,Mumbai,23.754299,75.34436,H3-5524450243443
EP-00054,AePS_BC,Karnataka,Mysuru,8.646621,68.186623,H3-1566156610234
EP-00055,Prepaid,Delhi,West Delhi,20.657676,84.844182,H3-2608189661281
EP-00056,Prepaid,Uttar Pradesh,Gautam Buddha Nagar,13.600851,76.200831,H3-6812100469061
EP-00057,Merchant_QR,West Bengal,North 24 Parganas,23.545773,81.715964,H3-4406403890938
EP-00058,Crypto_P2P,West Bengal,Howrah,19.291512,74.250357,H3-7491091122856
EP-00059,ATM,Tamil Nadu,Madurai,8.649788,77.021579,H3-4695451683345
EP-00060,Crypto_P2P,Tamil Nadu,Coimbatore,12.556136,68.618963,H3-4304750510601
EP-00061,ATM,Rajasthan,Udaipur,29.507423,74.31565,H3-6738018637939
EP-00062,Bank_Branch,Telangana,Nizamabad,15.803871,73.646676,H3-2126884217197
EP-00063,Merchant_QR,Madhya Pradesh,Jabalpur,8.223626,75.883428,H3-3708589341842
EP-00064,POS_Cashback,West Bengal,Kolkata,28.335915,70.904239,H3-8950047136848
EP-00065,ATM,Tamil Nadu,Coimbatore,14.240613,83.878232,H3-8405162449758
EP-00066,ATM,Maharashtra,Mumbai,29.496366,83.923936,H3-4083341566157
EP-00067,Crypto_P2P,Uttar Pradesh,Varanasi,18.914077,69.836147,H3-1255014655463
EP-00068,Merchant_QR,Maharashtra,Nagpur,9.73188,85.282123,H3-3874187217435
EP-00069,AePS_BC,Tamil Nadu,Coimbatore,26.287202,79.86711,H3-5834983244511
EP-00070,ATM,Tamil Nadu,Chennai,20.693956,75.534535,H3-9757194648146
EP-00071,Bank_Branch,Tamil Nadu,Chennai,19.259177,68.118592,H3-3392443326720
EP-00072,POS_Cashback,Madhya Pradesh,Jabalpur,10.778865,75.529272,H3-8604516920381
EP-00073,Merchant_QR,Bihar,Muzaffarpur,29.399212,86.877303,H3-4473834454991
EP-00074,Merchant_QR,West Bengal,Kolkata,21.745953,68.469506,H3-5902942743492
EP-00075,AePS_BC,Uttar Pradesh,Lucknow,8.000128,73.638633,H3-8852922885247
EP-00076,AePS_BC,Madhya Pradesh,Jabalpur,16.55571,70.648729,H3-8776985312982
EP-00077,ATM,Uttar Pradesh,Varanasi,14.382349,78.503145,H3-1328258518530
EP-00078,ATM,Tamil Nadu,Coimbatore,15.445792,72.157069,H3-7323650742904
EP-00079,Merchant_QR,Telangana,Hyderabad,16.557693,68.098156,H3-3934987498865
EP-00080,Crypto_P2P,Telangana,Nizamabad,20.985995,87.962258,H3-3130366837128
EP-00081,AePS_BC,Tamil Nadu,Chennai,21.745789,74.526774,H3-3626367827956
EP-00082,POS_Cashback,Bihar,Bhagalpur,14.776588,84.388541,H3-8291350975365
EP-00083,Merchant_QR,Madhya Pradesh,Jabalpur,27.77894,73.273686,H3-1405807580809
EP-00084,Crypto_P2P,Karnataka,Mangaluru,15.381743,76.674125,H3-9693894544675
EP-00085,Merchant_QR,Rajasthan,Kota,27.62083,73.423113,H3-2380917396082
EP-00086,AePS_BC,Bihar,Muzaffarpur,30.162818,69.375559,H3-4105188726095
EP-00087,AePS_BC,Telangana,Hyderabad,12.96232,84.115879,H3-4503250987999
EP-00088,Merchant_QR,Maharashtra,Nashik,9.157912,70.467245,H3-3554840847868
EP-00089,Crypto_P2P,Karnataka,Bengaluru Urban,8.752701,70.937512,H3-2848252942725
EP-00090,Merchant_QR,Uttar Pradesh,Gautam Buddha Nagar,28.123707,87.80757,H3-5309882302888
EP-00091,Bank_Branch,Karnataka,Bengaluru Urban,23.59395,83.184619,H3-1904588301364
EP-00092,Bank_Branch,Rajasthan,Kota,23.21691,77.13315,H3-7266114325560
EP-00093,Crypto_P2P,Karnataka,Mangaluru,27.51002,86.726969,H3-6935662526569
EP-00094,Merchant_QR,Madhya Pradesh,Bhopal,19.578055,79.96625,H3-1762503319134
EP-00095,AePS_BC,Bihar,Bhagalpur,18.757512,78.798384,H3-8032491512045
EP-00096,Prepaid,Delhi,New Delhi,19.593974,80.416607,H3-2620258296916
EP-00097,AePS_BC,Rajasthan,Udaipur,23.965712,81.5991,H3-2888688603796
EP-00098,AePS_BC,Rajasthan,Jaipur,8.516185,80.457372,H3-1075159386310
EP-00099,Crypto_P2P,Madhya Pradesh,Indore,26.822798,80.273492,H3-2103414920908
EP-00100,Merchant_QR,West Bengal,Kolkata,21.113464,84.652099,H3-3122680118069
EP-00101,ATM,Karnataka,Bengaluru Urban,13.987092,70.306275,H3-3487067805932
EP-00102,Crypto_P2P,Uttar Pradesh,Lucknow,27.064532,82.650656,H3-8823348361443
EP-00103,ATM,Tamil Nadu,Chennai,25.788105,75.748686,H3-5204630253760
EP-00104,ATM,Uttar Pradesh,Jaunpur,24.476615,81.588952,H3-9220765548163
EP-00105,Merchant_QR,Bihar,Gaya,28.229478,87.508886,H3-1412289346082
EP-00106,ATM,Rajasthan,Kota,13.9109,76.478749,H3-9621132876869
EP-00107,Merchant_QR,Madhya Pradesh,Bhopal,19.665605,79.151779,H3-2840333649756
EP-00108,POS_Cashback,Bihar,Patna,21.589585,73.092929,H3-9068713411323
EP-00109,ATM,Rajasthan,Kota,27.119882,73.913818,H3-3368347727584
EP-00110,Bank_Branch,Rajasthan,Kota,24.378474,70.754031,H3-3364714603350
EP-00111,POS_Cashback,Maharashtra,Nagpur,25.811896,76.054643,H3-3609059466670
EP-00112,AePS_BC,Maharashtra,Nagpur,16.229849,75.972762,H3-4498901989880
EP-00113,Crypto_P2P,Uttar Pradesh,Kanpur Nagar,23.31709,88.18779,H3-5101005030984
EP-00114,Prepaid,Bihar,Bhagalpur,25.62598,74.704466,H3-2941227631842
EP-00115,Merchant_QR,Bihar,Bhagalpur,20.396104,77.512083,H3-3319059481673
EP-00116,Prepaid,Uttar Pradesh,Gautam Buddha Nagar,9.071423,84.05657,H3-5285391695309
EP-00117,POS_Cashback,West Bengal,Kolkata,22.723249,72.777975,H3-5482616885582
EP-00118,AePS_BC,Rajasthan,Udaipur,24.110918,82.48306,H3-4463691616563
EP-00119,ATM,Maharashtra,Thane,18.75607,69.973866,H3-9325556742066
EP-00120,ATM,Rajasthan,Udaipur,8.680674,73.533093,H3-5215718298057
EP-00121,Crypto_P2P,Tamil Nadu,Madurai,13.282043,84.553595,H3-2180743022726
EP-00122,Merchant_QR,West Bengal,North 24 Parganas,20.699994,85.556545,H3-4789582188039
EP-00123,POS_Cashback,Karnataka,Bengaluru Urban,8.018779,74.940905,H3-3155638688603
EP-00124,AePS_BC,Bihar,Gaya,12.866058,79.707182,H3-5402812920810
EP-00125,AePS_BC,West Bengal,Kolkata,27.455338,76.497887,H3-7333738611023
EP-00126,AePS_BC,Madhya Pradesh,Indore,10.622294,74.178686,H3-4369175756619
EP-00127,Bank_Branch,Bihar,Gaya,12.828638,87.824918,H3-1940017119251
EP-00128,Crypto_P2P,Telangana,Hyderabad,8.665411,85.614736,H3-4669867930422
EP-00129,AePS_BC,Uttar Pradesh,Jaunpur,11.225345,85.937838,H3-1486292907006
EP-00130,ATM,Uttar Pradesh,Kanpur Nagar,29.696213,74.46906,H3-2326279149500
EP-00131,Crypto_P2P,Delhi,New Delhi,29.735516,85.165274,H3-9927333692800
EP-00132,Bank_Branch,Uttar Pradesh,Lucknow,29.723817,74.259851,H3-1044978257968
EP-00133,AePS_BC,Madhya Pradesh,Jabalpur,28.854996,81.600879,H3-8735150706289
EP-00134,Merchant_QR,Tamil Nadu,Coimbatore,27.985008,78.261648,H3-3153982078247
EP-00135,AePS_BC,Tamil Nadu,Chennai,26.4753,84.932934,H3-3596738911730
EP-00136,Merchant_QR,Telangana,Warangal,15.788054,85.217176,H3-6946610165224
EP-00137,Merchant_QR,Maharashtra,Thane,21.022798,76.630795,H3-2654241576277
EP-00138,AePS_BC,Delhi,New Delhi,13.437976,72.064094,H3-6460346334594
EP-00139,AePS_BC,Bihar,Gaya,18.060191,69.550201,H3-3983623732042
EP-00140,Merchant_QR,Maharashtra,Mumbai,18.357069,83.738714,H3-3107850053040
EP-00141,POS_Cashback,Maharashtra,Pune,14.256748,81.776567,H3-7959703929914
EP-00142,Merchant_QR,Karnataka,Mangaluru,11.582978,80.568125,H3-2535742112992
EP-00143,Merchant_QR,Karnataka,Mangaluru,22.063883,87.836051,H3-8340201342447
EP-00144,Crypto_P2P,Bihar,Muzaffarpur,29.847144,81.457374,H3-5641627446642
EP-00145,AePS_BC,Telangana,Warangal,29.103456,84.108522,H3-5093579762737
EP-00146,ATM,Telangana,Hyderabad,26.523825,82.357107,H3-6150158065688
EP-00147,POS_Cashback,Rajasthan,Kota,14.260488,83.77809,H3-4523856244003
EP-00148,POS_Cashback,Maharashtra,Thane,21.679246,85.140897,H3-5682720416290
EP-00149,Merchant_QR,Telangana,Nizamabad,18.292966,78.849734,H3-1860837504704
EP-00150,AePS_BC,Delhi,North East Delhi,27.892376,84.264098,H3-4694050860678
EP-00151,Merchant_QR,Madhya Pradesh,Bhopal,12.170106,82.309208,H3-2777439351744
EP-00152,ATM,Telangana,Warangal,24.110643,85.507093,H3-4137121413406
EP-00153,AePS_BC,West Bengal,Kolkata,17.462688,78.748702,H3-9097411602743
EP-00154,AePS_BC,Telangana,Hyderabad,29.471062,83.855159,H3-4297962071620
EP-00155,Bank_Branch,Bihar,Patna,24.243528,71.059039,H3-6954818751429
EP-00156,ATM,West Bengal,North 24 Parganas,29.091948,69.374458,H3-6046383117809
EP-00157,POS_Cashback,Madhya Pradesh,Bhopal,23.30898,68.748215,H3-7053245395884
EP-00158,Prepaid,Delhi,West Delhi,13.310273,80.122083,H3-4405676830305
EP-00159,AePS_BC,Madhya Pradesh,Indore,15.944777,82.726166,H3-6021960255765
EP-00160,Prepaid,West Bengal,Kolkata,20.127291,74.637231,H3-2781422590136
EP-00161,Crypto_P2P,Karnataka,Mysuru,24.558888,78.355281,H3-3903543318368
EP-00162,Crypto_P2P,Maharashtra,Pune,9.546589,80.422309,H3-9741337357808
EP-00163,Prepaid,Telangana,Warangal,25.607605,85.378287,H3-5928470356773
EP-00164,ATM,Tamil Nadu,Madurai,24.459734,79.51786,H3-7838013013096
EP-00165,AePS_BC,Maharashtra,Nagpur,28.172438,86.303873,H3-7042468474968
EP-00166,Crypto_P2P,Telangana,Hyderabad,15.737489,70.688453,H3-6108193353114
EP-00167,POS_Cashback,Bihar,Gaya,29.480243,86.586719,H3-1692261982827
EP-00168,AePS_BC,West Bengal,Howrah,17.669658,68.718447,H3-2590231360946
EP-00169,Crypto_P2P,Madhya Pradesh,Bhopal,13.691219,75.837811,H3-3195640441527
EP-00170,Prepaid,Rajasthan,Jaipur,19.149521,86.189032,H3-6455034390676
EP-00171,AePS_BC,Telangana,Nizamabad,25.496566,72.223979,H3-6795720022226
EP-00172,Crypto_P2P,Bihar,Gaya,22.005944,81.081599,H3-1788873843199
EP-00173,AePS_BC,Uttar Pradesh,Kanpur Nagar,29.311677,87.285176,H3-2326541171768
EP-00174,AePS_BC,Rajasthan,Jodhpur,16.135047,77.890535,H3-2339319906642
EP-00175,AePS_BC,Uttar Pradesh,Lucknow,23.424168,78.761854,H3-1838058378031
EP-00176,AePS_BC,West Bengal,Howrah,13.893953,85.859473,H3-6592180623146
EP-00177,Bank_Branch,Tamil Nadu,Chennai,28.893068,77.056037,H3-9935315688740
EP-00178,Merchant_QR,Karnataka,Mangaluru,16.61414,77.973862,H3-2544520389026
EP-00179,ATM,Delhi,New Delhi,18.427599,73.349669,H3-7889613644216
EP-00180,ATM,Delhi,New Delhi,21.49366,71.085067,H3-4423634608112
EP-00181,POS_Cashback,West Bengal,Kolkata,27.659184,74.975807,H3-8606498101674
EP-00182,Merchant_QR,Uttar Pradesh,Lucknow,16.91985,86.819317,H3-4294057139999
EP-00183,ATM,Delhi,New Delhi,18.766949,76.899059,H3-3098593751472
EP-00184,AePS_BC,Rajasthan,Udaipur,17.917902,76.14481,H3-4892728500659
EP-00185,Prepaid,West Bengal,North 24 Parganas,23.893439,77.102583,H3-8206228000999
EP-00186,ATM,Delhi,South East Delhi,18.77047,69.398689,H3-2498487715972
EP-00187,ATM,Tamil Nadu,Madurai,22.507631,76.483507,H3-4050779204907
EP-00188,Merchant_QR,Bihar,Muzaffarpur,27.221705,84.05395,H3-6631847973256
EP-00189,Merchant_QR,Delhi,North East Delhi,21.568015,84.531145,H3-7071948394868
EP-00190,AePS_BC,West Bengal,North 24 Parganas,28.9634,82.842598,H3-6122909578527
EP-00191,Crypto_P2P,Maharashtra,Pune,18.44316,70.024004,H3-9554086531494
EP-00192,Prepaid,Madhya Pradesh,Bhopal,20.691973,81.305509,H3-9468075265905
EP-00193,Crypto_P2P,West Bengal,North 24 Parganas,19.702889,71.545883,H3-4899713821961
EP-00194,Merchant_QR,Tamil Nadu,Chennai,20.222399,82.460409,H3-2706429300322
EP-00195,Merchant_QR,Delhi,North East Delhi,15.906237,86.344296,H3-5487590667030
EP-00196,AePS_BC,Uttar Pradesh,Kanpur Nagar,29.726362,79.54314,H3-2918123756870
EP-00197,Merchant_QR,Uttar Pradesh,Gautam Buddha Nagar,30.212108,78.573951,H3-6791399747822
EP-00198,ATM,Madhya Pradesh,Indore,14.906857,77.099189,H3-6565211143938
EP-00199,ATM,Tamil Nadu,Chennai,14.899437,68.069835,H3-6234494583823
EP-00200,Merchant_QR,Maharashtra,Mumbai,22.534435,70.354536,H3-5530541443509
EP-00201,ATM,Karnataka,Mangaluru,28.490104,69.745745,H3-8260799234147
EP-00202,POS_Cashback,Madhya Pradesh,Indore,16.597211,74.102445,H3-5711922645434
EP-00203,Crypto_P2P,Maharashtra,Pune,11.436021,73.761488,H3-1708510668404
EP-00204,Crypto_P2P,Madhya Pradesh,Indore,20.724611,79.611301,H3-6748479431599
EP-00205,Merchant_QR,Uttar Pradesh,Kanpur Nagar,10.055262,69.582192,H3-3642433589443
EP-00206,Merchant_QR,Maharashtra,Mumbai,26.4838,83.171623,H3-7624341531290
EP-00207,ATM,Delhi,West Delhi,25.681667,88.116302,H3-5191375692893
EP-00208,AePS_BC,Bihar,Gaya,21.976508,75.719119,H3-7318609396025
EP-00209,ATM,Maharashtra,Mumbai,8.117259,75.937485,H3-9924792728983
EP-00210,POS_Cashback,Telangana,Warangal,25.975512,82.712398,H3-8377379313389
EP-00211,Merchant_QR,Telangana,Hyderabad,17.782997,71.02023,H3-8474469908441
EP-00212,Prepaid,Uttar Pradesh,Varanasi,20.770834,71.733587,H3-1281411595649
EP-00213,AePS_BC,Tamil Nadu,Madurai,22.623117,87.676067,H3-2991401671603
EP-00214,Merchant_QR,Bihar,Patna,29.919016,69.428949,H3-1060181681834
EP-00215,ATM,Delhi,South East Delhi,26.434187,68.578467,H3-9920768156741
EP-00216,AePS_BC,Maharashtra,Thane,18.106893,71.578233,H3-2821567976028
EP-00217,ATM,Tamil Nadu,Coimbatore,22.478431,73.335525,H3-2372873833754
EP-00218,Crypto_P2P,Madhya Pradesh,Jabalpur,9.940991,79.687221,H3-1480241223477
EP-00219,ATM,Bihar,Patna,23.909723,85.165068,H3-4200233523547
EP-00220,AePS_BC,Tamil Nadu,Chennai,24.584113,68.155249,H3-4934237912716
EP-00221,Bank_Branch,Bihar,Patna,10.12834,76.534048,H3-9280260286277
EP-00222,Merchant_QR,Madhya Pradesh,Bhopal,9.535724,87.216089,H3-5463173341233
EP-00223,Merchant_QR,Uttar Pradesh,Varanasi,29.755382,85.925149,H3-6692954637283
EP-00224,Merchant_QR,West Bengal,Kolkata,23.105378,74.261271,H3-5567474478778
EP-00225,Merchant_QR,Delhi,New Delhi,12.718291,81.35895,H3-8864673548327
EP-00226,ATM,Delhi,West Delhi,18.104555,75.936621,H3-7242857789100
EP-00227,AePS_BC,Delhi,North East Delhi,15.302073,70.59374,H3-7778344093537
EP-00228,POS_Cashback,Madhya Pradesh,Bhopal,26.875466,74.580957,H3-8670383368187
EP-00229,ATM,Bihar,Bhagalpur,13.579203,83.608525,H3-7752360061713
EP-00230,Merchant_QR,Telangana,Warangal,8.608418,85.566276,H3-4200473053693
EP-00231,Merchant_QR,Madhya Pradesh,Bhopal,19.656352,72.694777,H3-9530357675282
EP-00232,Crypto_P2P,Uttar Pradesh,Jaunpur,11.258299,72.19454,H3-4551354295269
EP-00233,Merchant_QR,Uttar Pradesh,Varanasi,23.25971,84.126943,H3-1694527314707
EP-00234,POS_Cashback,Uttar Pradesh,Varanasi,9.02224,71.632267,H3-6359422946884
EP-00235,AePS_BC,Maharashtra,Nashik,25.056239,71.370604,H3-7797706522386
EP-00236,Merchant_QR,Rajasthan,Jaipur,24.533927,81.475471,H3-6432008833484
EP-00237,AePS_BC,Rajasthan,Udaipur,17.018872,79.088366,H3-1714659515180
EP-00238,Crypto_P2P,Delhi,West Delhi,17.735139,69.208717,H3-4002090122310
EP-00239,POS_Cashback,Rajasthan,Udaipur,13.158033,70.375232,H3-9934845247555
EP-00240,AePS_BC,Karnataka,Mysuru,29.702225,78.973382,H3-3007434886933
EP-00241,ATM,West Bengal,North 24 Parganas,27.138406,80.663721,H3-3083306934419
EP-00242,Crypto_P2P,West Bengal,Howrah,9.099492,76.350292,H3-3231153793918
EP-00243,Prepaid,West Bengal,North 24 Parganas,27.892417,87.193452,H3-6462034606740
EP-00244,Bank_Branch,Karnataka,Bengaluru Urban,16.582598,80.109585,H3-5649987012372
EP-00245,ATM,Tamil Nadu,Coimbatore,9.698974,84.404237,H3-2193939032324
EP-00246,POS_Cashback,Uttar Pradesh,Lucknow,15.210395,76.927154,H3-3821646798218
EP-00247,Bank_Branch,Tamil Nadu,Madurai,19.481175,84.425014,H3-3021228879322
EP-00248,Merchant_QR,Tamil Nadu,Chennai,23.125395,74.932103,H3-1077919234453
EP-00249,Merchant_QR,Delhi,New Delhi,14.865269,69.351274,H3-6704527341598
EP-00250,POS_Cashback,West Bengal,Howrah,17.955788,70.924916,H3-9814587831671
EP-00251,POS_Cashback,Tamil Nadu,Madurai,30.403127,85.313449,H3-2507883096615
EP-00252,AePS_BC,Karnataka,Mysuru,15.706387,82.059067,H3-9405595757233
EP-00253,ATM,Maharashtra,Mumbai,13.415766,78.132316,H3-4034263659390
EP-00254,Bank_Branch,Maharashtra,Nashik,16.331853,81.334858,H3-9430942052666
EP-00255,Bank_Branch,Tamil Nadu,Chennai,27.172602,73.713231,H3-4508699440834
EP-00256,Prepaid,West Bengal,Kolkata,8.189342,69.513701,H3-9995562436518
EP-00257,Crypto_P2P,Uttar Pradesh,Gautam Buddha Nagar,17.544298,81.528855,H3-5269537751351
EP-00258,Merchant_QR,Delhi,West Delhi,13.286403,85.250109,H3-7313735640327
EP-00259,ATM,Madhya Pradesh,Indore,28.481673,76.481479,H3-9673541947839
EP-00260,AePS_BC,Karnataka,Mangaluru,25.678064,68.645018,H3-4381269882413
EP-00261,AePS_BC,Uttar Pradesh,Lucknow,17.615196,83.262297,H3-2810249757047
EP-00262,AePS_BC,Madhya Pradesh,Bhopal,24.942721,77.24786,H3-9819048143988
EP-00263,AePS_BC,Telangana,Nizamabad,12.586613,77.235325,H3-8693357233482
EP-00264,Prepaid,Bihar,Bhagalpur,10.824048,82.916726,H3-2486893691925
EP-00265,Crypto_P2P,Uttar Pradesh,Lucknow,13.81083,68.180976,H3-4063510090889
EP-00266,AePS_BC,Karnataka,Mysuru,25.982222,74.271357,H3-4661678128170
EP-00267,POS_Cashback,Karnataka,Bengaluru Urban,16.70398,84.859756,H3-5119911494521
EP-00268,AePS_BC,Telangana,Warangal,11.688928,84.199696,H3-1344257206533
EP-00269,Merchant_QR,Rajasthan,Kota,19.331274,71.18133,H3-7100975547789
EP-00270,Prepaid,Uttar Pradesh,Lucknow,25.066004,87.221396,H3-3690124554557
EP-00271,Merchant_QR,Madhya Pradesh,Bhopal,17.80761,73.148557,H3-2999628350813
EP-00272,Bank_Branch,Madhya Pradesh,Indore,10.380726,75.352343,H3-7407551462572
EP-00273,Crypto_P2P,Tamil Nadu,Coimbatore,24.090468,81.426647,H3-7854705623531
EP-00274,Prepaid,Tamil Nadu,Chennai,26.993528,86.44376,H3-4374934366859
EP-00275,POS_Cashback,West Bengal,Kolkata,14.292421,79.460607,H3-5325557041612
EP-00276,Merchant_QR,Telangana,Warangal,27.585733,75.693315,H3-9285019965021
EP-00277,Bank_Branch,West Bengal,Howrah,21.230291,82.810194,H3-2876688032857
EP-00278,Prepaid,Bihar,Bhagalpur,18.821443,71.695776,H3-3036481364080
EP-00279,Merchant_QR,West Bengal,North 24 Parganas,15.388803,72.168109,H3-1143245029633
EP-00280,Bank_Branch,Madhya Pradesh,Bhopal,8.632137,85.978,H3-2661621023069
EP-00281,POS_Cashback,Uttar Pradesh,Gautam Buddha Nagar,9.547223,70.483963,H3-7372168516254
EP-00282,ATM,Uttar Pradesh,Lucknow,26.766524,74.877364,H3-3057622986122
EP-00283,Merchant_QR,West Bengal,North 24 Parganas,11.818716,79.236165,H3-4330419960241
EP-00284,AePS_BC,Madhya Pradesh,Indore,17.370674,69.858576,H3-1795195411526
EP-00285,Merchant_QR,Madhya Pradesh,Indore,24.822546,79.471785,H3-4442381806283
EP-00286,Prepaid,Delhi,North East Delhi,8.870545,82.561367,H3-5576264480376
EP-00287,Prepaid,Delhi,West Delhi,29.235784,76.264274,H3-5377505449771
EP-00288,Prepaid,Rajasthan,Jodhpur,20.295994,83.591797,H3-9330459188913
EP-00289,ATM,Bihar,Muzaffarpur,28.338831,75.369813,H3-7260581416483
EP-00290,ATM,Telangana,Warangal,28.531123,69.152487,H3-4764636969315
EP-00291,ATM,West Bengal,Howrah,9.265728,82.073228,H3-2585338162469
EP-00292,ATM,Delhi,South East Delhi,17.970579,74.18562,H3-9313511120494
EP-00293,Bank_Branch,Maharashtra,Nagpur,8.012732,78.127599,H3-1544495975188
EP-00294,ATM,Bihar,Gaya,19.452485,84.088897,H3-4859498673030
EP-00295,ATM,Tamil Nadu,Coimbatore,24.278489,74.609332,H3-8817134747511
EP-00296,ATM,Madhya Pradesh,Jabalpur,25.378308,71.925811,H3-6927577633627
EP-00297,AePS_BC,West Bengal,Kolkata,29.338751,77.280269,H3-4538128215450
EP-00298,Bank_Branch,Rajasthan,Jaipur,12.714075,88.457655,H3-5376847506569
EP-00299,Merchant_QR,Madhya Pradesh,Bhopal,8.833232,84.568888,H3-7773726800228
EP-00300,ATM,Madhya Pradesh,Jabalpur,27.91159,86.076851,H3-2375685699222
EP-00301,ATM,Tamil Nadu,Chennai,8.505456,70.82861,H3-2483229024924
EP-00302,Bank_Branch,Delhi,North East Delhi,13.073366,86.549504,H3-4127090261934
EP-00303,AePS_BC,Telangana,Hyderabad,25.767997,74.742967,H3-7302655994585
EP-00304,ATM,Maharashtra,Nagpur,15.045765,87.240134,H3-9320819324720
EP-00305,AePS_BC,Madhya Pradesh,Bhopal,27.637118,85.857554,H3-8576815360723
EP-00306,Crypto_P2P,Rajasthan,Jaipur,15.215904,75.367184,H3-3091589694273
EP-00307,Bank_Branch,Bihar,Bhagalpur,11.142362,79.651592,H3-5542502586422
EP-00308,ATM,Maharashtra,Mumbai,18.651549,68.692699,H3-2106646976790
EP-00309,Merchant_QR,Karnataka,Mysuru,10.014755,71.093454,H3-1592671897305
EP-00310,AePS_BC,Telangana,Hyderabad,19.065387,88.478068,H3-6203476346784
EP-00311,POS_Cashback,Telangana,Warangal,16.000679,76.216473,H3-7420650068772
EP-00312,AePS_BC,Madhya Pradesh,Jabalpur,10.667663,85.65463,H3-2070293518891
EP-00313,ATM,Delhi,New Delhi,10.053466,74.072016,H3-5400542134233
EP-00314,Prepaid,Tamil Nadu,Coimbatore,10.640622,71.042718,H3-7576733837896
EP-00315,POS_Cashback,Bihar,Bhagalpur,20.403573,70.897568,H3-2291219215551
EP-00316,Merchant_QR,Rajasthan,Jaipur,13.220719,70.960893,H3-3441636658795
EP-00317,Merchant_QR,Karnataka,Mangaluru,23.606383,86.483513,H3-8471295595653
EP-00318,AePS_BC,West Bengal,North 24 Parganas,15.2558,85.54593,H3-6469769125383
EP-00319,POS_Cashback,Telangana,Warangal,16.975218,78.973854,H3-7335752314813
EP-00320,AePS_BC,Maharashtra,Pune,16.902061,85.359305,H3-1666695874083
EP-00321,Crypto_P2P,Rajasthan,Jaipur,14.740728,84.197791,H3-8015272512043
EP-00322,Crypto_P2P,West Bengal,Kolkata,13.340033,76.499304,H3-5353807976273
EP-00323,ATM,Bihar,Muzaffarpur,14.387792,84.826511,H3-6974859335188
EP-00324,ATM,Uttar Pradesh,Jaunpur,13.645481,71.496588,H3-9471044172059
EP-00325,AePS_BC,Maharashtra,Mumbai,15.599743,78.076212,H3-8130124909138
EP-00326,AePS_BC,Bihar,Gaya,10.718506,86.373856,H3-4115101388643
EP-00327,AePS_BC,Tamil Nadu,Madurai,25.165433,68.883426,H3-4907011325364
EP-00328,Bank_Branch,Telangana,Hyderabad,26.347008,84.552672,H3-5879528320806
EP-00329,Merchant_QR,Delhi,North East Delhi,14.103647,79.479096,H3-8036787233233
EP-00330,ATM,West Bengal,Kolkata,20.17988,68.735165,H3-8800317068044
EP-00331,ATM,Rajasthan,Udaipur,11.733266,69.809994,H3-9588669494259
EP-00332,Bank_Branch,Uttar Pradesh,Lucknow,21.281866,88.311707,H3-1185574892995
EP-00333,Crypto_P2P,Tamil Nadu,Chennai,11.921824,78.800716,H3-4749232274710
EP-00334,Merchant_QR,Rajasthan,Udaipur,19.162276,69.85615,H3-8939146834037
EP-00335,ATM,Tamil Nadu,Madurai,10.070654,78.823793,H3-1633192763417
EP-00336,AePS_BC,Bihar,Patna,15.573907,87.004197,H3-4660978216784
EP-00337,Bank_Branch,Bihar,Bhagalpur,9.528824,78.393608,H3-4696512196929
EP-00338,Merchant_QR,Maharashtra,Pune,18.91994,76.006492,H3-9876110668999
EP-00339,AePS_BC,West Bengal,Kolkata,22.787082,73.166363,H3-6040459997072
EP-00340,Merchant_QR,Uttar Pradesh,Gautam Buddha Nagar,20.564852,88.108369,H3-4624476430411
EP-00341,AePS_BC,Bihar,Muzaffarpur,25.270752,73.446085,H3-1675983209569
EP-00342,Prepaid,Maharashtra,Nagpur,24.408079,87.756803,H3-7862339598185
EP-00343,AePS_BC,Maharashtra,Pune,26.257565,73.675876,H3-4602179755779
EP-00344,ATM,Delhi,South East Delhi,24.676914,76.376249,H3-9590054531970
EP-00345,Bank_Branch,Rajasthan,Jodhpur,25.721676,70.692287,H3-3091815824129
EP-00346,Crypto_P2P,Delhi,South East Delhi,9.262336,70.167574,H3-9567984926224
EP-00347,Merchant_QR,Delhi,New Delhi,28.76525,83.550766,H3-5880645112305
EP-00348,AePS_BC,Karnataka,Bengaluru Urban,16.849997,78.123723,H3-3663835542912
EP-00349,Bank_Branch,Madhya Pradesh,Bhopal,8.261072,80.77837,H3-1404051119895
EP-00350,AePS_BC,West Bengal,Kolkata,28.52059,86.55563,H3-7415060687641
EP-00351,Crypto_P2P,Tamil Nadu,Madurai,24.166366,78.684347,H3-3862054708545
EP-00352,Merchant_QR,Rajasthan,Jodhpur,26.518097,87.22137,H3-5674914208670
EP-00353,Prepaid,Bihar,Bhagalpur,19.803958,69.734263,H3-7314160308610
EP-00354,Merchant_QR,Maharashtra,Nagpur,11.86172,76.307255,H3-6408536188427
EP-00355,Merchant_QR,Maharashtra,Nagpur,23.512973,83.170593,H3-7256608972983
EP-00356,AePS_BC,Uttar Pradesh,Jaunpur,11.858558,85.31352,H3-7630245807691
EP-00357,AePS_BC,Uttar Pradesh,Kanpur Nagar,28.379247,84.088484,H3-2258403654046
EP-00358,Merchant_QR,Telangana,Nizamabad,15.273753,82.167823,H3-4672942211683
EP-00359,AePS_BC,Uttar Pradesh,Lucknow,19.625569,71.766618,H3-4793840740535
EP-00360,Prepaid,Tamil Nadu,Madurai,22.726026,79.757937,H3-9926388150662
EP-00361,AePS_BC,Delhi,New Delhi,11.461395,70.998657,H3-4800881142121
EP-00362,Crypto_P2P,Karnataka,Mysuru,28.028499,79.861446,H3-8684116250209
EP-00363,Prepaid,Delhi,New Delhi,21.069595,84.358985,H3-1040444869516
EP-00364,AePS_BC,Tamil Nadu,Madurai,26.289481,74.208964,H3-7746891568425
EP-00365,ATM,Maharashtra,Pune,26.187332,80.756498,H3-3451381958708
EP-00366,Merchant_QR,Tamil Nadu,Madurai,25.615336,82.857095,H3-8383193484873
EP-00367,Merchant_QR,Uttar Pradesh,Lucknow,27.329104,77.384518,H3-3099073613008
EP-00368,Merchant_QR,Rajasthan,Udaipur,9.740592,75.077632,H3-5365201776452
EP-00369,ATM,Rajasthan,Jodhpur,14.285404,75.494417,H3-1005236207731
EP-00370,ATM,Karnataka,Mangaluru,18.032845,74.325853,H3-3313503070313
EP-00371,Prepaid,Karnataka,Mangaluru,8.596627,79.180072,H3-7342972436519
EP-00372,ATM,Maharashtra,Nashik,16.890848,84.806761,H3-9747971065851
EP-00373,Crypto_P2P,Maharashtra,Nagpur,11.567518,84.670257,H3-9694000491735
EP-00374,Crypto_P2P,Karnataka,Bengaluru Urban,20.050298,76.567043,H3-9954469335832
EP-00375,Merchant_QR,Maharashtra,Mumbai,11.593205,72.429346,H3-4934775764763
EP-00376,AePS_BC,Rajasthan,Kota,23.806135,80.766565,H3-6127327567536
EP-00377,Bank_Branch,Uttar Pradesh,Varanasi,21.691217,87.656983,H3-9673927348843
EP-00378,AePS_BC,Madhya Pradesh,Indore,26.358387,71.402412,H3-4027084397326
EP-00379,Crypto_P2P,Telangana,Nizamabad,15.727872,72.96218,H3-8513074874353
EP-00380,ATM,Telangana,Warangal,17.780549,69.830178,H3-3972936169024
EP-00381,ATM,Maharashtra,Nashik,18.364612,77.228548,H3-6801010924324
EP-00382,POS_Cashback,Bihar,Muzaffarpur,18.910295,73.352337,H3-8687745828084
EP-00383,Merchant_QR,Telangana,Hyderabad,22.961231,85.397758,H3-3903822177490
EP-00384,Prepaid,Rajasthan,Jodhpur,26.817636,86.193957,H3-1210604868597
EP-00385,Merchant_QR,West Bengal,Howrah,22.391891,75.787917,H3-2654052441804
EP-00386,Crypto_P2P,Tamil Nadu,Chennai,26.899878,71.166199,H3-5334061972560
EP-00387,POS_Cashback,Bihar,Muzaffarpur,13.060623,72.839412,H3-5613355262965
EP-00388,AePS_BC,Madhya Pradesh,Jabalpur,23.708144,70.981887,H3-7268240978344
EP-00389,Crypto_P2P,Karnataka,Bengaluru Urban,25.670374,77.01374,H3-7063453130444
EP-00390,AePS_BC,Karnataka,Mangaluru,13.944549,81.403832,H3-6474616087608
EP-00391,AePS_BC,Madhya Pradesh,Indore,15.711313,87.544123,H3-5165008977855
EP-00392,ATM,Delhi,North East Delhi,11.577949,76.165809,H3-6022676029097
EP-00393,Crypto_P2P,Delhi,New Delhi,9.154876,79.923114,H3-2679660810933
EP-00394,Prepaid,West Bengal,North 24 Parganas,8.710747,68.548724,H3-4889991164730
EP-00395,ATM,Madhya Pradesh,Bhopal,12.955238,75.732994,H3-8416485829665
EP-00396,AePS_BC,Rajasthan,Udaipur,17.086939,75.909789,H3-8370877431492
EP-00397,Bank_Branch,West Bengal,Kolkata,22.589185,74.060311,H3-7375609149956
EP-00398,ATM,Bihar,Bhagalpur,17.007748,71.096884,H3-8530497667038
EP-00399,Prepaid,Uttar Pradesh,Gautam Buddha Nagar,29.114424,73.078788,H3-9044436546650
EP-00400,ATM,Rajasthan,Jaipur,21.912715,69.474758,H3-9928189803221
EP-00401,Merchant_QR,Bihar,Muzaffarpur,14.83365,77.938294,H3-6702483624055
EP-00402,Merchant_QR,Madhya Pradesh,Bhopal,27.246278,83.733425,H3-3359243926745
EP-00403,POS_Cashback,Bihar,Muzaffarpur,13.60616,85.200702,H3-6813131736286
EP-00404,Prepaid,Uttar Pradesh,Varanasi,30.154712,68.450162,H3-1052085514060
EP-00405,AePS_BC,Uttar Pradesh,Varanasi,8.082943,73.235484,H3-7287208842470
EP-00406,Bank_Branch,West Bengal,Kolkata,28.258257,73.730691,H3-3098583920945
EP-00407,Bank_Branch,Rajasthan,Udaipur,22.598538,76.968093,H3-7186767201837
EP-00408,Merchant_QR,Bihar,Muzaffarpur,18.372884,84.143871,H3-6478959731752
EP-00409,POS_Cashback,Telangana,Nizamabad,13.906536,71.378368,H3-5065089981777
EP-00410,ATM,Tamil Nadu,Madurai,15.813655,84.319288,H3-1114244012567
EP-00411,Bank_Branch,Karnataka,Bengaluru Urban,21.730181,78.511082,H3-3222936105121
EP-00412,AePS_BC,Rajasthan,Kota,15.983134,84.929007,H3-1294788567749
EP-00413,Prepaid,Tamil Nadu,Coimbatore,20.938996,77.200584,H3-2143738678511
EP-00414,Merchant_QR,Bihar,Gaya,19.115612,74.727942,H3-9877008383212
EP-00415,Bank_Branch,West Bengal,Kolkata,29.552014,76.948008,H3-5064955256652
EP-00416,Prepaid,Bihar,Muzaffarpur,12.602892,82.654284,H3-4981587732740
EP-00417,Merchant_QR,Telangana,Nizamabad,21.537996,71.802018,H3-4521039534131
EP-00418,ATM,Delhi,New Delhi,14.662164,70.183383,H3-1302421557095
EP-00419,ATM,Karnataka,Mangaluru,9.272223,69.971914,H3-5259863710334
EP-00420,ATM,West Bengal,North 24 Parganas,16.446735,74.88826,H3-7008853507079
EP-00421,ATM,Rajasthan,Jodhpur,25.282603,77.79898,H3-7625066597421
EP-00422,Prepaid,Madhya Pradesh,Jabalpur,14.447493,84.88093,H3-6072131410125
EP-00423,Merchant_QR,Maharashtra,Thane,12.934757,70.808133,H3-2351911473137
EP-00424,AePS_BC,Telangana,Hyderabad,8.059822,68.25026,H3-2039584434520
EP-00425,ATM,Telangana,Warangal,13.227761,71.289154,H3-4164609605624
EP-00426,POS_Cashback,West Bengal,North 24 Parganas,25.077856,75.577219,H3-6760769650161
EP-00427,POS_Cashback,Bihar,Patna,29.092039,80.451066,H3-9333004790824
EP-00428,Prepaid,Madhya Pradesh,Jabalpur,15.914109,84.721704,H3-8902876076623
EP-00429,POS_Cashback,Tamil Nadu,Coimbatore,20.29649,69.410533,H3-9535549431879
EP-00430,Crypto_P2P,Delhi,West Delhi,16.551321,75.832044,H3-6881758110011
EP-00431,Merchant_QR,Uttar Pradesh,Lucknow,30.136974,82.689061,H3-8979070452948
EP-00432,AePS_BC,West Bengal,Howrah,27.307134,72.593913,H3-4279024450327
EP-00433,ATM,Karnataka,Mysuru,14.853678,85.297914,H3-7304563838333
EP-00434,Bank_Branch,Bihar,Muzaffarpur,22.080999,84.280863,H3-9176186954415
EP-00435,Merchant_QR,Tamil Nadu,Chennai,25.937708,83.6866,H3-8925150591118
EP-00436,ATM,Karnataka,Bengaluru Urban,10.580196,80.707602,H3-9426442278402
EP-00437,AePS_BC,Karnataka,Bengaluru Urban,8.680957,77.560787,H3-3321553800981
EP-00438,Crypto_P2P,Bihar,Bhagalpur,15.28833,87.781563,H3-2875887790488
EP-00439,Bank_Branch,Maharashtra,Thane,20.656487,81.336379,H3-3234034943960
EP-00440,Prepaid,Telangana,Warangal,21.728168,72.728048,H3-3622750883912
EP-00441,ATM,Bihar,Muzaffarpur,16.634008,78.377887,H3-6699492615259
EP-00442,ATM,Maharashtra,Thane,11.33738,84.423334,H3-2471412587969
EP-00443,Crypto_P2P,Karnataka,Bengaluru Urban,20.71336,70.905237,H3-3599217238946
EP-00444,AePS_BC,Madhya Pradesh,Jabalpur,18.984019,77.810039,H3-3839119939786
EP-00445,Merchant_QR,Delhi,West Delhi,25.074301,76.260734,H3-6334041292623
EP-00446,Bank_Branch,Maharashtra,Mumbai,15.748261,76.430213,H3-9394599153502
EP-00447,Bank_Branch,Madhya Pradesh,Indore,17.357621,79.025063,H3-6077618730193
EP-00448,AePS_BC,Delhi,North East Delhi,19.197648,81.071447,H3-2237246252365
EP-00449,ATM,Bihar,Patna,25.962372,78.987373,H3-5594594664350
EP-00450,ATM,West Bengal,Kolkata,14.015162,74.540023,H3-3479743469753
EP-00451,ATM,Uttar Pradesh,Jaunpur,22.156872,68.909212,H3-2084978418541
EP-00452,Crypto_P2P,Karnataka,Bengaluru Urban,28.02295,82.859502,H3-9319890560428
EP-00453,Prepaid,Karnataka,Mysuru,21.171716,77.181265,H3-4148236963393
EP-00454,Crypto_P2P,Uttar Pradesh,Jaunpur,15.795937,79.974843,H3-6845562780575
EP-00455,AePS_BC,Rajasthan,Udaipur,9.803891,76.119536,H3-1663267662872
EP-00456,AePS_BC,Maharashtra,Nagpur,24.881303,70.646577,H3-3735105961140
EP-00457,AePS_BC,Delhi,New Delhi,26.237513,81.200149,H3-9736665733063
EP-00458,POS_Cashback,Telangana,Warangal,11.42698,70.581825,H3-4112822446721
EP-00459,AePS_BC,Uttar Pradesh,Jaunpur,26.630654,79.002226,H3-5899907625218
EP-00460,ATM,Uttar Pradesh,Kanpur Nagar,24.074646,84.66637,H3-3151154839700
EP-00461,Bank_Branch,West Bengal,North 24 Parganas,20.945886,86.432401,H3-9700447942532
EP-00462,Bank_Branch,Karnataka,Bengaluru Urban,15.676709,75.601943,H3-3553232654322
EP-00463,ATM,Karnataka,Bengaluru Urban,27.789834,72.792607,H3-7156786139351
EP-00464,Crypto_P2P,Bihar,Patna,23.984362,88.245332,H3-3383373378570
EP-00465,AePS_BC,Delhi,North East Delhi,8.957405,87.18138,H3-6676774241621
EP-00466,POS_Cashback,Delhi,North East Delhi,21.844366,84.302136,H3-3800515808014
EP-00467,ATM,Madhya Pradesh,Indore,12.551942,78.106202,H3-7903750114044
EP-00468,ATM,Maharashtra,Nashik,25.799242,79.446402,H3-1964435552323
EP-00469,Bank_Branch,Rajasthan,Udaipur,18.085447,84.820507,H3-6153650444242
EP-00470,ATM,Bihar,Bhagalpur,10.552683,72.705641,H3-3488868332972
EP-00471,ATM,Bihar,Muzaffarpur,26.71544,87.25469,H3-7084568906616
EP-00472,ATM,Delhi,South East Delhi,28.675134,77.212001,H3-4896377759607
EP-00473,Prepaid,West Bengal,North 24 Parganas,9.885994,69.640522,H3-1792501340047
EP-00474,Bank_Branch,Delhi,South East Delhi,12.66342,69.09216,H3-5039344893576
EP-00475,ATM,West Bengal,North 24 Parganas,20.615479,74.935431,H3-8462881921995
EP-00476,ATM,Rajasthan,Jaipur,21.293883,81.33965,H3-9685994840739
EP-00477,POS_Cashback,Maharashtra,Mumbai,20.843994,86.406798,H3-3745205430302
EP-00478,Bank_Branch,Uttar Pradesh,Jaunpur,9.873446,74.919959,H3-1482575702587
EP-00479,Merchant_QR,Telangana,Warangal,17.309789,84.606355,H3-7792846096044
EP-00480,Bank_Branch,Delhi,South East Delhi,26.465625,71.169976,H3-4209095766140
EP-00481,Merchant_QR,West Bengal,Howrah,8.133382,78.58018,H3-6524130837361
EP-00482,Bank_Branch,Telangana,Warangal,19.665421,70.209223,H3-3498517486259
EP-00483,ATM,Uttar Pradesh,Varanasi,26.138629,77.397361,H3-2978723037731
EP-00484,Merchant_QR,Maharashtra,Mumbai,11.492256,82.171244,H3-1360960409715
EP-00485,Merchant_QR,Telangana,Warangal,18.383119,77.970044,H3-2844723707600
EP-00486,Merchant_QR,Karnataka,Bengaluru Urban,12.31599,71.961556,H3-5035349745782
EP-00487,ATM,West Bengal,Howrah,10.949203,80.778821,H3-3442741538606
EP-00488,Merchant_QR,Karnataka,Mysuru,15.304602,85.034112,H3-1421532333320
EP-00489,AePS_BC,Maharashtra,Mumbai,16.200892,76.684739,H3-6754785222430
EP-00490,ATM,Karnataka,Mangaluru,24.39367,75.528426,H3-2542175476717
EP-00491,POS_Cashback,Madhya Pradesh,Indore,29.795527,71.669018,H3-6976709607217
EP-00492,POS_Cashback,Delhi,North East Delhi,14.609517,78.278535,H3-3786877751552
EP-00493,Merchant_QR,Rajasthan,Kota,21.58405,70.543906,H3-8012608624669
EP-00494,AePS_BC,Rajasthan,Jodhpur,20.277376,79.321012,H3-8265879381385
EP-00495,ATM,Telangana,Nizamabad,21.900838,77.310852,H3-7522116521574
EP-00496,Merchant_QR,Maharashtra,Thane,21.294328,72.214497,H3-8899195969645
EP-00497,AePS_BC,Tamil Nadu,Madurai,28.449778,69.249497,H3-6295402299738
EP-00498,Merchant_QR,Rajasthan,Kota,15.073088,71.648929,H3-9349728380069
EP-00499,AePS_BC,Bihar,Muzaffarpur,8.71388,80.844133,H3-1106962958509
EP-00500,Merchant_QR,Bihar,Gaya,24.913797,77.627376,H3-3316534055404
EP-00501,ATM,Telangana,Nizamabad,16.00292,72.36058,H3-4223782620025
EP-00502,Bank_Branch,Tamil Nadu,Chennai,27.704784,75.464211,H3-5908168394403
EP-00503,AePS_BC,Telangana,Hyderabad,26.103916,84.651389,H3-9628813408156
EP-00504,AePS_BC,Tamil Nadu,Madurai,19.545624,81.90478,H3-6701423213819
EP-00505,AePS_BC,Bihar,Bhagalpur,17.17565,76.102302,H3-9914997170104
EP-00506,AePS_BC,Telangana,Warangal,10.936338,81.226893,H3-2748572692395
EP-00507,Bank_Branch,Maharashtra,Thane,15.743365,70.348503,H3-6543273486403
EP-00508,AePS_BC,Delhi,South East Delhi,17.42911,81.502088,H3-6207578345401
EP-00509,ATM,Uttar Pradesh,Jaunpur,19.472152,82.624779,H3-9767752306363
EP-00510,AePS_BC,Telangana,Warangal,16.541737,85.337355,H3-9201635406283
EP-00511,POS_Cashback,Telangana,Hyderabad,17.415882,75.833362,H3-6771476862004
EP-00512,AePS_BC,Bihar,Muzaffarpur,11.205273,84.108718,H3-8353095041648
EP-00513,ATM,Uttar Pradesh,Varanasi,19.059354,78.859684,H3-8602535705707
EP-00514,Merchant_QR,Maharashtra,Nashik,10.645937,78.812192,H3-5736013140360
EP-00515,AePS_BC,Telangana,Warangal,8.925052,84.084128,H3-3838822591175
EP-00516,ATM,Telangana,Warangal,19.021132,72.930504,H3-2685980502680
EP-00517,ATM,Maharashtra,Nashik,25.873184,79.377376,H3-4891676009485
EP-00518,Crypto_P2P,Uttar Pradesh,Varanasi,26.395672,76.022603,H3-2283359851411
EP-00519,POS_Cashback,Bihar,Muzaffarpur,20.315696,81.719885,H3-6302451885003
EP-00520,Merchant_QR,Delhi,South East Delhi,14.787159,85.525153,H3-2867661121557
EP-00521,ATM,Tamil Nadu,Coimbatore,10.13881,69.568462,H3-2257647976530
EP-00522,Bank_Branch,Rajasthan,Jaipur,16.207663,71.545938,H3-5641919728478
EP-00523,ATM,Telangana,Nizamabad,23.853825,81.319858,H3-5602180581298
EP-00524,ATM,Madhya Pradesh,Jabalpur,22.405403,76.09905,H3-8875253835897
EP-00525,AePS_BC,Maharashtra,Pune,28.029878,87.803972,H3-3216762072479
EP-00526,Merchant_QR,Delhi,South East Delhi,15.546107,73.531824,H3-9461685301519
EP-00527,Crypto_P2P,Maharashtra,Nashik,30.240531,68.887632,H3-5886050291382
EP-00528,AePS_BC,Madhya Pradesh,Jabalpur,30.415543,68.400288,H3-8549908456675
EP-00529,Merchant_QR,Rajasthan,Kota,28.194197,76.262898,H3-9409547562677
EP-00530,AePS_BC,Rajasthan,Jodhpur,25.713396,77.219752,H3-3504340793954
EP-00531,POS_Cashback,Uttar Pradesh,Jaunpur,20.779366,86.431623,H3-1776157109029
EP-00532,POS_Cashback,Bihar,Muzaffarpur,21.651317,77.310894,H3-6259046309693
EP-00533,Prepaid,Rajasthan,Udaipur,16.341641,79.000082,H3-9378032822715
EP-00534,AePS_BC,Madhya Pradesh,Indore,10.780793,74.703704,H3-7565048962585
EP-00535,ATM,Karnataka,Mysuru,11.106381,81.342478,H3-5252802548543
EP-00536,POS_Cashback,Rajasthan,Udaipur,29.607919,82.128959,H3-2916662358247
EP-00537,ATM,Tamil Nadu,Chennai,11.737485,74.055735,H3-9251771822365
EP-00538,Bank_Branch,Madhya Pradesh,Bhopal,28.236916,80.228521,H3-4158537867421
EP-00539,ATM,Karnataka,Mangaluru,19.92354,80.537745,H3-6645204274435
EP-00540,Merchant_QR,Rajasthan,Kota,29.696184,73.496095,H3-4451677221096
EP-00541,Prepaid,West Bengal,North 24 Parganas,23.255535,75.864488,H3-7695683519713
EP-00542,Merchant_QR,Karnataka,Bengaluru Urban,18.791454,70.718968,H3-8961178329253
EP-00543,Merchant_QR,Rajasthan,Udaipur,21.275327,85.596141,H3-2828429456621
EP-00544,AePS_BC,Rajasthan,Kota,18.376629,72.520951,H3-5358503243533
EP-00545,Crypto_P2P,Delhi,South East Delhi,8.494918,75.340611,H3-3561769016927
EP-00546,POS_Cashback,Delhi,North East Delhi,24.99915,76.293045,H3-3943568349050
EP-00547,POS_Cashback,Bihar,Patna,28.179398,75.457701,H3-6353719898588
EP-00548,AePS_BC,Karnataka,Mysuru,16.779605,77.69132,H3-6272185459759
EP-00549,AePS_BC,Maharashtra,Mumbai,24.533968,69.030717,H3-4463770112130
EP-00550,AePS_BC,Uttar Pradesh,Jaunpur,26.673276,74.428799,H3-9107398519160
EP-00551,AePS_BC,Tamil Nadu,Chennai,29.90369,74.539431,H3-7754086965855
EP-00552,ATM,Maharashtra,Nagpur,16.273122,82.670777,H3-5554471067276
EP-00553,Bank_Branch,Madhya Pradesh,Bhopal,15.632078,80.456049,H3-7489164153430
EP-00554,AePS_BC,Rajasthan,Kota,16.909642,71.237599,H3-2508156221328
EP-00555,Merchant_QR,Rajasthan,Jaipur,19.682303,82.26303,H3-2385747812960
EP-00556,Bank_Branch,Rajasthan,Kota,24.369725,69.060881,H3-9540151330171
EP-00557,ATM,Delhi,New Delhi,12.920398,76.875657,H3-1718994893845
EP-00558,Prepaid,Delhi,New Delhi,11.806574,75.670544,H3-7034408268200
EP-00559,POS_Cashback,Maharashtra,Thane,20.581847,81.591137,H3-1591708269079
EP-00560,Prepaid,Uttar Pradesh,Kanpur Nagar,8.549948,79.917097,H3-3373012360082
EP-00561,Merchant_QR,Madhya Pradesh,Indore,19.152394,70.147944,H3-2113336912168
EP-00562,Merchant_QR,Maharashtra,Nagpur,12.45991,87.607313,H3-9163481626453
EP-00563,AePS_BC,Maharashtra,Nashik,24.097415,68.553851,H3-3328894312625
EP-00564,POS_Cashback,Telangana,Nizamabad,21.49143,72.563317,H3-9756795216755
EP-00565,ATM,Maharashtra,Pune,27.034093,87.886821,H3-4367921790176
EP-00566,AePS_BC,Bihar,Gaya,28.370244,69.787238,H3-9968910932817
EP-00567,Prepaid,West Bengal,North 24 Parganas,10.902682,85.827265,H3-3842358843057
EP-00568,Merchant_QR,Madhya Pradesh,Indore,24.726237,81.329023,H3-2258702005267
EP-00569,Merchant_QR,Madhya Pradesh,Jabalpur,18.693707,68.124562,H3-2889687914596
EP-00570,AePS_BC,Madhya Pradesh,Bhopal,22.238037,72.410024,H3-7677635177359
EP-00571,AePS_BC,Bihar,Patna,28.45609,74.514509,H3-2512765582440
EP-00572,Bank_Branch,Delhi,South East Delhi,30.210294,76.875901,H3-6640648205186
EP-00573,ATM,Bihar,Bhagalpur,11.254794,76.996074,H3-4732225528600
EP-00574,AePS_BC,Telangana,Hyderabad,16.579564,76.220438,H3-6547603567760
EP-00575,ATM,Bihar,Gaya,25.084681,78.665363,H3-3277348483672
EP-00576,ATM,Delhi,West Delhi,25.679825,73.520113,H3-1060569057647
EP-00577,ATM,Telangana,Nizamabad,23.567364,72.018517,H3-4909542181721
EP-00578,POS_Cashback,Telangana,Warangal,11.432102,72.734046,H3-3557109794440
EP-00579,Bank_Branch,West Bengal,Howrah,24.005698,79.4693,H3-8412056859702
EP-00580,AePS_BC,Bihar,Gaya,15.129398,77.55291,H3-9487616304718
EP-00581,POS_Cashback,Maharashtra,Nagpur,17.609313,71.684147,H3-2636430855213
EP-00582,AePS_BC,Karnataka,Bengaluru Urban,22.091269,83.632483,H3-2024544611550
EP-00583,Prepaid,Rajasthan,Jaipur,22.669092,76.853636,H3-7066991161222
EP-00584,AePS_BC,Madhya Pradesh,Bhopal,9.679287,87.514033,H3-2353629797855
EP-00585,ATM,Telangana,Hyderabad,16.750795,75.20507,H3-7002057997306
EP-00586,AePS_BC,Madhya Pradesh,Bhopal,25.839254,84.82606,H3-2922298505513
EP-00587,ATM,Rajasthan,Jaipur,14.052057,81.07367,H3-1726746626559
EP-00588,Merchant_QR,Bihar,Muzaffarpur,30.002013,77.857344,H3-2302308269785
EP-00589,AePS_BC,Uttar Pradesh,Kanpur Nagar,20.07923,81.988304,H3-1207017922883
EP-00590,ATM,Karnataka,Bengaluru Urban,30.109813,88.020442,H3-7617927328020
EP-00591,POS_Cashback,Maharashtra,Mumbai,18.98075,86.423319,H3-3741765293982
EP-00592,Merchant_QR,West Bengal,Howrah,27.246873,68.108443,H3-3433224868803
EP-00593,Bank_Branch,Madhya Pradesh,Indore,26.555036,71.77932,H3-2514999479974
EP-00594,AePS_BC,Rajasthan,Udaipur,18.789972,83.94463,H3-8357574169995
EP-00595,ATM,Tamil Nadu,Madurai,9.672853,71.58998,H3-8598608044367
EP-00596,ATM,Rajasthan,Udaipur,19.294951,78.83101,H3-4808197644897
EP-00597,AePS_BC,Delhi,West Delhi,28.493924,75.036469,H3-6720355004897
EP-00598,POS_Cashback,Bihar,Bhagalpur,17.452424,88.258589,H3-2243278944751
EP-00599,Merchant_QR,Maharashtra,Nashik,28.487586,79.965829,H3-1695737343700
EP-00600,Bank_Branch,Rajasthan,Udaipur,25.352105,70.483461,H3-4974864278820
EP-00601,Crypto_P2P,Maharashtra,Pune,13.605954,86.506462,H3-2855698191543
EP-00602,Crypto_P2P,Maharashtra,Nashik,23.231628,73.286889,H3-3461418999648
EP-00603,ATM,Telangana,Hyderabad,14.424821,70.9896,H3-8409966420767
EP-00604,Merchant_QR,Maharashtra,Mumbai,12.524227,81.270571,H3-2054063167770
EP-00605,POS_Cashback,Madhya Pradesh,Bhopal,20.822936,69.766707,H3-9914266749037
EP-00606,AePS_BC,Madhya Pradesh,Bhopal,27.594751,68.769497,H3-4737242908980
EP-00607,Crypto_P2P,Uttar Pradesh,Lucknow,30.074097,80.339576,H3-6321006889115
EP-00608,Crypto_P2P,Madhya Pradesh,Bhopal,18.05886,69.433384,H3-3783267308912
EP-00609,Bank_Branch,Rajasthan,Kota,15.373088,73.358198,H3-2172746965792
EP-00610,Bank_Branch,Tamil Nadu,Chennai,20.017366,83.896259,H3-2935347424613
EP-00611,Bank_Branch,Bihar,Gaya,29.320077,87.711279,H3-3941314412909
EP-00612,Bank_Branch,Maharashtra,Mumbai,13.698763,72.282481,H3-8408659442551
EP-00613,ATM,Uttar Pradesh,Kanpur Nagar,20.728488,74.002008,H3-7701280397119
EP-00614,Merchant_QR,West Bengal,North 24 Parganas,26.411105,87.627359,H3-5813988218945
EP-00615,Merchant_QR,Uttar Pradesh,Kanpur Nagar,27.945923,87.251328,H3-1450786278827
EP-00616,ATM,Rajasthan,Jaipur,16.23285,86.402097,H3-3899816164636
EP-00617,POS_Cashback,Uttar Pradesh,Kanpur Nagar,11.398005,86.635942,H3-7438454629787
EP-00618,ATM,Madhya Pradesh,Jabalpur,11.182827,71.60012,H3-5844503669168
EP-00619,ATM,West Bengal,North 24 Parganas,25.038657,79.869633,H3-7674659079602
EP-00620,ATM,Uttar Pradesh,Kanpur Nagar,26.824778,77.539181,H3-5126248543055
EP-00621,Merchant_QR,Uttar Pradesh,Jaunpur,23.030415,73.930248,H3-2130805647823
EP-00622,ATM,Madhya Pradesh,Indore,21.161122,84.751538,H3-3888477668873
EP-00623,Prepaid,Delhi,New Delhi,15.916534,69.262683,H3-9026959488730
EP-00624,ATM,Delhi,North East Delhi,27.180148,79.956685,H3-9047920771510
EP-00625,AePS_BC,Delhi,New Delhi,14.290951,84.126098,H3-5579290316516
EP-00626,ATM,Karnataka,Mysuru,29.669155,75.217595,H3-6826820851711
EP-00627,AePS_BC,West Bengal,Kolkata,28.612771,78.835737,H3-6741421737258
EP-00628,ATM,Uttar Pradesh,Varanasi,20.062643,78.796683,H3-2218457856107
EP-00629,POS_Cashback,Telangana,Nizamabad,15.972715,85.656113,H3-8500615990009
EP-00630,Bank_Branch,Telangana,Nizamabad,18.061786,68.259049,H3-2069687694447
EP-00631,ATM,Tamil Nadu,Coimbatore,17.37714,72.730777,H3-8895395903257
EP-00632,Merchant_QR,Madhya Pradesh,Bhopal,11.914604,72.6018,H3-4401616499998
EP-00633,Crypto_P2P,Rajasthan,Udaipur,10.082148,74.845424,H3-2610513787969
EP-00634,AePS_BC,Madhya Pradesh,Bhopal,12.78161,79.689607,H3-8699268269219
EP-00635,ATM,Madhya Pradesh,Indore,25.730957,81.935292,H3-7409725397398
EP-00636,Crypto_P2P,Rajasthan,Udaipur,27.65753,76.313874,H3-6389527647385
EP-00637,ATM,Telangana,Hyderabad,25.612055,84.174528,H3-9879023615509
EP-00638,POS_Cashback,Rajasthan,Jodhpur,21.220886,86.370608,H3-6850440953474
EP-00639,ATM,Delhi,West Delhi,9.564479,85.582983,H3-2855745384492
EP-00640,AePS_BC,Tamil Nadu,Coimbatore,13.738003,79.72174,H3-6266878918157
EP-00641,AePS_BC,Bihar,Bhagalpur,8.3741,84.905476,H3-1292735483795
EP-00642,AePS_BC,Tamil Nadu,Coimbatore,29.569862,68.376224,H3-5951041111106
EP-00643,Merchant_QR,Karnataka,Bengaluru Urban,15.288505,82.27741,H3-6025754303877
EP-00644,Merchant_QR,Bihar,Bhagalpur,23.51102,75.674992,H3-2368620749695
EP-00645,Bank_Branch,Maharashtra,Nashik,22.689296,81.20804,H3-5432000645187
EP-00646,AePS_BC,Rajasthan,Kota,9.682617,74.967771,H3-1510539938808
EP-00647,Merchant_QR,Telangana,Hyderabad,15.02102,79.211931,H3-1319276001520
EP-00648,Merchant_QR,Delhi,West Delhi,25.296169,73.606057,H3-4021899330327
EP-00649,POS_Cashback,Karnataka,Mysuru,25.572909,81.267778,H3-9885860003586
EP-00650,POS_Cashback,West Bengal,Howrah,25.649358,84.74601,H3-5996020678458
EP-00651,AePS_BC,Uttar Pradesh,Jaunpur,13.82831,69.334704,H3-9910535312518
EP-00652,AePS_BC,Tamil Nadu,Madurai,29.084288,82.330981,H3-8787045863427
EP-00653,Merchant_QR,Delhi,New Delhi,11.253648,68.173515,H3-2120390434337
EP-00654,Merchant_QR,Uttar Pradesh,Kanpur Nagar,27.290342,84.15029,H3-6888162808621
EP-00655,ATM,Madhya Pradesh,Jabalpur,30.318091,80.978967,H3-8749762531500
EP-00656,Merchant_QR,Bihar,Gaya,17.039652,69.316825,H3-8586178495621
EP-00657,ATM,Delhi,South East Delhi,8.236948,73.854135,H3-2237282375754
EP-00658,AePS_BC,Tamil Nadu,Madurai,26.465928,76.66093,H3-6120409815486
EP-00659,AePS_BC,Karnataka,Mysuru,20.141429,81.527632,H3-9401407288584
EP-00660,ATM,Delhi,North East Delhi,12.793725,71.63743,H3-8916386605561
EP-00661,ATM,Tamil Nadu,Coimbatore,17.930686,79.298029,H3-4380971872681
EP-00662,AePS_BC,Tamil Nadu,Coimbatore,9.040866,78.58073,H3-3407437158158
EP-00663,POS_Cashback,Telangana,Nizamabad,23.247363,84.495125,H3-6978045773306
EP-00664,AePS_BC,Karnataka,Bengaluru Urban,16.353439,84.915223,H3-2109853786198
EP-00665,ATM,Karnataka,Mangaluru,26.958842,79.898194,H3-1299435956735
EP-00666,Merchant_QR,Madhya Pradesh,Bhopal,14.663794,86.621937,H3-7999712222292
EP-00667,Merchant_QR,Maharashtra,Mumbai,8.679714,79.808399,H3-2508806134867
EP-00668,Prepaid,Telangana,Hyderabad,22.240203,79.0354,H3-9175879752023
EP-00669,ATM,Rajasthan,Udaipur,28.835166,85.278607,H3-5831715304786
EP-00670,POS_Cashback,Karnataka,Bengaluru Urban,23.416651,87.975688,H3-6167727147762
EP-00671,ATM,Rajasthan,Jaipur,21.11451,80.803386,H3-3701648124937
EP-00672,AePS_BC,Delhi,South East Delhi,26.146866,68.334151,H3-2293106840799
EP-00673,ATM,Tamil Nadu,Coimbatore,28.47181,71.388279,H3-8460253366903
EP-00674,Prepaid,Karnataka,Mysuru,24.183923,86.440738,H3-9225351343984
EP-00675,Bank_Branch,West Bengal,Howrah,27.380083,78.873815,H3-5844891364480
EP-00676,ATM,Bihar,Gaya,8.902689,78.039359,H3-5474604924623
EP-00677,Merchant_QR,Maharashtra,Pune,10.994152,77.17508,H3-6546801409451
EP-00678,Bank_Branch,Tamil Nadu,Coimbatore,12.853543,82.054446,H3-5626947642917
EP-00679,AePS_BC,Bihar,Muzaffarpur,19.635239,85.969434,H3-2957122905295
EP-00680,AePS_BC,Delhi,New Delhi,9.093602,83.301047,H3-3508169812950
EP-00681,AePS_BC,West Bengal,Howrah,14.691239,75.797625,H3-1310627679780
EP-00682,AePS_BC,Bihar,Muzaffarpur,10.507424,71.352422,H3-7426521935900
EP-00683,Bank_Branch,Karnataka,Mysuru,23.588583,83.848256,H3-6283156331783
EP-00684,Crypto_P2P,Delhi,South East Delhi,27.300537,87.876009,H3-3446575696230
EP-00685,ATM,West Bengal,Howrah,20.689458,71.488727,H3-9494980732759
EP-00686,POS_Cashback,Telangana,Hyderabad,27.15412,70.565663,H3-3161207540419
EP-00687,AePS_BC,Maharashtra,Nagpur,14.738944,83.177549,H3-2311818401569
EP-00688,POS_Cashback,Uttar Pradesh,Gautam Buddha Nagar,20.9677,72.955698,H3-9783171357514
EP-00689,AePS_BC,Tamil Nadu,Coimbatore,23.753593,81.409585,H3-4978131198052
EP-00690,Merchant_QR,Madhya Pradesh,Indore,18.489874,88.346194,H3-6434175446981
EP-00691,ATM,Telangana,Hyderabad,27.479169,79.273937,H3-7689554970901
EP-00692,POS_Cashback,Bihar,Patna,27.279905,84.317834,H3-2707448454663
EP-00693,POS_Cashback,Bihar,Bhagalpur,8.568573,77.092725,H3-2959354438025
EP-00694,ATM,Telangana,Warangal,21.613322,81.879241,H3-6635720837376
EP-00695,ATM,Rajasthan,Udaipur,10.388254,73.426813,H3-6885922085877
EP-00696,AePS_BC,Bihar,Gaya,24.696468,84.899434,H3-2641413268668
EP-00697,Merchant_QR,Telangana,Nizamabad,25.422574,79.229783,H3-9749314248337
EP-00698,Merchant_QR,Uttar Pradesh,Varanasi,14.690743,70.557909,H3-8419711533527
EP-00699,AePS_BC,Karnataka,Mangaluru,18.866901,80.435796,H3-5182037477627
EP-00700,ATM,Tamil Nadu,Chennai,9.410569,82.08599,H3-5476799013414
EP-00701,AePS_BC,Maharashtra,Mumbai,14.389789,78.803426,H3-9200352856120
EP-00702,ATM,Uttar Pradesh,Jaunpur,16.103995,83.810746,H3-8377023327792
EP-00703,Merchant_QR,Maharashtra,Nashik,8.474333,85.562696,H3-4828141798910
EP-00704,Bank_Branch,Karnataka,Mysuru,22.020661,71.903662,H3-5999937500719
EP-00705,Merchant_QR,Rajasthan,Kota,10.343581,75.275476,H3-3682326722345
EP-00706,ATM,Bihar,Gaya,16.725019,73.345758,H3-1586474917496
EP-00707,Prepaid,Tamil Nadu,Chennai,24.046828,77.891455,H3-1488524835047
EP-00708,AePS_BC,Tamil Nadu,Madurai,22.949971,78.79678,H3-3359671066172
EP-00709,AePS_BC,Rajasthan,Udaipur,26.755147,81.771265,H3-1831306438271
EP-00710,Merchant_QR,Madhya Pradesh,Jabalpur,27.203229,86.071286,H3-9842732119191
EP-00711,AePS_BC,Bihar,Patna,14.79898,69.396992,H3-1120300772549
EP-00712,AePS_BC,Uttar Pradesh,Lucknow,14.558027,79.317122,H3-5930634589491
EP-00713,Merchant_QR,Delhi,South East Delhi,19.2532,86.23151,H3-2039903838375
EP-00714,Merchant_QR,Karnataka,Mysuru,19.390064,72.568012,H3-2012021981010
EP-00715,Merchant_QR,Madhya Pradesh,Indore,29.29213,81.704007,H3-1574814804021
EP-00716,AePS_BC,West Bengal,North 24 Parganas,21.048094,87.501372,H3-5753042644080
EP-00717,Merchant_QR,Bihar,Bhagalpur,10.937217,74.936795,H3-9531303778920
EP-00718,Prepaid,Uttar Pradesh,Varanasi,13.638978,82.853524,H3-4079236601085
EP-00719,Merchant_QR,Karnataka,Mangaluru,25.443564,84.234735,H3-2214177760016
EP-00720,AePS_BC,Telangana,Hyderabad,10.513448,83.561004,H3-2601031698446
EP-00721,Merchant_QR,Karnataka,Bengaluru Urban,29.289833,70.112027,H3-5000478839238
EP-00722,AePS_BC,Telangana,Warangal,17.139373,73.438217,H3-3036513484536
EP-00723,Bank_Branch,Delhi,West Delhi,30.249117,81.810643,H3-4046672259347
EP-00724,ATM,Karnataka,Bengaluru Urban,10.271535,69.639028,H3-3080210072877
EP-00725,ATM,Uttar Pradesh,Varanasi,11.719152,80.115197,H3-2205236664904
EP-00726,AePS_BC,Uttar Pradesh,Kanpur Nagar,21.079586,73.837404,H3-5715889184134
EP-00727,ATM,Rajasthan,Udaipur,30.033279,79.411049,H3-5416808090535
EP-00728,Merchant_QR,Maharashtra,Pune,22.664777,75.851362,H3-5710727262675
EP-00729,Crypto_P2P,West Bengal,Kolkata,23.93318,86.765363,H3-4881437441710
EP-00730,AePS_BC,Madhya Pradesh,Bhopal,27.746134,86.625963,H3-3911196633199
EP-00731,POS_Cashback,Maharashtra,Thane,18.042061,80.318951,H3-3501192879998
EP-00732,Crypto_P2P,West Bengal,North 24 Parganas,28.261319,72.723724,H3-1453722311377
EP-00733,AePS_BC,Maharashtra,Nagpur,25.474549,82.138608,H3-7137385784553
EP-00734,Merchant_QR,Uttar Pradesh,Lucknow,8.895114,85.086809,H3-1743521292220
EP-00735,AePS_BC,Telangana,Warangal,8.947202,78.388571,H3-2671505779495
EP-00736,Merchant_QR,Rajasthan,Kota,9.654242,74.860094,H3-3728028762536
EP-00737,Crypto_P2P,Telangana,Nizamabad,18.981268,74.735706,H3-1811829446464
EP-00738,Bank_Branch,Maharashtra,Pune,23.513113,83.501852,H3-5816006307937
EP-00739,Bank_Branch,Madhya Pradesh,Bhopal,16.403151,86.98979,H3-7208285778572
EP-00740,ATM,Bihar,Bhagalpur,10.309438,82.076169,H3-9611248739095
EP-00741,AePS_BC,Telangana,Nizamabad,29.042117,87.582029,H3-2359226215162
EP-00742,AePS_BC,Karnataka,Mysuru,17.849485,76.970653,H3-7137964675391
EP-00743,Merchant_QR,Karnataka,Mysuru,29.658363,86.998903,H3-1499793470969
EP-00744,Merchant_QR,Delhi,West Delhi,8.765729,78.468519,H3-1055806804851
EP-00745,ATM,Telangana,Nizamabad,20.074145,74.509408,H3-4981424939531
EP-00746,POS_Cashback,Rajasthan,Jodhpur,16.135903,83.522611,H3-4193830503596
EP-00747,ATM,Telangana,Warangal,17.475399,73.667562,H3-3161013771632
EP-00748,Merchant_QR,Telangana,Nizamabad,9.923236,82.192212,H3-7283228614579
EP-00749,Prepaid,Tamil Nadu,Coimbatore,21.116875,87.210696,H3-7332865145888
EP-00750,AePS_BC,Uttar Pradesh,Varanasi,15.18375,88.471994,H3-1012188778560
EP-00751,AePS_BC,Karnataka,Bengaluru Urban,8.764286,69.292124,H3-7241875565016
EP-00752,ATM,Karnataka,Mysuru,11.119669,73.565854,H3-7843817556169
EP-00753,ATM,Delhi,South East Delhi,23.270907,79.107796,H3-7406890754630
EP-00754,Crypto_P2P,West Bengal,Howrah,28.077963,75.527052,H3-4717254701522
EP-00755,AePS_BC,Uttar Pradesh,Jaunpur,27.214131,79.253604,H3-9236471069899
EP-00756,AePS_BC,Bihar,Bhagalpur,29.432476,79.779393,H3-4580307813651
EP-00757,Bank_Branch,Karnataka,Mysuru,23.481151,69.009387,H3-7088696524871
EP-00758,ATM,Rajasthan,Jodhpur,29.778216,80.314234,H3-3335610580371
EP-00759,ATM,Uttar Pradesh,Gautam Buddha Nagar,22.14491,69.697342,H3-3915797806273
EP-00760,Merchant_QR,West Bengal,North 24 Parganas,30.109573,71.849696,H3-5732415358594
EP-00761,POS_Cashback,Uttar Pradesh,Gautam Buddha Nagar,10.056695,74.257699,H3-4678496939177
EP-00762,POS_Cashback,Uttar Pradesh,Kanpur Nagar,24.924312,77.680242,H3-5446122728328
EP-00763,AePS_BC,West Bengal,North 24 Parganas,15.052952,75.262329,H3-2616535892113
EP-00764,AePS_BC,Bihar,Gaya,16.230403,70.405709,H3-7869865189710
EP-00765,AePS_BC,Maharashtra,Pune,23.454698,82.168099,H3-3693270189672
EP-00766,Merchant_QR,Uttar Pradesh,Jaunpur,27.581211,76.32329,H3-3821852877731
EP-00767,Merchant_QR,Madhya Pradesh,Bhopal,11.609002,78.620722,H3-6926669789503
EP-00768,Merchant_QR,Uttar Pradesh,Varanasi,18.024117,85.270062,H3-3822296640828
EP-00769,ATM,Karnataka,Mangaluru,23.678062,73.477934,H3-4877398133440
EP-00770,POS_Cashback,Maharashtra,Thane,18.994695,81.818783,H3-7726321541404
EP-00771,ATM,Maharashtra,Mumbai,24.377358,84.676507,H3-6247089740525
EP-00772,Merchant_QR,Maharashtra,Nashik,23.21499,68.967119,H3-9264577841634
EP-00773,POS_Cashback,Rajasthan,Udaipur,22.491584,83.961275,H3-7301973828065
EP-00774,Crypto_P2P,West Bengal,Kolkata,10.4524,69.776932,H3-8877326074550
EP-00775,ATM,Karnataka,Mangaluru,10.582154,76.537267,H3-1797296313350
EP-00776,AePS_BC,Rajasthan,Jaipur,21.657292,83.514068,H3-1742043636328
EP-00777,ATM,Bihar,Bhagalpur,10.914496,86.530687,H3-8900147270243
EP-00778,Crypto_P2P,West Bengal,North 24 Parganas,24.023828,68.190641,H3-9531609939367
EP-00779,Crypto_P2P,Delhi,West Delhi,17.713575,73.556062,H3-7836468461547
EP-00780,ATM,Maharashtra,Nashik,16.07025,70.48663,H3-5359494328958
EP-00781,AePS_BC,Bihar,Muzaffarpur,26.586258,82.014312,H3-8608317740536
EP-00782,AePS_BC,Madhya Pradesh,Bhopal,13.774619,73.96195,H3-9244851180933
EP-00783,AePS_BC,Uttar Pradesh,Kanpur Nagar,14.13278,78.188072,H3-5920430026796
EP-00784,Bank_Branch,Rajasthan,Jodhpur,9.21002,83.249579,H3-1910787804225
EP-00785,POS_Cashback,Madhya Pradesh,Indore,8.154923,75.090824,H3-6107091557751
EP-00786,ATM,Uttar Pradesh,Gautam Buddha Nagar,28.095753,74.940248,H3-8470722568096
EP-00787,Bank_Branch,West Bengal,Howrah,29.53191,74.457733,H3-1443224022201
EP-00788,ATM,Karnataka,Mysuru,13.466542,86.27909,H3-9845933121158
EP-00789,POS_Cashback,Karnataka,Mysuru,27.670862,86.778853,H3-1344471688627
EP-00790,Prepaid,Bihar,Gaya,26.444868,70.090143,H3-2420834713102
EP-00791,ATM,West Bengal,Kolkata,15.938583,74.899051,H3-3419715437887
EP-00792,Prepaid,Rajasthan,Kota,19.251496,77.587045,H3-4538529004218
EP-00793,Merchant_QR,Tamil Nadu,Coimbatore,23.214156,80.135448,H3-1699407301475
EP-00794,ATM,Uttar Pradesh,Jaunpur,23.213722,80.554601,H3-8100481128976
EP-00795,Bank_Branch,Madhya Pradesh,Indore,9.736888,76.015979,H3-7897409939245
EP-00796,POS_Cashback,Telangana,Warangal,12.836458,72.499165,H3-2773422824515
EP-00797,ATM,Maharashtra,Mumbai,25.330076,80.773208,H3-9054067948785
EP-00798,ATM,Bihar,Bhagalpur,13.405926,83.520399,H3-6098708405999
EP-00799,ATM,Telangana,Hyderabad,29.822394,82.807067,H3-1980031309307
EP-00800,AePS_BC,Madhya Pradesh,Bhopal,27.385321,83.760326,H3-5236350455168
EP-00801,Bank_Branch,Tamil Nadu,Coimbatore,17.53252,68.271527,H3-3044898198985
EP-00802,AePS_BC,Delhi,North East Delhi,21.458997,82.518858,H3-1165191403297
EP-00803,Prepaid,Karnataka,Bengaluru Urban,30.436323,81.015415,H3-5060141198147
EP-00804,AePS_BC,West Bengal,North 24 Parganas,20.773067,74.799963,H3-4984370408668
EP-00805,ATM,Bihar,Muzaffarpur,11.774848,79.666741,H3-7949717086986
EP-00806,Crypto_P2P,Delhi,West Delhi,22.448997,85.771358,H3-2173837015743
EP-00807,Merchant_QR,Madhya Pradesh,Bhopal,17.85465,86.370746,H3-8013846722687
EP-00808,ATM,Madhya Pradesh,Jabalpur,26.620809,77.173807,H3-7018784376777
EP-00809,POS_Cashback,West Bengal,North 24 Parganas,29.096349,81.518149,H3-5528976052035
EP-00810,AePS_BC,Delhi,West Delhi,20.051363,68.102969,H3-4068886708964
EP-00811,Merchant_QR,Karnataka,Mysuru,24.131349,85.581926,H3-3635146578707
EP-00812,Bank_Branch,Madhya Pradesh,Jabalpur,22.18035,78.940952,H3-2290143818026
EP-00813,ATM,Delhi,South East Delhi,11.355569,84.110794,H3-7256712103466
EP-00814,Bank_Branch,Uttar Pradesh,Gautam Buddha Nagar,17.12762,80.649626,H3-4442737118871
EP-00815,AePS_BC,Uttar Pradesh,Varanasi,18.031379,71.616074,H3-3855785531731
EP-00816,AePS_BC,Uttar Pradesh,Gautam Buddha Nagar,23.030923,77.536157,H3-2786564179573
EP-00817,Prepaid,Tamil Nadu,Madurai,15.858266,73.91551,H3-6414205461303
EP-00818,AePS_BC,Telangana,Warangal,9.636587,87.959494,H3-7015590024541
EP-00819,ATM,Tamil Nadu,Coimbatore,9.104504,73.356257,H3-7579148528411
EP-00820,AePS_BC,Telangana,Warangal,25.592084,84.23657,H3-3746853945965
EP-00821,ATM,Tamil Nadu,Coimbatore,15.152389,84.698332,H3-5183775857579
EP-00822,Crypto_P2P,Bihar,Patna,17.942405,85.738608,H3-7016298036364
EP-00823,Bank_Branch,West Bengal,Kolkata,19.994245,75.246856,H3-1634496882006
EP-00824,AePS_BC,Madhya Pradesh,Jabalpur,25.441442,88.338808,H3-1717718730552
EP-00825,POS_Cashback,Tamil Nadu,Chennai,14.271073,70.592598,H3-9823307840348
EP-00826,POS_Cashback,West Bengal,North 24 Parganas,10.072429,77.106967,H3-9094174827037
EP-00827,AePS_BC,Bihar,Gaya,28.259426,81.332336,H3-2152142125666
EP-00828,Merchant_QR,Bihar,Bhagalpur,26.056957,83.277669,H3-3213244838454
EP-00829,Merchant_QR,Tamil Nadu,Chennai,15.064446,71.279481,H3-4345691475448
EP-00830,AePS_BC,Delhi,New Delhi,28.146647,75.277952,H3-8694757637782
EP-00831,Prepaid,Telangana,Hyderabad,8.280053,81.343053,H3-4506546583413
EP-00832,ATM,Karnataka,Mysuru,15.224901,85.825944,H3-3717757186798
EP-00833,Merchant_QR,Karnataka,Mangaluru,24.785111,85.28143,H3-8518698034341
EP-00834,POS_Cashback,Maharashtra,Mumbai,11.554583,69.923549,H3-4723427385160
EP-00835,AePS_BC,Rajasthan,Jodhpur,27.705077,73.393694,H3-4854910123119
EP-00836,Bank_Branch,Bihar,Gaya,27.942393,71.539155,H3-4505369206778
EP-00837,Bank_Branch,Bihar,Bhagalpur,29.168084,69.021391,H3-9371866934058
EP-00838,Crypto_P2P,Maharashtra,Thane,14.788219,72.098799,H3-7064010424637
EP-00839,Crypto_P2P,Maharashtra,Mumbai,25.699797,85.56576,H3-6585055815375
EP-00840,AePS_BC,Bihar,Muzaffarpur,20.183514,73.59347,H3-8533440120963
EP-00841,POS_Cashback,Telangana,Hyderabad,21.003151,81.187423,H3-1563603021002
EP-00842,Bank_Branch,Maharashtra,Thane,10.152507,88.213687,H3-9525402941048
EP-00843,Merchant_QR,Karnataka,Mangaluru,8.375401,73.819075,H3-2457580753904
EP-00844,Merchant_QR,Rajasthan,Jodhpur,18.992561,87.877285,H3-1795388738264
EP-00845,Crypto_P2P,Bihar,Gaya,27.502641,72.519076,H3-9526155501382
EP-00846,ATM,Delhi,West Delhi,11.330107,87.127319,H3-2780782396600
EP-00847,Bank_Branch,Rajasthan,Kota,12.205855,72.623813,H3-4510631697133
EP-00848,Bank_Branch,Maharashtra,Thane,13.753939,69.347916,H3-9001062135487
EP-00849,ATM,Madhya Pradesh,Bhopal,21.580127,73.044819,H3-2463909035983
EP-00850,Bank_Branch,Maharashtra,Nagpur,15.549783,78.291434,H3-2797512487557
EP-00851,ATM,Karnataka,Mangaluru,29.096857,75.262859,H3-6898832985881
EP-00852,AePS_BC,Tamil Nadu,Madurai,18.097492,87.033241,H3-3843035845059
EP-00853,ATM,Bihar,Patna,28.253712,84.005398,H3-7321329478620
EP-00854,AePS_BC,Telangana,Hyderabad,19.980145,70.765728,H3-6670803218390
EP-00855,Crypto_P2P,Maharashtra,Nagpur,8.622501,76.049429,H3-3077274238996
EP-00856,Merchant_QR,Delhi,South East Delhi,9.13936,72.096198,H3-6407834316138
EP-00857,Merchant_QR,West Bengal,North 24 Parganas,21.102365,75.219106,H3-2802753858420
EP-00858,POS_Cashback,Karnataka,Bengaluru Urban,12.703711,74.417393,H3-8488617935361
EP-00859,AePS_BC,Rajasthan,Kota,8.786509,74.849806,H3-5568388181725
EP-00860,Bank_Branch,Telangana,Hyderabad,22.764855,68.203781,H3-5064136723693
EP-00861,ATM,Delhi,New Delhi,22.46526,73.889602,H3-9400863911228
EP-00862,AePS_BC,Karnataka,Mysuru,21.409938,82.610526,H3-8338708259393
EP-00863,POS_Cashback,Delhi,South East Delhi,30.055063,80.202259,H3-3077773038387
EP-00864,ATM,Maharashtra,Nashik,27.85831,86.039111,H3-9330809556606
EP-00865,ATM,Maharashtra,Thane,14.586316,69.906118,H3-6160321597611
EP-00866,POS_Cashback,Telangana,Hyderabad,27.864259,78.680354,H3-7646281774798
EP-00867,AePS_BC,Uttar Pradesh,Gautam Buddha Nagar,12.883461,81.227473,H3-4043814517214
EP-00868,Crypto_P2P,Karnataka,Bengaluru Urban,9.721718,88.381036,H3-6133915292906
EP-00869,ATM,Bihar,Bhagalpur,21.78365,79.921627,H3-3603453089063
EP-00870,AePS_BC,West Bengal,Howrah,10.991055,79.158902,H3-2780636651521
EP-00871,Merchant_QR,Madhya Pradesh,Bhopal,19.748162,75.385242,H3-9044459733941
EP-00872,POS_Cashback,West Bengal,Howrah,26.348126,73.966488,H3-2803136043098
EP-00873,AePS_BC,Rajasthan,Udaipur,20.192985,83.277081,H3-8743220536816
EP-00874,ATM,Maharashtra,Mumbai,14.708778,82.127268,H3-8065080816722
EP-00875,ATM,Uttar Pradesh,Gautam Buddha Nagar,24.310821,87.6176,H3-8282240301823
EP-00876,Prepaid,West Bengal,Kolkata,28.610407,73.273534,H3-8350109942051
EP-00877,Merchant_QR,Maharashtra,Thane,19.786805,78.701617,H3-6645544739974
EP-00878,Merchant_QR,Karnataka,Mangaluru,21.654475,85.361847,H3-7521415581360
EP-00879,Merchant_QR,Tamil Nadu,Madurai,14.662795,81.014202,H3-3840844710210
EP-00880,ATM,Telangana,Warangal,16.2742,81.309657,H3-4184659397491
EP-00881,Merchant_QR,West Bengal,North 24 Parganas,23.263368,79.051682,H3-5064732617685
EP-00882,POS_Cashback,Rajasthan,Udaipur,18.812989,74.696957,H3-5052245161695
EP-00883,AePS_BC,West Bengal,Howrah,24.910372,84.131542,H3-1204003434547
EP-00884,Merchant_QR,Karnataka,Mangaluru,28.607341,72.386896,H3-8772358777317
EP-00885,Prepaid,Maharashtra,Mumbai,24.591785,78.138284,H3-8493631805853
EP-00886,ATM,Madhya Pradesh,Indore,15.551565,75.127524,H3-5014801300077
EP-00887,Crypto_P2P,Tamil Nadu,Chennai,14.444671,79.991309,H3-9327807925812
EP-00888,ATM,Rajasthan,Jodhpur,9.417981,78.294717,H3-4739641481466
EP-00889,Merchant_QR,Uttar Pradesh,Kanpur Nagar,14.799269,73.963869,H3-1947189095187
EP-00890,Crypto_P2P,Tamil Nadu,Madurai,28.324725,87.799586,H3-2339637125844
EP-00891,ATM,Delhi,North East Delhi,11.862799,83.002279,H3-5456222081769
EP-00892,POS_Cashback,Madhya Pradesh,Jabalpur,23.8827,86.693844,H3-2985111889382
EP-00893,Prepaid,Maharashtra,Pune,12.563681,84.001862,H3-2286973331786
EP-00894,Merchant_QR,Tamil Nadu,Coimbatore,29.178764,76.369124,H3-3133080485917
EP-00895,Merchant_QR,Telangana,Nizamabad,13.460427,84.928546,H3-4992744138367
EP-00896,Bank_Branch,Telangana,Hyderabad,16.133229,71.466563,H3-1511173697535
EP-00897,POS_Cashback,Maharashtra,Nashik,12.635889,76.270733,H3-7094998403379
EP-00898,POS_Cashback,Rajasthan,Udaipur,27.888813,83.117519,H3-7855433145341
EP-00899,AePS_BC,Karnataka,Mangaluru,19.997736,80.633722,H3-9509605688321
EP-00900,Merchant_QR,West Bengal,Howrah,22.40505,69.444931,H3-1792436932429
EP-00901,Merchant_QR,Maharashtra,Mumbai,19.85545,75.405168,H3-1374883639368
EP-00902,POS_Cashback,West Bengal,Kolkata,26.587687,76.131349,H3-7284023923255
EP-00903,Merchant_QR,Karnataka,Mysuru,19.17438,87.015405,H3-3788845564791
EP-00904,ATM,Tamil Nadu,Madurai,13.525367,73.22927,H3-6469795275539
EP-00905,AePS_BC,Karnataka,Mangaluru,15.563986,75.510147,H3-4353084583946
EP-00906,ATM,Tamil Nadu,Madurai,16.948811,71.223598,H3-8680483443648
EP-00907,AePS_BC,Tamil Nadu,Madurai,21.606594,72.112958,H3-6757534030468
EP-00908,AePS_BC,Uttar Pradesh,Kanpur Nagar,14.65446,73.25223,H3-7082297323976
EP-00909,ATM,Delhi,South East Delhi,25.6804,69.894627,H3-6571317667931
EP-00910,Prepaid,West Bengal,Howrah,17.833268,82.649768,H3-8233844037049
EP-00911,Merchant_QR,West Bengal,North 24 Parganas,18.272213,73.856676,H3-4398221478643
EP-00912,AePS_BC,Karnataka,Mangaluru,8.941172,85.947319,H3-9965944220205
EP-00913,ATM,Rajasthan,Kota,22.749046,83.983307,H3-5655291958282
EP-00914,AePS_BC,Maharashtra,Nagpur,24.135096,85.68965,H3-4790072876014
EP-00915,POS_Cashback,Telangana,Nizamabad,13.345638,74.319357,H3-6689437498069
EP-00916,AePS_BC,Madhya Pradesh,Bhopal,15.483452,73.902591,H3-5787831090095
EP-00917,ATM,Uttar Pradesh,Varanasi,22.880079,75.538603,H3-5570700392392
EP-00918,ATM,Delhi,South East Delhi,8.487555,68.310997,H3-5757527844973
EP-00919,AePS_BC,Karnataka,Mysuru,27.042008,71.342249,H3-3183284920477
EP-00920,AePS_BC,West Bengal,Howrah,22.246934,87.424226,H3-4352057294056
EP-00921,ATM,Maharashtra,Nashik,20.792833,74.151528,H3-2397516175517
EP-00922,ATM,Karnataka,Mysuru,24.733556,70.18059,H3-5985593387994
EP-00923,ATM,Maharashtra,Nagpur,26.496968,75.556214,H3-7455948249848
EP-00924,Crypto_P2P,Uttar Pradesh,Jaunpur,10.247677,84.938522,H3-6609959657835
EP-00925,ATM,Maharashtra,Nagpur,19.48887,82.674525,H3-8332516428331
EP-00926,Bank_Branch,Rajasthan,Kota,8.562357,87.06597,H3-7730245118874
EP-00927,Merchant_QR,Rajasthan,Kota,22.904574,73.054687,H3-7223576252637
EP-00928,ATM,Karnataka,Bengaluru Urban,19.25356,75.008536,H3-9168343779045
EP-00929,AePS_BC,Madhya Pradesh,Bhopal,9.078156,70.645574,H3-5285337902572
EP-00930,Bank_Branch,Karnataka,Mangaluru,18.270169,88.293317,H3-4265705875939
EP-00931,Merchant_QR,Maharashtra,Pune,10.893278,69.247018,H3-5879031449008
EP-00932,Bank_Branch,Telangana,Nizamabad,8.736833,73.204784,H3-9244321940777
EP-00933,AePS_BC,Bihar,Patna,20.785224,69.607467,H3-3855060639229
EP-00934,AePS_BC,Tamil Nadu,Madurai,27.479054,79.347724,H3-2623744728779
EP-00935,ATM,Tamil Nadu,Chennai,20.359615,77.710659,H3-6452947333539
EP-00936,Merchant_QR,Uttar Pradesh,Varanasi,28.834573,68.839662,H3-2206640943965
EP-00937,AePS_BC,Tamil Nadu,Chennai,14.933812,79.05732,H3-6029251108775
EP-00938,AePS_BC,Karnataka,Bengaluru Urban,17.770704,86.047551,H3-1912054475792
EP-00939,POS_Cashback,West Bengal,North 24 Parganas,25.537184,74.979767,H3-5467745276408
EP-00940,ATM,Uttar Pradesh,Gautam Buddha Nagar,27.23961,71.814483,H3-3956197359816
EP-00941,ATM,Maharashtra,Thane,25.013928,69.627578,H3-7199162179248
EP-00942,ATM,Uttar Pradesh,Gautam Buddha Nagar,8.043135,77.478396,H3-3731393720365
EP-00943,AePS_BC,Maharashtra,Mumbai,11.361568,83.803137,H3-7293515312435
EP-00944,Bank_Branch,West Bengal,North 24 Parganas,15.719236,71.57537,H3-6526735314316
EP-00945,POS_Cashback,Karnataka,Mysuru,29.635349,75.701593,H3-5628059950523
EP-00946,Merchant_QR,Telangana,Nizamabad,21.105525,80.420509,H3-8970797623958
EP-00947,ATM,Madhya Pradesh,Indore,9.610038,83.397863,H3-7252552233378
EP-00948,POS_Cashback,West Bengal,North 24 Parganas,8.778487,83.894028,H3-6959462407820
EP-00949,AePS_BC,Maharashtra,Mumbai,9.901111,77.911427,H3-9468279045947
EP-00950,POS_Cashback,Delhi,South East Delhi,29.622867,69.267708,H3-4873046119506
EP-00951,ATM,Telangana,Hyderabad,16.475518,78.69256,H3-4293375373689
EP-00952,Bank_Branch,West Bengal,Kolkata,12.612998,88.180964,H3-3804877110898
EP-00953,AePS_BC,Tamil Nadu,Chennai,10.079315,72.338322,H3-1078286615159
EP-00954,ATM,Maharashtra,Nagpur,9.68951,88.352035,H3-3667475835007
EP-00955,Merchant_QR,Madhya Pradesh,Indore,18.898027,77.367951,H3-7811037561611
EP-00956,Merchant_QR,Tamil Nadu,Coimbatore,8.216234,69.369271,H3-5520975490672
EP-00957,Merchant_QR,Tamil Nadu,Chennai,13.088467,76.716565,H3-3293574377830
EP-00958,Merchant_QR,Maharashtra,Thane,10.370577,82.041308,H3-8623853307594
EP-00959,Bank_Branch,Maharashtra,Nashik,19.216649,74.377887,H3-2854106196453
EP-00960,Crypto_P2P,Uttar Pradesh,Gautam Buddha Nagar,27.894648,68.132389,H3-7209539885253
EP-00961,ATM,Bihar,Muzaffarpur,23.100903,88.492128,H3-9809438029041
EP-00962,Merchant_QR,Rajasthan,Udaipur,29.327487,80.699626,H3-8283988820932
EP-00963,AePS_BC,Maharashtra,Nagpur,21.229742,87.239235,H3-6875336642856
EP-00964,AePS_BC,Maharashtra,Mumbai,9.307679,84.353092,H3-6984920536314
EP-00965,Merchant_QR,Bihar,Bhagalpur,9.429724,70.71052,H3-3015814104258
EP-00966,POS_Cashback,Rajasthan,Kota,14.87332,84.98506,H3-1699840774546
EP-00967,Merchant_QR,Delhi,North East Delhi,23.787582,87.19882,H3-2388430527791
EP-00968,Merchant_QR,West Bengal,Kolkata,29.980854,85.362864,H3-6018776505195
EP-00969,Merchant_QR,Uttar Pradesh,Jaunpur,29.915716,68.452458,H3-9057410531231
EP-00970,Prepaid,Rajasthan,Kota,11.40542,74.402888,H3-9399420351010
EP-00971,AePS_BC,Madhya Pradesh,Bhopal,24.669588,71.451722,H3-8233604846844
EP-00972,ATM,Delhi,West Delhi,13.749067,71.405384,H3-4294356437553
EP-00973,Merchant_QR,West Bengal,North 24 Parganas,22.056277,78.977965,H3-3885849645627
EP-00974,Prepaid,West Bengal,Howrah,20.457781,77.384695,H3-4993113544932
EP-00975,ATM,Maharashtra,Pune,23.256359,68.621992,H3-9429647349436
EP-00976,Crypto_P2P,West Bengal,Kolkata,13.899295,79.028433,H3-6027562683005
EP-00977,Prepaid,Karnataka,Mysuru,29.581185,81.217755,H3-3911299695452
EP-00978,POS_Cashback,Bihar,Muzaffarpur,14.428707,78.540077,H3-4833536701419
EP-00979,ATM,Delhi,New Delhi,25.773409,73.239955,H3-1872907186233
EP-00980,AePS_BC,Madhya Pradesh,Bhopal,28.616613,74.828053,H3-7147826620160
EP-00981,Merchant_QR,Delhi,South East Delhi,21.507411,72.939588,H3-6235544356219
EP-00982,Prepaid,Tamil Nadu,Coimbatore,25.828603,84.041219,H3-3218885724952
EP-00983,AePS_BC,Uttar Pradesh,Gautam Buddha Nagar,12.353317,74.52185,H3-5447160276279
EP-00984,AePS_BC,West Bengal,Howrah,21.997545,70.133305,H3-8139116672197
EP-00985,Merchant_QR,Delhi,New Delhi,24.40315,86.324923,H3-5897662571764
EP-00986,ATM,West Bengal,Howrah,25.911639,80.395139,H3-6477666325200
EP-00987,AePS_BC,Delhi,North East Delhi,17.959469,84.71186,H3-2720033487927
EP-00988,AePS_BC,Rajasthan,Udaipur,23.860506,73.490207,H3-1167049540785
EP-00989,Bank_Branch,Rajasthan,Kota,27.764279,78.041852,H3-2388829993768
EP-00990,Merchant_QR,Uttar Pradesh,Lucknow,8.397564,87.626447,H3-2850248900248
EP-00991,ATM,Delhi,South East Delhi,9.71956,77.375218,H3-8431626497431
EP-00992,Crypto_P2P,Delhi,South East Delhi,26.709295,81.807714,H3-3230134286736
EP-00993,ATM,Tamil Nadu,Madurai,9.752516,76.726685,H3-1955716326553
EP-00994,Merchant_QR,Rajasthan,Jodhpur,23.149841,81.541163,H3-9600655785731
EP-00995,Bank_Branch,Telangana,Nizamabad,16.819056,80.492334,H3-4480633547137
EP-00996,Bank_Branch,Tamil Nadu,Chennai,28.467055,72.821964,H3-8843713387324
EP-00997,ATM,Karnataka,Mangaluru,17.558422,75.933133,H3-4610078982584
EP-00998,POS_Cashback,Maharashtra,Nagpur,14.226568,82.723896,H3-8405412165809
EP-00999,Bank_Branch,Madhya Pradesh,Jabalpur,22.541432,78.451755,H3-8944287805223
EP-01000,AePS_BC,Rajasthan,Jodhpur,14.631566,80.822453,H3-7908289761244
EP-01001,Merchant_QR,Karnataka,Bengaluru Urban,19.422344,76.801401,H3-2758724673799
EP-01002,Merchant_QR,Karnataka,Bengaluru Urban,29.829356,69.449949,H3-2156429803384
EP-01003,Merchant_QR,Madhya Pradesh,Indore,28.906882,71.794822,H3-9925562359423
EP-01004,AePS_BC,Madhya Pradesh,Jabalpur,23.40962,79.612153,H3-4753248922378
EP-01005,POS_Cashback,Bihar,Gaya,12.734798,75.595813,H3-6335183928410
EP-01006,AePS_BC,Uttar Pradesh,Jaunpur,25.135187,83.387601,H3-9946271613708
EP-01007,ATM,Tamil Nadu,Coimbatore,11.256745,71.166207,H3-9609750197514
EP-01008,Merchant_QR,Rajasthan,Udaipur,25.947189,84.281596,H3-9127850717629
EP-01009,Prepaid,Bihar,Patna,16.89293,74.552027,H3-9942653350704
EP-01010,Crypto_P2P,Bihar,Gaya,9.088531,70.001913,H3-7683142018114
EP-01011,Merchant_QR,Bihar,Muzaffarpur,22.200148,77.444881,H3-8354556440324
EP-01012,POS_Cashback,West Bengal,Howrah,26.401994,79.303754,H3-2293029841773
EP-01013,Merchant_QR,Telangana,Nizamabad,13.813969,85.080233,H3-9223619011440
EP-01014,ATM,Rajasthan,Kota,15.524242,69.263025,H3-2563745965222
EP-01015,POS_Cashback,Delhi,West Delhi,11.787024,87.319166,H3-7066777943700
EP-01016,AePS_BC,Tamil Nadu,Coimbatore,19.321279,82.708089,H3-3754332384707
EP-01017,Prepaid,Telangana,Warangal,15.224044,73.443377,H3-7200643302386
EP-01018,Bank_Branch,West Bengal,North 24 Parganas,8.83184,87.324447,H3-7153780282325
EP-01019,AePS_BC,Madhya Pradesh,Indore,28.918197,72.733225,H3-6931359248032
EP-01020,Crypto_P2P,Madhya Pradesh,Indore,23.003558,84.968919,H3-5621210548402
EP-01021,Prepaid,Delhi,New Delhi,18.67761,87.662013,H3-4980767926298
EP-01022,Merchant_QR,Karnataka,Mysuru,20.489045,82.716488,H3-1477482978173
EP-01023,POS_Cashback,Telangana,Warangal,10.140992,73.970509,H3-2342449495035
EP-01024,ATM,Maharashtra,Mumbai,22.024599,84.867506,H3-3287460147148
EP-01025,ATM,Rajasthan,Udaipur,24.440483,87.393055,H3-6754696649293
EP-01026,AePS_BC,Maharashtra,Pune,10.107477,80.840441,H3-7191192000736
EP-01027,Prepaid,Telangana,Nizamabad,27.802146,80.108949,H3-9833284573031
EP-01028,AePS_BC,Delhi,West Delhi,20.850102,77.259513,H3-4833651240178
EP-01029,POS_Cashback,Delhi,West Delhi,26.822987,75.881468,H3-9271537826084
EP-01030,ATM,Rajasthan,Jodhpur,29.478517,71.448227,H3-3209866045142
EP-01031,AePS_BC,Karnataka,Bengaluru Urban,24.707344,70.083567,H3-9237502771070
EP-01032,ATM,Maharashtra,Nagpur,22.085875,77.9962,H3-9775072300961
EP-01033,Crypto_P2P,Tamil Nadu,Madurai,10.893275,78.407531,H3-9457392981641
EP-01034,ATM,Uttar Pradesh,Lucknow,9.364006,81.245846,H3-8220485189732
EP-01035,ATM,Maharashtra,Mumbai,10.056688,83.097501,H3-1520284397670
EP-01036,Merchant_QR,Delhi,South East Delhi,20.887914,69.277368,H3-7663673830028
EP-01037,Merchant_QR,Telangana,Nizamabad,8.474181,83.565837,H3-3531679549075
EP-01038,ATM,West Bengal,North 24 Parganas,25.747564,78.713043,H3-8134210657985
EP-01039,Merchant_QR,Delhi,New Delhi,27.059193,70.058451,H3-7637549723384
EP-01040,Crypto_P2P,Delhi,West Delhi,29.770441,78.60058,H3-1568245275881
EP-01041,ATM,Tamil Nadu,Chennai,29.079739,86.98822,H3-7152078545315
EP-01042,Crypto_P2P,West Bengal,North 24 Parganas,18.965176,74.037847,H3-1247232465219
EP-01043,Crypto_P2P,Uttar Pradesh,Kanpur Nagar,28.199769,83.082212,H3-3497534150525
EP-01044,AePS_BC,West Bengal,Kolkata,21.156576,71.251192,H3-9747661997806
EP-01045,Crypto_P2P,Uttar Pradesh,Jaunpur,27.847007,78.265014,H3-3643032980571
EP-01046,Merchant_QR,West Bengal,Howrah,15.024497,70.115559,H3-2211314169927
EP-01047,Crypto_P2P,Delhi,New Delhi,18.860358,73.81124,H3-6097936727363
EP-01048,Bank_Branch,Rajasthan,Udaipur,12.917483,80.488068,H3-1987554356989
EP-01049,AePS_BC,Karnataka,Mysuru,14.249207,77.076825,H3-8013249310683
EP-01050,Prepaid,Karnataka,Mangaluru,21.60195,72.973892,H3-6029060620000
EP-01051,Prepaid,Bihar,Gaya,18.195381,70.884775,H3-7105047735914
EP-01052,AePS_BC,Madhya Pradesh,Jabalpur,20.573492,77.68203,H3-7773222675080
EP-01053,POS_Cashback,Tamil Nadu,Coimbatore,29.771228,81.864952,H3-9908318675057
EP-01054,Prepaid,Telangana,Nizamabad,26.800547,74.5019,H3-8065257801913
EP-01055,Bank_Branch,Telangana,Nizamabad,24.608812,86.824892,H3-5001452653829
EP-01056,AePS_BC,Tamil Nadu,Chennai,26.252572,74.514712,H3-9794385538419
EP-01057,POS_Cashback,Madhya Pradesh,Jabalpur,10.514135,80.513957,H3-9045595645550
EP-01058,ATM,Rajasthan,Kota,30.088214,79.904436,H3-4553232669951
EP-01059,Merchant_QR,Rajasthan,Jaipur,27.474029,82.916791,H3-5278148791393
EP-01060,Merchant_QR,Delhi,West Delhi,28.419576,82.580143,H3-8172779730265
EP-01061,AePS_BC,Karnataka,Bengaluru Urban,15.143582,79.564315,H3-5684276659112
EP-01062,ATM,Maharashtra,Mumbai,14.653816,84.081652,H3-4667192924280
EP-01063,Merchant_QR,Karnataka,Mangaluru,29.109889,72.339098,H3-3260306718397
EP-01064,ATM,Uttar Pradesh,Kanpur Nagar,10.919906,85.652809,H3-3597126603674
EP-01065,AePS_BC,Maharashtra,Thane,14.563552,74.032488,H3-3803242856241
EP-01066,Merchant_QR,Rajasthan,Jaipur,8.172654,82.395079,H3-4805689325867
EP-01067,Prepaid,Uttar Pradesh,Jaunpur,28.961518,75.983159,H3-1090286232529
EP-01068,Merchant_QR,Bihar,Bhagalpur,11.895806,70.184516,H3-2923047168553
EP-01069,ATM,Delhi,West Delhi,16.336,82.766475,H3-7342768056603
EP-01070,Bank_Branch,Uttar Pradesh,Lucknow,16.382428,76.070389,H3-7107557558712
EP-01071,AePS_BC,Karnataka,Bengaluru Urban,26.10061,84.234042,H3-1979565416865
EP-01072,Merchant_QR,Madhya Pradesh,Indore,12.95914,70.520365,H3-2144746088507
EP-01073,AePS_BC,Karnataka,Mangaluru,20.61766,81.666445,H3-5641173662847
EP-01074,ATM,Telangana,Hyderabad,20.954651,87.86155,H3-8428778218667
EP-01075,AePS_BC,Karnataka,Bengaluru Urban,28.878903,81.84503,H3-3201304823358
EP-01076,AePS_BC,Bihar,Bhagalpur,24.683185,84.415411,H3-4208809085198
EP-01077,Prepaid,Madhya Pradesh,Jabalpur,23.842638,80.04979,H3-4663062944735
EP-01078,AePS_BC,Telangana,Warangal,26.524909,88.346252,H3-6098481053168
EP-01079,POS_Cashback,Rajasthan,Udaipur,10.565876,82.798957,H3-7203397005893
EP-01080,ATM,Bihar,Muzaffarpur,17.361242,77.452246,H3-2033367582777
EP-01081,POS_Cashback,Telangana,Warangal,26.47133,80.982708,H3-6043946761324
EP-01082,POS_Cashback,Uttar Pradesh,Jaunpur,9.073592,87.541484,H3-2944484210276
EP-01083,Crypto_P2P,Bihar,Bhagalpur,15.550192,87.315992,H3-4795741363518
EP-01084,ATM,Bihar,Patna,23.606816,75.705078,H3-4566115134099
EP-01085,ATM,West Bengal,North 24 Parganas,11.664834,85.581997,H3-7636733220963
EP-01086,AePS_BC,Rajasthan,Jodhpur,18.555581,72.484672,H3-7965477136256
EP-01087,ATM,Delhi,North East Delhi,29.807362,87.397141,H3-8634773336424
EP-01088,ATM,Maharashtra,Nashik,16.632603,87.348447,H3-9501123612787
EP-01089,Bank_Branch,Maharashtra,Mumbai,9.126638,75.202762,H3-9290925926498
EP-01090,ATM,Karnataka,Bengaluru Urban,25.823606,82.247877,H3-1899704095074
EP-01091,ATM,Madhya Pradesh,Indore,25.784976,83.93042,H3-9840843468043
EP-01092,Prepaid,West Bengal,North 24 Parganas,24.041821,83.638747,H3-3093287849774
EP-01093,AePS_BC,Karnataka,Bengaluru Urban,28.83981,78.714136,H3-3836179707575
EP-01094,POS_Cashback,Karnataka,Bengaluru Urban,21.830985,84.457548,H3-3874578131051
EP-01095,Crypto_P2P,Tamil Nadu,Chennai,26.466696,74.293948,H3-9355602867342
EP-01096,ATM,West Bengal,Howrah,8.975474,68.154256,H3-7786982817359
EP-01097,ATM,Maharashtra,Nashik,26.301245,73.761523,H3-4026860820300
EP-01098,Bank_Branch,Tamil Nadu,Madurai,17.162009,82.668158,H3-1485276576935
EP-01099,AePS_BC,Karnataka,Mangaluru,27.876627,74.912618,H3-9612564158806
EP-01100,Prepaid,Maharashtra,Mumbai,12.898366,87.319887,H3-4228610536314
EP-01101,AePS_BC,Uttar Pradesh,Gautam Buddha Nagar,21.34325,74.32959,H3-7158125147875
EP-01102,AePS_BC,Telangana,Hyderabad,11.260811,79.374768,H3-1762382072190
EP-01103,Bank_Branch,Maharashtra,Nagpur,21.173834,78.784291,H3-8745687877983
EP-01104,Merchant_QR,Delhi,West Delhi,21.844122,81.628828,H3-3363109016323
EP-01105,Merchant_QR,Telangana,Nizamabad,25.45531,74.569911,H3-5763258007734
EP-01106,ATM,Maharashtra,Pune,15.288696,87.488126,H3-7288210668716
EP-01107,Merchant_QR,Telangana,Nizamabad,12.537076,84.52647,H3-6926018152487
EP-01108,ATM,Karnataka,Mangaluru,25.656911,71.982602,H3-5092963576918
EP-01109,ATM,Maharashtra,Nashik,16.291359,72.418161,H3-1381121590233
EP-01110,POS_Cashback,Rajasthan,Jaipur,16.337953,81.045175,H3-5260603584258
EP-01111,ATM,Delhi,North East Delhi,27.194641,83.956364,H3-7568618104587
EP-01112,POS_Cashback,Maharashtra,Thane,27.022,85.979984,H3-8553814704065
EP-01113,Prepaid,Rajasthan,Udaipur,25.986568,86.44844,H3-1109044194803
EP-01114,AePS_BC,Tamil Nadu,Madurai,20.633667,80.272451,H3-9459603442409
EP-01115,ATM,Madhya Pradesh,Bhopal,30.080459,73.645584,H3-6195603882264
EP-01116,Bank_Branch,West Bengal,Kolkata,17.490857,82.312973,H3-1110527044805
EP-01117,AePS_BC,Tamil Nadu,Madurai,10.303457,71.658818,H3-7181963032259
EP-01118,Crypto_P2P,Rajasthan,Kota,25.713654,78.612218,H3-4385269633635
EP-01119,Merchant_QR,Karnataka,Bengaluru Urban,20.182713,77.301961,H3-7406576447998
EP-01120,POS_Cashback,West Bengal,North 24 Parganas,17.596754,83.328146,H3-4294101981570
EP-01121,ATM,West Bengal,Howrah,27.09562,75.514552,H3-9970764762446
EP-01122,Bank_Branch,Bihar,Patna,12.228603,78.771471,H3-8062871226378
EP-01123,Crypto_P2P,Maharashtra,Thane,14.354329,82.316934,H3-9209682811493
EP-01124,ATM,Delhi,South East Delhi,20.518421,74.422024,H3-1868456524465
EP-01125,ATM,Madhya Pradesh,Indore,24.962325,84.716082,H3-1007831330945
EP-01126,Merchant_QR,Madhya Pradesh,Indore,8.619054,84.699294,H3-9836234616151
EP-01127,ATM,Delhi,West Delhi,24.64361,70.689509,H3-6994263376514
EP-01128,ATM,Uttar Pradesh,Kanpur Nagar,21.221693,75.454231,H3-3323729303583
EP-01129,AePS_BC,Maharashtra,Pune,13.790582,69.971255,H3-8822837598960
EP-01130,POS_Cashback,Bihar,Muzaffarpur,19.313941,82.478766,H3-7718339192785
EP-01131,POS_Cashback,Karnataka,Mysuru,20.362823,82.582784,H3-4513004835516
EP-01132,AePS_BC,Rajasthan,Udaipur,11.878146,87.392623,H3-2019627201623
EP-01133,Bank_Branch,Tamil Nadu,Madurai,16.203923,77.024076,H3-2602801457075
EP-01134,ATM,Karnataka,Mangaluru,19.301144,84.357381,H3-1114429634141
EP-01135,AePS_BC,Telangana,Hyderabad,29.393752,72.973664,H3-1805194084913
EP-01136,AePS_BC,Karnataka,Mysuru,16.951592,78.34326,H3-7035924231882
EP-01137,ATM,Maharashtra,Mumbai,11.639544,69.870188,H3-4627007340067
EP-01138,POS_Cashback,West Bengal,Kolkata,11.259729,80.156959,H3-1582751501836
EP-01139,Bank_Branch,Maharashtra,Pune,10.288085,86.418013,H3-9286889341657
EP-01140,ATM,Madhya Pradesh,Indore,15.971331,81.335048,H3-5201520693615
EP-01141,ATM,Maharashtra,Mumbai,11.4062,76.150113,H3-4825833082299
EP-01142,AePS_BC,Madhya Pradesh,Jabalpur,16.837834,79.249632,H3-2731651539144
EP-01143,ATM,Madhya Pradesh,Jabalpur,25.04381,82.028328,H3-6577346459704
EP-01144,Merchant_QR,Telangana,Nizamabad,20.787286,70.29648,H3-2250165679819
EP-01145,Bank_Branch,Karnataka,Bengaluru Urban,12.290387,83.023887,H3-8152905429273
EP-01146,AePS_BC,Rajasthan,Udaipur,20.197027,72.634131,H3-9120364341420
EP-01147,AePS_BC,Telangana,Warangal,8.701308,85.927799,H3-5727037843743
EP-01148,Bank_Branch,Tamil Nadu,Coimbatore,18.600833,74.776237,H3-8670893801432
EP-01149,Merchant_QR,West Bengal,Howrah,11.380814,85.619314,H3-3938978208802
EP-01150,Merchant_QR,Telangana,Hyderabad,25.03496,72.560733,H3-5884338084716
EP-01151,Bank_Branch,Maharashtra,Nashik,26.537539,74.610919,H3-5813123325411
EP-01152,Bank_Branch,Maharashtra,Thane,20.792813,76.724876,H3-5857785016568
EP-01153,ATM,Karnataka,Bengaluru Urban,18.632496,86.716273,H3-6298591399741
EP-01154,Crypto_P2P,Madhya Pradesh,Jabalpur,23.266587,73.481853,H3-9364964784149
EP-01155,ATM,Telangana,Warangal,28.324168,82.514059,H3-6704470863667
EP-01156,ATM,Uttar Pradesh,Kanpur Nagar,17.493286,82.049743,H3-7473376273378
EP-01157,Bank_Branch,Telangana,Nizamabad,21.284728,68.684897,H3-9828375836290
EP-01158,AePS_BC,Delhi,South East Delhi,15.316656,82.941565,H3-2633736654165
EP-01159,Prepaid,Maharashtra,Nagpur,16.476322,84.682765,H3-6308540164402
EP-01160,AePS_BC,Telangana,Hyderabad,23.638884,70.872468,H3-6418100021147
EP-01161,Merchant_QR,Delhi,South East Delhi,24.42535,76.064543,H3-3391023856400
EP-01162,ATM,Telangana,Hyderabad,18.338991,75.257803,H3-8018320940046
EP-01163,Bank_Branch,Rajasthan,Jaipur,25.851554,85.929287,H3-9672155965076
EP-01164,POS_Cashback,Bihar,Gaya,23.946378,81.868846,H3-6199083946821
EP-01165,ATM,Maharashtra,Nashik,15.298891,71.745413,H3-4640640389679
EP-01166,Prepaid,West Bengal,Howrah,24.576312,83.706637,H3-5078594538114
EP-01167,Prepaid,Uttar Pradesh,Lucknow,23.642906,68.034325,H3-8462862887755
EP-01168,POS_Cashback,Uttar Pradesh,Kanpur Nagar,26.606917,68.240398,H3-4331921890050
EP-01169,ATM,Delhi,North East Delhi,14.513719,84.135419,H3-5817738884880
EP-01170,Prepaid,Karnataka,Mangaluru,17.803617,78.982112,H3-4955619828615
EP-01171,Crypto_P2P,Madhya Pradesh,Bhopal,11.963999,79.624527,H3-1250257549457
EP-01172,AePS_BC,Maharashtra,Mumbai,19.555218,86.250295,H3-3472072741603
EP-01173,AePS_BC,Bihar,Muzaffarpur,15.385151,74.790947,H3-1956281648310
EP-01174,AePS_BC,Telangana,Warangal,18.580364,84.591935,H3-2628188242976
EP-01175,Crypto_P2P,Telangana,Warangal,28.156744,69.910283,H3-5892025954108
EP-01176,Merchant_QR,West Bengal,North 24 Parganas,26.066498,79.237655,H3-1627527743106
EP-01177,Crypto_P2P,Tamil Nadu,Coimbatore,24.16667,87.751348,H3-1696229352705
EP-01178,Bank_Branch,Rajasthan,Kota,22.461537,72.346095,H3-7594910695093
EP-01179,AePS_BC,Tamil Nadu,Coimbatore,16.909759,77.812762,H3-7814328993422
EP-01180,AePS_BC,Rajasthan,Udaipur,23.4898,73.29065,H3-3077719093551
EP-01181,Crypto_P2P,Madhya Pradesh,Jabalpur,22.661626,82.087565,H3-1921964726492
EP-01182,AePS_BC,Rajasthan,Kota,15.01607,77.172041,H3-2572341578961
EP-01183,Bank_Branch,Bihar,Bhagalpur,14.02102,81.622927,H3-1976044204732
EP-01184,POS_Cashback,Madhya Pradesh,Indore,25.3662,81.574355,H3-2520258846256
EP-01185,AePS_BC,Maharashtra,Nashik,15.188033,70.405154,H3-2915193357982
EP-01186,AePS_BC,Tamil Nadu,Chennai,25.033243,76.473955,H3-7701925994642
EP-01187,Crypto_P2P,Telangana,Warangal,13.84816,88.199388,H3-2088993039634
EP-01188,AePS_BC,Delhi,New Delhi,30.464298,79.064759,H3-3231273988629
EP-01189,ATM,Madhya Pradesh,Jabalpur,18.415401,85.863632,H3-6664333887851
EP-01190,AePS_BC,Uttar Pradesh,Varanasi,28.975516,83.823012,H3-3029167772660
EP-01191,Crypto_P2P,Maharashtra,Mumbai,29.912673,86.893092,H3-8580957617823
EP-01192,Crypto_P2P,Rajasthan,Jodhpur,12.929499,79.935753,H3-4304688759841
EP-01193,AePS_BC,Madhya Pradesh,Bhopal,18.280583,84.941152,H3-7489009842996
EP-01194,Merchant_QR,Tamil Nadu,Chennai,28.812843,83.236632,H3-2557044220009
EP-01195,Bank_Branch,West Bengal,North 24 Parganas,21.498723,70.047844,H3-8452271974920
EP-01196,ATM,Tamil Nadu,Coimbatore,11.273203,77.974799,H3-7974792843970
EP-01197,Crypto_P2P,Rajasthan,Udaipur,26.53132,74.848464,H3-9726369422410
EP-01198,ATM,Tamil Nadu,Coimbatore,9.493095,71.375583,H3-5918203923764
EP-01199,Crypto_P2P,Delhi,New Delhi,15.963104,81.84733,H3-5043756884923
EP-01200,Bank_Branch,Bihar,Muzaffarpur,21.135504,85.474353,H3-5961735439492
EP-01201,AePS_BC,Rajasthan,Jaipur,18.702243,84.220397,H3-3593630010760
EP-01202,ATM,Maharashtra,Mumbai,17.843793,68.14683,H3-7398389897749
EP-01203,Bank_Branch,Madhya Pradesh,Bhopal,15.773011,78.699371,H3-2514169820039
EP-01204,Merchant_QR,Maharashtra,Nashik,21.929045,76.698112,H3-1541107554863
EP-01205,ATM,Madhya Pradesh,Jabalpur,17.926047,70.765607,H3-9264908392242
EP-01206,Prepaid,West Bengal,Kolkata,10.772388,82.579083,H3-8370528812717
EP-01207,AePS_BC,Karnataka,Mysuru,23.863177,69.305128,H3-7150245678209
EP-01208,AePS_BC,Maharashtra,Nagpur,19.855448,85.285208,H3-4912972749226
EP-01209,Merchant_QR,Telangana,Warangal,30.025761,70.609018,H3-4599560415816
EP-01210,AePS_BC,Rajasthan,Jaipur,27.991442,71.669335,H3-8255653080627
EP-01211,POS_Cashback,Tamil Nadu,Chennai,24.322122,77.892061,H3-8155454362001
EP-01212,AePS_BC,Maharashtra,Nashik,19.799301,86.525194,H3-1709675581697
EP-01213,AePS_BC,Maharashtra,Nagpur,13.566714,79.321289,H3-1513696779045
EP-01214,ATM,Karnataka,Mysuru,26.613917,69.619577,H3-7892180977459
EP-01215,Merchant_QR,Karnataka,Mysuru,24.41636,82.811419,H3-1683298361845
EP-01216,AePS_BC,Telangana,Hyderabad,10.374951,82.4192,H3-7535025150324
EP-01217,Prepaid,Uttar Pradesh,Jaunpur,14.054085,74.523144,H3-2325343776250
EP-01218,Prepaid,Rajasthan,Kota,9.571683,82.660518,H3-6878281576732
EP-01219,AePS_BC,Uttar Pradesh,Jaunpur,11.651518,87.132254,H3-2316377265521
EP-01220,AePS_BC,Uttar Pradesh,Varanasi,15.713292,79.949015,H3-3628840559907
EP-01221,POS_Cashback,Tamil Nadu,Madurai,15.522382,80.577948,H3-7875762130624
EP-01222,Merchant_QR,Bihar,Gaya,11.558833,75.775012,H3-9240636030874
EP-01223,Bank_Branch,Delhi,South East Delhi,28.829678,86.606733,H3-4315875391452
EP-01224,Bank_Branch,Rajasthan,Kota,24.019256,75.102039,H3-9408880247970
EP-01225,ATM,Rajasthan,Jaipur,18.306192,80.571787,H3-5790552253906
EP-01226,ATM,Maharashtra,Nashik,9.287112,69.013588,H3-2098927543686
EP-01227,POS_Cashback,Delhi,South East Delhi,13.425035,84.606598,H3-3412312054367
EP-01228,POS_Cashback,West Bengal,Kolkata,12.742721,78.089355,H3-4143776428712
EP-01229,ATM,Tamil Nadu,Madurai,15.938552,87.067653,H3-6061103335450
EP-01230,POS_Cashback,Karnataka,Bengaluru Urban,10.140698,75.425685,H3-6121613784253
EP-01231,ATM,Rajasthan,Jodhpur,14.958222,78.763235,H3-3916235214887
EP-01232,ATM,Rajasthan,Jaipur,26.433746,69.822692,H3-9125851744064
EP-01233,Prepaid,Delhi,North East Delhi,23.529746,70.337524,H3-4669381662624
EP-01234,Merchant_QR,West Bengal,Kolkata,19.103401,70.316879,H3-6480940930056
EP-01235,Bank_Branch,Telangana,Nizamabad,30.188897,71.665076,H3-1124371617074
EP-01236,ATM,Delhi,South East Delhi,27.286432,78.294679,H3-4595227138438
EP-01237,Prepaid,Bihar,Patna,15.607516,72.102553,H3-1119555688978
EP-01238,POS_Cashback,Tamil Nadu,Coimbatore,21.85139,82.375627,H3-5745385318617
EP-01239,ATM,Tamil Nadu,Coimbatore,19.53025,85.898391,H3-5005820572682
EP-01240,Merchant_QR,Rajasthan,Kota,24.000307,81.074161,H3-6519779360757
EP-01241,Prepaid,Bihar,Muzaffarpur,25.532119,76.628392,H3-3431092219495
EP-01242,Merchant_QR,Uttar Pradesh,Lucknow,15.479318,74.609574,H3-2470714734309
EP-01243,ATM,Maharashtra,Thane,23.270666,69.477496,H3-2473168775301
EP-01244,ATM,Karnataka,Bengaluru Urban,11.944961,83.854171,H3-9740503639850
EP-01245,AePS_BC,Tamil Nadu,Chennai,17.624072,74.296666,H3-8454196317033
EP-01246,AePS_BC,Karnataka,Bengaluru Urban,29.101728,75.646481,H3-2153155130504
EP-01247,Bank_Branch,Delhi,South East Delhi,17.596162,85.695608,H3-2102631858783
EP-01248,ATM,West Bengal,Howrah,23.736614,68.587442,H3-9805569773499
EP-01249,AePS_BC,Delhi,New Delhi,9.457267,71.961343,H3-1929157365139
EP-01250,Bank_Branch,Bihar,Patna,29.271868,73.144297,H3-5565748913256
EP-01251,ATM,Maharashtra,Thane,29.961963,82.835934,H3-5143714941001
EP-01252,AePS_BC,Madhya Pradesh,Bhopal,27.605278,72.755057,H3-3545916277516
EP-01253,ATM,Rajasthan,Jodhpur,14.169851,69.780189,H3-9738002663052
EP-01254,Bank_Branch,Rajasthan,Jodhpur,19.371519,75.222952,H3-4077690140651
EP-01255,ATM,Maharashtra,Nashik,12.257459,80.781381,H3-2458134627292
EP-01256,AePS_BC,Tamil Nadu,Chennai,27.410452,84.802767,H3-9364237584490
EP-01257,POS_Cashback,West Bengal,Howrah,29.084719,71.315185,H3-1176929992539
EP-01258,Prepaid,West Bengal,Howrah,8.646544,79.31108,H3-9066561291172
EP-01259,ATM,Telangana,Warangal,29.525919,80.76147,H3-5012022123038
EP-01260,ATM,Tamil Nadu,Madurai,17.063042,72.916431,H3-3206753827855
EP-01261,Merchant_QR,Telangana,Hyderabad,9.450764,75.71409,H3-1990886317027
EP-01262,Prepaid,Madhya Pradesh,Jabalpur,25.957852,73.245518,H3-2212964011379
EP-01263,POS_Cashback,Delhi,South East Delhi,23.715344,80.80552,H3-2237111181759
EP-01264,POS_Cashback,Karnataka,Mysuru,16.683458,87.59358,H3-5064763877366
EP-01265,ATM,Maharashtra,Pune,16.419102,82.847309,H3-5359262570749
EP-01266,Prepaid,Maharashtra,Mumbai,29.468706,85.658544,H3-5952801911624
EP-01267,Bank_Branch,Tamil Nadu,Madurai,25.657392,70.276069,H3-9877273836657
EP-01268,AePS_BC,Rajasthan,Jaipur,28.274873,84.057987,H3-4159090754299
EP-01269,POS_Cashback,Maharashtra,Mumbai,15.034353,82.633794,H3-8351980889230
EP-01270,Merchant_QR,Bihar,Gaya,23.147075,70.276179,H3-2856612063586
EP-01271,ATM,West Bengal,Howrah,19.208101,80.99158,H3-3404366676296
EP-01272,AePS_BC,Rajasthan,Jodhpur,29.314942,80.41316,H3-8902148393672
EP-01273,Merchant_QR,Bihar,Gaya,21.056518,71.458685,H3-3433231371839
EP-01274,Merchant_QR,Bihar,Muzaffarpur,22.543945,88.21933,H3-4997815795730
EP-01275,AePS_BC,Delhi,South East Delhi,23.083654,70.590441,H3-5834927071213
EP-01276,ATM,Rajasthan,Jodhpur,24.534368,84.578255,H3-3378375985887
EP-01277,Merchant_QR,West Bengal,Kolkata,29.82689,86.622365,H3-1357547179133
EP-01278,ATM,Delhi,New Delhi,21.392247,71.157733,H3-6283473739368
EP-01279,AePS_BC,Rajasthan,Jaipur,29.750669,80.359183,H3-8163993271592
EP-01280,Merchant_QR,Maharashtra,Pune,23.275895,75.14627,H3-7052129504315
EP-01281,Merchant_QR,West Bengal,Howrah,18.540781,73.198395,H3-2209817809446
EP-01282,AePS_BC,Bihar,Bhagalpur,16.605442,75.796625,H3-9936672522827
EP-01283,Merchant_QR,Rajasthan,Kota,20.427439,75.806474,H3-9076307589337
EP-01284,Merchant_QR,Madhya Pradesh,Indore,30.000306,80.632038,H3-4283832171438
EP-01285,ATM,Tamil Nadu,Chennai,12.866309,81.026611,H3-6516967270586
EP-01286,AePS_BC,Uttar Pradesh,Gautam Buddha Nagar,27.418859,86.265708,H3-7419495351475
EP-01287,AePS_BC,Madhya Pradesh,Bhopal,14.860668,85.030322,H3-4737657935627
EP-01288,Merchant_QR,Telangana,Hyderabad,21.733048,78.511525,H3-5438273328193
EP-01289,Prepaid,Uttar Pradesh,Varanasi,14.032536,87.409723,H3-5312643184745
EP-01290,AePS_BC,Uttar Pradesh,Lucknow,19.064469,86.608873,H3-1813007732224
EP-01291,Merchant_QR,Tamil Nadu,Madurai,12.423971,79.165885,H3-1368374966711
EP-01292,AePS_BC,Maharashtra,Mumbai,18.493192,83.004975,H3-5915656427649
EP-01293,AePS_BC,Bihar,Gaya,12.947298,71.592588,H3-8755452413041
EP-01294,Crypto_P2P,Uttar Pradesh,Jaunpur,8.408364,87.646078,H3-4277848727082
EP-01295,Bank_Branch,Bihar,Muzaffarpur,29.851585,77.442447,H3-9338984573160
EP-01296,Prepaid,Tamil Nadu,Coimbatore,11.888383,73.464262,H3-3905746130411
EP-01297,AePS_BC,Delhi,North East Delhi,28.853396,87.637998,H3-7250528998504
EP-01298,Bank_Branch,Uttar Pradesh,Gautam Buddha Nagar,9.495108,69.274364,H3-3127325303429
EP-01299,ATM,West Bengal,North 24 Parganas,12.612958,73.399683,H3-9600994212072
EP-01300,AePS_BC,Madhya Pradesh,Jabalpur,21.19082,69.036541,H3-6760855760554
EP-01301,AePS_BC,Delhi,New Delhi,22.654971,72.296595,H3-3368561667402
EP-01302,Merchant_QR,Maharashtra,Mumbai,20.708942,70.199488,H3-4189067642848
EP-01303,ATM,Karnataka,Bengaluru Urban,25.693476,79.986025,H3-1349250125526
EP-01304,ATM,Madhya Pradesh,Jabalpur,16.88094,81.906803,H3-5616648212927
EP-01305,AePS_BC,Uttar Pradesh,Varanasi,29.108303,86.572572,H3-9050773117333
EP-01306,Crypto_P2P,Delhi,North East Delhi,10.874598,77.697237,H3-5446302014904
EP-01307,AePS_BC,Telangana,Warangal,17.390434,84.961943,H3-2294262878687
EP-01308,ATM,West Bengal,North 24 Parganas,18.919346,74.857176,H3-5240609480152
EP-01309,Merchant_QR,Rajasthan,Jaipur,28.339728,76.999466,H3-7573417203662
EP-01310,AePS_BC,Uttar Pradesh,Jaunpur,10.76853,71.706419,H3-2514050338100
EP-01311,ATM,Karnataka,Mysuru,9.533099,69.377794,H3-7953155361952
EP-01312,ATM,Maharashtra,Mumbai,10.666976,68.042279,H3-6995729836385
EP-01313,POS_Cashback,Karnataka,Mysuru,26.501874,76.632353,H3-2410031349548
EP-01314,AePS_BC,Tamil Nadu,Chennai,9.844416,78.928413,H3-1098918966140
EP-01315,AePS_BC,Bihar,Gaya,28.328206,72.542745,H3-8742679254550
EP-01316,Merchant_QR,Rajasthan,Jaipur,22.815207,71.046297,H3-9251683941681
EP-01317,AePS_BC,Madhya Pradesh,Bhopal,21.815049,86.101762,H3-2888309038377
EP-01318,AePS_BC,Bihar,Bhagalpur,12.687086,73.474927,H3-9409801304137
EP-01319,POS_Cashback,Maharashtra,Nagpur,26.097763,83.980183,H3-1572981320814
EP-01320,POS_Cashback,Telangana,Hyderabad,9.023252,70.619025,H3-2404827239164
EP-01321,ATM,Telangana,Hyderabad,28.139687,79.033802,H3-1658106510993
EP-01322,ATM,West Bengal,North 24 Parganas,17.880261,70.17161,H3-1413578797400
EP-01323,AePS_BC,West Bengal,Kolkata,16.819102,84.95412,H3-4178085352466
EP-01324,Merchant_QR,Uttar Pradesh,Lucknow,15.532063,84.013286,H3-9628450557032
EP-01325,AePS_BC,Maharashtra,Thane,9.114797,79.888542,H3-6517640888691
EP-01326,Merchant_QR,Telangana,Hyderabad,25.828005,83.20129,H3-6858094258446
EP-01327,ATM,Madhya Pradesh,Jabalpur,29.083622,84.870572,H3-2657410829950
EP-01328,Prepaid,Uttar Pradesh,Varanasi,23.822241,70.811792,H3-6188114572847
EP-01329,Crypto_P2P,Madhya Pradesh,Jabalpur,13.615713,68.324593,H3-9886124161669
EP-01330,Merchant_QR,Uttar Pradesh,Varanasi,17.499485,80.538898,H3-5999518171563
EP-01331,ATM,Karnataka,Bengaluru Urban,28.832119,68.528836,H3-8819079847470
EP-01332,Bank_Branch,Bihar,Patna,15.471995,79.21327,H3-3581168723624
EP-01333,ATM,Telangana,Hyderabad,13.554135,78.413184,H3-8570064987139
EP-01334,ATM,Madhya Pradesh,Bhopal,17.287446,80.474907,H3-9624745790514
EP-01335,Bank_Branch,Uttar Pradesh,Kanpur Nagar,12.624622,68.812847,H3-6890804878409
EP-01336,Merchant_QR,Delhi,New Delhi,9.718773,69.282388,H3-5516809235622
EP-01337,AePS_BC,Uttar Pradesh,Varanasi,9.464812,73.142845,H3-9920690398536
EP-01338,Prepaid,Delhi,South East Delhi,22.838121,79.890485,H3-8141910487714
EP-01339,AePS_BC,Tamil Nadu,Chennai,19.687183,86.030047,H3-6159244975794
EP-01340,ATM,Karnataka,Mysuru,21.766423,88.020962,H3-6206430985782
EP-01341,Prepaid,Karnataka,Mangaluru,16.72608,72.274177,H3-5014360805465
EP-01342,AePS_BC,Maharashtra,Thane,18.400419,70.861564,H3-7347088920439
EP-01343,Merchant_QR,Bihar,Muzaffarpur,11.386195,69.651931,H3-7845056330386
EP-01344,AePS_BC,Uttar Pradesh,Lucknow,9.617366,79.776791,H3-8945304648749
EP-01345,Prepaid,West Bengal,Howrah,24.039977,72.424521,H3-7978329596998
EP-01346,POS_Cashback,Uttar Pradesh,Varanasi,29.428383,85.450948,H3-6752639351681
EP-01347,Bank_Branch,Maharashtra,Pune,24.155865,73.508465,H3-5678234265912
EP-01348,AePS_BC,Rajasthan,Udaipur,20.59332,79.539569,H3-5774612197689
EP-01349,Crypto_P2P,Karnataka,Bengaluru Urban,29.945159,77.484291,H3-1653302998684
EP-01350,POS_Cashback,Maharashtra,Nagpur,13.061338,72.025556,H3-7582711422831
EP-01351,POS_Cashback,Maharashtra,Mumbai,19.552027,80.623081,H3-5324808946827
EP-01352,Crypto_P2P,Karnataka,Bengaluru Urban,18.911062,87.233862,H3-1959562170621
EP-01353,Crypto_P2P,Bihar,Patna,11.454725,84.228251,H3-2844009474322
EP-01354,AePS_BC,Tamil Nadu,Chennai,14.581691,81.596328,H3-7943616353847
EP-01355,AePS_BC,Maharashtra,Pune,24.791249,68.949311,H3-4205623377217
EP-01356,Merchant_QR,Madhya Pradesh,Indore,25.682552,72.407773,H3-9601707495881
EP-01357,Prepaid,Karnataka,Bengaluru Urban,9.61551,82.408079,H3-9394093303053
EP-01358,AePS_BC,West Bengal,Howrah,22.187984,72.776364,H3-3926337904633
EP-01359,POS_Cashback,Delhi,South East Delhi,19.552513,86.0228,H3-3130076381859
EP-01360,Bank_Branch,Madhya Pradesh,Indore,9.42602,84.671626,H3-8662003983291
EP-01361,POS_Cashback,Rajasthan,Udaipur,9.95295,78.277861,H3-2679225761788
EP-01362,ATM,Delhi,South East Delhi,27.593504,73.731927,H3-2304430194128
EP-01363,POS_Cashback,Rajasthan,Kota,14.935275,68.458706,H3-9370587040346
EP-01364,ATM,Rajasthan,Kota,11.286773,81.175932,H3-3855217313900
EP-01365,Prepaid,West Bengal,Howrah,10.564161,84.310952,H3-6255353000327
EP-01366,ATM,Tamil Nadu,Coimbatore,22.659115,86.757125,H3-4237775810061
EP-01367,Bank_Branch,Uttar Pradesh,Kanpur Nagar,28.596417,87.343534,H3-3973046507278
EP-01368,POS_Cashback,Madhya Pradesh,Indore,21.21009,79.422311,H3-5821876801352
EP-01369,ATM,Maharashtra,Nashik,24.835721,87.715343,H3-3264108214648
EP-01370,Crypto_P2P,Delhi,South East Delhi,22.396771,76.826041,H3-2484781124947
EP-01371,Merchant_QR,Rajasthan,Jaipur,10.175264,74.238827,H3-5107277733583
EP-01372,Merchant_QR,Karnataka,Mysuru,24.634755,84.569887,H3-5698432929487
EP-01373,ATM,Maharashtra,Nagpur,22.407531,86.146175,H3-7973593896368
EP-01374,Crypto_P2P,Karnataka,Bengaluru Urban,26.612245,72.108909,H3-8262140645954
EP-01375,Prepaid,Telangana,Nizamabad,28.699998,70.357722,H3-8810687520942
EP-01376,AePS_BC,Karnataka,Mangaluru,18.255843,68.509962,H3-1911479839468
EP-01377,Bank_Branch,West Bengal,Howrah,26.178263,83.860241,H3-4242507547840
EP-01378,ATM,Rajasthan,Udaipur,28.689536,71.491714,H3-7341337892329
EP-01379,AePS_BC,West Bengal,Howrah,22.879703,70.8406,H3-1199166642819
EP-01380,AePS_BC,Karnataka,Bengaluru Urban,28.198391,74.996009,H3-9871398158796
EP-01381,Bank_Branch,Uttar Pradesh,Kanpur Nagar,19.186191,79.227903,H3-5260697355636
EP-01382,POS_Cashback,Maharashtra,Pune,16.006471,84.788653,H3-3688936607936
EP-01383,ATM,Rajasthan,Jaipur,14.093444,86.495669,H3-6268663220335
EP-01384,Bank_Branch,Delhi,New Delhi,8.385592,71.095118,H3-1029827042732
EP-01385,Merchant_QR,Bihar,Bhagalpur,19.041038,68.875548,H3-5363872602315
EP-01386,ATM,Telangana,Warangal,8.449651,73.840419,H3-5495065541564
EP-01387,ATM,Maharashtra,Thane,25.355414,77.0937,H3-3800471456384
EP-01388,ATM,Madhya Pradesh,Indore,24.433644,75.917306,H3-3762100115173
EP-01389,Crypto_P2P,Tamil Nadu,Coimbatore,14.595512,74.434059,H3-9471663608190
EP-01390,ATM,Rajasthan,Udaipur,14.242155,72.93251,H3-9804937481521
EP-01391,ATM,Uttar Pradesh,Lucknow,11.857378,84.25964,H3-2102734563316
EP-01392,AePS_BC,Bihar,Bhagalpur,15.791622,83.992029,H3-7868759603104
EP-01393,AePS_BC,West Bengal,North 24 Parganas,12.510954,71.270681,H3-3980081378318
EP-01394,AePS_BC,Telangana,Hyderabad,25.240566,68.771558,H3-2476788066743
EP-01395,ATM,Telangana,Nizamabad,19.673583,85.716644,H3-4939013713355
EP-01396,ATM,Delhi,West Delhi,22.134879,76.049681,H3-4634738333823
EP-01397,Merchant_QR,Karnataka,Mysuru,27.008377,86.202715,H3-9740603457505
EP-01398,AePS_BC,Delhi,West Delhi,20.315589,69.654597,H3-7773928652913
EP-01399,ATM,Uttar Pradesh,Lucknow,15.162996,80.29077,H3-9204669759677
EP-01400,Bank_Branch,Rajasthan,Kota,22.395575,79.566793,H3-9791235297274
EP-01401,AePS_BC,West Bengal,North 24 Parganas,8.356058,70.949713,H3-9551088971994
EP-01402,Bank_Branch,Rajasthan,Jaipur,15.79568,88.257015,H3-1735994656858
EP-01403,POS_Cashback,Tamil Nadu,Coimbatore,14.061707,75.768952,H3-3433679567865
EP-01404,Merchant_QR,Maharashtra,Mumbai,23.017304,86.067149,H3-7349694160287
EP-01405,AePS_BC,Maharashtra,Nashik,17.133235,86.05592,H3-2042712326002
EP-01406,ATM,Uttar Pradesh,Jaunpur,11.73169,73.838766,H3-8085345627108
EP-01407,Merchant_QR,Tamil Nadu,Coimbatore,20.911805,79.521775,H3-5830007018775
EP-01408,AePS_BC,Rajasthan,Jaipur,23.639243,85.190959,H3-6285550709184
EP-01409,POS_Cashback,Rajasthan,Udaipur,27.208231,84.871747,H3-8856146280062
EP-01410,Merchant_QR,Maharashtra,Nagpur,30.03598,87.319679,H3-3975469975259
EP-01411,Merchant_QR,Telangana,Hyderabad,29.471259,87.340488,H3-3010611622502
EP-01412,ATM,Karnataka,Bengaluru Urban,22.415869,77.471367,H3-3882711827305
EP-01413,ATM,Telangana,Hyderabad,11.891553,80.639914,H3-7657702308725
EP-01414,ATM,Uttar Pradesh,Jaunpur,11.372191,68.770996,H3-4652785198556
EP-01415,Crypto_P2P,Maharashtra,Nagpur,9.425964,85.094539,H3-4751435135813
EP-01416,Merchant_QR,Madhya Pradesh,Indore,13.567093,85.621463,H3-9663182233890
EP-01417,AePS_BC,West Bengal,Kolkata,21.859658,77.152056,H3-5827936630355
EP-01418,ATM,Madhya Pradesh,Jabalpur,26.994924,86.667278,H3-2367628974884
EP-01419,Merchant_QR,Delhi,West Delhi,14.36901,70.113631,H3-2939235566193
EP-01420,Merchant_QR,Madhya Pradesh,Indore,13.627434,70.534078,H3-9986444215936
EP-01421,Bank_Branch,Madhya Pradesh,Indore,17.174045,80.576342,H3-9629827353229
EP-01422,ATM,Karnataka,Bengaluru Urban,25.665715,71.960246,H3-2401690499726
EP-01423,AePS_BC,Karnataka,Bengaluru Urban,27.295819,70.96793,H3-5241633404385
EP-01424,Merchant_QR,Uttar Pradesh,Kanpur Nagar,20.379821,73.028896,H3-9021939036042
EP-01425,Crypto_P2P,Rajasthan,Kota,18.113496,72.435705,H3-8487995889072
EP-01426,Crypto_P2P,Uttar Pradesh,Varanasi,24.316681,69.156883,H3-4766725105378
EP-01427,Merchant_QR,Telangana,Hyderabad,23.66637,79.733388,H3-2503264477879
EP-01428,Merchant_QR,Telangana,Nizamabad,23.383356,82.772076,H3-7572602591377
EP-01429,Crypto_P2P,West Bengal,Kolkata,14.151693,76.76993,H3-9078818253321
EP-01430,AePS_BC,Telangana,Nizamabad,30.498353,84.56914,H3-5473254278866
EP-01431,ATM,Uttar Pradesh,Jaunpur,27.232054,84.341131,H3-5657045083113
EP-01432,ATM,Madhya Pradesh,Jabalpur,13.334336,73.873487,H3-5487409980131
EP-01433,Merchant_QR,Delhi,South East Delhi,9.51594,76.111485,H3-5895584167319
EP-01434,Crypto_P2P,Rajasthan,Udaipur,30.348806,78.836344,H3-1691320264571
EP-01435,Crypto_P2P,Rajasthan,Udaipur,26.195622,78.137367,H3-4193788649535
EP-01436,Bank_Branch,Madhya Pradesh,Indore,19.017527,78.364976,H3-7012445647508
EP-01437,ATM,Tamil Nadu,Coimbatore,16.80566,68.843919,H3-8524361668249
EP-01438,POS_Cashback,Madhya Pradesh,Jabalpur,30.290058,72.412923,H3-5285666886277
EP-01439,ATM,Karnataka,Mysuru,23.173069,76.342684,H3-8430711235579
EP-01440,Merchant_QR,Delhi,New Delhi,28.047721,84.183533,H3-8735252460788
EP-01441,ATM,Rajasthan,Jaipur,9.933276,88.382831,H3-7339672805196
EP-01442,AePS_BC,Uttar Pradesh,Varanasi,26.546917,75.028007,H3-1083140499102
EP-01443,ATM,West Bengal,Howrah,15.137485,70.284647,H3-5975303658243
EP-01444,ATM,Karnataka,Mysuru,22.770547,74.8147,H3-6605702088469
EP-01445,Merchant_QR,West Bengal,Howrah,9.460435,87.713027,H3-1565986592059
EP-01446,Merchant_QR,Delhi,South East Delhi,27.416944,83.979417,H3-1087644210747
EP-01447,Bank_Branch,Tamil Nadu,Chennai,17.114344,83.004604,H3-2843914458599
EP-01448,Prepaid,Bihar,Bhagalpur,25.584566,87.196465,H3-7562679635406
EP-01449,POS_Cashback,Maharashtra,Nashik,10.179616,88.103131,H3-5407391284601
EP-01450,AePS_BC,Uttar Pradesh,Varanasi,28.449892,82.792553,H3-7812517795047
EP-01451,Merchant_QR,Uttar Pradesh,Lucknow,19.466555,80.877961,H3-5313206062907
EP-01452,AePS_BC,Tamil Nadu,Chennai,18.610528,78.177179,H3-1684556134391
EP-01453,Crypto_P2P,Telangana,Hyderabad,24.235953,69.226999,H3-9086954847330
EP-01454,Merchant_QR,Tamil Nadu,Coimbatore,18.309571,84.78445,H3-3988569419310
EP-01455,Crypto_P2P,West Bengal,North 24 Parganas,8.1383,75.229705,H3-5104877945498
EP-01456,Crypto_P2P,Delhi,South East Delhi,26.309755,74.96103,H3-1926655638452
EP-01457,Merchant_QR,Tamil Nadu,Chennai,24.189507,73.22438,H3-1908414961520
EP-01458,Bank_Branch,Rajasthan,Udaipur,23.92074,79.763198,H3-9685539983628
EP-01459,AePS_BC,Delhi,South East Delhi,10.77346,78.467186,H3-1637258670607
EP-01460,POS_Cashback,Delhi,New Delhi,20.612564,75.690971,H3-8520098581352
EP-01461,AePS_BC,Bihar,Bhagalpur,28.496615,68.828336,H3-8811008694139
EP-01462,ATM,Uttar Pradesh,Lucknow,30.441416,84.31868,H3-4363242493576
EP-01463,ATM,Maharashtra,Pune,19.471351,88.284336,H3-3956618827284
EP-01464,AePS_BC,Delhi,West Delhi,17.70326,85.079409,H3-6391541601312
EP-01465,Merchant_QR,Tamil Nadu,Chennai,16.143474,88.102932,H3-4492803593812
EP-01466,Merchant_QR,Delhi,New Delhi,30.284591,68.45879,H3-6359799358759
EP-01467,AePS_BC,Maharashtra,Thane,24.887888,82.367524,H3-7009004766350
EP-01468,AePS_BC,Bihar,Muzaffarpur,28.895597,83.769026,H3-7510229344045
EP-01469,AePS_BC,Delhi,New Delhi,26.803706,69.596275,H3-6317506609351
EP-01470,Merchant_QR,Tamil Nadu,Chennai,16.809453,88.478197,H3-7412244633617
EP-01471,Bank_Branch,Karnataka,Bengaluru Urban,8.355937,69.776898,H3-5095485221545
EP-01472,POS_Cashback,West Bengal,North 24 Parganas,14.490258,69.086275,H3-5570193888840
EP-01473,AePS_BC,Telangana,Warangal,28.341419,86.399113,H3-6531341333020
EP-01474,POS_Cashback,Madhya Pradesh,Indore,19.568386,84.374922,H3-3064837531302
EP-01475,Merchant_QR,Delhi,New Delhi,20.753808,74.710715,H3-9080595191544
EP-01476,Crypto_P2P,Maharashtra,Nagpur,11.999547,79.282232,H3-4439336904777
EP-01477,AePS_BC,Uttar Pradesh,Jaunpur,23.758629,73.383194,H3-9343033943625
EP-01478,Merchant_QR,Tamil Nadu,Coimbatore,9.624423,75.75124,H3-7304351833335
EP-01479,ATM,Rajasthan,Jodhpur,15.413088,73.183221,H3-1578850494077
EP-01480,POS_Cashback,Telangana,Warangal,13.584762,87.66676,H3-9229011669718
EP-01481,Bank_Branch,Bihar,Patna,18.959639,82.274123,H3-9945415471937
EP-01482,Prepaid,Tamil Nadu,Chennai,10.47236,74.959094,H3-5068661956372
EP-01483,ATM,West Bengal,North 24 Parganas,20.34055,87.721469,H3-8615459527559
EP-01484,Prepaid,Telangana,Nizamabad,16.012966,83.99823,H3-5637951003731
EP-01485,Bank_Branch,West Bengal,Kolkata,22.287382,85.935847,H3-4686065344274
EP-01486,ATM,Rajasthan,Kota,19.320627,74.309576,H3-6550217588944
EP-01487,Merchant_QR,Uttar Pradesh,Kanpur Nagar,28.567101,86.554594,H3-3449866434100
EP-01488,AePS_BC,Maharashtra,Thane,27.527014,78.83626,H3-1818434220430
EP-01489,AePS_BC,Bihar,Muzaffarpur,12.906371,79.292425,H3-2286285340619
EP-01490,Prepaid,Bihar,Muzaffarpur,23.172386,77.7687,H3-5946689430321
EP-01491,AePS_BC,Rajasthan,Jaipur,20.942094,80.46403,H3-3725592554872
EP-01492,AePS_BC,Bihar,Muzaffarpur,14.042352,87.835963,H3-8711508642864
EP-01493,AePS_BC,Uttar Pradesh,Varanasi,14.668901,69.930438,H3-1545825150268
EP-01494,ATM,Rajasthan,Jodhpur,28.102101,81.76938,H3-1537909681000
EP-01495,POS_Cashback,Uttar Pradesh,Kanpur Nagar,20.53004,82.710183,H3-2403425288741
EP-01496,Crypto_P2P,Tamil Nadu,Coimbatore,18.527009,72.228102,H3-2268089844454
EP-01497,AePS_BC,Tamil Nadu,Coimbatore,17.562102,70.418646,H3-6769724192996
EP-01498,ATM,West Bengal,North 24 Parganas,14.898615,85.136397,H3-2820250937386
EP-01499,Merchant_QR,Karnataka,Mysuru,25.342774,69.262557,H3-1495239928531
EP-01500,ATM,Telangana,Hyderabad,29.078192,75.460863,H3-7114050897989
