entity_id,entity_type,state,external_ref,linked_entity_count,synthetic_risk_seed
ENT-000001,BENEFICIARY,Madhya Pradesh,ENT-REF-765480,22,0.233
ENT-000002,ACCOUNT,Telangana,ENT-REF-173855,23,0.3074
ENT-000003,PHONE,Tamil Nadu,ENT-REF-510610,24,0.219
ENT-000004,PHONE,Maharashtra,ENT-REF-700515,65,0.2679
ENT-000005,BENEFICIARY,Karnataka,ENT-REF-726607,1,0.0861
ENT-000006,BENEFICIARY,Madhya Pradesh,ENT-REF-441205,68,0.2679
ENT-000007,ACCOUNT,Rajasthan,ENT-REF-695332,71,0.1964
ENT-000008,PHONE,Telangana,ENT-REF-898547,75,0.0756
ENT-000009,ACCOUNT,Bihar,ENT-REF-134717,63,0.2169
ENT-000010,ACCOUNT,Tamil Nadu,ENT-REF-240827,23,0.2533
ENT-000011,WALLET,Rajasthan,ENT-REF-305882,43,0.1805
ENT-000012,BENEFICIARY,Telangana,ENT-REF-592891,15,0.2978
ENT-000013,MERCHANT,Maharashtra,ENT-REF-170554,69,0.1977
ENT-000014,ACCOUNT,Madhya Pradesh,ENT-REF-400293,31,0.4168
ENT-000015,WALLET,Bihar,ENT-REF-136121,51,0.1478
ENT-000016,ACCOUNT,Karnataka,ENT-REF-266971,4,0.024
ENT-000017,BENEFICIARY,Rajasthan,ENT-REF-213689,44,0.0573
ENT-000018,WALLET,Bihar,ENT-REF-345134,20,0.2598
ENT-000019,WALLET,Bihar,ENT-REF-552284,62,0.3793
ENT-000020,PHONE,Karnataka,ENT-REF-363541,44,0.0111
ENT-000021,BENEFICIARY,Uttar Pradesh,ENT-REF-738337,36,0.4614
ENT-000022,ACCOUNT,Telangana,ENT-REF-922848,64,0.2754
ENT-000023,DEVICE,Rajasthan,ENT-REF-291158,31,0.1405
ENT-000024,ACCOUNT,Tamil Nadu,ENT-REF-546235,57,0.0639
ENT-000025,ACCOUNT,West Bengal,ENT-REF-793249,46,0.1882
ENT-000026,ACCOUNT,Delhi,ENT-REF-550058,32,0.2595
ENT-000027,ACCOUNT,Tamil Nadu,ENT-REF-223001,73,0.2896
ENT-000028,MERCHANT,Maharashtra,ENT-REF-630953,63,0.1076
ENT-000029,PHONE,Telangana,ENT-REF-803910,36,0.0726
ENT-000030,WALLET,Karnataka,ENT-REF-982684,55,0.4043
ENT-000031,WALLET,Karnataka,ENT-REF-361943,21,0.3609
ENT-000032,DEVICE,Madhya Pradesh,ENT-REF-601314,44,0.1338
ENT-000033,BENEFICIARY,Uttar Pradesh,ENT-REF-720949,13,0.2768
ENT-000034,WALLET,Tamil Nadu,ENT-REF-670862,32,0.0258
ENT-000035,ACCOUNT,Uttar Pradesh,ENT-REF-480305,2,0.2626
ENT-000036,ACCOUNT,West Bengal,ENT-REF-982667,42,0.1147
ENT-000037,ACCOUNT,West Bengal,ENT-REF-949616,45,0.0695
ENT-000038,MERCHANT,West Bengal,ENT-REF-120463,67,0.1077
ENT-000039,PHONE,Karnataka,ENT-REF-927272,35,0.0582
ENT-000040,ACCOUNT,Uttar Pradesh,ENT-REF-336118,32,0.1175
ENT-000041,WALLET,Uttar Pradesh,ENT-REF-331362,64,0.3015
ENT-000042,PHONE,Uttar Pradesh,ENT-REF-455130,50,0.2975
ENT-000043,BENEFICIARY,Madhya Pradesh,ENT-REF-600209,62,0.1306
ENT-000044,ACCOUNT,West Bengal,ENT-REF-801053,66,0.2322
ENT-000045,ACCOUNT,Madhya Pradesh,ENT-REF-217326,70,0.1186
ENT-000046,ACCOUNT,Madhya Pradesh,ENT-REF-119600,23,0.0181
ENT-000047,PHONE,Madhya Pradesh,ENT-REF-217097,8,0.1544
ENT-000048,ACCOUNT,Madhya Pradesh,ENT-REF-234249,16,0.2931
ENT-000049,MERCHANT,Uttar Pradesh,ENT-REF-203017,35,0.1487
ENT-000050,ACCOUNT,Delhi,ENT-REF-340037,70,0.4645
ENT-000051,MERCHANT,Delhi,ENT-REF-609782,50,0.3426
ENT-000052,DEVICE,Tamil Nadu,ENT-REF-780854,55,0.1434
ENT-000053,WALLET,Telangana,ENT-REF-426530,14,0.0613
ENT-000054,ACCOUNT,Tamil Nadu,ENT-REF-939825,61,0.0399
ENT-000055,ACCOUNT,Tamil Nadu,ENT-REF-465318,60,0.3154
ENT-000056,DEVICE,West Bengal,ENT-REF-627246,50,0.0145
ENT-000057,ACCOUNT,Karnataka,ENT-REF-519519,32,0.2423
ENT-000058,PHONE,Madhya Pradesh,ENT-REF-655582,26,0.1451
ENT-000059,PHONE,Telangana,ENT-REF-641414,61,0.3666
ENT-000060,ACCOUNT,Rajasthan,ENT-REF-366860,50,0.2127
ENT-000061,BENEFICIARY,Karnataka,ENT-REF-881384,5,0.0785
ENT-000062,WALLET,West Bengal,ENT-REF-826561,25,0.517
ENT-000063,WALLET,Madhya Pradesh,ENT-REF-570534,21,0.0634
ENT-000064,PHONE,Karnataka,ENT-REF-640234,76,0.1517
ENT-000065,ACCOUNT,Uttar Pradesh,ENT-REF-769358,39,0.0831
ENT-000066,DEVICE,Delhi,ENT-REF-562100,31,0.2173
ENT-000067,MERCHANT,Rajasthan,ENT-REF-983794,59,0.2625
ENT-000068,PHONE,Uttar Pradesh,ENT-REF-617050,32,0.3066
ENT-000069,DEVICE,Rajasthan,ENT-REF-104822,35,0.2451
ENT-000070,BENEFICIARY,Rajasthan,ENT-REF-139585,42,0.0495
ENT-000071,MERCHANT,Telangana,ENT-REF-606315,45,0.0094
ENT-000072,ACCOUNT,Madhya Pradesh,ENT-REF-652566,16,0.1165
ENT-000073,PHONE,Madhya Pradesh,ENT-REF-814131,73,0.1234
ENT-000074,BENEFICIARY,Madhya Pradesh,ENT-REF-794882,73,0.4464
ENT-000075,ACCOUNT,Bihar,ENT-REF-845910,35,0.4593
ENT-000076,BENEFICIARY,Rajasthan,ENT-REF-348147,69,0.1138
ENT-000077,BENEFICIARY,Rajasthan,ENT-REF-347773,27,0.3676
ENT-000078,ACCOUNT,Telangana,ENT-REF-565866,77,0.1199
ENT-000079,WALLET,Bihar,ENT-REF-283665,35,0.1572
ENT-000080,ACCOUNT,Madhya Pradesh,ENT-REF-686620,50,0.0265
ENT-000081,BENEFICIARY,Madhya Pradesh,ENT-REF-810726,3,0.218
ENT-000082,DEVICE,Maharashtra,ENT-REF-976497,65,0.0951
ENT-000083,PHONE,Karnataka,ENT-REF-760647,24,0.1452
ENT-000084,ACCOUNT,Karnataka,ENT-REF-388126,54,0.0527
ENT-000085,ACCOUNT,Bihar,ENT-REF-425227,76,0.1711
ENT-000086,ACCOUNT,Telangana,ENT-REF-789226,61,0.2306
ENT-000087,PHONE,Uttar Pradesh,ENT-REF-846098,68,0.0747
ENT-000088,ACCOUNT,West Bengal,ENT-REF-201133,27,0.1776
ENT-000089,MERCHANT,Madhya Pradesh,ENT-REF-117774,77,0.5878
ENT-000090,PHONE,West Bengal,ENT-REF-976777,57,0.0577
ENT-000091,ACCOUNT,Rajasthan,ENT-REF-335043,19,0.4247
ENT-000092,ACCOUNT,West Bengal,ENT-REF-941629,40,0.0852
ENT-000093,PHONE,West Bengal,ENT-REF-339814,28,0.1336
ENT-000094,MERCHANT,Bihar,ENT-REF-843568,32,0.129
ENT-000095,ACCOUNT,Rajasthan,ENT-REF-714832,4,0.1983
ENT-000096,PHONE,Telangana,ENT-REF-780276,64,0.0435
ENT-000097,PHONE,Karnataka,ENT-REF-109340,36,0.1548
ENT-000098,WALLET,Bihar,ENT-REF-554326,36,0.3796
ENT-000099,ACCOUNT,Maharashtra,ENT-REF-612255,33,0.0349
ENT-000100,DEVICE,Telangana,ENT-REF-419204,35,0.0355
ENT-000101,ACCOUNT,Tamil Nadu,ENT-REF-670695,31,0.205
ENT-000102,PHONE,Madhya Pradesh,ENT-REF-223308,10,0.0084
ENT-000103,PHONE,Uttar Pradesh,ENT-REF-326716,72,0.1698
ENT-000104,BENEFICIARY,Bihar,ENT-REF-922559,73,0.0976
ENT-000105,ACCOUNT,Karnataka,ENT-REF-608191,68,0.2691
ENT-000106,WALLET,Karnataka,ENT-REF-155588,40,0.2146
ENT-000107,BENEFICIARY,Madhya Pradesh,ENT-REF-544052,76,0.3103
ENT-000108,DEVICE,Delhi,ENT-REF-671301,70,0.0663
ENT-000109,DEVICE,Karnataka,ENT-REF-246978,26,0.2736
ENT-000110,ACCOUNT,Uttar Pradesh,ENT-REF-650899,41,0.1544
ENT-000111,ACCOUNT,Maharashtra,ENT-REF-679873,60,0.4142
ENT-000112,MERCHANT,Telangana,ENT-REF-108417,63,0.0646
ENT-000113,PHONE,Bihar,ENT-REF-595011,35,0.1858
ENT-000114,ACCOUNT,Bihar,ENT-REF-430984,40,0.0967
ENT-000115,ACCOUNT,Uttar Pradesh,ENT-REF-614644,21,0.256
ENT-000116,ACCOUNT,Delhi,ENT-REF-982445,66,0.0507
ENT-000117,PHONE,Delhi,ENT-REF-742771,41,0.1946
ENT-000118,ACCOUNT,Telangana,ENT-REF-190491,18,0.0552
ENT-000119,DEVICE,Uttar Pradesh,ENT-REF-198096,40,0.276
ENT-000120,ACCOUNT,Rajasthan,ENT-REF-142302,10,0.0469
ENT-000121,DEVICE,Tamil Nadu,ENT-REF-299847,26,0.4409
ENT-000122,ACCOUNT,Karnataka,ENT-REF-345334,39,0.3323
ENT-000123,ACCOUNT,Maharashtra,ENT-REF-413405,66,0.2727
ENT-000124,BENEFICIARY,Madhya Pradesh,ENT-REF-187009,33,0.2834
ENT-000125,PHONE,Telangana,ENT-REF-239615,11,0.1998
ENT-000126,ACCOUNT,Madhya Pradesh,ENT-REF-892286,72,0.1627
ENT-000127,DEVICE,Bihar,ENT-REF-154879,49,0.0115
ENT-000128,ACCOUNT,Uttar Pradesh,ENT-REF-550913,74,0.2152
ENT-000129,BENEFICIARY,Madhya Pradesh,ENT-REF-964286,16,0.3051
ENT-000130,ACCOUNT,Karnataka,ENT-REF-855948,26,0.4344
ENT-000131,ACCOUNT,Maharashtra,ENT-REF-583471,67,0.1655
ENT-000132,ACCOUNT,Rajasthan,ENT-REF-291045,70,0.0581
ENT-000133,ACCOUNT,Rajasthan,ENT-REF-912278,39,0.3436
ENT-000134,PHONE,West Bengal,ENT-REF-782389,5,0.0497
ENT-000135,MERCHANT,Tamil Nadu,ENT-REF-688280,66,0.214
ENT-000136,ACCOUNT,Telangana,ENT-REF-158520,42,0.2507
ENT-000137,ACCOUNT,Tamil Nadu,ENT-REF-706368,60,0.0409
ENT-000138,ACCOUNT,Delhi,ENT-REF-273287,4,0.0513
ENT-000139,PHONE,Delhi,ENT-REF-383450,76,0.3205
ENT-000140,ACCOUNT,Karnataka,ENT-REF-175156,54,0.2771
ENT-000141,ACCOUNT,Maharashtra,ENT-REF-951913,44,0.1918
ENT-000142,MERCHANT,West Bengal,ENT-REF-656984,27,0.4451
ENT-000143,BENEFICIARY,Maharashtra,ENT-REF-109306,11,0.2007
ENT-000144,PHONE,Maharashtra,ENT-REF-599880,3,0.5462
ENT-000145,BENEFICIARY,Karnataka,ENT-REF-175128,1,0.0349
ENT-000146,MERCHANT,Uttar Pradesh,ENT-REF-367037,16,0.1345
ENT-000147,BENEFICIARY,Maharashtra,ENT-REF-124591,28,0.2331
ENT-000148,ACCOUNT,West Bengal,ENT-REF-175381,51,0.3441
ENT-000149,BENEFICIARY,Karnataka,ENT-REF-193098,27,0.0373
ENT-000150,PHONE,Telangana,ENT-REF-410171,61,0.1468
ENT-000151,MERCHANT,Madhya Pradesh,ENT-REF-403341,20,0.1296
ENT-000152,DEVICE,Telangana,ENT-REF-409063,43,0.12
ENT-000153,ACCOUNT,Maharashtra,ENT-REF-922284,4,0.3065
ENT-000154,PHONE,West Bengal,ENT-REF-138590,67,0.1016
ENT-000155,ACCOUNT,Rajasthan,ENT-REF-736027,19,0.1864
ENT-000156,BENEFICIARY,Bihar,ENT-REF-949051,23,0.2318
ENT-000157,ACCOUNT,Rajasthan,ENT-REF-218216,59,0.1047
ENT-000158,BENEFICIARY,West Bengal,ENT-REF-958146,6,0.02
ENT-000159,PHONE,West Bengal,ENT-REF-815591,16,0.1645
ENT-000160,DEVICE,Delhi,ENT-REF-291155,43,0.1706
ENT-000161,ACCOUNT,Madhya Pradesh,ENT-REF-863136,43,0.1083
ENT-000162,BENEFICIARY,West Bengal,ENT-REF-648401,24,0.2107
ENT-000163,ACCOUNT,Karnataka,ENT-REF-307836,25,0.0509
ENT-000164,WALLET,Maharashtra,ENT-REF-349908,28,0.1591
ENT-000165,DEVICE,Madhya Pradesh,ENT-REF-707964,5,0.2289
ENT-000166,ACCOUNT,Bihar,ENT-REF-823001,19,0.1661
ENT-000167,ACCOUNT,Madhya Pradesh,ENT-REF-291170,7,0.0678
ENT-000168,ACCOUNT,Bihar,ENT-REF-551743,36,0.0912
ENT-000169,BENEFICIARY,Uttar Pradesh,ENT-REF-462604,75,0.1975
ENT-000170,DEVICE,Delhi,ENT-REF-149733,35,0.0631
ENT-000171,PHONE,Madhya Pradesh,ENT-REF-974260,19,0.0708
ENT-000172,MERCHANT,Uttar Pradesh,ENT-REF-506055,59,0.4841
ENT-000173,PHONE,Maharashtra,ENT-REF-429797,9,0.0569
ENT-000174,BENEFICIARY,Delhi,ENT-REF-318560,21,0.1313
ENT-000175,DEVICE,Bihar,ENT-REF-505200,12,0.0701
ENT-000176,ACCOUNT,Telangana,ENT-REF-606100,50,0.3024
ENT-000177,ACCOUNT,Telangana,ENT-REF-797140,51,0.0715
ENT-000178,PHONE,Uttar Pradesh,ENT-REF-484691,22,0.0753
ENT-000179,WALLET,Maharashtra,ENT-REF-615941,3,0.0932
ENT-000180,PHONE,West Bengal,ENT-REF-259844,39,0.1196
ENT-000181,PHONE,Rajasthan,ENT-REF-270528,41,0.0152
ENT-000182,MERCHANT,Karnataka,ENT-REF-767932,43,0.2006
ENT-000183,ACCOUNT,Karnataka,ENT-REF-765621,33,0.0239
ENT-000184,DEVICE,Uttar Pradesh,ENT-REF-535852,13,0.1113
ENT-000185,ACCOUNT,Madhya Pradesh,ENT-REF-594961,41,0.0175
ENT-000186,ACCOUNT,Karnataka,ENT-REF-532766,6,0.2132
ENT-000187,PHONE,Tamil Nadu,ENT-REF-554750,46,0.0257
ENT-000188,ACCOUNT,Maharashtra,ENT-REF-417947,14,0.2289
ENT-000189,WALLET,Uttar Pradesh,ENT-REF-248247,7,0.3176
ENT-000190,WALLET,Maharashtra,ENT-REF-636545,8,0.0425
ENT-000191,PHONE,Karnataka,ENT-REF-272341,14,0.3471
ENT-000192,ACCOUNT,Maharashtra,ENT-REF-189690,77,0.1958
ENT-000193,DEVICE,Rajasthan,ENT-REF-748316,56,0.2597
ENT-000194,PHONE,Tamil Nadu,ENT-REF-214575,20,0.3173
ENT-000195,WALLET,Madhya Pradesh,ENT-REF-977248,64,0.1737
ENT-000196,ACCOUNT,Bihar,ENT-REF-943348,5,0.2665
ENT-000197,ACCOUNT,Karnataka,ENT-REF-107693,26,0.2303
ENT-000198,ACCOUNT,Tamil Nadu,ENT-REF-229818,12,0.0986
ENT-000199,ACCOUNT,Telangana,ENT-REF-169750,53,0.0923
ENT-000200,ACCOUNT,Tamil Nadu,ENT-REF-915747,9,0.0438
ENT-000201,DEVICE,West Bengal,ENT-REF-175833,35,0.0298
ENT-000202,DEVICE,Rajasthan,ENT-REF-495104,3,0.3774
ENT-000203,BENEFICIARY,Delhi,ENT-REF-875111,33,0.0284
ENT-000204,BENEFICIARY,Delhi,ENT-REF-595777,48,0.2979
ENT-000205,DEVICE,Maharashtra,ENT-REF-744883,51,0.0593
ENT-000206,BENEFICIARY,Delhi,ENT-REF-686070,30,0.2736
ENT-000207,ACCOUNT,Maharashtra,ENT-REF-228212,30,0.0732
ENT-000208,ACCOUNT,West Bengal,ENT-REF-833746,73,0.0644
ENT-000209,MERCHANT,Uttar Pradesh,ENT-REF-470672,46,0.3709
ENT-000210,MERCHANT,West Bengal,ENT-REF-579759,19,0.143
ENT-000211,PHONE,Karnataka,ENT-REF-233851,76,0.3143
ENT-000212,PHONE,West Bengal,ENT-REF-228414,54,0.1288
ENT-000213,BENEFICIARY,West Bengal,ENT-REF-318204,36,0.0344
ENT-000214,ACCOUNT,Uttar Pradesh,ENT-REF-307283,67,0.0658
ENT-000215,DEVICE,Tamil Nadu,ENT-REF-153327,71,0.1032
ENT-000216,BENEFICIARY,Bihar,ENT-REF-267679,60,0.0677
ENT-000217,ACCOUNT,Karnataka,ENT-REF-245624,51,0.1269
ENT-000218,PHONE,Uttar Pradesh,ENT-REF-174511,41,0.1868
ENT-000219,PHONE,Madhya Pradesh,ENT-REF-728755,39,0.0307
ENT-000220,BENEFICIARY,Maharashtra,ENT-REF-423044,60,0.1973
ENT-000221,PHONE,Delhi,ENT-REF-663147,46,0.0439
ENT-000222,PHONE,Bihar,ENT-REF-597408,32,0.1525
ENT-000223,DEVICE,Uttar Pradesh,ENT-REF-273766,8,0.0931
ENT-000224,DEVICE,Maharashtra,ENT-REF-565008,26,0.1736
ENT-000225,PHONE,Telangana,ENT-REF-569031,37,0.1214
ENT-000226,ACCOUNT,Madhya Pradesh,ENT-REF-266304,63,0.3121
ENT-000227,ACCOUNT,Bihar,ENT-REF-543483,16,0.0633
ENT-000228,ACCOUNT,Maharashtra,ENT-REF-100722,51,0.151
ENT-000229,ACCOUNT,Maharashtra,ENT-REF-175511,48,0.2372
ENT-000230,PHONE,Madhya Pradesh,ENT-REF-987796,17,0.0817
ENT-000231,BENEFICIARY,Rajasthan,ENT-REF-196902,7,0.2249
ENT-000232,ACCOUNT,Karnataka,ENT-REF-457282,8,0.2748
ENT-000233,DEVICE,Delhi,ENT-REF-273593,18,0.0765
ENT-000234,ACCOUNT,West Bengal,ENT-REF-961941,17,0.2527
ENT-000235,MERCHANT,West Bengal,ENT-REF-475811,15,0.1373
ENT-000236,PHONE,Delhi,ENT-REF-192860,34,0.197
ENT-000237,ACCOUNT,Karnataka,ENT-REF-285362,39,0.1287
ENT-000238,PHONE,Telangana,ENT-REF-643328,42,0.3573
ENT-000239,ACCOUNT,Rajasthan,ENT-REF-652894,73,0.0067
ENT-000240,WALLET,Tamil Nadu,ENT-REF-407670,6,0.3455
ENT-000241,BENEFICIARY,Telangana,ENT-REF-537768,19,0.1943
ENT-000242,DEVICE,Madhya Pradesh,ENT-REF-382047,67,0.0226
ENT-000243,ACCOUNT,Madhya Pradesh,ENT-REF-624848,15,0.074
ENT-000244,ACCOUNT,Bihar,ENT-REF-121541,52,0.1929
ENT-000245,ACCOUNT,Karnataka,ENT-REF-638431,41,0.0455
ENT-000246,ACCOUNT,Uttar Pradesh,ENT-REF-628762,17,0.0314
ENT-000247,ACCOUNT,Uttar Pradesh,ENT-REF-284090,72,0.0301
ENT-000248,ACCOUNT,Maharashtra,ENT-REF-197277,41,0.1633
ENT-000249,ACCOUNT,West Bengal,ENT-REF-163845,36,0.2645
ENT-000250,ACCOUNT,West Bengal,ENT-REF-540098,76,0.2404
ENT-000251,DEVICE,Maharashtra,ENT-REF-528420,26,0.1038
ENT-000252,ACCOUNT,Bihar,ENT-REF-331609,11,0.1687
ENT-000253,DEVICE,Tamil Nadu,ENT-REF-454579,44,0.2125
ENT-000254,BENEFICIARY,Madhya Pradesh,ENT-REF-207300,49,0.2096
ENT-000255,DEVICE,Karnataka,ENT-REF-306957,36,0.383
ENT-000256,DEVICE,West Bengal,ENT-REF-905190,11,0.0364
ENT-000257,BENEFICIARY,Bihar,ENT-REF-618847,17,0.1412
ENT-000258,WALLET,Tamil Nadu,ENT-REF-915790,35,0.0829
ENT-000259,DEVICE,Madhya Pradesh,ENT-REF-864176,47,0.0276
ENT-000260,ACCOUNT,Madhya Pradesh,ENT-REF-813775,7,0.0733
ENT-000261,ACCOUNT,Tamil Nadu,ENT-REF-814051,74,0.1364
ENT-000262,BENEFICIARY,Maharashtra,ENT-REF-550734,49,0.1529
ENT-000263,PHONE,Karnataka,ENT-REF-155400,47,0.0114
ENT-000264,PHONE,West Bengal,ENT-REF-138135,16,0.3749
ENT-000265,WALLET,West Bengal,ENT-REF-590274,4,0.5548
ENT-000266,MERCHANT,Delhi,ENT-REF-889760,26,0.0695
ENT-000267,ACCOUNT,Karnataka,ENT-REF-753826,13,0.0905
ENT-000268,MERCHANT,Telangana,ENT-REF-577984,35,0.0309
ENT-000269,ACCOUNT,Rajasthan,ENT-REF-281652,19,0.1851
ENT-000270,PHONE,Madhya Pradesh,ENT-REF-113701,65,0.1097
ENT-000271,ACCOUNT,Maharashtra,ENT-REF-988743,47,0.2708
ENT-000272,ACCOUNT,Bihar,ENT-REF-153872,37,0.0867
ENT-000273,ACCOUNT,Bihar,ENT-REF-391349,15,0.1615
ENT-000274,PHONE,Karnataka,ENT-REF-396469,46,0.122
ENT-000275,PHONE,Delhi,ENT-REF-933911,56,0.0204
ENT-000276,DEVICE,Rajasthan,ENT-REF-357600,34,0.2758
ENT-000277,BENEFICIARY,Madhya Pradesh,ENT-REF-494477,58,0.0487
ENT-000278,BENEFICIARY,Tamil Nadu,ENT-REF-740510,55,0.2586
ENT-000279,ACCOUNT,Rajasthan,ENT-REF-372855,9,0.0727
ENT-000280,BENEFICIARY,Maharashtra,ENT-REF-263427,1,0.0626
ENT-000281,MERCHANT,Karnataka,ENT-REF-138742,2,0.4156
ENT-000282,MERCHANT,Karnataka,ENT-REF-812357,5,0.457
ENT-000283,PHONE,West Bengal,ENT-REF-171230,6,0.2604
ENT-000284,WALLET,Bihar,ENT-REF-265967,3,0.1515
ENT-000285,DEVICE,Uttar Pradesh,ENT-REF-947436,55,0.2554
ENT-000286,PHONE,Madhya Pradesh,ENT-REF-174955,77,0.1566
ENT-000287,PHONE,Madhya Pradesh,ENT-REF-700641,51,0.1228
ENT-000288,ACCOUNT,Delhi,ENT-REF-878521,12,0.0352
ENT-000289,ACCOUNT,Uttar Pradesh,ENT-REF-978980,29,0.1064
ENT-000290,DEVICE,Madhya Pradesh,ENT-REF-225119,31,0.2932
ENT-000291,WALLET,Uttar Pradesh,ENT-REF-579132,25,0.1795
ENT-000292,MERCHANT,Maharashtra,ENT-REF-817890,40,0.2238
ENT-000293,ACCOUNT,Uttar Pradesh,ENT-REF-590427,12,0.2053
ENT-000294,WALLET,Telangana,ENT-REF-774289,63,0.2461
ENT-000295,PHONE,Telangana,ENT-REF-389410,76,0.4185
ENT-000296,ACCOUNT,Tamil Nadu,ENT-REF-937102,7,0.084
ENT-000297,ACCOUNT,Telangana,ENT-REF-232034,78,0.2354
ENT-000298,ACCOUNT,Bihar,ENT-REF-121504,51,0.0679
ENT-000299,MERCHANT,Tamil Nadu,ENT-REF-531252,30,0.2459
ENT-000300,ACCOUNT,Telangana,ENT-REF-705205,51,0.1985
ENT-000301,ACCOUNT,Madhya Pradesh,ENT-REF-669690,43,0.1798
ENT-000302,ACCOUNT,Maharashtra,ENT-REF-287102,18,0.2661
ENT-000303,ACCOUNT,Tamil Nadu,ENT-REF-123056,58,0.3507
ENT-000304,ACCOUNT,Delhi,ENT-REF-985245,60,0.0322
ENT-000305,ACCOUNT,Uttar Pradesh,ENT-REF-879407,18,0.1962
ENT-000306,PHONE,Rajasthan,ENT-REF-356520,16,0.0649
ENT-000307,WALLET,Maharashtra,ENT-REF-522480,57,0.1934
ENT-000308,PHONE,Bihar,ENT-REF-277742,79,0.1527
ENT-000309,DEVICE,Telangana,ENT-REF-537821,35,0.1446
ENT-000310,MERCHANT,Tamil Nadu,ENT-REF-566788,28,0.1758
ENT-000311,BENEFICIARY,Karnataka,ENT-REF-977968,37,0.4498
ENT-000312,WALLET,Delhi,ENT-REF-226987,16,0.1436
ENT-000313,BENEFICIARY,Bihar,ENT-REF-913114,1,0.285
ENT-000314,DEVICE,Rajasthan,ENT-REF-996625,67,0.0948
ENT-000315,MERCHANT,Rajasthan,ENT-REF-693261,27,0.1213
ENT-000316,WALLET,Karnataka,ENT-REF-623874,49,0.3838
ENT-000317,MERCHANT,Delhi,ENT-REF-893393,57,0.1145
ENT-000318,ACCOUNT,Delhi,ENT-REF-396961,27,0.0466
ENT-000319,ACCOUNT,West Bengal,ENT-REF-256778,36,0.1115
ENT-000320,ACCOUNT,Telangana,ENT-REF-204506,18,0.1637
ENT-000321,DEVICE,Maharashtra,ENT-REF-893248,56,0.2869
ENT-000322,WALLET,Madhya Pradesh,ENT-REF-598061,33,0.041
ENT-000323,WALLET,Delhi,ENT-REF-302831,39,0.1473
ENT-000324,PHONE,Tamil Nadu,ENT-REF-657509,5,0.0094
ENT-000325,PHONE,Delhi,ENT-REF-520061,12,0.1501
ENT-000326,BENEFICIARY,Bihar,ENT-REF-598137,34,0.064
ENT-000327,MERCHANT,Delhi,ENT-REF-587957,56,0.167
ENT-000328,WALLET,Uttar Pradesh,ENT-REF-183418,35,0.4101
ENT-000329,ACCOUNT,Uttar Pradesh,ENT-REF-925564,66,0.1457
ENT-000330,ACCOUNT,West Bengal,ENT-REF-634503,1,0.2504
ENT-000331,ACCOUNT,Rajasthan,ENT-REF-210652,4,0.0347
ENT-000332,BENEFICIARY,Maharashtra,ENT-REF-424025,70,0.2723
ENT-000333,BENEFICIARY,Uttar Pradesh,ENT-REF-584649,26,0.3577
ENT-000334,WALLET,Uttar Pradesh,ENT-REF-109026,38,0.0958
ENT-000335,DEVICE,Delhi,ENT-REF-505697,3,0.3637
ENT-000336,ACCOUNT,Uttar Pradesh,ENT-REF-876851,6,0.1193
ENT-000337,WALLET,Karnataka,ENT-REF-818211,19,0.3145
ENT-000338,DEVICE,Telangana,ENT-REF-258321,17,0.0555
ENT-000339,MERCHANT,Uttar Pradesh,ENT-REF-428986,70,0.1857
ENT-000340,DEVICE,Bihar,ENT-REF-685988,49,0.315
ENT-000341,WALLET,Delhi,ENT-REF-218765,21,0.0847
ENT-000342,PHONE,Delhi,ENT-REF-385759,31,0.1818
ENT-000343,DEVICE,Telangana,ENT-REF-375660,71,0.1245
ENT-000344,PHONE,West Bengal,ENT-REF-305382,36,0.4281
ENT-000345,BENEFICIARY,West Bengal,ENT-REF-210276,24,0.2882
ENT-000346,PHONE,Rajasthan,ENT-REF-417573,22,0.1502
ENT-000347,ACCOUNT,Uttar Pradesh,ENT-REF-209107,42,0.0901
ENT-000348,PHONE,Madhya Pradesh,ENT-REF-608286,16,0.2064
ENT-000349,WALLET,Telangana,ENT-REF-784935,66,0.3249
ENT-000350,PHONE,Madhya Pradesh,ENT-REF-742675,47,0.0957
ENT-000351,ACCOUNT,West Bengal,ENT-REF-256129,79,0.0712
ENT-000352,BENEFICIARY,Maharashtra,ENT-REF-437856,7,0.2661
ENT-000353,ACCOUNT,Telangana,ENT-REF-452726,61,0.3876
ENT-000354,PHONE,Uttar Pradesh,ENT-REF-137345,13,0.0678
ENT-000355,MERCHANT,West Bengal,ENT-REF-324100,35,0.0853
ENT-000356,ACCOUNT,Rajasthan,ENT-REF-685609,70,0.2368
ENT-000357,PHONE,West Bengal,ENT-REF-487077,8,0.1522
ENT-000358,DEVICE,Tamil Nadu,ENT-REF-210081,4,0.0793
ENT-000359,BENEFICIARY,Rajasthan,ENT-REF-384282,11,0.1112
ENT-000360,ACCOUNT,West Bengal,ENT-REF-534236,71,0.4783
ENT-000361,ACCOUNT,West Bengal,ENT-REF-844057,44,0.2167
ENT-000362,ACCOUNT,Rajasthan,ENT-REF-792504,37,0.0503
ENT-000363,DEVICE,Tamil Nadu,ENT-REF-475448,1,0.0243
ENT-000364,PHONE,Uttar Pradesh,ENT-REF-711305,39,0.3703
ENT-000365,MERCHANT,Tamil Nadu,ENT-REF-215055,54,0.0554
ENT-000366,ACCOUNT,Maharashtra,ENT-REF-194214,65,0.2676
ENT-000367,DEVICE,Telangana,ENT-REF-125896,8,0.2083
ENT-000368,BENEFICIARY,Uttar Pradesh,ENT-REF-142530,41,0.3282
ENT-000369,ACCOUNT,Madhya Pradesh,ENT-REF-777658,71,0.1704
ENT-000370,PHONE,Bihar,ENT-REF-202137,2,0.5618
ENT-000371,MERCHANT,Madhya Pradesh,ENT-REF-224391,50,0.0152
ENT-000372,MERCHANT,Karnataka,ENT-REF-947961,46,0.1221
ENT-000373,ACCOUNT,Maharashtra,ENT-REF-100213,38,0.3369
ENT-000374,ACCOUNT,Uttar Pradesh,ENT-REF-960305,4,0.1581
ENT-000375,MERCHANT,Maharashtra,ENT-REF-161440,66,0.0972
ENT-000376,ACCOUNT,Rajasthan,ENT-REF-717508,31,0.0061
ENT-000377,PHONE,Telangana,ENT-REF-463984,62,0.0954
ENT-000378,BENEFICIARY,Uttar Pradesh,ENT-REF-513989,9,0.1132
ENT-000379,PHONE,Madhya Pradesh,ENT-REF-390845,56,0.1082
ENT-000380,ACCOUNT,Telangana,ENT-REF-950564,64,0.4114
ENT-000381,MERCHANT,Delhi,ENT-REF-532616,12,0.1212
ENT-000382,BENEFICIARY,Rajasthan,ENT-REF-561212,75,0.3987
ENT-000383,ACCOUNT,Telangana,ENT-REF-854900,28,0.1724
ENT-000384,DEVICE,Karnataka,ENT-REF-730850,15,0.2194
ENT-000385,MERCHANT,Bihar,ENT-REF-934906,26,0.1022
ENT-000386,MERCHANT,Bihar,ENT-REF-646122,71,0.1167
ENT-000387,WALLET,Bihar,ENT-REF-619684,12,0.1281
ENT-000388,PHONE,West Bengal,ENT-REF-407032,53,0.0353
ENT-000389,DEVICE,Telangana,ENT-REF-548248,73,0.0038
ENT-000390,ACCOUNT,Maharashtra,ENT-REF-673745,34,0.0759
ENT-000391,BENEFICIARY,Karnataka,ENT-REF-848079,78,0.1846
ENT-000392,ACCOUNT,Bihar,ENT-REF-811473,56,0.0077
ENT-000393,ACCOUNT,Tamil Nadu,ENT-REF-982358,48,0.0483
ENT-000394,ACCOUNT,Maharashtra,ENT-REF-338176,72,0.1189
ENT-000395,DEVICE,Uttar Pradesh,ENT-REF-115151,20,0.2215
ENT-000396,PHONE,Rajasthan,ENT-REF-295369,41,0.2054
ENT-000397,PHONE,Telangana,ENT-REF-740607,31,0.1814
ENT-000398,PHONE,Tamil Nadu,ENT-REF-970336,9,0.1391
ENT-000399,DEVICE,Maharashtra,ENT-REF-168117,39,0.2293
ENT-000400,PHONE,Karnataka,ENT-REF-586946,35,0.0917
ENT-000401,ACCOUNT,Maharashtra,ENT-REF-846487,28,0.0827
ENT-000402,DEVICE,Madhya Pradesh,ENT-REF-485507,9,0.1632
ENT-000403,PHONE,Bihar,ENT-REF-714263,52,0.1028
ENT-000404,BENEFICIARY,Rajasthan,ENT-REF-513576,69,0.0189
ENT-000405,DEVICE,Karnataka,ENT-REF-290451,24,0.1618
ENT-000406,BENEFICIARY,Madhya Pradesh,ENT-REF-949846,46,0.2332
ENT-000407,MERCHANT,Madhya Pradesh,ENT-REF-201355,23,0.0333
ENT-000408,WALLET,Maharashtra,ENT-REF-820440,36,0.0263
ENT-000409,WALLET,West Bengal,ENT-REF-500219,11,0.0877
ENT-000410,ACCOUNT,West Bengal,ENT-REF-527120,43,0.4634
ENT-000411,DEVICE,Uttar Pradesh,ENT-REF-181669,29,0.1007
ENT-000412,ACCOUNT,Delhi,ENT-REF-141047,20,0.3462
ENT-000413,ACCOUNT,Karnataka,ENT-REF-860032,62,0.2811
ENT-000414,BENEFICIARY,Rajasthan,ENT-REF-310241,70,0.0845
ENT-000415,ACCOUNT,West Bengal,ENT-REF-459075,78,0.4195
ENT-000416,BENEFICIARY,Maharashtra,ENT-REF-572968,68,0.1481
ENT-000417,ACCOUNT,Uttar Pradesh,ENT-REF-770280,52,0.1649
ENT-000418,PHONE,Uttar Pradesh,ENT-REF-881789,62,0.0982
ENT-000419,ACCOUNT,Uttar Pradesh,ENT-REF-617956,46,0.0238
ENT-000420,ACCOUNT,West Bengal,ENT-REF-748369,41,0.0335
ENT-000421,ACCOUNT,Madhya Pradesh,ENT-REF-387828,46,0.0923
ENT-000422,PHONE,Madhya Pradesh,ENT-REF-500196,71,0.196
ENT-000423,DEVICE,Karnataka,ENT-REF-942991,2,0.1561
ENT-000424,ACCOUNT,Delhi,ENT-REF-306638,48,0.3751
ENT-000425,ACCOUNT,Uttar Pradesh,ENT-REF-494576,58,0.0602
ENT-000426,PHONE,Tamil Nadu,ENT-REF-367566,21,0.0618
ENT-000427,WALLET,Karnataka,ENT-REF-440297,60,0.0868
ENT-000428,PHONE,Karnataka,ENT-REF-540396,5,0.3991
ENT-000429,WALLET,Rajasthan,ENT-REF-159496,63,0.1399
ENT-000430,BENEFICIARY,Tamil Nadu,ENT-REF-209370,66,0.3886
ENT-000431,BENEFICIARY,Tamil Nadu,ENT-REF-358473,55,0.1021
ENT-000432,WALLET,Rajasthan,ENT-REF-882726,36,0.3683
ENT-000433,ACCOUNT,Karnataka,ENT-REF-510169,58,0.1492
ENT-000434,ACCOUNT,Rajasthan,ENT-REF-308597,4,0.0276
ENT-000435,DEVICE,Madhya Pradesh,ENT-REF-676107,46,0.2409
ENT-000436,PHONE,Madhya Pradesh,ENT-REF-797679,53,0.2351
ENT-000437,WALLET,Tamil Nadu,ENT-REF-670384,4,0.2106
ENT-000438,ACCOUNT,West Bengal,ENT-REF-332307,35,0.2238
ENT-000439,PHONE,Bihar,ENT-REF-273121,66,0.0461
ENT-000440,MERCHANT,Tamil Nadu,ENT-REF-630250,77,0.0895
ENT-000441,MERCHANT,Maharashtra,ENT-REF-967724,2,0.3351
ENT-000442,ACCOUNT,Karnataka,ENT-REF-369575,21,0.3316
ENT-000443,WALLET,Uttar Pradesh,ENT-REF-197068,9,0.0356
ENT-000444,DEVICE,Madhya Pradesh,ENT-REF-979866,64,0.0922
ENT-000445,BENEFICIARY,Madhya Pradesh,ENT-REF-247064,56,0.3238
ENT-000446,ACCOUNT,Rajasthan,ENT-REF-992033,16,0.4936
ENT-000447,PHONE,Rajasthan,ENT-REF-930223,36,0.0971
ENT-000448,PHONE,Uttar Pradesh,ENT-REF-485308,17,0.0574
ENT-000449,PHONE,Rajasthan,ENT-REF-760800,60,0.2102
ENT-000450,ACCOUNT,Karnataka,ENT-REF-922436,76,0.1302
ENT-000451,BENEFICIARY,Rajasthan,ENT-REF-136609,26,0.2065
ENT-000452,ACCOUNT,Karnataka,ENT-REF-358924,71,0.0853
ENT-000453,MERCHANT,Rajasthan,ENT-REF-714068,30,0.2066
ENT-000454,DEVICE,Tamil Nadu,ENT-REF-871209,42,0.2956
ENT-000455,ACCOUNT,Tamil Nadu,ENT-REF-168547,6,0.1719
ENT-000456,ACCOUNT,Karnataka,ENT-REF-562617,61,0.0762
ENT-000457,ACCOUNT,Maharashtra,ENT-REF-862435,5,0.3547
ENT-000458,BENEFICIARY,Madhya Pradesh,ENT-REF-886925,65,0.2315
ENT-000459,PHONE,Rajasthan,ENT-REF-854603,32,0.2418
ENT-000460,ACCOUNT,Madhya Pradesh,ENT-REF-924605,62,0.1057
ENT-000461,ACCOUNT,Delhi,ENT-REF-812777,27,0.0253
ENT-000462,PHONE,Bihar,ENT-REF-406856,26,0.3056
ENT-000463,BENEFICIARY,Madhya Pradesh,ENT-REF-648111,61,0.1918
ENT-000464,BENEFICIARY,West Bengal,ENT-REF-744186,71,0.2054
ENT-000465,BENEFICIARY,Delhi,ENT-REF-753438,20,0.2161
ENT-000466,BENEFICIARY,Karnataka,ENT-REF-907952,34,0.1254
ENT-000467,ACCOUNT,Rajasthan,ENT-REF-499123,50,0.0657
ENT-000468,DEVICE,Tamil Nadu,ENT-REF-718115,57,0.3528
ENT-000469,DEVICE,Bihar,ENT-REF-771310,66,0.534
ENT-000470,BENEFICIARY,Madhya Pradesh,ENT-REF-107308,2,0.1495
ENT-000471,ACCOUNT,Delhi,ENT-REF-298552,69,0.3635
ENT-000472,DEVICE,Delhi,ENT-REF-270859,7,0.2198
ENT-000473,PHONE,Delhi,ENT-REF-166701,26,0.2589
ENT-000474,ACCOUNT,West Bengal,ENT-REF-751766,73,0.2901
ENT-000475,ACCOUNT,Karnataka,ENT-REF-571876,17,0.0067
ENT-000476,PHONE,Telangana,ENT-REF-677418,22,0.1207
ENT-000477,DEVICE,Telangana,ENT-REF-364781,66,0.0565
ENT-000478,PHONE,Telangana,ENT-REF-421975,50,0.0756
ENT-000479,DEVICE,Tamil Nadu,ENT-REF-850253,12,0.0471
ENT-000480,DEVICE,Uttar Pradesh,ENT-REF-292270,28,0.148
ENT-000481,ACCOUNT,Bihar,ENT-REF-872244,32,0.0453
ENT-000482,ACCOUNT,Telangana,ENT-REF-991573,66,0.3218
ENT-000483,WALLET,Rajasthan,ENT-REF-627382,41,0.0676
ENT-000484,PHONE,Maharashtra,ENT-REF-672684,15,0.2074
ENT-000485,MERCHANT,Telangana,ENT-REF-335681,36,0.1632
ENT-000486,DEVICE,West Bengal,ENT-REF-699442,13,0.284
ENT-000487,BENEFICIARY,Telangana,ENT-REF-738097,2,0.2965
ENT-000488,WALLET,Rajasthan,ENT-REF-454640,71,0.1588
ENT-000489,ACCOUNT,Madhya Pradesh,ENT-REF-133378,36,0.2776
ENT-000490,BENEFICIARY,Bihar,ENT-REF-682676,26,0.2425
ENT-000491,BENEFICIARY,Delhi,ENT-REF-607929,65,0.2697
ENT-000492,WALLET,Tamil Nadu,ENT-REF-244592,52,0.0638
ENT-000493,DEVICE,West Bengal,ENT-REF-193072,46,0.1916
ENT-000494,WALLET,Uttar Pradesh,ENT-REF-785962,24,0.2465
ENT-000495,DEVICE,Tamil Nadu,ENT-REF-418973,78,0.063
ENT-000496,ACCOUNT,Telangana,ENT-REF-383121,26,0.2362
ENT-000497,BENEFICIARY,Uttar Pradesh,ENT-REF-136316,48,0.3738
ENT-000498,PHONE,West Bengal,ENT-REF-554974,66,0.0812
ENT-000499,WALLET,Tamil Nadu,ENT-REF-730233,45,0.1187
ENT-000500,ACCOUNT,Rajasthan,ENT-REF-581230,31,0.4379
ENT-000501,DEVICE,Delhi,ENT-REF-585883,27,0.1583
ENT-000502,ACCOUNT,Tamil Nadu,ENT-REF-885820,11,0.0751
ENT-000503,ACCOUNT,Rajasthan,ENT-REF-756541,34,0.4434
ENT-000504,PHONE,Rajasthan,ENT-REF-824526,35,0.0199
ENT-000505,ACCOUNT,Tamil Nadu,ENT-REF-666809,33,0.3393
ENT-000506,MERCHANT,Telangana,ENT-REF-405647,28,0.0432
ENT-000507,PHONE,Delhi,ENT-REF-587524,12,0.1878
ENT-000508,ACCOUNT,Rajasthan,ENT-REF-209441,79,0.0628
ENT-000509,DEVICE,Telangana,ENT-REF-953276,40,0.5583
ENT-000510,ACCOUNT,Tamil Nadu,ENT-REF-803964,24,0.2487
ENT-000511,MERCHANT,Madhya Pradesh,ENT-REF-946961,53,0.1355
ENT-000512,WALLET,Bihar,ENT-REF-480673,40,0.0574
ENT-000513,PHONE,Delhi,ENT-REF-908364,73,0.2503
ENT-000514,PHONE,Rajasthan,ENT-REF-625540,9,0.2025
ENT-000515,ACCOUNT,Karnataka,ENT-REF-357952,11,0.0274
ENT-000516,BENEFICIARY,West Bengal,ENT-REF-259361,44,0.0961
ENT-000517,ACCOUNT,Rajasthan,ENT-REF-605612,33,0.0538
ENT-000518,DEVICE,Bihar,ENT-REF-842248,70,0.0265
ENT-000519,DEVICE,Madhya Pradesh,ENT-REF-868048,1,0.3525
ENT-000520,BENEFICIARY,West Bengal,ENT-REF-399881,49,0.2868
ENT-000521,MERCHANT,Bihar,ENT-REF-741570,60,0.0819
ENT-000522,MERCHANT,Bihar,ENT-REF-573899,9,0.0745
ENT-000523,PHONE,Uttar Pradesh,ENT-REF-987851,17,0.2619
ENT-000524,ACCOUNT,Telangana,ENT-REF-376953,23,0.1721
ENT-000525,BENEFICIARY,Maharashtra,ENT-REF-859949,46,0.1766
ENT-000526,BENEFICIARY,Telangana,ENT-REF-377985,35,0.237
ENT-000527,MERCHANT,Tamil Nadu,ENT-REF-567689,79,0.0509
ENT-000528,PHONE,Madhya Pradesh,ENT-REF-253306,18,0.0421
ENT-000529,ACCOUNT,Uttar Pradesh,ENT-REF-302300,69,0.1877
ENT-000530,PHONE,West Bengal,ENT-REF-662244,66,0.0366
ENT-000531,DEVICE,Karnataka,ENT-REF-183530,41,0.3013
ENT-000532,DEVICE,Rajasthan,ENT-REF-191301,39,0.239
ENT-000533,ACCOUNT,Uttar Pradesh,ENT-REF-978191,16,0.2235
ENT-000534,ACCOUNT,Uttar Pradesh,ENT-REF-435750,13,0.0324
ENT-000535,ACCOUNT,Tamil Nadu,ENT-REF-793373,53,0.1304
ENT-000536,DEVICE,Karnataka,ENT-REF-474464,76,0.2561
ENT-000537,WALLET,Bihar,ENT-REF-312122,75,0.5101
ENT-000538,WALLET,Rajasthan,ENT-REF-851753,44,0.2099
ENT-000539,ACCOUNT,Uttar Pradesh,ENT-REF-315535,11,0.1658
ENT-000540,BENEFICIARY,Karnataka,ENT-REF-474137,20,0.055
ENT-000541,DEVICE,Maharashtra,ENT-REF-244209,64,0.1858
ENT-000542,MERCHANT,Rajasthan,ENT-REF-335053,66,0.0638
ENT-000543,ACCOUNT,West Bengal,ENT-REF-720000,24,0.1021
ENT-000544,BENEFICIARY,West Bengal,ENT-REF-623867,17,0.221
ENT-000545,DEVICE,Maharashtra,ENT-REF-734315,14,0.1143
ENT-000546,PHONE,Madhya Pradesh,ENT-REF-550166,78,0.2383
ENT-000547,DEVICE,Telangana,ENT-REF-821368,31,0.2903
ENT-000548,ACCOUNT,Delhi,ENT-REF-902237,16,0.2151
ENT-000549,ACCOUNT,Tamil Nadu,ENT-REF-968769,34,0.0426
ENT-000550,BENEFICIARY,West Bengal,ENT-REF-495339,56,0.2381
ENT-000551,PHONE,Madhya Pradesh,ENT-REF-508468,78,0.3999
ENT-000552,DEVICE,West Bengal,ENT-REF-984283,71,0.0687
ENT-000553,PHONE,Rajasthan,ENT-REF-550818,40,0.0279
ENT-000554,WALLET,Maharashtra,ENT-REF-616158,57,0.2887
ENT-000555,ACCOUNT,Maharashtra,ENT-REF-216465,43,0.2336
ENT-000556,PHONE,Maharashtra,ENT-REF-143337,49,0.0153
ENT-000557,BENEFICIARY,Maharashtra,ENT-REF-533382,43,0.0716
ENT-000558,BENEFICIARY,Rajasthan,ENT-REF-340845,47,0.1422
ENT-000559,ACCOUNT,Telangana,ENT-REF-632099,30,0.1271
ENT-000560,MERCHANT,Rajasthan,ENT-REF-447106,32,0.0107
ENT-000561,WALLET,Maharashtra,ENT-REF-685657,33,0.3688
ENT-000562,PHONE,Uttar Pradesh,ENT-REF-558881,31,0.0502
ENT-000563,PHONE,Delhi,ENT-REF-343923,9,0.0252
ENT-000564,ACCOUNT,Madhya Pradesh,ENT-REF-786581,61,0.4181
ENT-000565,ACCOUNT,Uttar Pradesh,ENT-REF-778376,59,0.1463
ENT-000566,BENEFICIARY,Delhi,ENT-REF-751338,76,0.2897
ENT-000567,ACCOUNT,Uttar Pradesh,ENT-REF-747405,18,0.1337
ENT-000568,PHONE,Bihar,ENT-REF-978774,66,0.0179
ENT-000569,DEVICE,Bihar,ENT-REF-746006,63,0.0162
ENT-000570,ACCOUNT,Maharashtra,ENT-REF-684259,78,0.6437
ENT-000571,PHONE,Tamil Nadu,ENT-REF-633038,29,0.3046
ENT-000572,ACCOUNT,West Bengal,ENT-REF-339676,62,0.0883
ENT-000573,BENEFICIARY,Karnataka,ENT-REF-145739,17,0.0962
ENT-000574,MERCHANT,Maharashtra,ENT-REF-713627,59,0.4948
ENT-000575,WALLET,Rajasthan,ENT-REF-309743,15,0.3903
ENT-000576,BENEFICIARY,Bihar,ENT-REF-213869,13,0.0116
ENT-000577,ACCOUNT,Rajasthan,ENT-REF-494476,56,0.3119
ENT-000578,MERCHANT,Madhya Pradesh,ENT-REF-813768,9,0.1189
ENT-000579,BENEFICIARY,Maharashtra,ENT-REF-311509,36,0.0998
ENT-000580,BENEFICIARY,Maharashtra,ENT-REF-678931,28,0.2449
ENT-000581,BENEFICIARY,Delhi,ENT-REF-805714,11,0.1423
ENT-000582,PHONE,Rajasthan,ENT-REF-423148,43,0.0242
ENT-000583,BENEFICIARY,Telangana,ENT-REF-110572,58,0.3086
ENT-000584,PHONE,Tamil Nadu,ENT-REF-491117,28,0.3104
ENT-000585,ACCOUNT,Tamil Nadu,ENT-REF-687342,70,0.0533
ENT-000586,PHONE,Telangana,ENT-REF-265280,19,0.1663
ENT-000587,ACCOUNT,Bihar,ENT-REF-261362,18,0.2607
ENT-000588,DEVICE,Karnataka,ENT-REF-844115,17,0.0965
ENT-000589,ACCOUNT,Maharashtra,ENT-REF-450427,51,0.0798
ENT-000590,ACCOUNT,Uttar Pradesh,ENT-REF-686902,73,0.178
ENT-000591,ACCOUNT,Maharashtra,ENT-REF-180694,56,0.056
ENT-000592,ACCOUNT,West Bengal,ENT-REF-550725,29,0.1195
ENT-000593,DEVICE,Bihar,ENT-REF-605216,42,0.2258
ENT-000594,ACCOUNT,Maharashtra,ENT-REF-749191,56,0.2632
ENT-000595,ACCOUNT,Uttar Pradesh,ENT-REF-980967,68,0.0648
ENT-000596,ACCOUNT,Rajasthan,ENT-REF-181091,20,0.1582
ENT-000597,BENEFICIARY,Uttar Pradesh,ENT-REF-429400,70,0.1357
ENT-000598,ACCOUNT,Madhya Pradesh,ENT-REF-514055,77,0.1025
ENT-000599,DEVICE,Telangana,ENT-REF-839389,64,0.5906
ENT-000600,ACCOUNT,Rajasthan,ENT-REF-869411,24,0.4328
ENT-000601,ACCOUNT,Telangana,ENT-REF-357528,30,0.1953
ENT-000602,ACCOUNT,West Bengal,ENT-REF-905913,77,0.0154
ENT-000603,ACCOUNT,Madhya Pradesh,ENT-REF-869731,33,0.208
ENT-000604,MERCHANT,Tamil Nadu,ENT-REF-563787,70,0.3977
ENT-000605,ACCOUNT,Madhya Pradesh,ENT-REF-543554,63,0.258
ENT-000606,WALLET,West Bengal,ENT-REF-456825,54,0.0497
ENT-000607,BENEFICIARY,Uttar Pradesh,ENT-REF-705576,18,0.1266
ENT-000608,DEVICE,Telangana,ENT-REF-924991,15,0.0705
ENT-000609,BENEFICIARY,Rajasthan,ENT-REF-926677,11,0.4466
ENT-000610,DEVICE,Bihar,ENT-REF-737528,25,0.1333
ENT-000611,PHONE,Delhi,ENT-REF-723135,3,0.2128
ENT-000612,PHONE,Karnataka,ENT-REF-755540,74,0.0796
ENT-000613,ACCOUNT,Telangana,ENT-REF-923754,78,0.0386
ENT-000614,DEVICE,Rajasthan,ENT-REF-590296,50,0.0405
ENT-000615,PHONE,West Bengal,ENT-REF-283206,54,0.3105
ENT-000616,ACCOUNT,Tamil Nadu,ENT-REF-438882,65,0.1464
ENT-000617,PHONE,Rajasthan,ENT-REF-706124,55,0.1994
ENT-000618,BENEFICIARY,Bihar,ENT-REF-740773,28,0.1697
ENT-000619,PHONE,Telangana,ENT-REF-629459,19,0.243
ENT-000620,BENEFICIARY,Delhi,ENT-REF-954857,64,0.1598
ENT-000621,ACCOUNT,Madhya Pradesh,ENT-REF-157841,15,0.172
ENT-000622,ACCOUNT,Maharashtra,ENT-REF-335550,15,0.2788
ENT-000623,WALLET,Maharashtra,ENT-REF-654057,29,0.0297
ENT-000624,ACCOUNT,Bihar,ENT-REF-550761,49,0.0394
ENT-000625,BENEFICIARY,Madhya Pradesh,ENT-REF-961303,47,0.3073
ENT-000626,PHONE,Bihar,ENT-REF-176609,55,0.1071
ENT-000627,DEVICE,Telangana,ENT-REF-959684,69,0.1392
ENT-000628,WALLET,Delhi,ENT-REF-752810,76,0.1889
ENT-000629,MERCHANT,Madhya Pradesh,ENT-REF-175060,52,0.1294
ENT-000630,DEVICE,Bihar,ENT-REF-471419,30,0.0437
ENT-000631,BENEFICIARY,Uttar Pradesh,ENT-REF-948524,63,0.1938
ENT-000632,ACCOUNT,Tamil Nadu,ENT-REF-437683,1,0.0789
ENT-000633,PHONE,Rajasthan,ENT-REF-656149,12,0.1614
ENT-000634,ACCOUNT,Rajasthan,ENT-REF-745640,15,0.2764
ENT-000635,PHONE,Madhya Pradesh,ENT-REF-963019,24,0.5649
ENT-000636,ACCOUNT,Telangana,ENT-REF-603984,50,0.0467
ENT-000637,DEVICE,Karnataka,ENT-REF-221952,2,0.0246
ENT-000638,MERCHANT,West Bengal,ENT-REF-660232,64,0.1177
ENT-000639,DEVICE,West Bengal,ENT-REF-455256,6,0.1841
ENT-000640,ACCOUNT,Telangana,ENT-REF-452178,50,0.1078
ENT-000641,DEVICE,Rajasthan,ENT-REF-138479,2,0.1929
ENT-000642,ACCOUNT,Uttar Pradesh,ENT-REF-610793,78,0.2028
ENT-000643,PHONE,Bihar,ENT-REF-760422,79,0.0847
ENT-000644,ACCOUNT,Delhi,ENT-REF-682762,22,0.0751
ENT-000645,DEVICE,Uttar Pradesh,ENT-REF-624218,40,0.115
ENT-000646,MERCHANT,Rajasthan,ENT-REF-144942,45,0.165
ENT-000647,ACCOUNT,Tamil Nadu,ENT-REF-919561,65,0.1648
ENT-000648,DEVICE,Madhya Pradesh,ENT-REF-425006,57,0.0595
ENT-000649,ACCOUNT,Telangana,ENT-REF-443252,51,0.4897
ENT-000650,ACCOUNT,Rajasthan,ENT-REF-764712,9,0.3402
ENT-000651,PHONE,Tamil Nadu,ENT-REF-903851,53,0.0819
ENT-000652,DEVICE,West Bengal,ENT-REF-360621,11,0.0987
ENT-000653,MERCHANT,Delhi,ENT-REF-599253,39,0.0306
ENT-000654,PHONE,Bihar,ENT-REF-888894,3,0.1115
ENT-000655,PHONE,Delhi,ENT-REF-213072,75,0.2933
ENT-000656,BENEFICIARY,Tamil Nadu,ENT-REF-226271,15,0.2199
ENT-000657,PHONE,Delhi,ENT-REF-700481,38,0.065
ENT-000658,PHONE,Karnataka,ENT-REF-516765,37,0.1737
ENT-000659,PHONE,Rajasthan,ENT-REF-527385,16,0.0179
ENT-000660,PHONE,Uttar Pradesh,ENT-REF-706838,8,0.3151
ENT-000661,PHONE,Rajasthan,ENT-REF-642120,59,0.2493
ENT-000662,ACCOUNT,West Bengal,ENT-REF-577337,65,0.0497
ENT-000663,BENEFICIARY,Bihar,ENT-REF-302117,47,0.0785
ENT-000664,PHONE,Tamil Nadu,ENT-REF-993505,65,0.2374
ENT-000665,BENEFICIARY,West Bengal,ENT-REF-145813,13,0.0419
ENT-000666,BENEFICIARY,Tamil Nadu,ENT-REF-843835,79,0.3005
ENT-000667,ACCOUNT,Uttar Pradesh,ENT-REF-886657,56,0.1227
ENT-000668,DEVICE,West Bengal,ENT-REF-776619,28,0.1415
ENT-000669,ACCOUNT,Rajasthan,ENT-REF-238181,45,0.2848
ENT-000670,BENEFICIARY,Delhi,ENT-REF-833151,69,0.0619
ENT-000671,BENEFICIARY,Madhya Pradesh,ENT-REF-926206,21,0.0403
ENT-000672,BENEFICIARY,Tamil Nadu,ENT-REF-322503,74,0.0541
ENT-000673,WALLET,West Bengal,ENT-REF-591597,43,0.162
ENT-000674,PHONE,Uttar Pradesh,ENT-REF-976844,60,0.0296
ENT-000675,ACCOUNT,Telangana,ENT-REF-987120,33,0.2483
ENT-000676,PHONE,Tamil Nadu,ENT-REF-416921,21,0.2719
ENT-000677,ACCOUNT,Rajasthan,ENT-REF-431241,12,0.1938
ENT-000678,ACCOUNT,Madhya Pradesh,ENT-REF-209427,37,0.0308
ENT-000679,PHONE,Bihar,ENT-REF-936491,76,0.269
ENT-000680,ACCOUNT,Karnataka,ENT-REF-675476,23,0.1131
ENT-000681,PHONE,Telangana,ENT-REF-996348,1,0.0988
ENT-000682,WALLET,Uttar Pradesh,ENT-REF-840557,34,0.1003
ENT-000683,ACCOUNT,Madhya Pradesh,ENT-REF-311614,48,0.0299
ENT-000684,ACCOUNT,Rajasthan,ENT-REF-519761,31,0.2968
ENT-000685,MERCHANT,Bihar,ENT-REF-480362,55,0.1914
ENT-000686,PHONE,Karnataka,ENT-REF-710828,21,0.0301
ENT-000687,DEVICE,Delhi,ENT-REF-816527,34,0.3984
ENT-000688,BENEFICIARY,Telangana,ENT-REF-110305,75,0.2085
ENT-000689,PHONE,Maharashtra,ENT-REF-638586,49,0.0574
ENT-000690,PHONE,Rajasthan,ENT-REF-121525,52,0.0781
ENT-000691,WALLET,West Bengal,ENT-REF-290543,61,0.0582
ENT-000692,PHONE,West Bengal,ENT-REF-694629,43,0.0743
ENT-000693,PHONE,Uttar Pradesh,ENT-REF-919822,5,0.0687
ENT-000694,DEVICE,Maharashtra,ENT-REF-792994,27,0.0946
ENT-000695,PHONE,Uttar Pradesh,ENT-REF-230050,79,0.3554
ENT-000696,ACCOUNT,Delhi,ENT-REF-333865,57,0.0405
ENT-000697,MERCHANT,Karnataka,ENT-REF-982996,4,0.2335
ENT-000698,ACCOUNT,Delhi,ENT-REF-873895,13,0.0102
ENT-000699,DEVICE,Karnataka,ENT-REF-674797,56,0.1219
ENT-000700,BENEFICIARY,Maharashtra,ENT-REF-186860,7,0.0699
ENT-000701,ACCOUNT,Karnataka,ENT-REF-287082,48,0.2123
ENT-000702,ACCOUNT,Telangana,ENT-REF-307183,37,0.0447
ENT-000703,DEVICE,Telangana,ENT-REF-391414,10,0.2523
ENT-000704,PHONE,Uttar Pradesh,ENT-REF-644748,9,0.0145
ENT-000705,PHONE,Tamil Nadu,ENT-REF-598298,62,0.2164
ENT-000706,ACCOUNT,Delhi,ENT-REF-765150,66,0.2957
ENT-000707,PHONE,Uttar Pradesh,ENT-REF-140785,12,0.2004
ENT-000708,ACCOUNT,Karnataka,ENT-REF-163428,23,0.6295
ENT-000709,ACCOUNT,Tamil Nadu,ENT-REF-813620,15,0.4856
ENT-000710,ACCOUNT,West Bengal,ENT-REF-502960,10,0.1059
ENT-000711,WALLET,Delhi,ENT-REF-617014,71,0.089
ENT-000712,WALLET,Delhi,ENT-REF-842370,63,0.3908
ENT-000713,DEVICE,West Bengal,ENT-REF-106008,1,0.1468
ENT-000714,ACCOUNT,Uttar Pradesh,ENT-REF-941837,38,0.0922
ENT-000715,MERCHANT,Telangana,ENT-REF-288327,71,0.3677
ENT-000716,MERCHANT,Maharashtra,ENT-REF-844803,48,0.2455
ENT-000717,ACCOUNT,Bihar,ENT-REF-392328,38,0.044
ENT-000718,DEVICE,Telangana,ENT-REF-589544,19,0.2249
ENT-000719,ACCOUNT,Uttar Pradesh,ENT-REF-164721,65,0.3474
ENT-000720,BENEFICIARY,West Bengal,ENT-REF-911797,53,0.2918
ENT-000721,MERCHANT,Bihar,ENT-REF-612176,49,0.014
ENT-000722,MERCHANT,Bihar,ENT-REF-832650,39,0.4613
ENT-000723,ACCOUNT,Bihar,ENT-REF-277639,26,0.276
ENT-000724,ACCOUNT,Karnataka,ENT-REF-573846,63,0.1562
ENT-000725,MERCHANT,Delhi,ENT-REF-227180,53,0.054
ENT-000726,BENEFICIARY,Rajasthan,ENT-REF-354702,56,0.0212
ENT-000727,MERCHANT,Madhya Pradesh,ENT-REF-454459,23,0.2853
ENT-000728,ACCOUNT,Tamil Nadu,ENT-REF-424719,2,0.0461
ENT-000729,ACCOUNT,Tamil Nadu,ENT-REF-172454,23,0.1219
ENT-000730,PHONE,West Bengal,ENT-REF-648078,31,0.0578
ENT-000731,PHONE,Madhya Pradesh,ENT-REF-888214,49,0.0481
ENT-000732,MERCHANT,West Bengal,ENT-REF-314378,17,0.0863
ENT-000733,ACCOUNT,Karnataka,ENT-REF-823613,15,0.399
ENT-000734,ACCOUNT,Madhya Pradesh,ENT-REF-188594,40,0.3964
ENT-000735,WALLET,Madhya Pradesh,ENT-REF-930415,15,0.2363
ENT-000736,ACCOUNT,Rajasthan,ENT-REF-556026,49,0.1716
ENT-000737,MERCHANT,Delhi,ENT-REF-531463,27,0.3237
ENT-000738,DEVICE,Uttar Pradesh,ENT-REF-849387,40,0.1395
ENT-000739,ACCOUNT,Maharashtra,ENT-REF-776662,1,0.301
ENT-000740,DEVICE,Bihar,ENT-REF-969639,50,0.0974
ENT-000741,DEVICE,Rajasthan,ENT-REF-178326,59,0.0375
ENT-000742,ACCOUNT,Telangana,ENT-REF-697781,32,0.2148
ENT-000743,WALLET,Madhya Pradesh,ENT-REF-738806,76,0.1127
ENT-000744,PHONE,Uttar Pradesh,ENT-REF-855831,63,0.0612
ENT-000745,PHONE,West Bengal,ENT-REF-602554,65,0.0137
ENT-000746,ACCOUNT,Bihar,ENT-REF-859761,40,0.2578
ENT-000747,ACCOUNT,Bihar,ENT-REF-108849,63,0.0082
ENT-000748,ACCOUNT,Telangana,ENT-REF-191666,35,0.2739
ENT-000749,BENEFICIARY,Madhya Pradesh,ENT-REF-700229,62,0.0117
ENT-000750,BENEFICIARY,Bihar,ENT-REF-662445,65,0.2745
ENT-000751,ACCOUNT,Karnataka,ENT-REF-118924,27,0.0502
ENT-000752,WALLET,Delhi,ENT-REF-987486,78,0.1658
ENT-000753,ACCOUNT,Tamil Nadu,ENT-REF-857256,45,0.1603
ENT-000754,ACCOUNT,Maharashtra,ENT-REF-321421,5,0.2114
ENT-000755,DEVICE,West Bengal,ENT-REF-528254,41,0.1561
ENT-000756,BENEFICIARY,West Bengal,ENT-REF-757354,43,0.1291
ENT-000757,ACCOUNT,Telangana,ENT-REF-264125,75,0.1119
ENT-000758,DEVICE,Bihar,ENT-REF-554745,7,0.0652
ENT-000759,DEVICE,Maharashtra,ENT-REF-261183,53,0.0735
ENT-000760,DEVICE,Tamil Nadu,ENT-REF-198660,66,0.0663
ENT-000761,ACCOUNT,Tamil Nadu,ENT-REF-452541,60,0.2581
ENT-000762,MERCHANT,Rajasthan,ENT-REF-362540,71,0.0793
ENT-000763,ACCOUNT,Telangana,ENT-REF-949610,53,0.2679
ENT-000764,MERCHANT,Tamil Nadu,ENT-REF-463365,65,0.2728
ENT-000765,WALLET,Delhi,ENT-REF-191315,71,0.259
ENT-000766,WALLET,Karnataka,ENT-REF-678483,1,0.052
ENT-000767,ACCOUNT,Karnataka,ENT-REF-232695,19,0.017
ENT-000768,DEVICE,Bihar,ENT-REF-336235,50,0.1322
ENT-000769,MERCHANT,Maharashtra,ENT-REF-419547,77,0.2934
ENT-000770,DEVICE,Rajasthan,ENT-REF-811709,67,0.1037
ENT-000771,PHONE,Karnataka,ENT-REF-611546,2,0.1153
ENT-000772,MERCHANT,Delhi,ENT-REF-408555,53,0.2286
ENT-000773,BENEFICIARY,Delhi,ENT-REF-176036,17,0.0492
ENT-000774,PHONE,Madhya Pradesh,ENT-REF-877391,48,0.3179
ENT-000775,ACCOUNT,West Bengal,ENT-REF-405422,44,0.1273
ENT-000776,MERCHANT,Maharashtra,ENT-REF-124525,36,0.1332
ENT-000777,PHONE,Maharashtra,ENT-REF-454347,27,0.0359
ENT-000778,WALLET,Maharashtra,ENT-REF-617011,2,0.1836
ENT-000779,DEVICE,Tamil Nadu,ENT-REF-286356,34,0.1614
ENT-000780,WALLET,Bihar,ENT-REF-411124,47,0.3291
ENT-000781,PHONE,Telangana,ENT-REF-820797,23,0.1836
ENT-000782,PHONE,Telangana,ENT-REF-570438,40,0.1496
ENT-000783,PHONE,Delhi,ENT-REF-212912,68,0.1622
ENT-000784,WALLET,Maharashtra,ENT-REF-779904,74,0.1931
ENT-000785,PHONE,Tamil Nadu,ENT-REF-384095,23,0.2644
ENT-000786,PHONE,Karnataka,ENT-REF-295612,16,0.2816
ENT-000787,WALLET,Uttar Pradesh,ENT-REF-214123,75,0.3381
ENT-000788,ACCOUNT,Telangana,ENT-REF-667455,31,0.1602
ENT-000789,WALLET,Rajasthan,ENT-REF-876157,58,0.2122
ENT-000790,ACCOUNT,Rajasthan,ENT-REF-594192,79,0.2731
ENT-000791,PHONE,Karnataka,ENT-REF-679743,65,0.1831
ENT-000792,MERCHANT,Karnataka,ENT-REF-658998,64,0.0844
ENT-000793,PHONE,Telangana,ENT-REF-516099,23,0.0889
ENT-000794,BENEFICIARY,West Bengal,ENT-REF-261747,31,0.1483
ENT-000795,WALLET,Maharashtra,ENT-REF-231414,71,0.0961
ENT-000796,ACCOUNT,Karnataka,ENT-REF-566103,64,0.1228
ENT-000797,BENEFICIARY,Karnataka,ENT-REF-846675,4,0.1811
ENT-000798,WALLET,Maharashtra,ENT-REF-583154,50,0.0414
ENT-000799,BENEFICIARY,Maharashtra,ENT-REF-758642,44,0.127
ENT-000800,PHONE,Telangana,ENT-REF-266096,79,0.2691
ENT-000801,DEVICE,Delhi,ENT-REF-657790,61,0.0239
ENT-000802,ACCOUNT,Tamil Nadu,ENT-REF-451885,44,0.1961
ENT-000803,PHONE,West Bengal,ENT-REF-803203,30,0.2727
ENT-000804,PHONE,Tamil Nadu,ENT-REF-850345,45,0.409
ENT-000805,MERCHANT,Tamil Nadu,ENT-REF-216481,4,0.1908
ENT-000806,MERCHANT,Telangana,ENT-REF-162137,50,0.1908
ENT-000807,WALLET,Uttar Pradesh,ENT-REF-370494,6,0.0971
ENT-000808,DEVICE,Karnataka,ENT-REF-649465,55,0.4168
ENT-000809,ACCOUNT,Tamil Nadu,ENT-REF-300125,65,0.0912
ENT-000810,PHONE,Madhya Pradesh,ENT-REF-560352,4,0.2699
ENT-000811,WALLET,Rajasthan,ENT-REF-326626,25,0.1046
ENT-000812,MERCHANT,Telangana,ENT-REF-205611,2,0.1052
ENT-000813,ACCOUNT,Karnataka,ENT-REF-146044,50,0.3747
ENT-000814,MERCHANT,Uttar Pradesh,ENT-REF-342983,40,0.4104
ENT-000815,PHONE,Tamil Nadu,ENT-REF-733136,75,0.5186
ENT-000816,BENEFICIARY,Delhi,ENT-REF-401781,33,0.2209
ENT-000817,PHONE,Rajasthan,ENT-REF-218278,56,0.0801
ENT-000818,ACCOUNT,Karnataka,ENT-REF-425830,2,0.2839
ENT-000819,PHONE,Tamil Nadu,ENT-REF-356866,17,0.0464
ENT-000820,PHONE,West Bengal,ENT-REF-694771,8,0.0832
ENT-000821,BENEFICIARY,Telangana,ENT-REF-189998,56,0.0776
ENT-000822,ACCOUNT,Uttar Pradesh,ENT-REF-253501,6,0.2776
ENT-000823,BENEFICIARY,Rajasthan,ENT-REF-867007,33,0.1711
ENT-000824,ACCOUNT,Telangana,ENT-REF-905366,8,0.1003
ENT-000825,ACCOUNT,Tamil Nadu,ENT-REF-526495,6,0.0973
ENT-000826,PHONE,Delhi,ENT-REF-662706,11,0.2218
ENT-000827,ACCOUNT,Madhya Pradesh,ENT-REF-893226,68,0.0562
ENT-000828,PHONE,Bihar,ENT-REF-531008,73,0.0853
ENT-000829,ACCOUNT,Delhi,ENT-REF-628775,22,0.4204
ENT-000830,WALLET,Maharashtra,ENT-REF-867639,25,0.3421
ENT-000831,PHONE,Madhya Pradesh,ENT-REF-508872,78,0.2756
ENT-000832,ACCOUNT,Tamil Nadu,ENT-REF-233811,9,0.2045
ENT-000833,BENEFICIARY,Karnataka,ENT-REF-582258,64,0.6544
ENT-000834,MERCHANT,Uttar Pradesh,ENT-REF-933822,27,0.0984
ENT-000835,ACCOUNT,West Bengal,ENT-REF-146582,10,0.3493
ENT-000836,MERCHANT,Madhya Pradesh,ENT-REF-832752,55,0.1259
ENT-000837,BENEFICIARY,Tamil Nadu,ENT-REF-861030,23,0.0277
ENT-000838,PHONE,Rajasthan,ENT-REF-746517,37,0.2272
ENT-000839,WALLET,Karnataka,ENT-REF-566991,42,0.1683
ENT-000840,BENEFICIARY,Rajasthan,ENT-REF-876060,42,0.2578
ENT-000841,ACCOUNT,Delhi,ENT-REF-514775,32,0.1248
ENT-000842,ACCOUNT,Rajasthan,ENT-REF-516374,74,0.055
ENT-000843,ACCOUNT,Bihar,ENT-REF-459869,30,0.362
ENT-000844,ACCOUNT,Rajasthan,ENT-REF-440490,59,0.0819
ENT-000845,WALLET,Telangana,ENT-REF-839281,64,0.0313
ENT-000846,PHONE,West Bengal,ENT-REF-324812,14,0.1981
ENT-000847,PHONE,Bihar,ENT-REF-925969,55,0.2964
ENT-000848,ACCOUNT,Madhya Pradesh,ENT-REF-383748,43,0.157
ENT-000849,DEVICE,Madhya Pradesh,ENT-REF-624612,61,0.1869
ENT-000850,ACCOUNT,Telangana,ENT-REF-202189,50,0.261
ENT-000851,ACCOUNT,Madhya Pradesh,ENT-REF-507201,44,0.1258
ENT-000852,ACCOUNT,Delhi,ENT-REF-722891,6,0.0362
ENT-000853,DEVICE,Delhi,ENT-REF-422800,15,0.0296
ENT-000854,DEVICE,Rajasthan,ENT-REF-956745,41,0.0219
ENT-000855,DEVICE,Madhya Pradesh,ENT-REF-362454,54,0.0368
ENT-000856,PHONE,Maharashtra,ENT-REF-260057,76,0.2406
ENT-000857,PHONE,Rajasthan,ENT-REF-450441,67,0.361
ENT-000858,ACCOUNT,Rajasthan,ENT-REF-958917,8,0.1466
ENT-000859,ACCOUNT,Bihar,ENT-REF-817941,19,0.5527
ENT-000860,ACCOUNT,Delhi,ENT-REF-330278,11,0.1469
ENT-000861,DEVICE,Tamil Nadu,ENT-REF-994050,28,0.0693
ENT-000862,PHONE,Bihar,ENT-REF-472090,38,0.1202
ENT-000863,MERCHANT,Delhi,ENT-REF-938188,76,0.2357
ENT-000864,WALLET,Telangana,ENT-REF-401751,29,0.2051
ENT-000865,MERCHANT,Delhi,ENT-REF-128774,64,0.2606
ENT-000866,PHONE,Maharashtra,ENT-REF-772285,15,0.1735
ENT-000867,ACCOUNT,Rajasthan,ENT-REF-837723,17,0.6122
ENT-000868,ACCOUNT,West Bengal,ENT-REF-553597,63,0.1772
ENT-000869,PHONE,Uttar Pradesh,ENT-REF-740975,49,0.1115
ENT-000870,BENEFICIARY,Telangana,ENT-REF-222214,41,0.1119
ENT-000871,ACCOUNT,Madhya Pradesh,ENT-REF-874429,71,0.1298
ENT-000872,ACCOUNT,Tamil Nadu,ENT-REF-900410,23,0.0377
ENT-000873,BENEFICIARY,Madhya Pradesh,ENT-REF-351948,18,0.3527
ENT-000874,MERCHANT,West Bengal,ENT-REF-876345,52,0.1096
ENT-000875,PHONE,Delhi,ENT-REF-750193,57,0.3134
ENT-000876,DEVICE,Madhya Pradesh,ENT-REF-881793,55,0.0934
ENT-000877,MERCHANT,Karnataka,ENT-REF-359022,36,0.3249
ENT-000878,BENEFICIARY,Telangana,ENT-REF-455740,43,0.0913
ENT-000879,BENEFICIARY,Maharashtra,ENT-REF-156765,5,0.0783
ENT-000880,MERCHANT,Rajasthan,ENT-REF-606448,64,0.0086
ENT-000881,PHONE,Telangana,ENT-REF-272232,32,0.1233
ENT-000882,BENEFICIARY,Rajasthan,ENT-REF-997882,3,0.1195
ENT-000883,MERCHANT,Madhya Pradesh,ENT-REF-310223,74,0.0807
ENT-000884,ACCOUNT,Bihar,ENT-REF-705636,64,0.4784
ENT-000885,ACCOUNT,Tamil Nadu,ENT-REF-375605,78,0.0251
ENT-000886,PHONE,Madhya Pradesh,ENT-REF-442910,33,0.0972
ENT-000887,DEVICE,Karnataka,ENT-REF-480293,17,0.4199
ENT-000888,MERCHANT,Delhi,ENT-REF-566935,54,0.259
ENT-000889,MERCHANT,Maharashtra,ENT-REF-592952,6,0.107
ENT-000890,BENEFICIARY,Karnataka,ENT-REF-782864,61,0.0901
ENT-000891,MERCHANT,Telangana,ENT-REF-437088,20,0.1622
ENT-000892,ACCOUNT,Maharashtra,ENT-REF-914767,63,0.146
ENT-000893,DEVICE,Delhi,ENT-REF-640240,6,0.1329
ENT-000894,MERCHANT,Delhi,ENT-REF-879440,46,0.2907
ENT-000895,ACCOUNT,West Bengal,ENT-REF-588373,14,0.1965
ENT-000896,ACCOUNT,Madhya Pradesh,ENT-REF-734889,34,0.1965
ENT-000897,MERCHANT,Maharashtra,ENT-REF-128425,38,0.0072
ENT-000898,WALLET,Telangana,ENT-REF-234613,64,0.1607
ENT-000899,WALLET,Maharashtra,ENT-REF-577055,78,0.238
ENT-000900,MERCHANT,Rajasthan,ENT-REF-199456,43,0.1079
ENT-000901,WALLET,Madhya Pradesh,ENT-REF-919851,37,0.4757
ENT-000902,WALLET,Karnataka,ENT-REF-682775,56,0.1668
ENT-000903,DEVICE,Bihar,ENT-REF-967476,68,0.1441
ENT-000904,BENEFICIARY,West Bengal,ENT-REF-103323,69,0.4173
ENT-000905,ACCOUNT,Delhi,ENT-REF-263440,34,0.2031
ENT-000906,BENEFICIARY,Karnataka,ENT-REF-801285,6,0.0755
ENT-000907,ACCOUNT,Madhya Pradesh,ENT-REF-557805,63,0.1522
ENT-000908,MERCHANT,Maharashtra,ENT-REF-872740,11,0.3884
ENT-000909,WALLET,Bihar,ENT-REF-220653,42,0.2357
ENT-000910,PHONE,Uttar Pradesh,ENT-REF-446854,7,0.3287
ENT-000911,ACCOUNT,West Bengal,ENT-REF-815511,17,0.438
ENT-000912,ACCOUNT,Bihar,ENT-REF-250261,6,0.091
ENT-000913,PHONE,Telangana,ENT-REF-541900,69,0.1839
ENT-000914,WALLET,Maharashtra,ENT-REF-823156,63,0.1531
ENT-000915,PHONE,Rajasthan,ENT-REF-517655,57,0.151
ENT-000916,PHONE,Delhi,ENT-REF-204004,32,0.1054
ENT-000917,ACCOUNT,Delhi,ENT-REF-499873,56,0.5055
ENT-000918,BENEFICIARY,West Bengal,ENT-REF-972199,3,0.1256
ENT-000919,ACCOUNT,West Bengal,ENT-REF-727883,20,0.1255
ENT-000920,DEVICE,Karnataka,ENT-REF-415257,27,0.2752
ENT-000921,WALLET,Telangana,ENT-REF-728504,31,0.6315
ENT-000922,ACCOUNT,Telangana,ENT-REF-952164,59,0.1331
ENT-000923,ACCOUNT,Rajasthan,ENT-REF-164975,59,0.2334
ENT-000924,PHONE,Rajasthan,ENT-REF-179858,20,0.166
ENT-000925,ACCOUNT,Delhi,ENT-REF-335759,72,0.1173
ENT-000926,ACCOUNT,Uttar Pradesh,ENT-REF-894832,49,0.1207
ENT-000927,BENEFICIARY,Madhya Pradesh,ENT-REF-516487,78,0.275
ENT-000928,MERCHANT,Telangana,ENT-REF-527365,36,0.2225
ENT-000929,ACCOUNT,Telangana,ENT-REF-789899,33,0.2852
ENT-000930,DEVICE,Rajasthan,ENT-REF-627277,57,0.2212
ENT-000931,ACCOUNT,Delhi,ENT-REF-269718,72,0.2743
ENT-000932,PHONE,Karnataka,ENT-REF-329586,34,0.062
ENT-000933,ACCOUNT,Karnataka,ENT-REF-605886,61,0.0177
ENT-000934,ACCOUNT,Uttar Pradesh,ENT-REF-149509,58,0.188
ENT-000935,DEVICE,Rajasthan,ENT-REF-517581,65,0.1367
ENT-000936,MERCHANT,Rajasthan,ENT-REF-303047,39,0.1698
ENT-000937,PHONE,Madhya Pradesh,ENT-REF-378095,45,0.0565
ENT-000938,BENEFICIARY,Madhya Pradesh,ENT-REF-801766,24,0.2223
ENT-000939,ACCOUNT,West Bengal,ENT-REF-658510,13,0.4527
ENT-000940,DEVICE,Uttar Pradesh,ENT-REF-866044,59,0.019
ENT-000941,MERCHANT,Telangana,ENT-REF-782334,72,0.0551
ENT-000942,BENEFICIARY,Karnataka,ENT-REF-474744,53,0.3549
ENT-000943,WALLET,Maharashtra,ENT-REF-595431,51,0.0205
ENT-000944,WALLET,Maharashtra,ENT-REF-249853,13,0.333
ENT-000945,DEVICE,Telangana,ENT-REF-907269,3,0.1825
ENT-000946,ACCOUNT,Uttar Pradesh,ENT-REF-202567,40,0.0154
ENT-000947,ACCOUNT,Delhi,ENT-REF-482247,70,0.0872
ENT-000948,PHONE,Delhi,ENT-REF-325196,56,0.0953
ENT-000949,ACCOUNT,Tamil Nadu,ENT-REF-257061,72,0.1405
ENT-000950,WALLET,Delhi,ENT-REF-558271,75,0.076
ENT-000951,BENEFICIARY,Madhya Pradesh,ENT-REF-183315,45,0.3564
ENT-000952,ACCOUNT,Rajasthan,ENT-REF-194983,12,0.0227
ENT-000953,ACCOUNT,Madhya Pradesh,ENT-REF-391403,33,0.4747
ENT-000954,DEVICE,West Bengal,ENT-REF-731672,31,0.3778
ENT-000955,PHONE,Karnataka,ENT-REF-155564,74,0.1417
ENT-000956,ACCOUNT,Delhi,ENT-REF-151667,33,0.3121
ENT-000957,ACCOUNT,Delhi,ENT-REF-162461,47,0.1765
ENT-000958,DEVICE,Karnataka,ENT-REF-468174,17,0.5013
ENT-000959,WALLET,Rajasthan,ENT-REF-507379,52,0.0356
ENT-000960,PHONE,Delhi,ENT-REF-405673,22,0.0383
ENT-000961,PHONE,Bihar,ENT-REF-365090,66,0.1567
ENT-000962,ACCOUNT,Rajasthan,ENT-REF-914210,1,0.4975
ENT-000963,WALLET,Bihar,ENT-REF-425575,66,0.2979
ENT-000964,PHONE,Uttar Pradesh,ENT-REF-883539,41,0.0365
ENT-000965,BENEFICIARY,Maharashtra,ENT-REF-404870,79,0.1834
ENT-000966,ACCOUNT,Tamil Nadu,ENT-REF-924040,33,0.2062
ENT-000967,DEVICE,Madhya Pradesh,ENT-REF-370536,7,0.1501
ENT-000968,ACCOUNT,Tamil Nadu,ENT-REF-214784,49,0.4538
ENT-000969,ACCOUNT,Tamil Nadu,ENT-REF-468980,23,0.2175
ENT-000970,ACCOUNT,Maharashtra,ENT-REF-696377,56,0.0749
ENT-000971,BENEFICIARY,Karnataka,ENT-REF-275359,34,0.0694
ENT-000972,WALLET,Telangana,ENT-REF-708153,44,0.0676
ENT-000973,ACCOUNT,Delhi,ENT-REF-321393,43,0.0183
ENT-000974,ACCOUNT,Delhi,ENT-REF-843614,8,0.0929
ENT-000975,DEVICE,Telangana,ENT-REF-394734,28,0.1598
ENT-000976,ACCOUNT,Delhi,ENT-REF-660995,38,0.113
ENT-000977,ACCOUNT,Bihar,ENT-REF-643199,10,0.1352
ENT-000978,PHONE,Maharashtra,ENT-REF-348688,34,0.0649
ENT-000979,PHONE,Delhi,ENT-REF-297938,53,0.0202
ENT-000980,PHONE,Tamil Nadu,ENT-REF-170260,49,0.0043
ENT-000981,PHONE,Bihar,ENT-REF-554556,1,0.3241
ENT-000982,PHONE,West Bengal,ENT-REF-711201,4,0.0778
ENT-000983,MERCHANT,Rajasthan,ENT-REF-571155,32,0.0561
ENT-000984,BENEFICIARY,Delhi,ENT-REF-536594,79,0.1286
ENT-000985,WALLET,Karnataka,ENT-REF-420711,12,0.4223
ENT-000986,PHONE,Karnataka,ENT-REF-858932,51,0.0981
ENT-000987,ACCOUNT,Karnataka,ENT-REF-515215,54,0.1646
ENT-000988,MERCHANT,Karnataka,ENT-REF-925660,1,0.0231
ENT-000989,ACCOUNT,West Bengal,ENT-REF-682714,11,0.2549
ENT-000990,ACCOUNT,Rajasthan,ENT-REF-537190,62,0.1047
ENT-000991,BENEFICIARY,Bihar,ENT-REF-947296,43,0.1302
ENT-000992,MERCHANT,Karnataka,ENT-REF-149772,26,0.1648
ENT-000993,WALLET,Tamil Nadu,ENT-REF-621408,59,0.2012
ENT-000994,PHONE,Tamil Nadu,ENT-REF-752208,77,0.183
ENT-000995,BENEFICIARY,Rajasthan,ENT-REF-941894,6,0.6471
ENT-000996,ACCOUNT,Tamil Nadu,ENT-REF-350602,10,0.3714
ENT-000997,ACCOUNT,Bihar,ENT-REF-474500,75,0.2143
ENT-000998,PHONE,Telangana,ENT-REF-801675,66,0.1737
ENT-000999,PHONE,Tamil Nadu,ENT-REF-882591,44,0.2787
ENT-001000,PHONE,Uttar Pradesh,ENT-REF-992464,66,0.1068
ENT-001001,ACCOUNT,Maharashtra,ENT-REF-920901,47,0.0143
ENT-001002,ACCOUNT,Maharashtra,ENT-REF-412398,43,0.3176
ENT-001003,BENEFICIARY,Uttar Pradesh,ENT-REF-157823,69,0.0787
ENT-001004,ACCOUNT,Uttar Pradesh,ENT-REF-699469,9,0.1272
ENT-001005,ACCOUNT,Tamil Nadu,ENT-REF-403157,17,0.2183
ENT-001006,DEVICE,Uttar Pradesh,ENT-REF-916028,31,0.2211
ENT-001007,MERCHANT,Uttar Pradesh,ENT-REF-927027,74,0.3399
ENT-001008,DEVICE,Tamil Nadu,ENT-REF-814072,48,0.0398
ENT-001009,BENEFICIARY,Karnataka,ENT-REF-501560,17,0.1963
ENT-001010,BENEFICIARY,Delhi,ENT-REF-702294,29,0.1086
ENT-001011,ACCOUNT,Telangana,ENT-REF-668077,31,0.1972
ENT-001012,ACCOUNT,Bihar,ENT-REF-879058,61,0.0793
ENT-001013,ACCOUNT,Telangana,ENT-REF-234154,26,0.0238
ENT-001014,BENEFICIARY,Tamil Nadu,ENT-REF-416558,61,0.0751
ENT-001015,ACCOUNT,Maharashtra,ENT-REF-420698,6,0.3471
ENT-001016,ACCOUNT,Tamil Nadu,ENT-REF-320700,55,0.0987
ENT-001017,WALLET,Delhi,ENT-REF-169953,1,0.2487
ENT-001018,PHONE,Karnataka,ENT-REF-564089,15,0.2469
ENT-001019,ACCOUNT,Bihar,ENT-REF-323715,40,0.1149
ENT-001020,ACCOUNT,Madhya Pradesh,ENT-REF-769249,31,0.1182
ENT-001021,WALLET,Bihar,ENT-REF-201375,61,0.018
ENT-001022,ACCOUNT,Telangana,ENT-REF-357728,26,0.4397
ENT-001023,DEVICE,Bihar,ENT-REF-245439,79,0.6471
ENT-001024,DEVICE,Maharashtra,ENT-REF-624986,33,0.142
ENT-001025,ACCOUNT,Telangana,ENT-REF-833244,71,0.0143
ENT-001026,MERCHANT,West Bengal,ENT-REF-515222,52,0.3147
ENT-001027,PHONE,Bihar,ENT-REF-420497,18,0.3609
ENT-001028,BENEFICIARY,Tamil Nadu,ENT-REF-887164,42,0.1713
ENT-001029,ACCOUNT,Maharashtra,ENT-REF-934060,21,0.2344
ENT-001030,DEVICE,Bihar,ENT-REF-469047,48,0.0367
ENT-001031,DEVICE,Telangana,ENT-REF-433121,61,0.0751
ENT-001032,BENEFICIARY,Maharashtra,ENT-REF-594419,13,0.1334
ENT-001033,PHONE,Rajasthan,ENT-REF-222665,59,0.2355
ENT-001034,PHONE,Delhi,ENT-REF-351616,33,0.0529
ENT-001035,DEVICE,Delhi,ENT-REF-721326,76,0.0434
ENT-001036,ACCOUNT,Karnataka,ENT-REF-137108,47,0.2153
ENT-001037,ACCOUNT,Uttar Pradesh,ENT-REF-561123,78,0.006
ENT-001038,ACCOUNT,West Bengal,ENT-REF-978751,58,0.1485
ENT-001039,ACCOUNT,Uttar Pradesh,ENT-REF-817928,10,0.4671
ENT-001040,PHONE,Karnataka,ENT-REF-465239,22,0.1734
ENT-001041,PHONE,Maharashtra,ENT-REF-462259,24,0.1473
ENT-001042,ACCOUNT,Telangana,ENT-REF-308607,70,0.086
ENT-001043,ACCOUNT,Uttar Pradesh,ENT-REF-324942,48,0.1268
ENT-001044,PHONE,Delhi,ENT-REF-938367,9,0.2042
ENT-001045,DEVICE,Rajasthan,ENT-REF-666194,9,0.3365
ENT-001046,WALLET,Delhi,ENT-REF-674297,35,0.3005
ENT-001047,ACCOUNT,Madhya Pradesh,ENT-REF-307654,76,0.2069
ENT-001048,PHONE,Rajasthan,ENT-REF-794053,47,0.0191
ENT-001049,BENEFICIARY,Telangana,ENT-REF-791307,24,0.2576
ENT-001050,ACCOUNT,Karnataka,ENT-REF-594815,45,0.2389
ENT-001051,PHONE,Maharashtra,ENT-REF-176297,71,0.2488
ENT-001052,ACCOUNT,Tamil Nadu,ENT-REF-266765,11,0.0732
ENT-001053,BENEFICIARY,Madhya Pradesh,ENT-REF-330137,43,0.5043
ENT-001054,BENEFICIARY,West Bengal,ENT-REF-602796,40,0.0951
ENT-001055,PHONE,West Bengal,ENT-REF-213242,14,0.1388
ENT-001056,ACCOUNT,Tamil Nadu,ENT-REF-289624,18,0.2587
ENT-001057,ACCOUNT,Telangana,ENT-REF-166970,52,0.3223
ENT-001058,ACCOUNT,Bihar,ENT-REF-457601,1,0.0085
ENT-001059,ACCOUNT,West Bengal,ENT-REF-917173,20,0.1356
ENT-001060,MERCHANT,Tamil Nadu,ENT-REF-556018,62,0.0597
ENT-001061,ACCOUNT,Madhya Pradesh,ENT-REF-344575,36,0.2183
ENT-001062,BENEFICIARY,Madhya Pradesh,ENT-REF-807295,32,0.12
ENT-001063,ACCOUNT,Tamil Nadu,ENT-REF-936207,78,0.0916
ENT-001064,ACCOUNT,Bihar,ENT-REF-727401,50,0.1649
ENT-001065,BENEFICIARY,Madhya Pradesh,ENT-REF-987420,14,0.1491
ENT-001066,PHONE,Uttar Pradesh,ENT-REF-613703,44,0.0635
ENT-001067,PHONE,West Bengal,ENT-REF-291380,37,0.2083
ENT-001068,ACCOUNT,Rajasthan,ENT-REF-149325,75,0.3303
ENT-001069,ACCOUNT,Maharashtra,ENT-REF-833293,37,0.2326
ENT-001070,ACCOUNT,Tamil Nadu,ENT-REF-922888,27,0.32
ENT-001071,WALLET,Bihar,ENT-REF-635377,74,0.0234
ENT-001072,PHONE,Delhi,ENT-REF-764598,32,0.3025
ENT-001073,DEVICE,Rajasthan,ENT-REF-838827,69,0.1321
ENT-001074,DEVICE,West Bengal,ENT-REF-929369,11,0.0885
ENT-001075,ACCOUNT,Madhya Pradesh,ENT-REF-418521,76,0.4454
ENT-001076,PHONE,Telangana,ENT-REF-688299,61,0.0507
ENT-001077,ACCOUNT,Uttar Pradesh,ENT-REF-422047,66,0.298
ENT-001078,WALLET,Bihar,ENT-REF-137307,47,0.2046
ENT-001079,BENEFICIARY,Bihar,ENT-REF-652832,39,0.0987
ENT-001080,MERCHANT,Telangana,ENT-REF-870868,67,0.2125
ENT-001081,PHONE,Delhi,ENT-REF-510733,37,0.1553
ENT-001082,ACCOUNT,Telangana,ENT-REF-222510,5,0.015
ENT-001083,WALLET,Uttar Pradesh,ENT-REF-275543,6,0.0432
ENT-001084,DEVICE,Rajasthan,ENT-REF-196993,31,0.202
ENT-001085,PHONE,Tamil Nadu,ENT-REF-403408,38,0.103
ENT-001086,ACCOUNT,Telangana,ENT-REF-475356,32,0.3575
ENT-001087,ACCOUNT,West Bengal,ENT-REF-468007,65,0.1243
ENT-001088,BENEFICIARY,Madhya Pradesh,ENT-REF-764970,24,0.342
ENT-001089,PHONE,Bihar,ENT-REF-136323,26,0.0487
ENT-001090,PHONE,Tamil Nadu,ENT-REF-810360,30,0.1994
ENT-001091,DEVICE,Uttar Pradesh,ENT-REF-523087,75,0.2653
ENT-001092,BENEFICIARY,Delhi,ENT-REF-401277,64,0.1025
ENT-001093,WALLET,Bihar,ENT-REF-839518,48,0.0603
ENT-001094,ACCOUNT,Madhya Pradesh,ENT-REF-553881,28,0.3958
ENT-001095,ACCOUNT,Tamil Nadu,ENT-REF-256875,52,0.0504
ENT-001096,ACCOUNT,Delhi,ENT-REF-687716,43,0.1406
ENT-001097,PHONE,Tamil Nadu,ENT-REF-674901,26,0.0315
ENT-001098,PHONE,Maharashtra,ENT-REF-908366,49,0.3106
ENT-001099,ACCOUNT,Uttar Pradesh,ENT-REF-876642,28,0.2666
ENT-001100,ACCOUNT,Tamil Nadu,ENT-REF-842901,16,0.1417
ENT-001101,PHONE,Delhi,ENT-REF-939263,2,0.1077
ENT-001102,DEVICE,Rajasthan,ENT-REF-771191,16,0.184
ENT-001103,BENEFICIARY,Delhi,ENT-REF-842678,29,0.0373
ENT-001104,MERCHANT,West Bengal,ENT-REF-895822,12,0.2572
ENT-001105,MERCHANT,Rajasthan,ENT-REF-367360,74,0.1518
ENT-001106,PHONE,Tamil Nadu,ENT-REF-123642,23,0.4365
ENT-001107,MERCHANT,Bihar,ENT-REF-270768,2,0.0301
ENT-001108,DEVICE,Rajasthan,ENT-REF-319853,3,0.0065
ENT-001109,MERCHANT,Bihar,ENT-REF-601329,54,0.0333
ENT-001110,MERCHANT,West Bengal,ENT-REF-197147,78,0.0805
ENT-001111,PHONE,West Bengal,ENT-REF-552188,54,0.456
ENT-001112,ACCOUNT,Uttar Pradesh,ENT-REF-806855,4,0.2505
ENT-001113,PHONE,Maharashtra,ENT-REF-315823,34,0.2774
ENT-001114,ACCOUNT,Telangana,ENT-REF-210589,28,0.1602
ENT-001115,ACCOUNT,Tamil Nadu,ENT-REF-363814,13,0.2966
ENT-001116,ACCOUNT,Madhya Pradesh,ENT-REF-515762,4,0.0385
ENT-001117,PHONE,Rajasthan,ENT-REF-841092,71,0.2649
ENT-001118,ACCOUNT,Uttar Pradesh,ENT-REF-370942,11,0.4401
ENT-001119,BENEFICIARY,Maharashtra,ENT-REF-527306,48,0.2024
ENT-001120,ACCOUNT,Uttar Pradesh,ENT-REF-715097,27,0.0722
ENT-001121,BENEFICIARY,West Bengal,ENT-REF-352177,37,0.0188
ENT-001122,PHONE,West Bengal,ENT-REF-836261,8,0.5483
ENT-001123,BENEFICIARY,West Bengal,ENT-REF-815332,66,0.1832
ENT-001124,PHONE,Telangana,ENT-REF-918676,35,0.2145
ENT-001125,MERCHANT,Telangana,ENT-REF-159506,61,0.185
ENT-001126,ACCOUNT,Tamil Nadu,ENT-REF-108017,68,0.1316
ENT-001127,PHONE,Maharashtra,ENT-REF-312410,8,0.3546
ENT-001128,MERCHANT,West Bengal,ENT-REF-989797,64,0.1482
ENT-001129,PHONE,Madhya Pradesh,ENT-REF-112141,75,0.1373
ENT-001130,PHONE,Rajasthan,ENT-REF-134395,50,0.335
ENT-001131,MERCHANT,West Bengal,ENT-REF-698066,66,0.4655
ENT-001132,ACCOUNT,Delhi,ENT-REF-350446,22,0.0542
ENT-001133,PHONE,Uttar Pradesh,ENT-REF-509644,3,0.0907
ENT-001134,PHONE,Telangana,ENT-REF-362775,5,0.0823
ENT-001135,ACCOUNT,Uttar Pradesh,ENT-REF-200312,14,0.0379
ENT-001136,PHONE,Maharashtra,ENT-REF-351607,34,0.0479
ENT-001137,WALLET,Bihar,ENT-REF-698310,29,0.2112
ENT-001138,MERCHANT,Rajasthan,ENT-REF-280825,34,0.163
ENT-001139,ACCOUNT,Uttar Pradesh,ENT-REF-718834,1,0.4191
ENT-001140,BENEFICIARY,Bihar,ENT-REF-498408,2,0.1827
ENT-001141,BENEFICIARY,Delhi,ENT-REF-287853,59,0.0731
ENT-001142,MERCHANT,Maharashtra,ENT-REF-871507,40,0.1663
ENT-001143,DEVICE,Karnataka,ENT-REF-674468,3,0.0411
ENT-001144,PHONE,Tamil Nadu,ENT-REF-426239,70,0.197
ENT-001145,ACCOUNT,Madhya Pradesh,ENT-REF-227509,24,0.2359
ENT-001146,PHONE,Karnataka,ENT-REF-437485,39,0.322
ENT-001147,BENEFICIARY,Madhya Pradesh,ENT-REF-563933,33,0.3385
ENT-001148,ACCOUNT,Bihar,ENT-REF-349338,8,0.1766
ENT-001149,ACCOUNT,Tamil Nadu,ENT-REF-724452,10,0.3674
ENT-001150,DEVICE,Rajasthan,ENT-REF-547053,78,0.0485
ENT-001151,ACCOUNT,Karnataka,ENT-REF-888245,7,0.0056
ENT-001152,PHONE,Delhi,ENT-REF-552085,2,0.0347
ENT-001153,ACCOUNT,Delhi,ENT-REF-682612,79,0.0397
ENT-001154,DEVICE,Bihar,ENT-REF-849600,31,0.0346
ENT-001155,PHONE,Karnataka,ENT-REF-381346,54,0.0329
ENT-001156,WALLET,Bihar,ENT-REF-739042,58,0.3383
ENT-001157,BENEFICIARY,Karnataka,ENT-REF-460973,56,0.1391
ENT-001158,PHONE,Uttar Pradesh,ENT-REF-372723,6,0.2355
ENT-001159,DEVICE,Uttar Pradesh,ENT-REF-556443,44,0.2363
ENT-001160,WALLET,Tamil Nadu,ENT-REF-916392,79,0.0286
ENT-001161,DEVICE,Uttar Pradesh,ENT-REF-656524,44,0.2277
ENT-001162,PHONE,Maharashtra,ENT-REF-484250,78,0.3036
ENT-001163,PHONE,West Bengal,ENT-REF-382285,15,0.0488
ENT-001164,ACCOUNT,Bihar,ENT-REF-553139,38,0.078
ENT-001165,ACCOUNT,Bihar,ENT-REF-520235,53,0.1495
ENT-001166,ACCOUNT,Rajasthan,ENT-REF-902252,29,0.1034
ENT-001167,BENEFICIARY,Karnataka,ENT-REF-441039,22,0.1273
ENT-001168,PHONE,Karnataka,ENT-REF-146811,29,0.0335
ENT-001169,MERCHANT,Madhya Pradesh,ENT-REF-829451,59,0.1229
ENT-001170,WALLET,Madhya Pradesh,ENT-REF-264850,10,0.1548
ENT-001171,BENEFICIARY,Rajasthan,ENT-REF-453200,50,0.1944
ENT-001172,PHONE,Delhi,ENT-REF-607649,74,0.1462
ENT-001173,WALLET,West Bengal,ENT-REF-189506,7,0.0655
ENT-001174,DEVICE,Rajasthan,ENT-REF-267041,61,0.1808
ENT-001175,BENEFICIARY,Telangana,ENT-REF-547642,73,0.0574
ENT-001176,WALLET,Madhya Pradesh,ENT-REF-817289,47,0.2427
ENT-001177,PHONE,Rajasthan,ENT-REF-782738,2,0.184
ENT-001178,WALLET,Rajasthan,ENT-REF-948857,63,0.4152
ENT-001179,BENEFICIARY,Karnataka,ENT-REF-543605,62,0.1073
ENT-001180,WALLET,West Bengal,ENT-REF-764713,11,0.1435
ENT-001181,MERCHANT,Rajasthan,ENT-REF-173705,18,0.2453
ENT-001182,PHONE,Maharashtra,ENT-REF-769135,58,0.0701
ENT-001183,ACCOUNT,Telangana,ENT-REF-135971,46,0.1729
ENT-001184,BENEFICIARY,Karnataka,ENT-REF-641160,4,0.2195
ENT-001185,WALLET,Rajasthan,ENT-REF-177591,79,0.2529
ENT-001186,PHONE,Delhi,ENT-REF-800172,14,0.2056
ENT-001187,ACCOUNT,Karnataka,ENT-REF-454815,46,0.0808
ENT-001188,BENEFICIARY,Madhya Pradesh,ENT-REF-428412,34,0.0624
ENT-001189,PHONE,Madhya Pradesh,ENT-REF-829048,13,0.0185
ENT-001190,BENEFICIARY,Madhya Pradesh,ENT-REF-101407,23,0.1083
ENT-001191,DEVICE,Rajasthan,ENT-REF-732644,67,0.0174
ENT-001192,ACCOUNT,Tamil Nadu,ENT-REF-373746,56,0.1691
ENT-001193,WALLET,Telangana,ENT-REF-790669,37,0.2037
ENT-001194,PHONE,Tamil Nadu,ENT-REF-901045,7,0.323
ENT-001195,PHONE,Delhi,ENT-REF-667806,52,0.1416
ENT-001196,ACCOUNT,West Bengal,ENT-REF-648427,10,0.0999
ENT-001197,ACCOUNT,Uttar Pradesh,ENT-REF-545341,48,0.3128
ENT-001198,MERCHANT,Karnataka,ENT-REF-388547,61,0.2431
ENT-001199,BENEFICIARY,Tamil Nadu,ENT-REF-179644,67,0.0871
ENT-001200,ACCOUNT,Karnataka,ENT-REF-754731,58,0.1526
ENT-001201,DEVICE,Bihar,ENT-REF-728593,24,0.0254
ENT-001202,PHONE,West Bengal,ENT-REF-952685,74,0.0559
ENT-001203,ACCOUNT,Maharashtra,ENT-REF-144113,77,0.3492
ENT-001204,ACCOUNT,Tamil Nadu,ENT-REF-408834,4,0.131
ENT-001205,ACCOUNT,Maharashtra,ENT-REF-244002,47,0.1235
ENT-001206,PHONE,Karnataka,ENT-REF-319338,78,0.2174
ENT-001207,ACCOUNT,Madhya Pradesh,ENT-REF-317075,13,0.11
ENT-001208,PHONE,Uttar Pradesh,ENT-REF-406329,56,0.0895
ENT-001209,ACCOUNT,Karnataka,ENT-REF-861806,64,0.1804
ENT-001210,WALLET,Telangana,ENT-REF-102642,79,0.1862
ENT-001211,PHONE,Tamil Nadu,ENT-REF-669238,32,0.0139
ENT-001212,BENEFICIARY,Madhya Pradesh,ENT-REF-953438,68,0.0694
ENT-001213,WALLET,Rajasthan,ENT-REF-333890,25,0.1696
ENT-001214,PHONE,West Bengal,ENT-REF-102314,19,0.3422
ENT-001215,PHONE,Bihar,ENT-REF-685362,8,0.4654
ENT-001216,BENEFICIARY,West Bengal,ENT-REF-757464,38,0.0127
ENT-001217,PHONE,Karnataka,ENT-REF-479032,51,0.0285
ENT-001218,PHONE,Karnataka,ENT-REF-119563,77,0.2142
ENT-001219,BENEFICIARY,Uttar Pradesh,ENT-REF-109106,37,0.3704
ENT-001220,ACCOUNT,Rajasthan,ENT-REF-663356,23,0.2615
ENT-001221,PHONE,Karnataka,ENT-REF-122470,57,0.1567
ENT-001222,PHONE,Rajasthan,ENT-REF-472555,18,0.0765
ENT-001223,BENEFICIARY,Telangana,ENT-REF-798564,20,0.1002
ENT-001224,PHONE,Bihar,ENT-REF-350242,29,0.0517
ENT-001225,BENEFICIARY,Uttar Pradesh,ENT-REF-308246,39,0.3609
ENT-001226,WALLET,Delhi,ENT-REF-962930,12,0.2316
ENT-001227,WALLET,Tamil Nadu,ENT-REF-571692,7,0.3359
ENT-001228,WALLET,Maharashtra,ENT-REF-809408,13,0.2194
ENT-001229,MERCHANT,Madhya Pradesh,ENT-REF-159380,18,0.0918
ENT-001230,ACCOUNT,Bihar,ENT-REF-513829,40,0.275
ENT-001231,WALLET,Madhya Pradesh,ENT-REF-154441,19,0.0288
ENT-001232,PHONE,Karnataka,ENT-REF-797356,63,0.01
ENT-001233,PHONE,Bihar,ENT-REF-940395,13,0.2492
ENT-001234,ACCOUNT,Tamil Nadu,ENT-REF-678414,44,0.1128
ENT-001235,DEVICE,Tamil Nadu,ENT-REF-468925,19,0.0862
ENT-001236,ACCOUNT,Tamil Nadu,ENT-REF-278370,16,0.0302
ENT-001237,WALLET,Bihar,ENT-REF-783238,71,0.3001
ENT-001238,BENEFICIARY,Karnataka,ENT-REF-973853,8,0.1035
ENT-001239,ACCOUNT,Telangana,ENT-REF-174880,48,0.0675
ENT-001240,DEVICE,Maharashtra,ENT-REF-668235,19,0.0649
ENT-001241,PHONE,Delhi,ENT-REF-429404,15,0.0772
ENT-001242,PHONE,Uttar Pradesh,ENT-REF-240019,3,0.1751
ENT-001243,ACCOUNT,Karnataka,ENT-REF-277193,60,0.2538
ENT-001244,PHONE,Rajasthan,ENT-REF-191257,16,0.0582
ENT-001245,WALLET,Rajasthan,ENT-REF-497296,53,0.4081
ENT-001246,BENEFICIARY,Maharashtra,ENT-REF-634208,55,0.2275
ENT-001247,PHONE,Uttar Pradesh,ENT-REF-182402,14,0.2866
ENT-001248,ACCOUNT,Maharashtra,ENT-REF-554157,70,0.1876
ENT-001249,ACCOUNT,Rajasthan,ENT-REF-938169,9,0.1131
ENT-001250,MERCHANT,West Bengal,ENT-REF-403705,16,0.1804
ENT-001251,ACCOUNT,Telangana,ENT-REF-710350,43,0.0196
ENT-001252,PHONE,Bihar,ENT-REF-320695,16,0.2537
ENT-001253,PHONE,Uttar Pradesh,ENT-REF-711440,66,0.129
ENT-001254,BENEFICIARY,West Bengal,ENT-REF-835177,51,0.4323
ENT-001255,MERCHANT,Tamil Nadu,ENT-REF-189745,27,0.0595
ENT-001256,ACCOUNT,Uttar Pradesh,ENT-REF-680250,78,0.0133
ENT-001257,DEVICE,West Bengal,ENT-REF-949400,50,0.0455
ENT-001258,MERCHANT,Bihar,ENT-REF-921839,8,0.4966
ENT-001259,ACCOUNT,Delhi,ENT-REF-457058,52,0.1651
ENT-001260,BENEFICIARY,Karnataka,ENT-REF-295557,71,0.2431
ENT-001261,ACCOUNT,West Bengal,ENT-REF-543287,79,0.0736
ENT-001262,PHONE,Tamil Nadu,ENT-REF-249606,42,0.2405
ENT-001263,ACCOUNT,Karnataka,ENT-REF-796377,56,0.0232
ENT-001264,PHONE,West Bengal,ENT-REF-675784,74,0.0673
ENT-001265,ACCOUNT,Karnataka,ENT-REF-441465,39,0.1018
ENT-001266,ACCOUNT,Karnataka,ENT-REF-251370,32,0.2076
ENT-001267,MERCHANT,Telangana,ENT-REF-896903,15,0.2067
ENT-001268,PHONE,Telangana,ENT-REF-549302,16,0.0495
ENT-001269,PHONE,Bihar,ENT-REF-558331,11,0.0497
ENT-001270,ACCOUNT,Delhi,ENT-REF-506056,49,0.3442
ENT-001271,PHONE,Uttar Pradesh,ENT-REF-297833,18,0.1863
ENT-001272,WALLET,Tamil Nadu,ENT-REF-152743,34,0.0765
ENT-001273,ACCOUNT,Karnataka,ENT-REF-761663,5,0.1958
ENT-001274,ACCOUNT,Delhi,ENT-REF-705773,36,0.1044
ENT-001275,DEVICE,Bihar,ENT-REF-646368,24,0.0439
ENT-001276,DEVICE,Karnataka,ENT-REF-221116,39,0.2255
ENT-001277,WALLET,Karnataka,ENT-REF-955058,18,0.6634
ENT-001278,ACCOUNT,Telangana,ENT-REF-991148,58,0.0477
ENT-001279,BENEFICIARY,Tamil Nadu,ENT-REF-693871,23,0.0695
ENT-001280,ACCOUNT,Madhya Pradesh,ENT-REF-158065,18,0.1683
ENT-001281,WALLET,Maharashtra,ENT-REF-379553,64,0.2549
ENT-001282,ACCOUNT,Karnataka,ENT-REF-974303,7,0.1204
ENT-001283,MERCHANT,West Bengal,ENT-REF-762890,38,0.2523
ENT-001284,WALLET,Karnataka,ENT-REF-891284,47,0.3602
ENT-001285,PHONE,Telangana,ENT-REF-550757,21,0.244
ENT-001286,ACCOUNT,Tamil Nadu,ENT-REF-525738,34,0.0718
ENT-001287,DEVICE,Madhya Pradesh,ENT-REF-101351,27,0.1273
ENT-001288,ACCOUNT,Telangana,ENT-REF-358229,20,0.4254
ENT-001289,BENEFICIARY,Delhi,ENT-REF-689235,17,0.2384
ENT-001290,WALLET,Telangana,ENT-REF-795982,69,0.0868
ENT-001291,DEVICE,Madhya Pradesh,ENT-REF-888556,37,0.011
ENT-001292,WALLET,Bihar,ENT-REF-386117,58,0.1022
ENT-001293,ACCOUNT,Madhya Pradesh,ENT-REF-330335,45,0.4926
ENT-001294,ACCOUNT,Uttar Pradesh,ENT-REF-735661,19,0.2321
ENT-001295,ACCOUNT,West Bengal,ENT-REF-711023,7,0.12
ENT-001296,BENEFICIARY,Madhya Pradesh,ENT-REF-745460,29,0.0474
ENT-001297,WALLET,Maharashtra,ENT-REF-969475,54,0.0486
ENT-001298,ACCOUNT,Telangana,ENT-REF-188163,71,0.0209
ENT-001299,WALLET,Rajasthan,ENT-REF-417491,2,0.0973
ENT-001300,DEVICE,Rajasthan,ENT-REF-705895,72,0.2886
ENT-001301,PHONE,Tamil Nadu,ENT-REF-410987,74,0.2386
ENT-001302,ACCOUNT,Maharashtra,ENT-REF-614028,53,0.0725
ENT-001303,BENEFICIARY,Rajasthan,ENT-REF-679451,35,0.0417
ENT-001304,ACCOUNT,West Bengal,ENT-REF-653744,7,0.1715
ENT-001305,MERCHANT,Madhya Pradesh,ENT-REF-526446,11,0.1752
ENT-001306,DEVICE,Madhya Pradesh,ENT-REF-242794,48,0.0531
ENT-001307,BENEFICIARY,Tamil Nadu,ENT-REF-606296,72,0.0301
ENT-001308,MERCHANT,Uttar Pradesh,ENT-REF-932611,46,0.4149
ENT-001309,BENEFICIARY,Bihar,ENT-REF-784332,25,0.5539
ENT-001310,DEVICE,Uttar Pradesh,ENT-REF-630879,55,0.0583
ENT-001311,PHONE,Uttar Pradesh,ENT-REF-842118,73,0.0779
ENT-001312,WALLET,Karnataka,ENT-REF-658280,42,0.0478
ENT-001313,ACCOUNT,Rajasthan,ENT-REF-283477,11,0.0498
ENT-001314,ACCOUNT,West Bengal,ENT-REF-405595,23,0.0483
ENT-001315,ACCOUNT,Tamil Nadu,ENT-REF-902741,76,0.0897
ENT-001316,DEVICE,Tamil Nadu,ENT-REF-143510,68,0.3113
ENT-001317,BENEFICIARY,Rajasthan,ENT-REF-331860,50,0.2879
ENT-001318,ACCOUNT,Tamil Nadu,ENT-REF-603705,10,0.1208
ENT-001319,ACCOUNT,Tamil Nadu,ENT-REF-486135,46,0.1872
ENT-001320,WALLET,Maharashtra,ENT-REF-373249,27,0.1629
ENT-001321,ACCOUNT,Karnataka,ENT-REF-352492,10,0.1346
ENT-001322,ACCOUNT,Madhya Pradesh,ENT-REF-631956,18,0.248
ENT-001323,ACCOUNT,Madhya Pradesh,ENT-REF-663734,11,0.19
ENT-001324,ACCOUNT,Rajasthan,ENT-REF-579506,76,0.0046
ENT-001325,ACCOUNT,West Bengal,ENT-REF-736866,14,0.1821
ENT-001326,ACCOUNT,Tamil Nadu,ENT-REF-291998,23,0.1812
ENT-001327,ACCOUNT,Uttar Pradesh,ENT-REF-976209,11,0.0612
ENT-001328,DEVICE,Tamil Nadu,ENT-REF-568562,27,0.0443
ENT-001329,ACCOUNT,Madhya Pradesh,ENT-REF-857238,60,0.2388
ENT-001330,BENEFICIARY,Uttar Pradesh,ENT-REF-313991,55,0.0968
ENT-001331,ACCOUNT,Karnataka,ENT-REF-834405,34,0.1373
ENT-001332,WALLET,West Bengal,ENT-REF-352715,73,0.1946
ENT-001333,DEVICE,Rajasthan,ENT-REF-136883,4,0.061
ENT-001334,BENEFICIARY,Uttar Pradesh,ENT-REF-665725,3,0.219
ENT-001335,ACCOUNT,Delhi,ENT-REF-184317,60,0.2875
ENT-001336,ACCOUNT,Bihar,ENT-REF-943790,1,0.4922
ENT-001337,PHONE,Madhya Pradesh,ENT-REF-545244,23,0.5742
ENT-001338,BENEFICIARY,Bihar,ENT-REF-652081,12,0.1484
ENT-001339,WALLET,Bihar,ENT-REF-997136,67,0.2625
ENT-001340,PHONE,Tamil Nadu,ENT-REF-771261,79,0.0436
ENT-001341,PHONE,Uttar Pradesh,ENT-REF-530131,47,0.0289
ENT-001342,BENEFICIARY,Maharashtra,ENT-REF-990585,4,0.1277
ENT-001343,ACCOUNT,Telangana,ENT-REF-289703,51,0.1257
ENT-001344,BENEFICIARY,Tamil Nadu,ENT-REF-531105,16,0.0831
ENT-001345,BENEFICIARY,Telangana,ENT-REF-263736,60,0.1047
ENT-001346,BENEFICIARY,Bihar,ENT-REF-706506,72,0.1961
ENT-001347,WALLET,Karnataka,ENT-REF-252099,28,0.0776
ENT-001348,PHONE,Uttar Pradesh,ENT-REF-148201,61,0.1319
ENT-001349,DEVICE,Karnataka,ENT-REF-657394,53,0.1122
ENT-001350,WALLET,Telangana,ENT-REF-857938,76,0.2865
ENT-001351,MERCHANT,Maharashtra,ENT-REF-470061,31,0.2165
ENT-001352,BENEFICIARY,Bihar,ENT-REF-226785,25,0.2011
ENT-001353,ACCOUNT,Tamil Nadu,ENT-REF-218203,23,0.6961
ENT-001354,DEVICE,Telangana,ENT-REF-497819,16,0.2735
ENT-001355,DEVICE,Karnataka,ENT-REF-213217,79,0.1997
ENT-001356,WALLET,Bihar,ENT-REF-774459,2,0.3519
ENT-001357,PHONE,Uttar Pradesh,ENT-REF-135116,66,0.2457
ENT-001358,WALLET,Bihar,ENT-REF-403405,26,0.038
ENT-001359,DEVICE,Bihar,ENT-REF-792790,43,0.0764
ENT-001360,PHONE,Uttar Pradesh,ENT-REF-418486,68,0.563
ENT-001361,ACCOUNT,West Bengal,ENT-REF-192763,50,0.0739
ENT-001362,PHONE,Madhya Pradesh,ENT-REF-812012,70,0.2538
ENT-001363,ACCOUNT,West Bengal,ENT-REF-761928,22,0.0765
ENT-001364,MERCHANT,Bihar,ENT-REF-934268,4,0.0386
ENT-001365,BENEFICIARY,Rajasthan,ENT-REF-119483,48,0.1126
ENT-001366,MERCHANT,West Bengal,ENT-REF-527863,68,0.1481
ENT-001367,MERCHANT,Telangana,ENT-REF-489834,19,0.3171
ENT-001368,ACCOUNT,Karnataka,ENT-REF-162984,21,0.0338
ENT-001369,WALLET,Delhi,ENT-REF-357248,3,0.0779
ENT-001370,ACCOUNT,Karnataka,ENT-REF-249552,65,0.1394
ENT-001371,ACCOUNT,Maharashtra,ENT-REF-675280,40,0.4672
ENT-001372,DEVICE,Delhi,ENT-REF-982668,57,0.1062
ENT-001373,WALLET,Delhi,ENT-REF-980073,75,0.1313
ENT-001374,BENEFICIARY,Madhya Pradesh,ENT-REF-596484,5,0.0099
ENT-001375,MERCHANT,Madhya Pradesh,ENT-REF-581740,58,0.4322
ENT-001376,ACCOUNT,Rajasthan,ENT-REF-480653,9,0.033
ENT-001377,PHONE,Maharashtra,ENT-REF-486776,10,0.1263
ENT-001378,ACCOUNT,Karnataka,ENT-REF-836881,74,0.1044
ENT-001379,BENEFICIARY,Telangana,ENT-REF-851380,49,0.1686
ENT-001380,MERCHANT,Uttar Pradesh,ENT-REF-738419,54,0.1712
ENT-001381,WALLET,Delhi,ENT-REF-987983,5,0.0087
ENT-001382,BENEFICIARY,Tamil Nadu,ENT-REF-897038,41,0.1627
ENT-001383,BENEFICIARY,Uttar Pradesh,ENT-REF-693874,26,0.1701
ENT-001384,ACCOUNT,Telangana,ENT-REF-745942,49,0.1149
ENT-001385,MERCHANT,Karnataka,ENT-REF-915119,56,0.0538
ENT-001386,MERCHANT,Telangana,ENT-REF-185927,48,0.3151
ENT-001387,ACCOUNT,Karnataka,ENT-REF-600479,58,0.3828
ENT-001388,PHONE,Telangana,ENT-REF-498650,35,0.0772
ENT-001389,DEVICE,Madhya Pradesh,ENT-REF-601053,24,0.2144
ENT-001390,WALLET,Tamil Nadu,ENT-REF-506795,71,0.0986
ENT-001391,BENEFICIARY,Tamil Nadu,ENT-REF-555491,59,0.1203
ENT-001392,ACCOUNT,Bihar,ENT-REF-375846,65,0.0845
ENT-001393,ACCOUNT,Madhya Pradesh,ENT-REF-892956,28,0.0911
ENT-001394,BENEFICIARY,Maharashtra,ENT-REF-428636,45,0.1779
ENT-001395,ACCOUNT,Uttar Pradesh,ENT-REF-102686,55,0.2579
ENT-001396,ACCOUNT,Madhya Pradesh,ENT-REF-155751,10,0.0519
ENT-001397,ACCOUNT,Delhi,ENT-REF-913304,55,0.0209
ENT-001398,DEVICE,Tamil Nadu,ENT-REF-457751,35,0.1143
ENT-001399,WALLET,Karnataka,ENT-REF-945003,12,0.0294
ENT-001400,BENEFICIARY,Maharashtra,ENT-REF-640493,45,0.1749
ENT-001401,BENEFICIARY,Madhya Pradesh,ENT-REF-841521,33,0.0548
ENT-001402,ACCOUNT,Bihar,ENT-REF-918707,36,0.0432
ENT-001403,PHONE,Telangana,ENT-REF-990199,61,0.1547
ENT-001404,ACCOUNT,Telangana,ENT-REF-998333,40,0.2411
ENT-001405,DEVICE,Tamil Nadu,ENT-REF-286153,77,0.0622
ENT-001406,ACCOUNT,Delhi,ENT-REF-279466,20,0.3189
ENT-001407,MERCHANT,Madhya Pradesh,ENT-REF-470431,13,0.1904
ENT-001408,ACCOUNT,Uttar Pradesh,ENT-REF-461412,50,0.0495
ENT-001409,BENEFICIARY,Bihar,ENT-REF-304444,79,0.0217
ENT-001410,MERCHANT,Uttar Pradesh,ENT-REF-565339,18,0.031
ENT-001411,MERCHANT,Bihar,ENT-REF-498744,62,0.3277
ENT-001412,ACCOUNT,Madhya Pradesh,ENT-REF-793091,6,0.1429
ENT-001413,PHONE,Rajasthan,ENT-REF-443968,39,0.1482
ENT-001414,DEVICE,Karnataka,ENT-REF-131262,61,0.1229
ENT-001415,ACCOUNT,West Bengal,ENT-REF-602241,44,0.0046
ENT-001416,PHONE,Rajasthan,ENT-REF-502588,17,0.0092
ENT-001417,BENEFICIARY,Karnataka,ENT-REF-244951,68,0.1665
ENT-001418,BENEFICIARY,Uttar Pradesh,ENT-REF-622918,14,0.0961
ENT-001419,PHONE,Bihar,ENT-REF-276993,15,0.2255
ENT-001420,BENEFICIARY,Madhya Pradesh,ENT-REF-612973,41,0.1317
ENT-001421,PHONE,Tamil Nadu,ENT-REF-129729,37,0.0989
ENT-001422,PHONE,Karnataka,ENT-REF-941182,23,0.3388
ENT-001423,WALLET,Bihar,ENT-REF-580910,71,0.1251
ENT-001424,ACCOUNT,Telangana,ENT-REF-744752,70,0.2024
ENT-001425,WALLET,Maharashtra,ENT-REF-666496,32,0.1619
ENT-001426,WALLET,Rajasthan,ENT-REF-888307,46,0.1195
ENT-001427,ACCOUNT,Tamil Nadu,ENT-REF-480469,3,0.0609
ENT-001428,DEVICE,Karnataka,ENT-REF-985389,53,0.3932
ENT-001429,DEVICE,Bihar,ENT-REF-453599,67,0.2274
ENT-001430,WALLET,Bihar,ENT-REF-942190,26,0.1129
ENT-001431,BENEFICIARY,Uttar Pradesh,ENT-REF-139397,17,0.1213
ENT-001432,WALLET,West Bengal,ENT-REF-250364,26,0.3582
ENT-001433,DEVICE,Bihar,ENT-REF-122316,1,0.2917
ENT-001434,ACCOUNT,Madhya Pradesh,ENT-REF-590730,78,0.1425
ENT-001435,DEVICE,Karnataka,ENT-REF-210989,19,0.0292
ENT-001436,PHONE,Karnataka,ENT-REF-805745,64,0.3394
ENT-001437,DEVICE,West Bengal,ENT-REF-386209,50,0.416
ENT-001438,PHONE,Tamil Nadu,ENT-REF-717150,72,0.2726
ENT-001439,ACCOUNT,Tamil Nadu,ENT-REF-228139,19,0.163
ENT-001440,DEVICE,Bihar,ENT-REF-163442,74,0.0807
ENT-001441,DEVICE,Telangana,ENT-REF-207847,18,0.0621
ENT-001442,ACCOUNT,Rajasthan,ENT-REF-917216,16,0.1778
ENT-001443,BENEFICIARY,Tamil Nadu,ENT-REF-668223,58,0.0627
ENT-001444,PHONE,Telangana,ENT-REF-139883,37,0.0612
ENT-001445,PHONE,Madhya Pradesh,ENT-REF-600682,19,0.0463
ENT-001446,PHONE,West Bengal,ENT-REF-110071,63,0.2841
ENT-001447,ACCOUNT,Karnataka,ENT-REF-191815,62,0.215
ENT-001448,WALLET,Uttar Pradesh,ENT-REF-144477,50,0.2367
ENT-001449,MERCHANT,West Bengal,ENT-REF-854448,15,0.45
ENT-001450,WALLET,Bihar,ENT-REF-200346,12,0.1881
ENT-001451,BENEFICIARY,Bihar,ENT-REF-282246,37,0.0076
ENT-001452,MERCHANT,Madhya Pradesh,ENT-REF-269175,36,0.2078
ENT-001453,ACCOUNT,Madhya Pradesh,ENT-REF-422502,50,0.0104
ENT-001454,ACCOUNT,Maharashtra,ENT-REF-786265,23,0.5025
ENT-001455,DEVICE,Uttar Pradesh,ENT-REF-657762,64,0.2928
ENT-001456,BENEFICIARY,Maharashtra,ENT-REF-692257,64,0.0663
ENT-001457,WALLET,Rajasthan,ENT-REF-985417,44,0.0562
ENT-001458,ACCOUNT,Uttar Pradesh,ENT-REF-310168,70,0.0324
ENT-001459,MERCHANT,Telangana,ENT-REF-533617,15,0.1139
ENT-001460,ACCOUNT,Madhya Pradesh,ENT-REF-667871,19,0.2693
ENT-001461,BENEFICIARY,Tamil Nadu,ENT-REF-998178,73,0.0941
ENT-001462,WALLET,Telangana,ENT-REF-737929,76,0.2671
ENT-001463,PHONE,Maharashtra,ENT-REF-531063,7,0.3528
ENT-001464,DEVICE,West Bengal,ENT-REF-619962,24,0.3796
ENT-001465,ACCOUNT,West Bengal,ENT-REF-501361,52,0.2868
ENT-001466,ACCOUNT,Uttar Pradesh,ENT-REF-660801,74,0.1325
ENT-001467,ACCOUNT,Madhya Pradesh,ENT-REF-627744,50,0.1094
ENT-001468,ACCOUNT,Uttar Pradesh,ENT-REF-286427,19,0.041
ENT-001469,WALLET,Tamil Nadu,ENT-REF-291189,65,0.2488
ENT-001470,ACCOUNT,Tamil Nadu,ENT-REF-641150,22,0.1224
ENT-001471,DEVICE,Maharashtra,ENT-REF-219910,45,0.2997
ENT-001472,WALLET,Delhi,ENT-REF-376554,77,0.047
ENT-001473,WALLET,Maharashtra,ENT-REF-288444,9,0.3025
ENT-001474,PHONE,Tamil Nadu,ENT-REF-979956,1,0.0345
ENT-001475,ACCOUNT,Karnataka,ENT-REF-439858,56,0.3768
ENT-001476,BENEFICIARY,Karnataka,ENT-REF-484146,26,0.243
ENT-001477,ACCOUNT,Telangana,ENT-REF-900073,50,0.3593
ENT-001478,ACCOUNT,Uttar Pradesh,ENT-REF-910316,39,0.0232
ENT-001479,PHONE,Madhya Pradesh,ENT-REF-119313,46,0.1513
ENT-001480,PHONE,Rajasthan,ENT-REF-634843,7,0.0235
ENT-001481,WALLET,West Bengal,ENT-REF-751151,70,0.0405
ENT-001482,ACCOUNT,West Bengal,ENT-REF-273021,2,0.2113
ENT-001483,BENEFICIARY,Maharashtra,ENT-REF-735535,16,0.3975
ENT-001484,MERCHANT,West Bengal,ENT-REF-750136,16,0.0178
ENT-001485,MERCHANT,West Bengal,ENT-REF-878002,2,0.1262
ENT-001486,PHONE,Tamil Nadu,ENT-REF-269826,53,0.1718
ENT-001487,MERCHANT,Maharashtra,ENT-REF-291040,41,0.0286
ENT-001488,BENEFICIARY,Tamil Nadu,ENT-REF-695209,34,0.1156
ENT-001489,ACCOUNT,Karnataka,ENT-REF-179045,36,0.1769
ENT-001490,MERCHANT,Telangana,ENT-REF-511333,74,0.159
ENT-001491,PHONE,Telangana,ENT-REF-155759,26,0.2664
ENT-001492,WALLET,Bihar,ENT-REF-741003,29,0.0653
ENT-001493,ACCOUNT,Rajasthan,ENT-REF-172190,33,0.0473
ENT-001494,MERCHANT,Delhi,ENT-REF-640867,24,0.2294
ENT-001495,WALLET,Delhi,ENT-REF-355814,49,0.0851
ENT-001496,PHONE,Madhya Pradesh,ENT-REF-368234,30,0.0632
ENT-001497,ACCOUNT,Karnataka,ENT-REF-146978,70,0.072
ENT-001498,ACCOUNT,Delhi,ENT-REF-280754,1,0.1097
ENT-001499,ACCOUNT,Bihar,ENT-REF-657394,43,0.0864
ENT-001500,ACCOUNT,Rajasthan,ENT-REF-738975,45,0.046
ENT-001501,BENEFICIARY,Delhi,ENT-REF-673655,52,0.1729
ENT-001502,PHONE,Bihar,ENT-REF-117991,51,0.043
ENT-001503,ACCOUNT,Tamil Nadu,ENT-REF-223006,14,0.0216
ENT-001504,ACCOUNT,Rajasthan,ENT-REF-404227,8,0.2042
ENT-001505,WALLET,Bihar,ENT-REF-925435,14,0.0527
ENT-001506,WALLET,Karnataka,ENT-REF-794603,54,0.0876
ENT-001507,BENEFICIARY,Telangana,ENT-REF-791388,13,0.1324
ENT-001508,PHONE,Madhya Pradesh,ENT-REF-769183,45,0.0988
ENT-001509,PHONE,Karnataka,ENT-REF-278925,62,0.0725
ENT-001510,WALLET,Telangana,ENT-REF-866978,35,0.4905
ENT-001511,ACCOUNT,Maharashtra,ENT-REF-113081,78,0.0016
ENT-001512,DEVICE,West Bengal,ENT-REF-323406,12,0.254
ENT-001513,BENEFICIARY,Karnataka,ENT-REF-400198,41,0.1567
ENT-001514,PHONE,Tamil Nadu,ENT-REF-451097,61,0.5627
ENT-001515,WALLET,Uttar Pradesh,ENT-REF-472346,53,0.3472
ENT-001516,PHONE,Karnataka,ENT-REF-974245,68,0.0107
ENT-001517,MERCHANT,West Bengal,ENT-REF-826257,49,0.1412
ENT-001518,PHONE,West Bengal,ENT-REF-174988,39,0.4752
ENT-001519,DEVICE,Rajasthan,ENT-REF-888916,8,0.1066
ENT-001520,WALLET,Tamil Nadu,ENT-REF-543620,28,0.2519
ENT-001521,DEVICE,Madhya Pradesh,ENT-REF-698420,77,0.0817
ENT-001522,BENEFICIARY,Karnataka,ENT-REF-493008,66,0.1791
ENT-001523,BENEFICIARY,Tamil Nadu,ENT-REF-438080,44,0.1776
ENT-001524,BENEFICIARY,Madhya Pradesh,ENT-REF-942820,56,0.1008
ENT-001525,ACCOUNT,Madhya Pradesh,ENT-REF-863772,75,0.1941
ENT-001526,PHONE,Tamil Nadu,ENT-REF-707903,75,0.0777
ENT-001527,MERCHANT,Madhya Pradesh,ENT-REF-583014,29,0.2795
ENT-001528,DEVICE,Tamil Nadu,ENT-REF-320860,43,0.1157
ENT-001529,PHONE,Bihar,ENT-REF-313890,53,0.3002
ENT-001530,DEVICE,Maharashtra,ENT-REF-542239,5,0.357
ENT-001531,MERCHANT,Uttar Pradesh,ENT-REF-213946,32,0.2745
ENT-001532,PHONE,Madhya Pradesh,ENT-REF-500781,74,0.2403
ENT-001533,MERCHANT,Maharashtra,ENT-REF-510620,65,0.3855
ENT-001534,WALLET,West Bengal,ENT-REF-945284,42,0.1839
ENT-001535,MERCHANT,West Bengal,ENT-REF-168805,49,0.373
ENT-001536,PHONE,Karnataka,ENT-REF-246894,27,0.2353
ENT-001537,ACCOUNT,Bihar,ENT-REF-652560,13,0.1991
ENT-001538,WALLET,Telangana,ENT-REF-378653,59,0.0954
ENT-001539,BENEFICIARY,Uttar Pradesh,ENT-REF-170269,12,0.3168
ENT-001540,ACCOUNT,Maharashtra,ENT-REF-760607,63,0.0522
ENT-001541,ACCOUNT,Delhi,ENT-REF-523473,28,0.0586
ENT-001542,PHONE,Delhi,ENT-REF-173479,38,0.4758
ENT-001543,ACCOUNT,West Bengal,ENT-REF-479022,66,0.0422
ENT-001544,WALLET,Maharashtra,ENT-REF-387902,49,0.3849
ENT-001545,PHONE,Maharashtra,ENT-REF-681109,64,0.2404
ENT-001546,WALLET,Bihar,ENT-REF-611678,47,0.2472
ENT-001547,ACCOUNT,Bihar,ENT-REF-754559,3,0.134
ENT-001548,ACCOUNT,Madhya Pradesh,ENT-REF-899085,34,0.0565
ENT-001549,MERCHANT,Bihar,ENT-REF-659045,72,0.1252
ENT-001550,MERCHANT,Tamil Nadu,ENT-REF-872348,34,0.1469
ENT-001551,PHONE,Tamil Nadu,ENT-REF-468059,77,0.242
ENT-001552,WALLET,Tamil Nadu,ENT-REF-682932,2,0.3519
ENT-001553,ACCOUNT,Bihar,ENT-REF-670507,47,0.2912
ENT-001554,BENEFICIARY,Uttar Pradesh,ENT-REF-253477,13,0.1067
ENT-001555,DEVICE,Maharashtra,ENT-REF-143813,76,0.199
ENT-001556,MERCHANT,Madhya Pradesh,ENT-REF-343864,60,0.1955
ENT-001557,ACCOUNT,Rajasthan,ENT-REF-152039,67,0.137
ENT-001558,WALLET,Delhi,ENT-REF-256137,38,0.0315
ENT-001559,BENEFICIARY,Telangana,ENT-REF-987084,27,0.5856
ENT-001560,ACCOUNT,Madhya Pradesh,ENT-REF-409063,64,0.1045
ENT-001561,PHONE,Bihar,ENT-REF-686544,79,0.0892
ENT-001562,BENEFICIARY,Delhi,ENT-REF-483466,61,0.4098
ENT-001563,ACCOUNT,Tamil Nadu,ENT-REF-817149,23,0.1183
ENT-001564,DEVICE,Uttar Pradesh,ENT-REF-800848,35,0.361
ENT-001565,BENEFICIARY,West Bengal,ENT-REF-713458,44,0.0155
ENT-001566,PHONE,Madhya Pradesh,ENT-REF-741787,63,0.1825
ENT-001567,ACCOUNT,Karnataka,ENT-REF-507138,14,0.0121
ENT-001568,WALLET,Delhi,ENT-REF-296791,63,0.0243
ENT-001569,PHONE,Uttar Pradesh,ENT-REF-435241,7,0.2033
ENT-001570,DEVICE,West Bengal,ENT-REF-432239,61,0.2011
ENT-001571,WALLET,Karnataka,ENT-REF-846139,8,0.0368
ENT-001572,ACCOUNT,Telangana,ENT-REF-786304,51,0.0412
ENT-001573,ACCOUNT,Tamil Nadu,ENT-REF-174130,67,0.1883
ENT-001574,ACCOUNT,Uttar Pradesh,ENT-REF-396022,32,0.2022
ENT-001575,MERCHANT,Tamil Nadu,ENT-REF-198239,71,0.2697
ENT-001576,PHONE,Bihar,ENT-REF-611659,48,0.1238
ENT-001577,PHONE,Telangana,ENT-REF-371350,65,0.1627
ENT-001578,DEVICE,Maharashtra,ENT-REF-332056,66,0.1326
ENT-001579,PHONE,West Bengal,ENT-REF-278022,7,0.2313
ENT-001580,PHONE,Uttar Pradesh,ENT-REF-961341,24,0.1069
ENT-001581,WALLET,Tamil Nadu,ENT-REF-993611,68,0.0876
ENT-001582,ACCOUNT,Telangana,ENT-REF-818776,72,0.2824
ENT-001583,DEVICE,Maharashtra,ENT-REF-296051,12,0.0871
ENT-001584,ACCOUNT,Tamil Nadu,ENT-REF-822358,78,0.1482
ENT-001585,WALLET,Karnataka,ENT-REF-378215,45,0.3706
ENT-001586,BENEFICIARY,West Bengal,ENT-REF-493477,7,0.0736
ENT-001587,ACCOUNT,Telangana,ENT-REF-561370,72,0.0827
ENT-001588,PHONE,West Bengal,ENT-REF-851529,68,0.1033
ENT-001589,PHONE,West Bengal,ENT-REF-843403,49,0.019
ENT-001590,BENEFICIARY,Madhya Pradesh,ENT-REF-940794,71,0.1448
ENT-001591,ACCOUNT,Madhya Pradesh,ENT-REF-595050,26,0.188
ENT-001592,ACCOUNT,Madhya Pradesh,ENT-REF-305314,61,0.1104
ENT-001593,BENEFICIARY,Bihar,ENT-REF-734471,70,0.282
ENT-001594,ACCOUNT,Telangana,ENT-REF-872022,6,0.1426
ENT-001595,PHONE,Delhi,ENT-REF-274842,21,0.2056
ENT-001596,DEVICE,Delhi,ENT-REF-443326,31,0.01
ENT-001597,BENEFICIARY,West Bengal,ENT-REF-259671,57,0.2237
ENT-001598,ACCOUNT,Tamil Nadu,ENT-REF-824471,42,0.3447
ENT-001599,BENEFICIARY,Telangana,ENT-REF-432622,75,0.122
ENT-001600,MERCHANT,Telangana,ENT-REF-307711,14,0.0996
ENT-001601,ACCOUNT,Maharashtra,ENT-REF-133312,63,0.3961
ENT-001602,ACCOUNT,Uttar Pradesh,ENT-REF-832365,73,0.1637
ENT-001603,PHONE,West Bengal,ENT-REF-208792,22,0.0173
ENT-001604,ACCOUNT,West Bengal,ENT-REF-339548,16,0.1139
ENT-001605,PHONE,Bihar,ENT-REF-530827,18,0.5308
ENT-001606,BENEFICIARY,Madhya Pradesh,ENT-REF-667142,5,0.0664
ENT-001607,WALLET,Delhi,ENT-REF-645995,5,0.3887
ENT-001608,BENEFICIARY,Bihar,ENT-REF-409054,66,0.3425
ENT-001609,ACCOUNT,West Bengal,ENT-REF-794595,6,0.1348
ENT-001610,PHONE,Delhi,ENT-REF-497429,63,0.3538
ENT-001611,DEVICE,Maharashtra,ENT-REF-729759,68,0.0984
ENT-001612,DEVICE,Madhya Pradesh,ENT-REF-883782,33,0.0507
ENT-001613,ACCOUNT,Karnataka,ENT-REF-140542,29,0.1242
ENT-001614,ACCOUNT,Telangana,ENT-REF-533407,26,0.2434
ENT-001615,MERCHANT,Bihar,ENT-REF-943069,32,0.2876
ENT-001616,WALLET,Delhi,ENT-REF-457324,28,0.0911
ENT-001617,ACCOUNT,Tamil Nadu,ENT-REF-712993,77,0.0727
ENT-001618,DEVICE,Maharashtra,ENT-REF-446808,12,0.1488
ENT-001619,WALLET,Madhya Pradesh,ENT-REF-867255,41,0.1535
ENT-001620,ACCOUNT,Rajasthan,ENT-REF-131489,11,0.1385
ENT-001621,PHONE,Telangana,ENT-REF-171744,61,0.2732
ENT-001622,ACCOUNT,Telangana,ENT-REF-259761,25,0.0815
ENT-001623,PHONE,Tamil Nadu,ENT-REF-134533,46,0.3611
ENT-001624,WALLET,Karnataka,ENT-REF-750902,20,0.0389
ENT-001625,DEVICE,Madhya Pradesh,ENT-REF-811159,48,0.1324
ENT-001626,ACCOUNT,Maharashtra,ENT-REF-216630,31,0.0173
ENT-001627,ACCOUNT,Maharashtra,ENT-REF-235041,25,0.0391
ENT-001628,PHONE,Madhya Pradesh,ENT-REF-921021,61,0.1167
ENT-001629,WALLET,Delhi,ENT-REF-973954,9,0.0948
ENT-001630,DEVICE,Delhi,ENT-REF-179993,2,0.1295
ENT-001631,ACCOUNT,Karnataka,ENT-REF-668348,68,0.1728
ENT-001632,ACCOUNT,Telangana,ENT-REF-136121,66,0.3032
ENT-001633,ACCOUNT,Bihar,ENT-REF-865540,51,0.221
ENT-001634,ACCOUNT,Rajasthan,ENT-REF-377914,54,0.1121
ENT-001635,DEVICE,West Bengal,ENT-REF-640230,75,0.0467
ENT-001636,DEVICE,West Bengal,ENT-REF-325317,21,0.2665
ENT-001637,BENEFICIARY,Madhya Pradesh,ENT-REF-780594,8,0.0859
ENT-001638,PHONE,Madhya Pradesh,ENT-REF-105628,58,0.1145
ENT-001639,PHONE,Madhya Pradesh,ENT-REF-868197,59,0.2616
ENT-001640,BENEFICIARY,West Bengal,ENT-REF-155717,46,0.4578
ENT-001641,DEVICE,Telangana,ENT-REF-572675,35,0.0531
ENT-001642,PHONE,Telangana,ENT-REF-121822,45,0.2515
ENT-001643,MERCHANT,Rajasthan,ENT-REF-774343,67,0.0546
ENT-001644,ACCOUNT,West Bengal,ENT-REF-374994,49,0.1042
ENT-001645,WALLET,West Bengal,ENT-REF-149224,42,0.3522
ENT-001646,WALLET,Karnataka,ENT-REF-533312,27,0.0753
ENT-001647,PHONE,Telangana,ENT-REF-445735,3,0.1467
ENT-001648,ACCOUNT,Uttar Pradesh,ENT-REF-139833,40,0.2765
ENT-001649,PHONE,Delhi,ENT-REF-563667,21,0.0567
ENT-001650,ACCOUNT,West Bengal,ENT-REF-834400,50,0.0737
ENT-001651,WALLET,Uttar Pradesh,ENT-REF-560435,35,0.3426
ENT-001652,ACCOUNT,Maharashtra,ENT-REF-534853,48,0.275
ENT-001653,WALLET,Bihar,ENT-REF-744661,79,0.1196
ENT-001654,BENEFICIARY,Rajasthan,ENT-REF-488688,3,0.1325
ENT-001655,WALLET,Karnataka,ENT-REF-215509,21,0.1824
ENT-001656,ACCOUNT,Telangana,ENT-REF-597330,61,0.3924
ENT-001657,MERCHANT,Tamil Nadu,ENT-REF-311603,47,0.0825
ENT-001658,MERCHANT,West Bengal,ENT-REF-657659,6,0.0168
ENT-001659,PHONE,West Bengal,ENT-REF-776259,4,0.1899
ENT-001660,WALLET,Karnataka,ENT-REF-480756,25,0.1614
ENT-001661,ACCOUNT,Rajasthan,ENT-REF-469412,14,0.1439
ENT-001662,ACCOUNT,West Bengal,ENT-REF-777721,45,0.0312
ENT-001663,WALLET,Delhi,ENT-REF-464343,18,0.0541
ENT-001664,DEVICE,West Bengal,ENT-REF-286595,64,0.3811
ENT-001665,PHONE,Telangana,ENT-REF-629517,64,0.0898
ENT-001666,WALLET,Madhya Pradesh,ENT-REF-987326,58,0.3291
ENT-001667,PHONE,Maharashtra,ENT-REF-205006,55,0.1477
ENT-001668,DEVICE,Tamil Nadu,ENT-REF-647109,51,0.2123
ENT-001669,PHONE,Bihar,ENT-REF-790046,16,0.1125
ENT-001670,ACCOUNT,Madhya Pradesh,ENT-REF-800595,79,0.0254
ENT-001671,PHONE,Madhya Pradesh,ENT-REF-527014,48,0.1468
ENT-001672,ACCOUNT,Madhya Pradesh,ENT-REF-782705,21,0.255
ENT-001673,ACCOUNT,Karnataka,ENT-REF-700652,72,0.0434
ENT-001674,BENEFICIARY,Maharashtra,ENT-REF-322220,15,0.3066
ENT-001675,DEVICE,Madhya Pradesh,ENT-REF-777993,6,0.4258
ENT-001676,BENEFICIARY,Tamil Nadu,ENT-REF-418934,10,0.0678
ENT-001677,PHONE,Bihar,ENT-REF-325068,14,0.3284
ENT-001678,ACCOUNT,Karnataka,ENT-REF-292312,49,0.1176
ENT-001679,ACCOUNT,Uttar Pradesh,ENT-REF-431650,64,0.1137
ENT-001680,DEVICE,Delhi,ENT-REF-337729,4,0.0904
ENT-001681,PHONE,West Bengal,ENT-REF-903628,51,0.3244
ENT-001682,ACCOUNT,Tamil Nadu,ENT-REF-332027,26,0.2123
ENT-001683,MERCHANT,Rajasthan,ENT-REF-770936,26,0.3332
ENT-001684,ACCOUNT,Rajasthan,ENT-REF-902843,10,0.0894
ENT-001685,PHONE,Karnataka,ENT-REF-171497,69,0.0159
ENT-001686,ACCOUNT,Telangana,ENT-REF-375475,10,0.0975
ENT-001687,PHONE,Telangana,ENT-REF-998341,47,0.0935
ENT-001688,DEVICE,Madhya Pradesh,ENT-REF-142096,77,0.0815
ENT-001689,DEVICE,Rajasthan,ENT-REF-993431,56,0.0346
ENT-001690,WALLET,Tamil Nadu,ENT-REF-598034,21,0.0988
ENT-001691,ACCOUNT,Maharashtra,ENT-REF-451172,43,0.0672
ENT-001692,DEVICE,Rajasthan,ENT-REF-738393,70,0.1076
ENT-001693,ACCOUNT,Bihar,ENT-REF-897843,53,0.0249
ENT-001694,PHONE,Tamil Nadu,ENT-REF-251291,64,0.0672
ENT-001695,ACCOUNT,Uttar Pradesh,ENT-REF-728648,31,0.2004
ENT-001696,PHONE,Maharashtra,ENT-REF-314967,18,0.1187
ENT-001697,PHONE,Karnataka,ENT-REF-603795,28,0.311
ENT-001698,ACCOUNT,Uttar Pradesh,ENT-REF-250727,49,0.3464
ENT-001699,ACCOUNT,Uttar Pradesh,ENT-REF-661117,26,0.4423
ENT-001700,DEVICE,Delhi,ENT-REF-833154,2,0.1896
ENT-001701,ACCOUNT,Telangana,ENT-REF-415016,39,0.2801
ENT-001702,ACCOUNT,Tamil Nadu,ENT-REF-754232,51,0.3753
ENT-001703,ACCOUNT,Rajasthan,ENT-REF-915323,50,0.3788
ENT-001704,BENEFICIARY,Uttar Pradesh,ENT-REF-724322,57,0.3106
ENT-001705,ACCOUNT,Karnataka,ENT-REF-308192,35,0.2276
ENT-001706,PHONE,Maharashtra,ENT-REF-451279,47,0.1458
ENT-001707,BENEFICIARY,Maharashtra,ENT-REF-753901,54,0.1798
ENT-001708,MERCHANT,West Bengal,ENT-REF-345368,38,0.3359
ENT-001709,DEVICE,Bihar,ENT-REF-977916,48,0.1807
ENT-001710,PHONE,Maharashtra,ENT-REF-929543,79,0.2058
ENT-001711,ACCOUNT,Tamil Nadu,ENT-REF-111969,61,0.0374
ENT-001712,DEVICE,Karnataka,ENT-REF-270175,50,0.171
ENT-001713,WALLET,Tamil Nadu,ENT-REF-195365,5,0.1863
ENT-001714,ACCOUNT,Telangana,ENT-REF-539992,33,0.2882
ENT-001715,MERCHANT,Delhi,ENT-REF-658049,62,0.1815
ENT-001716,BENEFICIARY,Maharashtra,ENT-REF-586627,37,0.164
ENT-001717,ACCOUNT,Karnataka,ENT-REF-180194,54,0.2725
ENT-001718,ACCOUNT,Maharashtra,ENT-REF-972015,15,0.1305
ENT-001719,ACCOUNT,Rajasthan,ENT-REF-805186,75,0.1164
ENT-001720,MERCHANT,Rajasthan,ENT-REF-780484,15,0.0705
ENT-001721,BENEFICIARY,Maharashtra,ENT-REF-380486,68,0.0589
ENT-001722,MERCHANT,West Bengal,ENT-REF-466730,63,0.3165
ENT-001723,PHONE,Delhi,ENT-REF-786615,27,0.0405
ENT-001724,BENEFICIARY,Uttar Pradesh,ENT-REF-947128,47,0.4564
ENT-001725,ACCOUNT,Uttar Pradesh,ENT-REF-393290,43,0.1052
ENT-001726,DEVICE,Maharashtra,ENT-REF-599824,26,0.0615
ENT-001727,PHONE,Bihar,ENT-REF-341524,64,0.1987
ENT-001728,PHONE,Maharashtra,ENT-REF-172023,27,0.1411
ENT-001729,DEVICE,Uttar Pradesh,ENT-REF-500955,1,0.0204
ENT-001730,WALLET,Uttar Pradesh,ENT-REF-292190,19,0.3569
ENT-001731,ACCOUNT,Delhi,ENT-REF-357426,70,0.0963
ENT-001732,ACCOUNT,Telangana,ENT-REF-941791,51,0.3311
ENT-001733,MERCHANT,Delhi,ENT-REF-589231,64,0.0319
ENT-001734,PHONE,Karnataka,ENT-REF-452808,60,0.0177
ENT-001735,PHONE,Bihar,ENT-REF-243350,18,0.0072
ENT-001736,ACCOUNT,Uttar Pradesh,ENT-REF-533378,39,0.37
ENT-001737,PHONE,Karnataka,ENT-REF-163458,43,0.1832
ENT-001738,WALLET,Tamil Nadu,ENT-REF-337111,79,0.5735
ENT-001739,PHONE,West Bengal,ENT-REF-958597,30,0.11
ENT-001740,ACCOUNT,Madhya Pradesh,ENT-REF-876830,50,0.0632
ENT-001741,ACCOUNT,Karnataka,ENT-REF-352578,43,0.1057
ENT-001742,PHONE,Madhya Pradesh,ENT-REF-902415,5,0.1844
ENT-001743,BENEFICIARY,Bihar,ENT-REF-413077,53,0.0999
ENT-001744,MERCHANT,Maharashtra,ENT-REF-986695,45,0.2333
ENT-001745,BENEFICIARY,Madhya Pradesh,ENT-REF-554809,19,0.3197
ENT-001746,MERCHANT,Maharashtra,ENT-REF-771101,30,0.0242
ENT-001747,MERCHANT,Madhya Pradesh,ENT-REF-923737,31,0.1888
ENT-001748,ACCOUNT,Delhi,ENT-REF-579352,74,0.02
ENT-001749,PHONE,Bihar,ENT-REF-185132,42,0.5049
ENT-001750,ACCOUNT,Karnataka,ENT-REF-278879,61,0.0089
ENT-001751,DEVICE,Tamil Nadu,ENT-REF-294094,49,0.1964
ENT-001752,ACCOUNT,Madhya Pradesh,ENT-REF-303153,28,0.1715
ENT-001753,ACCOUNT,Madhya Pradesh,ENT-REF-723522,51,0.5063
ENT-001754,PHONE,Bihar,ENT-REF-378964,6,0.0961
ENT-001755,PHONE,Tamil Nadu,ENT-REF-109277,63,0.5604
ENT-001756,ACCOUNT,West Bengal,ENT-REF-546821,7,0.0478
ENT-001757,ACCOUNT,West Bengal,ENT-REF-210288,2,0.3473
ENT-001758,ACCOUNT,Karnataka,ENT-REF-171115,28,0.1343
ENT-001759,WALLET,Bihar,ENT-REF-198600,43,0.1617
ENT-001760,PHONE,Maharashtra,ENT-REF-651011,36,0.1903
ENT-001761,ACCOUNT,Telangana,ENT-REF-555117,25,0.106
ENT-001762,ACCOUNT,Tamil Nadu,ENT-REF-794743,8,0.3566
ENT-001763,WALLET,West Bengal,ENT-REF-211063,64,0.2371
ENT-001764,WALLET,Uttar Pradesh,ENT-REF-528647,5,0.1418
ENT-001765,MERCHANT,Telangana,ENT-REF-545672,18,0.2381
ENT-001766,MERCHANT,Telangana,ENT-REF-111449,58,0.1321
ENT-001767,WALLET,Madhya Pradesh,ENT-REF-459638,27,0.049
ENT-001768,WALLET,West Bengal,ENT-REF-744646,44,0.0426
ENT-001769,ACCOUNT,Maharashtra,ENT-REF-404741,12,0.4407
ENT-001770,PHONE,Uttar Pradesh,ENT-REF-753331,28,0.0542
ENT-001771,ACCOUNT,Telangana,ENT-REF-417092,5,0.1229
ENT-001772,DEVICE,Madhya Pradesh,ENT-REF-861551,28,0.3099
ENT-001773,DEVICE,Madhya Pradesh,ENT-REF-836670,49,0.3554
ENT-001774,ACCOUNT,Madhya Pradesh,ENT-REF-590943,63,0.2242
ENT-001775,ACCOUNT,Delhi,ENT-REF-455161,25,0.2334
ENT-001776,WALLET,Uttar Pradesh,ENT-REF-554542,5,0.3565
ENT-001777,PHONE,Rajasthan,ENT-REF-793082,2,0.1964
ENT-001778,PHONE,Maharashtra,ENT-REF-284821,2,0.111
ENT-001779,PHONE,Telangana,ENT-REF-692738,74,0.1553
ENT-001780,MERCHANT,Rajasthan,ENT-REF-212696,58,0.2171
ENT-001781,PHONE,Uttar Pradesh,ENT-REF-810024,75,0.1234
ENT-001782,DEVICE,Karnataka,ENT-REF-158626,24,0.0847
ENT-001783,WALLET,Delhi,ENT-REF-558775,54,0.0678
ENT-001784,PHONE,Delhi,ENT-REF-511413,53,0.3638
ENT-001785,ACCOUNT,Delhi,ENT-REF-984674,43,0.1499
ENT-001786,BENEFICIARY,Maharashtra,ENT-REF-452859,14,0.2509
ENT-001787,MERCHANT,Madhya Pradesh,ENT-REF-697426,42,0.078
ENT-001788,PHONE,Tamil Nadu,ENT-REF-423654,63,0.1563
ENT-001789,MERCHANT,Tamil Nadu,ENT-REF-673428,20,0.153
ENT-001790,PHONE,West Bengal,ENT-REF-479385,30,0.4635
ENT-001791,BENEFICIARY,Uttar Pradesh,ENT-REF-273561,66,0.1793
ENT-001792,DEVICE,Rajasthan,ENT-REF-404769,49,0.0707
ENT-001793,PHONE,Tamil Nadu,ENT-REF-717054,12,0.2
ENT-001794,ACCOUNT,Rajasthan,ENT-REF-455615,78,0.097
ENT-001795,ACCOUNT,Bihar,ENT-REF-526409,17,0.2471
ENT-001796,PHONE,Maharashtra,ENT-REF-323638,78,0.2749
ENT-001797,ACCOUNT,Uttar Pradesh,ENT-REF-680442,76,0.0663
ENT-001798,ACCOUNT,Delhi,ENT-REF-251126,11,0.1544
ENT-001799,BENEFICIARY,Madhya Pradesh,ENT-REF-622848,3,0.4828
ENT-001800,BENEFICIARY,Rajasthan,ENT-REF-594134,51,0.0257
ENT-001801,MERCHANT,Rajasthan,ENT-REF-748957,79,0.0198
ENT-001802,ACCOUNT,Maharashtra,ENT-REF-353619,61,0.0314
ENT-001803,ACCOUNT,Tamil Nadu,ENT-REF-201444,13,0.2444
ENT-001804,ACCOUNT,Rajasthan,ENT-REF-868521,18,0.3035
ENT-001805,PHONE,Tamil Nadu,ENT-REF-317621,32,0.3475
ENT-001806,PHONE,Madhya Pradesh,ENT-REF-833944,36,0.3027
ENT-001807,MERCHANT,Rajasthan,ENT-REF-524904,59,0.2027
ENT-001808,PHONE,Delhi,ENT-REF-264040,8,0.4218
ENT-001809,PHONE,Madhya Pradesh,ENT-REF-666480,53,0.0585
ENT-001810,DEVICE,Madhya Pradesh,ENT-REF-965794,15,0.1759
ENT-001811,PHONE,Madhya Pradesh,ENT-REF-829916,56,0.0732
ENT-001812,BENEFICIARY,Bihar,ENT-REF-165622,16,0.0213
ENT-001813,BENEFICIARY,Maharashtra,ENT-REF-245858,47,0.127
ENT-001814,PHONE,Telangana,ENT-REF-150610,18,0.1956
ENT-001815,PHONE,Karnataka,ENT-REF-601684,61,0.4177
ENT-001816,WALLET,Tamil Nadu,ENT-REF-102595,8,0.4494
ENT-001817,WALLET,Karnataka,ENT-REF-673332,71,0.0366
ENT-001818,DEVICE,Uttar Pradesh,ENT-REF-477080,59,0.2863
ENT-001819,ACCOUNT,Maharashtra,ENT-REF-285329,59,0.1115
ENT-001820,WALLET,Maharashtra,ENT-REF-117911,58,0.2108
ENT-001821,DEVICE,Tamil Nadu,ENT-REF-124585,31,0.093
ENT-001822,BENEFICIARY,Karnataka,ENT-REF-554038,8,0.1361
ENT-001823,WALLET,Madhya Pradesh,ENT-REF-644854,14,0.0138
ENT-001824,DEVICE,Maharashtra,ENT-REF-516053,55,0.5753
ENT-001825,WALLET,Telangana,ENT-REF-186845,9,0.1323
ENT-001826,DEVICE,Madhya Pradesh,ENT-REF-378028,27,0.1516
ENT-001827,PHONE,West Bengal,ENT-REF-298637,34,0.0762
ENT-001828,WALLET,Tamil Nadu,ENT-REF-198702,56,0.179
ENT-001829,ACCOUNT,West Bengal,ENT-REF-887544,53,0.1623
ENT-001830,ACCOUNT,Uttar Pradesh,ENT-REF-923409,63,0.1049
ENT-001831,WALLET,Bihar,ENT-REF-775117,42,0.1346
ENT-001832,PHONE,Telangana,ENT-REF-217741,47,0.421
ENT-001833,PHONE,West Bengal,ENT-REF-430863,32,0.0884
ENT-001834,MERCHANT,Telangana,ENT-REF-242954,73,0.0346
ENT-001835,PHONE,Tamil Nadu,ENT-REF-300718,11,0.0962
ENT-001836,BENEFICIARY,Rajasthan,ENT-REF-361543,67,0.1412
ENT-001837,BENEFICIARY,Uttar Pradesh,ENT-REF-919749,39,0.1106
ENT-001838,ACCOUNT,Karnataka,ENT-REF-864456,63,0.4737
ENT-001839,BENEFICIARY,Delhi,ENT-REF-592184,70,0.0473
ENT-001840,ACCOUNT,West Bengal,ENT-REF-788481,33,0.2618
ENT-001841,ACCOUNT,Delhi,ENT-REF-592567,64,0.1083
ENT-001842,ACCOUNT,Tamil Nadu,ENT-REF-250859,69,0.1499
ENT-001843,BENEFICIARY,Uttar Pradesh,ENT-REF-549169,4,0.1499
ENT-001844,ACCOUNT,Madhya Pradesh,ENT-REF-519806,21,0.0434
ENT-001845,WALLET,Delhi,ENT-REF-808585,74,0.0923
ENT-001846,PHONE,West Bengal,ENT-REF-461311,48,0.0567
ENT-001847,ACCOUNT,Uttar Pradesh,ENT-REF-854427,74,0.336
ENT-001848,PHONE,Rajasthan,ENT-REF-709628,25,0.0094
ENT-001849,PHONE,West Bengal,ENT-REF-540285,27,0.0808
ENT-001850,WALLET,Telangana,ENT-REF-163132,27,0.2857
ENT-001851,DEVICE,Rajasthan,ENT-REF-140051,8,0.0475
ENT-001852,ACCOUNT,Madhya Pradesh,ENT-REF-901406,70,0.3185
ENT-001853,ACCOUNT,Madhya Pradesh,ENT-REF-509755,11,0.2642
ENT-001854,PHONE,Bihar,ENT-REF-804104,1,0.353
ENT-001855,ACCOUNT,Tamil Nadu,ENT-REF-271166,15,0.1771
ENT-001856,ACCOUNT,Madhya Pradesh,ENT-REF-453775,60,0.2151
ENT-001857,PHONE,Delhi,ENT-REF-665026,15,0.4085
ENT-001858,DEVICE,Karnataka,ENT-REF-886710,43,0.1586
ENT-001859,ACCOUNT,West Bengal,ENT-REF-655905,48,0.3397
ENT-001860,WALLET,Maharashtra,ENT-REF-815755,79,0.0711
ENT-001861,DEVICE,West Bengal,ENT-REF-478403,12,0.0442
ENT-001862,PHONE,Rajasthan,ENT-REF-810868,42,0.2686
ENT-001863,MERCHANT,Rajasthan,ENT-REF-143383,47,0.2865
ENT-001864,ACCOUNT,West Bengal,ENT-REF-107011,54,0.1429
ENT-001865,PHONE,Maharashtra,ENT-REF-708206,35,0.2476
ENT-001866,ACCOUNT,Uttar Pradesh,ENT-REF-248113,18,0.2512
ENT-001867,PHONE,Uttar Pradesh,ENT-REF-947124,12,0.4098
ENT-001868,ACCOUNT,Madhya Pradesh,ENT-REF-129439,64,0.0373
ENT-001869,ACCOUNT,Delhi,ENT-REF-143000,18,0.0738
ENT-001870,BENEFICIARY,Delhi,ENT-REF-131218,48,0.2391
ENT-001871,WALLET,Delhi,ENT-REF-265365,43,0.259
ENT-001872,DEVICE,Maharashtra,ENT-REF-375406,30,0.0974
ENT-001873,PHONE,Delhi,ENT-REF-559579,71,0.183
ENT-001874,ACCOUNT,Maharashtra,ENT-REF-568464,59,0.0692
ENT-001875,PHONE,Delhi,ENT-REF-203133,60,0.2142
ENT-001876,MERCHANT,Karnataka,ENT-REF-462591,76,0.027
ENT-001877,PHONE,Maharashtra,ENT-REF-385763,58,0.1202
ENT-001878,ACCOUNT,Tamil Nadu,ENT-REF-512254,14,0.1051
ENT-001879,WALLET,West Bengal,ENT-REF-443196,61,0.2898
ENT-001880,ACCOUNT,Rajasthan,ENT-REF-544398,79,0.1331
ENT-001881,PHONE,Uttar Pradesh,ENT-REF-125677,36,0.1103
ENT-001882,PHONE,Bihar,ENT-REF-637998,75,0.1202
ENT-001883,WALLET,Bihar,ENT-REF-850880,77,0.1574
ENT-001884,PHONE,Delhi,ENT-REF-528770,44,0.3453
ENT-001885,BENEFICIARY,Telangana,ENT-REF-808804,28,0.0855
ENT-001886,DEVICE,Telangana,ENT-REF-946429,25,0.0519
ENT-001887,WALLET,Rajasthan,ENT-REF-829336,78,0.1861
ENT-001888,DEVICE,West Bengal,ENT-REF-833358,9,0.1362
ENT-001889,ACCOUNT,West Bengal,ENT-REF-177785,12,0.3352
ENT-001890,ACCOUNT,Uttar Pradesh,ENT-REF-106600,61,0.2519
ENT-001891,PHONE,Telangana,ENT-REF-491725,4,0.256
ENT-001892,WALLET,Uttar Pradesh,ENT-REF-393926,15,0.0539
ENT-001893,ACCOUNT,Bihar,ENT-REF-912311,7,0.4592
ENT-001894,DEVICE,Maharashtra,ENT-REF-133027,63,0.0935
ENT-001895,PHONE,Bihar,ENT-REF-734534,33,0.1298
ENT-001896,WALLET,Telangana,ENT-REF-538918,55,0.0135
ENT-001897,BENEFICIARY,Telangana,ENT-REF-947886,37,0.4196
ENT-001898,ACCOUNT,West Bengal,ENT-REF-846886,28,0.2104
ENT-001899,ACCOUNT,Delhi,ENT-REF-666691,28,0.0707
ENT-001900,PHONE,Karnataka,ENT-REF-704546,33,0.068
ENT-001901,BENEFICIARY,Madhya Pradesh,ENT-REF-489173,30,0.0979
ENT-001902,ACCOUNT,Bihar,ENT-REF-392114,24,0.303
ENT-001903,ACCOUNT,Delhi,ENT-REF-148709,72,0.2005
ENT-001904,ACCOUNT,Bihar,ENT-REF-788813,1,0.1482
ENT-001905,ACCOUNT,Karnataka,ENT-REF-623194,18,0.1983
ENT-001906,PHONE,Karnataka,ENT-REF-213187,8,0.0813
ENT-001907,BENEFICIARY,Uttar Pradesh,ENT-REF-458076,72,0.007
ENT-001908,BENEFICIARY,West Bengal,ENT-REF-438542,58,0.0809
ENT-001909,ACCOUNT,West Bengal,ENT-REF-654032,25,0.3982
ENT-001910,WALLET,Madhya Pradesh,ENT-REF-681779,77,0.1638
ENT-001911,ACCOUNT,West Bengal,ENT-REF-819914,66,0.0437
ENT-001912,BENEFICIARY,Karnataka,ENT-REF-156699,6,0.1284
ENT-001913,MERCHANT,West Bengal,ENT-REF-535234,15,0.0146
ENT-001914,PHONE,Madhya Pradesh,ENT-REF-525742,38,0.0478
ENT-001915,BENEFICIARY,Rajasthan,ENT-REF-390677,31,0.0981
ENT-001916,DEVICE,Telangana,ENT-REF-819510,10,0.1773
ENT-001917,DEVICE,Madhya Pradesh,ENT-REF-536569,36,0.2485
ENT-001918,PHONE,Delhi,ENT-REF-241710,24,0.3444
ENT-001919,DEVICE,West Bengal,ENT-REF-640617,77,0.2072
ENT-001920,DEVICE,Uttar Pradesh,ENT-REF-190117,15,0.0415
ENT-001921,PHONE,West Bengal,ENT-REF-500177,39,0.0622
ENT-001922,ACCOUNT,Bihar,ENT-REF-110830,6,0.1244
ENT-001923,PHONE,Madhya Pradesh,ENT-REF-678659,41,0.5387
ENT-001924,ACCOUNT,Rajasthan,ENT-REF-834640,29,0.0681
ENT-001925,MERCHANT,Bihar,ENT-REF-571041,57,0.0467
ENT-001926,WALLET,Madhya Pradesh,ENT-REF-480783,38,0.0547
ENT-001927,MERCHANT,Madhya Pradesh,ENT-REF-326707,3,0.1349
ENT-001928,PHONE,Uttar Pradesh,ENT-REF-377087,63,0.1275
ENT-001929,BENEFICIARY,Maharashtra,ENT-REF-727545,42,0.1652
ENT-001930,DEVICE,Uttar Pradesh,ENT-REF-103798,10,0.0233
ENT-001931,ACCOUNT,Maharashtra,ENT-REF-867260,22,0.0771
ENT-001932,WALLET,Maharashtra,ENT-REF-624413,20,0.1617
ENT-001933,ACCOUNT,West Bengal,ENT-REF-112400,35,0.4023
ENT-001934,BENEFICIARY,Madhya Pradesh,ENT-REF-444039,13,0.07
ENT-001935,MERCHANT,Bihar,ENT-REF-264443,70,0.1612
ENT-001936,ACCOUNT,West Bengal,ENT-REF-905807,12,0.0727
ENT-001937,DEVICE,Maharashtra,ENT-REF-403836,23,0.1692
ENT-001938,MERCHANT,Uttar Pradesh,ENT-REF-992108,69,0.1501
ENT-001939,ACCOUNT,Tamil Nadu,ENT-REF-494896,47,0.2302
ENT-001940,ACCOUNT,Tamil Nadu,ENT-REF-370430,73,0.0273
ENT-001941,DEVICE,West Bengal,ENT-REF-447291,70,0.3289
ENT-001942,BENEFICIARY,Delhi,ENT-REF-716537,20,0.1841
ENT-001943,WALLET,Uttar Pradesh,ENT-REF-849668,7,0.0793
ENT-001944,ACCOUNT,Rajasthan,ENT-REF-387874,78,0.0682
ENT-001945,BENEFICIARY,West Bengal,ENT-REF-729730,1,0.1218
ENT-001946,DEVICE,Telangana,ENT-REF-673928,18,0.017
ENT-001947,ACCOUNT,Bihar,ENT-REF-176226,71,0.29
ENT-001948,WALLET,Karnataka,ENT-REF-324391,78,0.2107
ENT-001949,ACCOUNT,West Bengal,ENT-REF-975467,61,0.2289
ENT-001950,BENEFICIARY,Bihar,ENT-REF-136435,19,0.1932
ENT-001951,PHONE,Rajasthan,ENT-REF-328851,62,0.1222
ENT-001952,DEVICE,Delhi,ENT-REF-968805,64,0.1633
ENT-001953,PHONE,Delhi,ENT-REF-373993,44,0.0772
ENT-001954,PHONE,Karnataka,ENT-REF-876521,47,0.3458
ENT-001955,ACCOUNT,Karnataka,ENT-REF-892170,58,0.0718
ENT-001956,WALLET,Maharashtra,ENT-REF-777190,76,0.1589
ENT-001957,PHONE,Maharashtra,ENT-REF-288512,41,0.339
ENT-001958,MERCHANT,Tamil Nadu,ENT-REF-728177,47,0.1639
ENT-001959,ACCOUNT,Telangana,ENT-REF-112806,73,0.1655
ENT-001960,ACCOUNT,Maharashtra,ENT-REF-315787,47,0.3338
ENT-001961,ACCOUNT,Rajasthan,ENT-REF-308188,72,0.3063
ENT-001962,PHONE,Delhi,ENT-REF-807976,50,0.1889
ENT-001963,ACCOUNT,West Bengal,ENT-REF-240262,50,0.1782
ENT-001964,DEVICE,Telangana,ENT-REF-708295,4,0.2845
ENT-001965,MERCHANT,Delhi,ENT-REF-533908,28,0.1177
ENT-001966,ACCOUNT,West Bengal,ENT-REF-725496,55,0.1158
ENT-001967,PHONE,Rajasthan,ENT-REF-854987,12,0.2439
ENT-001968,BENEFICIARY,Madhya Pradesh,ENT-REF-477243,49,0.1754
ENT-001969,DEVICE,West Bengal,ENT-REF-935832,44,0.4269
ENT-001970,WALLET,Tamil Nadu,ENT-REF-154229,21,0.24
ENT-001971,DEVICE,Karnataka,ENT-REF-861644,61,0.3832
ENT-001972,PHONE,Telangana,ENT-REF-610071,79,0.0146
ENT-001973,ACCOUNT,Bihar,ENT-REF-846744,34,0.0733
ENT-001974,ACCOUNT,Karnataka,ENT-REF-276919,29,0.3863
ENT-001975,MERCHANT,Karnataka,ENT-REF-477329,69,0.1677
ENT-001976,BENEFICIARY,Madhya Pradesh,ENT-REF-698179,66,0.041
ENT-001977,ACCOUNT,West Bengal,ENT-REF-589829,20,0.0177
ENT-001978,PHONE,Uttar Pradesh,ENT-REF-574904,41,0.1929
ENT-001979,MERCHANT,Karnataka,ENT-REF-484089,24,0.1693
ENT-001980,ACCOUNT,Maharashtra,ENT-REF-178627,31,0.3721
ENT-001981,WALLET,West Bengal,ENT-REF-480075,58,0.2767
ENT-001982,ACCOUNT,Madhya Pradesh,ENT-REF-880833,60,0.2529
ENT-001983,DEVICE,Delhi,ENT-REF-115653,54,0.0957
ENT-001984,PHONE,Maharashtra,ENT-REF-913880,63,0.2219
ENT-001985,BENEFICIARY,Telangana,ENT-REF-346942,46,0.3368
ENT-001986,DEVICE,Telangana,ENT-REF-163764,5,0.1962
ENT-001987,ACCOUNT,Telangana,ENT-REF-489218,6,0.2738
ENT-001988,ACCOUNT,Rajasthan,ENT-REF-615689,21,0.4024
ENT-001989,PHONE,West Bengal,ENT-REF-643857,43,0.0949
ENT-001990,ACCOUNT,Uttar Pradesh,ENT-REF-195321,68,0.0037
ENT-001991,BENEFICIARY,Uttar Pradesh,ENT-REF-762296,14,0.3844
ENT-001992,PHONE,West Bengal,ENT-REF-242479,22,0.1466
ENT-001993,MERCHANT,Tamil Nadu,ENT-REF-906401,9,0.1131
ENT-001994,PHONE,Delhi,ENT-REF-638509,70,0.0926
ENT-001995,ACCOUNT,West Bengal,ENT-REF-999473,68,0.2068
ENT-001996,PHONE,Madhya Pradesh,ENT-REF-308638,37,0.0661
ENT-001997,WALLET,Telangana,ENT-REF-195988,34,0.1488
ENT-001998,ACCOUNT,West Bengal,ENT-REF-374097,9,0.0994
ENT-001999,PHONE,Uttar Pradesh,ENT-REF-908647,56,0.3338
ENT-002000,ACCOUNT,Madhya Pradesh,ENT-REF-896925,54,0.0288
ENT-002001,ACCOUNT,Uttar Pradesh,ENT-REF-472861,4,0.0371
ENT-002002,PHONE,Maharashtra,ENT-REF-225072,41,0.0446
ENT-002003,ACCOUNT,Madhya Pradesh,ENT-REF-186531,31,0.0856
ENT-002004,ACCOUNT,Tamil Nadu,ENT-REF-670514,50,0.0293
ENT-002005,BENEFICIARY,Madhya Pradesh,ENT-REF-776858,16,0.2204
ENT-002006,ACCOUNT,Maharashtra,ENT-REF-173603,32,0.1954
ENT-002007,ACCOUNT,Uttar Pradesh,ENT-REF-815615,21,0.0704
ENT-002008,PHONE,Uttar Pradesh,ENT-REF-431029,28,0.098
ENT-002009,ACCOUNT,Rajasthan,ENT-REF-888889,71,0.0992
ENT-002010,BENEFICIARY,Karnataka,ENT-REF-744273,59,0.281
ENT-002011,ACCOUNT,Rajasthan,ENT-REF-173732,24,0.0445
ENT-002012,BENEFICIARY,Rajasthan,ENT-REF-726920,63,0.1651
ENT-002013,BENEFICIARY,Tamil Nadu,ENT-REF-281901,54,0.1436
ENT-002014,ACCOUNT,Rajasthan,ENT-REF-484483,21,0.3398
ENT-002015,PHONE,Delhi,ENT-REF-161487,22,0.2679
ENT-002016,PHONE,Madhya Pradesh,ENT-REF-404386,5,0.0988
ENT-002017,BENEFICIARY,Madhya Pradesh,ENT-REF-143830,51,0.198
ENT-002018,ACCOUNT,Telangana,ENT-REF-243170,29,0.0834
ENT-002019,PHONE,Bihar,ENT-REF-444803,31,0.3099
ENT-002020,BENEFICIARY,Telangana,ENT-REF-678799,73,0.0039
ENT-002021,ACCOUNT,Rajasthan,ENT-REF-540128,19,0.1187
ENT-002022,WALLET,Delhi,ENT-REF-836245,6,0.4038
ENT-002023,BENEFICIARY,Telangana,ENT-REF-790624,74,0.0315
ENT-002024,BENEFICIARY,West Bengal,ENT-REF-225878,73,0.239
ENT-002025,DEVICE,Madhya Pradesh,ENT-REF-269501,64,0.1581
ENT-002026,BENEFICIARY,Uttar Pradesh,ENT-REF-870710,37,0.1219
ENT-002027,PHONE,Uttar Pradesh,ENT-REF-166130,22,0.168
ENT-002028,PHONE,Rajasthan,ENT-REF-696684,72,0.2007
ENT-002029,PHONE,Uttar Pradesh,ENT-REF-514771,55,0.0923
ENT-002030,ACCOUNT,Maharashtra,ENT-REF-529626,52,0.297
ENT-002031,ACCOUNT,Telangana,ENT-REF-120543,27,0.1424
ENT-002032,BENEFICIARY,Tamil Nadu,ENT-REF-819506,5,0.1416
ENT-002033,ACCOUNT,Rajasthan,ENT-REF-796523,25,0.3997
ENT-002034,DEVICE,Karnataka,ENT-REF-679773,4,0.0801
ENT-002035,ACCOUNT,Bihar,ENT-REF-715605,15,0.0164
ENT-002036,PHONE,Rajasthan,ENT-REF-658353,42,0.2291
ENT-002037,ACCOUNT,Rajasthan,ENT-REF-496995,23,0.0328
ENT-002038,BENEFICIARY,Delhi,ENT-REF-941442,73,0.1156
ENT-002039,ACCOUNT,Rajasthan,ENT-REF-766578,79,0.1251
ENT-002040,ACCOUNT,Karnataka,ENT-REF-979124,14,0.3937
ENT-002041,DEVICE,Karnataka,ENT-REF-842511,76,0.2315
ENT-002042,ACCOUNT,Rajasthan,ENT-REF-188540,24,0.4436
ENT-002043,ACCOUNT,Maharashtra,ENT-REF-307101,41,0.0551
ENT-002044,BENEFICIARY,Maharashtra,ENT-REF-984426,65,0.3407
ENT-002045,ACCOUNT,Bihar,ENT-REF-885563,9,0.2408
ENT-002046,MERCHANT,Madhya Pradesh,ENT-REF-285478,17,0.103
ENT-002047,PHONE,West Bengal,ENT-REF-936059,30,0.263
ENT-002048,ACCOUNT,Madhya Pradesh,ENT-REF-271471,73,0.0841
ENT-002049,ACCOUNT,Madhya Pradesh,ENT-REF-519748,70,0.1262
ENT-002050,WALLET,Karnataka,ENT-REF-378069,76,0.0203
ENT-002051,WALLET,West Bengal,ENT-REF-407795,12,0.2198
ENT-002052,WALLET,Telangana,ENT-REF-141551,57,0.1992
ENT-002053,ACCOUNT,Tamil Nadu,ENT-REF-137209,72,0.2018
ENT-002054,BENEFICIARY,Tamil Nadu,ENT-REF-706037,40,0.0976
ENT-002055,BENEFICIARY,Tamil Nadu,ENT-REF-331588,23,0.2522
ENT-002056,PHONE,Maharashtra,ENT-REF-449788,51,0.3053
ENT-002057,PHONE,Uttar Pradesh,ENT-REF-452798,18,0.0802
ENT-002058,DEVICE,Karnataka,ENT-REF-198413,62,0.3814
ENT-002059,PHONE,Maharashtra,ENT-REF-547621,12,0.1417
ENT-002060,PHONE,Karnataka,ENT-REF-857318,27,0.0126
ENT-002061,ACCOUNT,Bihar,ENT-REF-106138,46,0.3932
ENT-002062,DEVICE,Karnataka,ENT-REF-593641,78,0.0795
ENT-002063,BENEFICIARY,Madhya Pradesh,ENT-REF-313118,43,0.1205
ENT-002064,DEVICE,Bihar,ENT-REF-232219,43,0.1142
ENT-002065,ACCOUNT,Maharashtra,ENT-REF-168894,65,0.2562
ENT-002066,BENEFICIARY,Bihar,ENT-REF-396772,4,0.143
ENT-002067,PHONE,Madhya Pradesh,ENT-REF-492531,42,0.5273
ENT-002068,DEVICE,Tamil Nadu,ENT-REF-874277,24,0.34
ENT-002069,PHONE,Uttar Pradesh,ENT-REF-625769,10,0.0999
ENT-002070,ACCOUNT,Tamil Nadu,ENT-REF-979461,43,0.2067
ENT-002071,WALLET,Madhya Pradesh,ENT-REF-421114,52,0.0958
ENT-002072,PHONE,Madhya Pradesh,ENT-REF-463157,13,0.0504
ENT-002073,ACCOUNT,Karnataka,ENT-REF-712680,15,0.2498
ENT-002074,PHONE,West Bengal,ENT-REF-894292,57,0.5084
ENT-002075,ACCOUNT,Maharashtra,ENT-REF-966977,54,0.0101
ENT-002076,BENEFICIARY,Rajasthan,ENT-REF-139144,36,0.0759
ENT-002077,PHONE,West Bengal,ENT-REF-395754,68,0.1608
ENT-002078,ACCOUNT,West Bengal,ENT-REF-356907,19,0.1958
ENT-002079,BENEFICIARY,Bihar,ENT-REF-688426,27,0.4369
ENT-002080,BENEFICIARY,Delhi,ENT-REF-738880,29,0.056
ENT-002081,ACCOUNT,Telangana,ENT-REF-955847,52,0.0331
ENT-002082,PHONE,Telangana,ENT-REF-453340,43,0.1022
ENT-002083,MERCHANT,Rajasthan,ENT-REF-225330,8,0.2574
ENT-002084,PHONE,Karnataka,ENT-REF-190101,46,0.2508
ENT-002085,MERCHANT,Uttar Pradesh,ENT-REF-604639,45,0.0879
ENT-002086,WALLET,Karnataka,ENT-REF-542286,59,0.3616
ENT-002087,DEVICE,West Bengal,ENT-REF-122244,47,0.0756
ENT-002088,DEVICE,Rajasthan,ENT-REF-155397,70,0.1703
ENT-002089,DEVICE,Telangana,ENT-REF-217653,26,0.0128
ENT-002090,PHONE,Rajasthan,ENT-REF-421392,41,0.0991
ENT-002091,WALLET,Uttar Pradesh,ENT-REF-878435,55,0.0945
ENT-002092,PHONE,Delhi,ENT-REF-221036,15,0.1851
ENT-002093,PHONE,Delhi,ENT-REF-853278,60,0.1927
ENT-002094,BENEFICIARY,Karnataka,ENT-REF-787454,42,0.3227
ENT-002095,DEVICE,Delhi,ENT-REF-441613,7,0.0461
ENT-002096,PHONE,Maharashtra,ENT-REF-283722,53,0.1731
ENT-002097,MERCHANT,West Bengal,ENT-REF-325901,77,0.3667
ENT-002098,BENEFICIARY,Maharashtra,ENT-REF-642814,2,0.0609
ENT-002099,ACCOUNT,Bihar,ENT-REF-989041,33,0.1916
ENT-002100,ACCOUNT,Bihar,ENT-REF-181645,39,0.1442
ENT-002101,BENEFICIARY,Karnataka,ENT-REF-233443,67,0.0531
ENT-002102,ACCOUNT,Uttar Pradesh,ENT-REF-906047,26,0.1
ENT-002103,ACCOUNT,Maharashtra,ENT-REF-819660,77,0.0314
ENT-002104,ACCOUNT,Madhya Pradesh,ENT-REF-316055,63,0.0331
ENT-002105,BENEFICIARY,Tamil Nadu,ENT-REF-171749,60,0.0753
ENT-002106,ACCOUNT,Madhya Pradesh,ENT-REF-696248,25,0.0321
ENT-002107,BENEFICIARY,Delhi,ENT-REF-281067,25,0.1632
ENT-002108,ACCOUNT,Tamil Nadu,ENT-REF-922509,75,0.0339
ENT-002109,DEVICE,Telangana,ENT-REF-871599,5,0.3523
ENT-002110,ACCOUNT,Maharashtra,ENT-REF-901500,52,0.268
ENT-002111,WALLET,Bihar,ENT-REF-441031,48,0.3277
ENT-002112,PHONE,Maharashtra,ENT-REF-974775,70,0.0079
ENT-002113,BENEFICIARY,Karnataka,ENT-REF-669852,4,0.0926
ENT-002114,WALLET,Bihar,ENT-REF-396018,2,0.219
ENT-002115,MERCHANT,Maharashtra,ENT-REF-650574,71,0.054
ENT-002116,BENEFICIARY,Madhya Pradesh,ENT-REF-906722,60,0.0314
ENT-002117,ACCOUNT,Madhya Pradesh,ENT-REF-747115,44,0.3138
ENT-002118,ACCOUNT,Tamil Nadu,ENT-REF-902991,67,0.0423
ENT-002119,WALLET,Bihar,ENT-REF-901955,17,0.1305
ENT-002120,ACCOUNT,Delhi,ENT-REF-463619,77,0.207
ENT-002121,ACCOUNT,Rajasthan,ENT-REF-628275,28,0.1528
ENT-002122,WALLET,Rajasthan,ENT-REF-677661,57,0.0219
ENT-002123,MERCHANT,Bihar,ENT-REF-499189,60,0.3402
ENT-002124,DEVICE,Madhya Pradesh,ENT-REF-644907,23,0.2466
ENT-002125,WALLET,Bihar,ENT-REF-169730,3,0.3305
ENT-002126,PHONE,Tamil Nadu,ENT-REF-375781,49,0.2211
ENT-002127,MERCHANT,West Bengal,ENT-REF-618555,32,0.4149
ENT-002128,PHONE,Karnataka,ENT-REF-279887,35,0.008
ENT-002129,DEVICE,Tamil Nadu,ENT-REF-675870,58,0.0696
ENT-002130,WALLET,Karnataka,ENT-REF-470539,14,0.1395
ENT-002131,MERCHANT,Uttar Pradesh,ENT-REF-410593,13,0.1844
ENT-002132,ACCOUNT,Bihar,ENT-REF-865951,75,0.0338
ENT-002133,DEVICE,Uttar Pradesh,ENT-REF-481258,27,0.0506
ENT-002134,DEVICE,Uttar Pradesh,ENT-REF-957753,13,0.0337
ENT-002135,ACCOUNT,Rajasthan,ENT-REF-678338,1,0.0314
ENT-002136,DEVICE,Delhi,ENT-REF-281602,75,0.1032
ENT-002137,DEVICE,Karnataka,ENT-REF-270103,29,0.3092
ENT-002138,DEVICE,West Bengal,ENT-REF-358060,66,0.0484
ENT-002139,DEVICE,Maharashtra,ENT-REF-150518,65,0.1172
ENT-002140,MERCHANT,Maharashtra,ENT-REF-739722,63,0.1711
ENT-002141,ACCOUNT,Rajasthan,ENT-REF-914120,24,0.1942
ENT-002142,ACCOUNT,Uttar Pradesh,ENT-REF-974732,37,0.0956
ENT-002143,PHONE,Madhya Pradesh,ENT-REF-456903,77,0.1638
ENT-002144,ACCOUNT,Telangana,ENT-REF-840318,75,0.2369
ENT-002145,MERCHANT,West Bengal,ENT-REF-897101,29,0.1716
ENT-002146,WALLET,Uttar Pradesh,ENT-REF-179049,59,0.5176
ENT-002147,PHONE,Tamil Nadu,ENT-REF-627893,9,0.1833
ENT-002148,BENEFICIARY,Bihar,ENT-REF-245671,39,0.0758
ENT-002149,PHONE,Tamil Nadu,ENT-REF-551173,72,0.2516
ENT-002150,DEVICE,Telangana,ENT-REF-499069,22,0.1507
ENT-002151,PHONE,Karnataka,ENT-REF-972428,45,0.2414
ENT-002152,ACCOUNT,Telangana,ENT-REF-668351,44,0.0533
ENT-002153,ACCOUNT,West Bengal,ENT-REF-622048,20,0.1677
ENT-002154,PHONE,Delhi,ENT-REF-672011,26,0.1832
ENT-002155,BENEFICIARY,Telangana,ENT-REF-129799,8,0.0348
ENT-002156,ACCOUNT,Uttar Pradesh,ENT-REF-252009,21,0.1576
ENT-002157,ACCOUNT,Maharashtra,ENT-REF-503727,41,0.3083
ENT-002158,MERCHANT,Karnataka,ENT-REF-771332,68,0.0537
ENT-002159,ACCOUNT,West Bengal,ENT-REF-248560,11,0.0503
ENT-002160,WALLET,Rajasthan,ENT-REF-819462,18,0.049
ENT-002161,BENEFICIARY,Madhya Pradesh,ENT-REF-531626,53,0.0198
ENT-002162,ACCOUNT,Bihar,ENT-REF-149904,11,0.2953
ENT-002163,ACCOUNT,West Bengal,ENT-REF-373108,52,0.3529
ENT-002164,PHONE,Rajasthan,ENT-REF-664545,56,0.0577
ENT-002165,MERCHANT,Rajasthan,ENT-REF-401554,41,0.0827
ENT-002166,WALLET,Bihar,ENT-REF-920376,34,0.2544
ENT-002167,ACCOUNT,Delhi,ENT-REF-262464,61,0.2567
ENT-002168,ACCOUNT,Tamil Nadu,ENT-REF-153742,57,0.2399
ENT-002169,ACCOUNT,Madhya Pradesh,ENT-REF-266493,60,0.2175
ENT-002170,DEVICE,Rajasthan,ENT-REF-138673,13,0.057
ENT-002171,PHONE,Madhya Pradesh,ENT-REF-262548,38,0.0851
ENT-002172,WALLET,Rajasthan,ENT-REF-195997,57,0.3569
ENT-002173,ACCOUNT,Rajasthan,ENT-REF-909195,68,0.1608
ENT-002174,DEVICE,Madhya Pradesh,ENT-REF-453093,20,0.2402
ENT-002175,DEVICE,Delhi,ENT-REF-846372,45,0.2175
ENT-002176,WALLET,Bihar,ENT-REF-462994,67,0.2595
ENT-002177,PHONE,Telangana,ENT-REF-420624,78,0.0593
ENT-002178,PHONE,Tamil Nadu,ENT-REF-618798,23,0.0648
ENT-002179,WALLET,Telangana,ENT-REF-867543,64,0.1254
ENT-002180,ACCOUNT,Tamil Nadu,ENT-REF-819490,1,0.2578
ENT-002181,MERCHANT,Tamil Nadu,ENT-REF-537784,27,0.2015
ENT-002182,BENEFICIARY,Karnataka,ENT-REF-508206,53,0.0801
ENT-002183,BENEFICIARY,Tamil Nadu,ENT-REF-398691,28,0.1436
ENT-002184,ACCOUNT,Rajasthan,ENT-REF-867873,77,0.1947
ENT-002185,PHONE,Telangana,ENT-REF-370278,62,0.249
ENT-002186,WALLET,West Bengal,ENT-REF-452298,21,0.4309
ENT-002187,ACCOUNT,Telangana,ENT-REF-917344,25,0.0382
ENT-002188,PHONE,Telangana,ENT-REF-672999,16,0.2079
ENT-002189,DEVICE,Bihar,ENT-REF-403352,1,0.1971
ENT-002190,MERCHANT,West Bengal,ENT-REF-577923,25,0.1663
ENT-002191,DEVICE,Uttar Pradesh,ENT-REF-942699,15,0.3546
ENT-002192,MERCHANT,Uttar Pradesh,ENT-REF-459195,64,0.265
ENT-002193,ACCOUNT,Madhya Pradesh,ENT-REF-486792,18,0.1959
ENT-002194,PHONE,Bihar,ENT-REF-732827,23,0.1919
ENT-002195,ACCOUNT,Maharashtra,ENT-REF-753269,7,0.064
ENT-002196,ACCOUNT,Maharashtra,ENT-REF-883562,67,0.116
ENT-002197,WALLET,Rajasthan,ENT-REF-753482,31,0.0386
ENT-002198,ACCOUNT,Tamil Nadu,ENT-REF-924885,60,0.0433
ENT-002199,ACCOUNT,Bihar,ENT-REF-349322,57,0.1295
ENT-002200,BENEFICIARY,West Bengal,ENT-REF-518435,57,0.0265
ENT-002201,BENEFICIARY,Bihar,ENT-REF-351507,48,0.2849
ENT-002202,BENEFICIARY,Tamil Nadu,ENT-REF-850673,64,0.2314
ENT-002203,ACCOUNT,Tamil Nadu,ENT-REF-210532,52,0.4342
ENT-002204,DEVICE,Maharashtra,ENT-REF-641172,47,0.292
ENT-002205,DEVICE,Madhya Pradesh,ENT-REF-337324,16,0.3172
ENT-002206,WALLET,Rajasthan,ENT-REF-299668,26,0.0688
ENT-002207,PHONE,Tamil Nadu,ENT-REF-917901,60,0.067
ENT-002208,WALLET,Madhya Pradesh,ENT-REF-743376,34,0.0535
ENT-002209,WALLET,West Bengal,ENT-REF-388332,33,0.1535
ENT-002210,ACCOUNT,Madhya Pradesh,ENT-REF-988352,66,0.0889
ENT-002211,DEVICE,Karnataka,ENT-REF-400107,11,0.0488
ENT-002212,ACCOUNT,Rajasthan,ENT-REF-441700,5,0.3607
ENT-002213,ACCOUNT,Tamil Nadu,ENT-REF-889535,78,0.0301
ENT-002214,ACCOUNT,Bihar,ENT-REF-510039,52,0.0265
ENT-002215,WALLET,Bihar,ENT-REF-996603,37,0.1724
ENT-002216,BENEFICIARY,Bihar,ENT-REF-215248,2,0.1717
ENT-002217,MERCHANT,West Bengal,ENT-REF-500967,31,0.0471
ENT-002218,BENEFICIARY,Bihar,ENT-REF-392304,28,0.0317
ENT-002219,ACCOUNT,Madhya Pradesh,ENT-REF-988677,20,0.234
ENT-002220,ACCOUNT,Bihar,ENT-REF-596275,13,0.0881
ENT-002221,PHONE,Delhi,ENT-REF-883515,23,0.1609
ENT-002222,DEVICE,Uttar Pradesh,ENT-REF-571978,18,0.2307
ENT-002223,MERCHANT,Rajasthan,ENT-REF-304326,52,0.281
ENT-002224,MERCHANT,Telangana,ENT-REF-261008,6,0.0857
ENT-002225,WALLET,Rajasthan,ENT-REF-885872,63,0.2248
ENT-002226,ACCOUNT,West Bengal,ENT-REF-242972,25,0.4711
ENT-002227,BENEFICIARY,Karnataka,ENT-REF-324116,53,0.1436
ENT-002228,PHONE,Telangana,ENT-REF-303055,54,0.3641
ENT-002229,ACCOUNT,Delhi,ENT-REF-719027,40,0.2276
ENT-002230,ACCOUNT,Tamil Nadu,ENT-REF-520403,36,0.0441
ENT-002231,PHONE,Tamil Nadu,ENT-REF-114317,20,0.2673
ENT-002232,DEVICE,Delhi,ENT-REF-908149,44,0.0337
ENT-002233,WALLET,Delhi,ENT-REF-912675,60,0.184
ENT-002234,BENEFICIARY,Bihar,ENT-REF-302909,36,0.096
ENT-002235,PHONE,Bihar,ENT-REF-562086,29,0.0425
ENT-002236,BENEFICIARY,Telangana,ENT-REF-115527,60,0.1297
ENT-002237,PHONE,Bihar,ENT-REF-249804,13,0.3232
ENT-002238,ACCOUNT,Karnataka,ENT-REF-800719,67,0.1832
ENT-002239,BENEFICIARY,Madhya Pradesh,ENT-REF-786820,24,0.1934
ENT-002240,BENEFICIARY,Bihar,ENT-REF-713307,71,0.1095
ENT-002241,PHONE,Maharashtra,ENT-REF-398060,50,0.273
ENT-002242,BENEFICIARY,Maharashtra,ENT-REF-250999,54,0.0803
ENT-002243,BENEFICIARY,Rajasthan,ENT-REF-420516,49,0.2817
ENT-002244,ACCOUNT,Delhi,ENT-REF-141204,27,0.0244
ENT-002245,MERCHANT,Delhi,ENT-REF-243154,30,0.0213
ENT-002246,MERCHANT,Maharashtra,ENT-REF-717588,34,0.2654
ENT-002247,MERCHANT,Rajasthan,ENT-REF-390364,47,0.1535
ENT-002248,WALLET,Madhya Pradesh,ENT-REF-867385,25,0.0466
ENT-002249,PHONE,Bihar,ENT-REF-879138,74,0.0881
ENT-002250,PHONE,Uttar Pradesh,ENT-REF-896726,77,0.1838
ENT-002251,DEVICE,Maharashtra,ENT-REF-742518,14,0.1427
ENT-002252,DEVICE,Karnataka,ENT-REF-666129,17,0.3593
ENT-002253,ACCOUNT,West Bengal,ENT-REF-727187,13,0.0018
ENT-002254,DEVICE,Uttar Pradesh,ENT-REF-131996,75,0.4267
ENT-002255,PHONE,Maharashtra,ENT-REF-301121,15,0.0928
ENT-002256,BENEFICIARY,West Bengal,ENT-REF-412967,39,0.1529
ENT-002257,DEVICE,Madhya Pradesh,ENT-REF-848917,16,0.3233
ENT-002258,BENEFICIARY,Bihar,ENT-REF-441345,17,0.1679
ENT-002259,BENEFICIARY,Karnataka,ENT-REF-841578,34,0.2509
ENT-002260,DEVICE,Maharashtra,ENT-REF-155374,25,0.0165
ENT-002261,ACCOUNT,Maharashtra,ENT-REF-552749,32,0.5747
ENT-002262,DEVICE,Bihar,ENT-REF-754905,67,0.0303
ENT-002263,ACCOUNT,Rajasthan,ENT-REF-725118,15,0.0174
ENT-002264,ACCOUNT,Delhi,ENT-REF-407539,60,0.1703
ENT-002265,ACCOUNT,Madhya Pradesh,ENT-REF-621048,27,0.0862
ENT-002266,ACCOUNT,Delhi,ENT-REF-567708,53,0.2072
ENT-002267,MERCHANT,Maharashtra,ENT-REF-112387,20,0.0667
ENT-002268,BENEFICIARY,Tamil Nadu,ENT-REF-908292,30,0.0218
ENT-002269,ACCOUNT,Delhi,ENT-REF-568017,26,0.1607
ENT-002270,DEVICE,Karnataka,ENT-REF-497977,14,0.0749
ENT-002271,MERCHANT,Karnataka,ENT-REF-506549,72,0.3413
ENT-002272,BENEFICIARY,Uttar Pradesh,ENT-REF-436842,13,0.0794
ENT-002273,PHONE,Maharashtra,ENT-REF-539332,38,0.0809
ENT-002274,ACCOUNT,Bihar,ENT-REF-450086,64,0.1427
ENT-002275,ACCOUNT,Tamil Nadu,ENT-REF-540387,9,0.0247
ENT-002276,PHONE,Karnataka,ENT-REF-347462,73,0.3706
ENT-002277,PHONE,Tamil Nadu,ENT-REF-210448,32,0.1815
ENT-002278,DEVICE,Bihar,ENT-REF-846599,60,0.3248
ENT-002279,WALLET,Telangana,ENT-REF-838983,57,0.3589
ENT-002280,DEVICE,Uttar Pradesh,ENT-REF-352950,49,0.0397
ENT-002281,WALLET,Madhya Pradesh,ENT-REF-192667,77,0.3025
ENT-002282,ACCOUNT,Telangana,ENT-REF-250453,76,0.234
ENT-002283,WALLET,Bihar,ENT-REF-472916,43,0.3123
ENT-002284,PHONE,Rajasthan,ENT-REF-720969,45,0.1081
ENT-002285,WALLET,Delhi,ENT-REF-456854,46,0.4352
ENT-002286,PHONE,Delhi,ENT-REF-486866,39,0.1028
ENT-002287,ACCOUNT,Tamil Nadu,ENT-REF-707625,34,0.0898
ENT-002288,DEVICE,Delhi,ENT-REF-808203,8,0.1603
ENT-002289,PHONE,Maharashtra,ENT-REF-915116,10,0.1014
ENT-002290,MERCHANT,Telangana,ENT-REF-955478,17,0.0847
ENT-002291,ACCOUNT,Maharashtra,ENT-REF-881685,26,0.1937
ENT-002292,BENEFICIARY,Karnataka,ENT-REF-463396,36,0.3772
ENT-002293,PHONE,Uttar Pradesh,ENT-REF-843434,78,0.057
ENT-002294,ACCOUNT,Karnataka,ENT-REF-312287,29,0.5387
ENT-002295,ACCOUNT,Delhi,ENT-REF-847798,8,0.1096
ENT-002296,BENEFICIARY,Delhi,ENT-REF-378190,56,0.0306
ENT-002297,BENEFICIARY,Rajasthan,ENT-REF-894461,42,0.2604
ENT-002298,ACCOUNT,Madhya Pradesh,ENT-REF-494312,34,0.025
ENT-002299,MERCHANT,Maharashtra,ENT-REF-465818,7,0.25
ENT-002300,PHONE,Karnataka,ENT-REF-975313,58,0.193
ENT-002301,BENEFICIARY,Karnataka,ENT-REF-802828,68,0.1394
ENT-002302,ACCOUNT,Rajasthan,ENT-REF-575810,67,0.0733
ENT-002303,ACCOUNT,Tamil Nadu,ENT-REF-802849,23,0.2786
ENT-002304,PHONE,Karnataka,ENT-REF-114331,47,0.133
ENT-002305,PHONE,Bihar,ENT-REF-399880,52,0.227
ENT-002306,DEVICE,Telangana,ENT-REF-668631,43,0.051
ENT-002307,PHONE,Bihar,ENT-REF-268244,65,0.1081
ENT-002308,BENEFICIARY,Madhya Pradesh,ENT-REF-406828,41,0.1448
ENT-002309,ACCOUNT,Uttar Pradesh,ENT-REF-331074,49,0.0294
ENT-002310,PHONE,Maharashtra,ENT-REF-103677,16,0.0382
ENT-002311,ACCOUNT,Maharashtra,ENT-REF-865142,69,0.2711
ENT-002312,DEVICE,Karnataka,ENT-REF-332118,50,0.2863
ENT-002313,ACCOUNT,Delhi,ENT-REF-866832,18,0.1019
ENT-002314,DEVICE,Tamil Nadu,ENT-REF-354856,33,0.1181
ENT-002315,DEVICE,Rajasthan,ENT-REF-894678,50,0.1822
ENT-002316,ACCOUNT,Tamil Nadu,ENT-REF-197043,22,0.0515
ENT-002317,ACCOUNT,Telangana,ENT-REF-682798,20,0.2151
ENT-002318,ACCOUNT,Bihar,ENT-REF-383005,67,0.2488
ENT-002319,ACCOUNT,Telangana,ENT-REF-185439,15,0.1531
ENT-002320,WALLET,Tamil Nadu,ENT-REF-420800,50,0.0229
ENT-002321,ACCOUNT,Rajasthan,ENT-REF-433900,63,0.5478
ENT-002322,ACCOUNT,Delhi,ENT-REF-300444,26,0.0746
ENT-002323,ACCOUNT,Madhya Pradesh,ENT-REF-479418,72,0.265
ENT-002324,PHONE,Maharashtra,ENT-REF-270963,58,0.1313
ENT-002325,BENEFICIARY,West Bengal,ENT-REF-781518,33,0.0625
ENT-002326,PHONE,Madhya Pradesh,ENT-REF-789794,31,0.0572
ENT-002327,PHONE,Delhi,ENT-REF-210297,57,0.3096
ENT-002328,PHONE,Maharashtra,ENT-REF-324433,60,0.1528
ENT-002329,BENEFICIARY,Uttar Pradesh,ENT-REF-751373,49,0.2334
ENT-002330,DEVICE,West Bengal,ENT-REF-763726,76,0.1653
ENT-002331,PHONE,Rajasthan,ENT-REF-570777,13,0.374
ENT-002332,ACCOUNT,Karnataka,ENT-REF-173684,30,0.357
ENT-002333,PHONE,Delhi,ENT-REF-508289,5,0.0698
ENT-002334,ACCOUNT,Rajasthan,ENT-REF-945718,58,0.2784
ENT-002335,ACCOUNT,Maharashtra,ENT-REF-296005,67,0.0905
ENT-002336,ACCOUNT,Telangana,ENT-REF-216578,34,0.0351
ENT-002337,DEVICE,Madhya Pradesh,ENT-REF-650245,32,0.5797
ENT-002338,DEVICE,West Bengal,ENT-REF-136814,54,0.1733
ENT-002339,ACCOUNT,Karnataka,ENT-REF-616749,42,0.1798
ENT-002340,BENEFICIARY,Rajasthan,ENT-REF-710416,41,0.1593
ENT-002341,BENEFICIARY,Bihar,ENT-REF-484781,22,0.2466
ENT-002342,BENEFICIARY,Maharashtra,ENT-REF-623773,23,0.267
ENT-002343,WALLET,West Bengal,ENT-REF-950243,60,0.0176
ENT-002344,DEVICE,Telangana,ENT-REF-132382,40,0.154
ENT-002345,ACCOUNT,Telangana,ENT-REF-998330,23,0.2533
ENT-002346,BENEFICIARY,Rajasthan,ENT-REF-554003,10,0.1759
ENT-002347,PHONE,Maharashtra,ENT-REF-855050,53,0.2898
ENT-002348,PHONE,Uttar Pradesh,ENT-REF-172656,52,0.0502
ENT-002349,ACCOUNT,Delhi,ENT-REF-391739,17,0.3494
ENT-002350,WALLET,Madhya Pradesh,ENT-REF-638767,33,0.0817
ENT-002351,PHONE,Rajasthan,ENT-REF-316986,47,0.1526
ENT-002352,PHONE,Rajasthan,ENT-REF-667725,40,0.4794
ENT-002353,DEVICE,West Bengal,ENT-REF-532516,24,0.1162
ENT-002354,ACCOUNT,Bihar,ENT-REF-826469,23,0.4043
ENT-002355,DEVICE,Rajasthan,ENT-REF-716034,51,0.4242
ENT-002356,ACCOUNT,Delhi,ENT-REF-539379,79,0.1022
ENT-002357,DEVICE,Madhya Pradesh,ENT-REF-663020,22,0.3556
ENT-002358,WALLET,Uttar Pradesh,ENT-REF-368148,18,0.1664
ENT-002359,BENEFICIARY,Maharashtra,ENT-REF-374331,5,0.0151
ENT-002360,MERCHANT,Maharashtra,ENT-REF-937726,38,0.2113
ENT-002361,ACCOUNT,Maharashtra,ENT-REF-307006,57,0.421
ENT-002362,MERCHANT,Tamil Nadu,ENT-REF-966635,13,0.1022
ENT-002363,DEVICE,Karnataka,ENT-REF-270834,64,0.487
ENT-002364,DEVICE,West Bengal,ENT-REF-549918,59,0.1104
ENT-002365,ACCOUNT,Delhi,ENT-REF-596011,63,0.127
ENT-002366,ACCOUNT,Uttar Pradesh,ENT-REF-943790,42,0.3313
ENT-002367,ACCOUNT,Delhi,ENT-REF-701369,77,0.2486
ENT-002368,MERCHANT,Karnataka,ENT-REF-540698,23,0.0728
ENT-002369,ACCOUNT,Madhya Pradesh,ENT-REF-626191,50,0.0446
ENT-002370,DEVICE,Karnataka,ENT-REF-663508,33,0.1213
ENT-002371,PHONE,Madhya Pradesh,ENT-REF-296663,79,0.1221
ENT-002372,PHONE,Maharashtra,ENT-REF-849964,44,0.1979
ENT-002373,DEVICE,Maharashtra,ENT-REF-145346,77,0.3675
ENT-002374,DEVICE,West Bengal,ENT-REF-168586,52,0.109
ENT-002375,ACCOUNT,Maharashtra,ENT-REF-126055,56,0.0912
ENT-002376,ACCOUNT,Rajasthan,ENT-REF-594633,75,0.1311
ENT-002377,PHONE,Bihar,ENT-REF-895322,58,0.2883
ENT-002378,ACCOUNT,Uttar Pradesh,ENT-REF-399011,20,0.2198
ENT-002379,PHONE,Tamil Nadu,ENT-REF-545469,54,0.253
ENT-002380,ACCOUNT,West Bengal,ENT-REF-341035,72,0.2081
ENT-002381,ACCOUNT,Uttar Pradesh,ENT-REF-850023,24,0.398
ENT-002382,BENEFICIARY,Delhi,ENT-REF-801696,47,0.1334
ENT-002383,ACCOUNT,Uttar Pradesh,ENT-REF-632789,11,0.196
ENT-002384,ACCOUNT,Bihar,ENT-REF-260099,37,0.1076
ENT-002385,ACCOUNT,Uttar Pradesh,ENT-REF-208765,58,0.0686
ENT-002386,DEVICE,West Bengal,ENT-REF-160814,37,0.3182
ENT-002387,PHONE,Uttar Pradesh,ENT-REF-466869,33,0.1121
ENT-002388,ACCOUNT,Tamil Nadu,ENT-REF-109990,46,0.1602
ENT-002389,WALLET,West Bengal,ENT-REF-422209,21,0.026
ENT-002390,BENEFICIARY,Bihar,ENT-REF-977611,49,0.3695
ENT-002391,ACCOUNT,Madhya Pradesh,ENT-REF-269174,29,0.0862
ENT-002392,PHONE,Rajasthan,ENT-REF-979044,58,0.0378
ENT-002393,PHONE,Uttar Pradesh,ENT-REF-488592,47,0.0781
ENT-002394,BENEFICIARY,Tamil Nadu,ENT-REF-349205,39,0.1253
ENT-002395,ACCOUNT,West Bengal,ENT-REF-948523,6,0.0569
ENT-002396,MERCHANT,Madhya Pradesh,ENT-REF-134585,26,0.2218
ENT-002397,ACCOUNT,Maharashtra,ENT-REF-327071,36,0.167
ENT-002398,ACCOUNT,Madhya Pradesh,ENT-REF-639756,61,0.5266
ENT-002399,ACCOUNT,Delhi,ENT-REF-375909,25,0.1501
ENT-002400,PHONE,West Bengal,ENT-REF-230524,17,0.0417
ENT-002401,BENEFICIARY,Tamil Nadu,ENT-REF-690469,36,0.018
ENT-002402,ACCOUNT,Rajasthan,ENT-REF-849439,77,0.1225
ENT-002403,BENEFICIARY,Rajasthan,ENT-REF-854228,12,0.2365
ENT-002404,ACCOUNT,Uttar Pradesh,ENT-REF-177258,51,0.1646
ENT-002405,PHONE,Rajasthan,ENT-REF-107088,66,0.0221
ENT-002406,MERCHANT,Tamil Nadu,ENT-REF-374035,74,0.4219
ENT-002407,PHONE,Maharashtra,ENT-REF-271653,19,0.4278
ENT-002408,BENEFICIARY,Uttar Pradesh,ENT-REF-100654,56,0.1936
ENT-002409,ACCOUNT,Telangana,ENT-REF-188762,58,0.104
ENT-002410,ACCOUNT,Tamil Nadu,ENT-REF-746650,65,0.3504
ENT-002411,MERCHANT,Tamil Nadu,ENT-REF-318396,45,0.0262
ENT-002412,MERCHANT,Madhya Pradesh,ENT-REF-526867,46,0.0743
ENT-002413,BENEFICIARY,Delhi,ENT-REF-324778,6,0.1126
ENT-002414,DEVICE,Madhya Pradesh,ENT-REF-442320,65,0.2612
ENT-002415,PHONE,Uttar Pradesh,ENT-REF-231955,74,0.2496
ENT-002416,PHONE,Rajasthan,ENT-REF-495751,26,0.6193
ENT-002417,ACCOUNT,Madhya Pradesh,ENT-REF-883530,64,0.2072
ENT-002418,BENEFICIARY,Karnataka,ENT-REF-899441,8,0.0783
ENT-002419,BENEFICIARY,Maharashtra,ENT-REF-774311,72,0.1717
ENT-002420,ACCOUNT,Telangana,ENT-REF-398970,59,0.3728
ENT-002421,ACCOUNT,Uttar Pradesh,ENT-REF-420487,41,0.017
ENT-002422,WALLET,Rajasthan,ENT-REF-821981,57,0.3052
ENT-002423,ACCOUNT,Delhi,ENT-REF-167271,36,0.0354
ENT-002424,WALLET,Delhi,ENT-REF-400181,74,0.1005
ENT-002425,ACCOUNT,Maharashtra,ENT-REF-519804,41,0.0759
ENT-002426,DEVICE,Tamil Nadu,ENT-REF-273254,34,0.0522
ENT-002427,MERCHANT,West Bengal,ENT-REF-590138,8,0.1757
ENT-002428,BENEFICIARY,Madhya Pradesh,ENT-REF-698984,52,0.4829
ENT-002429,BENEFICIARY,West Bengal,ENT-REF-102829,6,0.1491
ENT-002430,BENEFICIARY,Telangana,ENT-REF-794868,56,0.1253
ENT-002431,WALLET,Rajasthan,ENT-REF-448660,8,0.3186
ENT-002432,PHONE,Delhi,ENT-REF-730941,48,0.3612
ENT-002433,ACCOUNT,Karnataka,ENT-REF-306767,53,0.1434
ENT-002434,PHONE,Maharashtra,ENT-REF-243394,7,0.1542
ENT-002435,BENEFICIARY,Maharashtra,ENT-REF-672745,36,0.0879
ENT-002436,DEVICE,Bihar,ENT-REF-705760,14,0.1612
ENT-002437,ACCOUNT,Delhi,ENT-REF-692014,8,0.1902
ENT-002438,ACCOUNT,Bihar,ENT-REF-960275,31,0.0749
ENT-002439,ACCOUNT,West Bengal,ENT-REF-453136,53,0.0413
ENT-002440,MERCHANT,Madhya Pradesh,ENT-REF-167698,36,0.1709
ENT-002441,ACCOUNT,Delhi,ENT-REF-185798,46,0.0155
ENT-002442,MERCHANT,Madhya Pradesh,ENT-REF-679929,79,0.1159
ENT-002443,ACCOUNT,Maharashtra,ENT-REF-609854,34,0.1163
ENT-002444,MERCHANT,Uttar Pradesh,ENT-REF-952185,52,0.3379
ENT-002445,DEVICE,Bihar,ENT-REF-519296,21,0.3085
ENT-002446,ACCOUNT,Karnataka,ENT-REF-981322,17,0.044
ENT-002447,ACCOUNT,Uttar Pradesh,ENT-REF-490807,40,0.3182
ENT-002448,BENEFICIARY,Delhi,ENT-REF-605873,63,0.0647
ENT-002449,PHONE,Telangana,ENT-REF-985677,61,0.1549
ENT-002450,PHONE,Karnataka,ENT-REF-907394,47,0.2362
ENT-002451,DEVICE,Rajasthan,ENT-REF-717513,24,0.5512
ENT-002452,BENEFICIARY,Telangana,ENT-REF-821175,29,0.0798
ENT-002453,ACCOUNT,Maharashtra,ENT-REF-106760,32,0.0777
ENT-002454,BENEFICIARY,Telangana,ENT-REF-313415,34,0.1717
ENT-002455,PHONE,Tamil Nadu,ENT-REF-898771,66,0.2652
ENT-002456,PHONE,Rajasthan,ENT-REF-236487,78,0.1237
ENT-002457,PHONE,Telangana,ENT-REF-897690,78,0.0664
ENT-002458,PHONE,Madhya Pradesh,ENT-REF-611798,3,0.0665
ENT-002459,MERCHANT,Madhya Pradesh,ENT-REF-367597,27,0.1158
ENT-002460,ACCOUNT,Tamil Nadu,ENT-REF-374442,73,0.2099
ENT-002461,DEVICE,Telangana,ENT-REF-781081,73,0.1695
ENT-002462,WALLET,Telangana,ENT-REF-793573,10,0.0565
ENT-002463,DEVICE,Maharashtra,ENT-REF-662070,1,0.0983
ENT-002464,ACCOUNT,Tamil Nadu,ENT-REF-165409,59,0.2448
ENT-002465,PHONE,Bihar,ENT-REF-899148,44,0.1163
ENT-002466,BENEFICIARY,Bihar,ENT-REF-265537,46,0.2657
ENT-002467,PHONE,Madhya Pradesh,ENT-REF-863530,2,0.6161
ENT-002468,ACCOUNT,Delhi,ENT-REF-647655,13,0.358
ENT-002469,ACCOUNT,Telangana,ENT-REF-925209,33,0.0599
ENT-002470,PHONE,Delhi,ENT-REF-643066,55,0.043
ENT-002471,BENEFICIARY,Rajasthan,ENT-REF-583146,68,0.3159
ENT-002472,BENEFICIARY,Maharashtra,ENT-REF-458520,51,0.0962
ENT-002473,ACCOUNT,Telangana,ENT-REF-321609,7,0.1783
ENT-002474,ACCOUNT,Tamil Nadu,ENT-REF-944343,38,0.0511
ENT-002475,ACCOUNT,Tamil Nadu,ENT-REF-616950,51,0.1981
ENT-002476,PHONE,West Bengal,ENT-REF-473309,20,0.0283
ENT-002477,MERCHANT,West Bengal,ENT-REF-211782,19,0.2512
ENT-002478,WALLET,Rajasthan,ENT-REF-959137,13,0.3858
ENT-002479,ACCOUNT,Karnataka,ENT-REF-526248,32,0.0441
ENT-002480,WALLET,Telangana,ENT-REF-877809,49,0.2903
ENT-002481,DEVICE,Tamil Nadu,ENT-REF-140918,48,0.1962
ENT-002482,WALLET,Maharashtra,ENT-REF-859141,16,0.1965
ENT-002483,MERCHANT,Tamil Nadu,ENT-REF-762399,53,0.261
ENT-002484,BENEFICIARY,Madhya Pradesh,ENT-REF-688863,5,0.2159
ENT-002485,BENEFICIARY,Karnataka,ENT-REF-983311,51,0.2992
ENT-002486,ACCOUNT,Madhya Pradesh,ENT-REF-313486,46,0.1047
ENT-002487,MERCHANT,Uttar Pradesh,ENT-REF-784630,9,0.1025
ENT-002488,BENEFICIARY,Bihar,ENT-REF-881598,13,0.0243
ENT-002489,ACCOUNT,Tamil Nadu,ENT-REF-138650,65,0.3126
ENT-002490,PHONE,Madhya Pradesh,ENT-REF-849444,28,0.2217
ENT-002491,PHONE,Tamil Nadu,ENT-REF-614232,6,0.2436
ENT-002492,MERCHANT,Telangana,ENT-REF-302686,33,0.3702
ENT-002493,ACCOUNT,Delhi,ENT-REF-869149,66,0.111
ENT-002494,PHONE,Rajasthan,ENT-REF-270823,57,0.2146
ENT-002495,BENEFICIARY,Bihar,ENT-REF-131177,41,0.0852
ENT-002496,PHONE,West Bengal,ENT-REF-462965,74,0.1468
ENT-002497,BENEFICIARY,Delhi,ENT-REF-616282,31,0.2283
ENT-002498,BENEFICIARY,Uttar Pradesh,ENT-REF-385447,35,0.0968
ENT-002499,ACCOUNT,Uttar Pradesh,ENT-REF-449693,51,0.2392
ENT-002500,DEVICE,Uttar Pradesh,ENT-REF-933885,68,0.1649
ENT-002501,ACCOUNT,Rajasthan,ENT-REF-398704,12,0.0309
ENT-002502,DEVICE,Delhi,ENT-REF-281487,31,0.0852
ENT-002503,DEVICE,Rajasthan,ENT-REF-287205,73,0.2069
ENT-002504,MERCHANT,Telangana,ENT-REF-897995,22,0.358
ENT-002505,PHONE,Madhya Pradesh,ENT-REF-247550,4,0.1079
ENT-002506,MERCHANT,Tamil Nadu,ENT-REF-753008,10,0.1159
ENT-002507,MERCHANT,Maharashtra,ENT-REF-405495,69,0.097
ENT-002508,ACCOUNT,Uttar Pradesh,ENT-REF-859190,74,0.2147
ENT-002509,MERCHANT,Telangana,ENT-REF-474595,2,0.1119
ENT-002510,DEVICE,Delhi,ENT-REF-930539,2,0.1696
ENT-002511,BENEFICIARY,Rajasthan,ENT-REF-141357,9,0.1782
ENT-002512,PHONE,Madhya Pradesh,ENT-REF-521280,61,0.4313
ENT-002513,BENEFICIARY,Bihar,ENT-REF-732393,73,0.2932
ENT-002514,ACCOUNT,Karnataka,ENT-REF-552599,76,0.1113
ENT-002515,BENEFICIARY,Maharashtra,ENT-REF-276943,51,0.1608
ENT-002516,BENEFICIARY,Rajasthan,ENT-REF-856930,53,0.2088
ENT-002517,PHONE,West Bengal,ENT-REF-229691,48,0.2106
ENT-002518,WALLET,Delhi,ENT-REF-514453,42,0.5039
ENT-002519,ACCOUNT,Madhya Pradesh,ENT-REF-414081,27,0.0797
ENT-002520,PHONE,Rajasthan,ENT-REF-889377,57,0.1327
ENT-002521,ACCOUNT,Madhya Pradesh,ENT-REF-333222,44,0.2842
ENT-002522,ACCOUNT,Maharashtra,ENT-REF-998232,22,0.1645
ENT-002523,ACCOUNT,Karnataka,ENT-REF-866977,62,0.0103
ENT-002524,PHONE,Maharashtra,ENT-REF-987281,68,0.2147
ENT-002525,PHONE,Bihar,ENT-REF-316363,12,0.11
ENT-002526,BENEFICIARY,Maharashtra,ENT-REF-849723,7,0.0991
ENT-002527,ACCOUNT,Karnataka,ENT-REF-619676,43,0.0545
ENT-002528,DEVICE,West Bengal,ENT-REF-123528,19,0.0217
ENT-002529,BENEFICIARY,West Bengal,ENT-REF-539617,70,0.0821
ENT-002530,MERCHANT,Telangana,ENT-REF-548659,40,0.0737
ENT-002531,PHONE,West Bengal,ENT-REF-623807,67,0.1746
ENT-002532,DEVICE,Rajasthan,ENT-REF-765066,52,0.2643
ENT-002533,ACCOUNT,Bihar,ENT-REF-691519,57,0.1386
ENT-002534,PHONE,Karnataka,ENT-REF-868897,78,0.2005
ENT-002535,ACCOUNT,Tamil Nadu,ENT-REF-605394,48,0.034
ENT-002536,MERCHANT,Madhya Pradesh,ENT-REF-270726,70,0.1817
ENT-002537,MERCHANT,Telangana,ENT-REF-785795,14,0.1571
ENT-002538,MERCHANT,Delhi,ENT-REF-521131,23,0.0014
ENT-002539,MERCHANT,Maharashtra,ENT-REF-519604,65,0.2429
ENT-002540,PHONE,Madhya Pradesh,ENT-REF-874474,51,0.112
ENT-002541,DEVICE,Madhya Pradesh,ENT-REF-509501,21,0.1319
ENT-002542,WALLET,Tamil Nadu,ENT-REF-251713,12,0.3375
ENT-002543,ACCOUNT,Uttar Pradesh,ENT-REF-918782,68,0.3217
ENT-002544,MERCHANT,Maharashtra,ENT-REF-335833,32,0.0851
ENT-002545,ACCOUNT,West Bengal,ENT-REF-699048,77,0.3426
ENT-002546,DEVICE,Telangana,ENT-REF-182590,29,0.1178
ENT-002547,ACCOUNT,Madhya Pradesh,ENT-REF-448943,64,0.0941
ENT-002548,BENEFICIARY,Maharashtra,ENT-REF-819530,7,0.3929
ENT-002549,DEVICE,Madhya Pradesh,ENT-REF-738299,14,0.264
ENT-002550,ACCOUNT,Delhi,ENT-REF-193219,33,0.0573
ENT-002551,ACCOUNT,West Bengal,ENT-REF-367823,50,0.3327
ENT-002552,BENEFICIARY,Uttar Pradesh,ENT-REF-392001,76,0.106
ENT-002553,MERCHANT,Bihar,ENT-REF-288644,12,0.1118
ENT-002554,ACCOUNT,Telangana,ENT-REF-387435,43,0.1109
ENT-002555,ACCOUNT,Uttar Pradesh,ENT-REF-371680,57,0.0927
ENT-002556,PHONE,Bihar,ENT-REF-874751,4,0.0184
ENT-002557,BENEFICIARY,Delhi,ENT-REF-519158,6,0.0424
ENT-002558,BENEFICIARY,Karnataka,ENT-REF-187359,2,0.1972
ENT-002559,PHONE,Rajasthan,ENT-REF-199578,65,0.1963
ENT-002560,ACCOUNT,West Bengal,ENT-REF-238834,77,0.2456
ENT-002561,PHONE,Uttar Pradesh,ENT-REF-151888,63,0.1971
ENT-002562,MERCHANT,Telangana,ENT-REF-824309,17,0.1837
ENT-002563,BENEFICIARY,Tamil Nadu,ENT-REF-347608,64,0.2517
ENT-002564,ACCOUNT,West Bengal,ENT-REF-109069,6,0.2393
ENT-002565,ACCOUNT,Uttar Pradesh,ENT-REF-739220,5,0.2374
ENT-002566,WALLET,Karnataka,ENT-REF-178849,21,0.0542
ENT-002567,PHONE,Bihar,ENT-REF-504320,12,0.3088
ENT-002568,ACCOUNT,West Bengal,ENT-REF-283270,60,0.0349
ENT-002569,WALLET,Delhi,ENT-REF-957062,51,0.0365
ENT-002570,BENEFICIARY,Tamil Nadu,ENT-REF-472532,52,0.1203
ENT-002571,DEVICE,Delhi,ENT-REF-121004,57,0.3965
ENT-002572,MERCHANT,Maharashtra,ENT-REF-436727,68,0.0373
ENT-002573,PHONE,Madhya Pradesh,ENT-REF-744676,12,0.274
ENT-002574,BENEFICIARY,Karnataka,ENT-REF-357580,19,0.0594
ENT-002575,MERCHANT,Madhya Pradesh,ENT-REF-537886,73,0.211
ENT-002576,ACCOUNT,Karnataka,ENT-REF-412211,7,0.0497
ENT-002577,PHONE,Telangana,ENT-REF-958786,17,0.2897
ENT-002578,DEVICE,Bihar,ENT-REF-548840,1,0.1454
ENT-002579,ACCOUNT,Bihar,ENT-REF-278179,3,0.3216
ENT-002580,BENEFICIARY,West Bengal,ENT-REF-855450,51,0.129
ENT-002581,PHONE,Tamil Nadu,ENT-REF-482920,24,0.4457
ENT-002582,BENEFICIARY,West Bengal,ENT-REF-162705,14,0.1659
ENT-002583,PHONE,Uttar Pradesh,ENT-REF-678880,22,0.0397
ENT-002584,ACCOUNT,Karnataka,ENT-REF-113772,25,0.1432
ENT-002585,PHONE,Tamil Nadu,ENT-REF-219885,15,0.4252
ENT-002586,ACCOUNT,Delhi,ENT-REF-764699,6,0.0883
ENT-002587,MERCHANT,Bihar,ENT-REF-612132,40,0.2701
ENT-002588,BENEFICIARY,Bihar,ENT-REF-282101,36,0.2463
ENT-002589,ACCOUNT,Madhya Pradesh,ENT-REF-497088,41,0.1481
ENT-002590,BENEFICIARY,Rajasthan,ENT-REF-590265,22,0.1393
ENT-002591,DEVICE,Madhya Pradesh,ENT-REF-378925,1,0.1109
ENT-002592,DEVICE,Rajasthan,ENT-REF-624919,13,0.2731
ENT-002593,ACCOUNT,Uttar Pradesh,ENT-REF-589486,19,0.1929
ENT-002594,MERCHANT,Madhya Pradesh,ENT-REF-512091,30,0.0337
ENT-002595,ACCOUNT,Bihar,ENT-REF-151920,47,0.2073
ENT-002596,PHONE,Delhi,ENT-REF-293767,11,0.4446
ENT-002597,DEVICE,West Bengal,ENT-REF-702473,45,0.2111
ENT-002598,BENEFICIARY,Madhya Pradesh,ENT-REF-181598,8,0.2992
ENT-002599,MERCHANT,Tamil Nadu,ENT-REF-943411,27,0.0813
ENT-002600,BENEFICIARY,Rajasthan,ENT-REF-532285,16,0.2214
ENT-002601,ACCOUNT,Bihar,ENT-REF-935921,65,0.0713
ENT-002602,WALLET,Maharashtra,ENT-REF-728314,68,0.2001
ENT-002603,BENEFICIARY,Rajasthan,ENT-REF-141171,64,0.0285
ENT-002604,BENEFICIARY,Karnataka,ENT-REF-247512,44,0.5718
ENT-002605,MERCHANT,Rajasthan,ENT-REF-946636,56,0.0751
ENT-002606,ACCOUNT,Bihar,ENT-REF-862025,67,0.1629
ENT-002607,ACCOUNT,West Bengal,ENT-REF-274924,52,0.4351
ENT-002608,WALLET,Madhya Pradesh,ENT-REF-113525,42,0.2476
ENT-002609,MERCHANT,Delhi,ENT-REF-785258,76,0.335
ENT-002610,ACCOUNT,West Bengal,ENT-REF-336055,72,0.2455
ENT-002611,DEVICE,West Bengal,ENT-REF-547952,30,0.0048
ENT-002612,PHONE,Uttar Pradesh,ENT-REF-799333,74,0.3161
ENT-002613,ACCOUNT,Tamil Nadu,ENT-REF-722220,5,0.1627
ENT-002614,ACCOUNT,Karnataka,ENT-REF-476777,67,0.0818
ENT-002615,BENEFICIARY,Madhya Pradesh,ENT-REF-869969,34,0.2446
ENT-002616,BENEFICIARY,Telangana,ENT-REF-661267,23,0.1747
ENT-002617,ACCOUNT,Telangana,ENT-REF-915334,45,0.1594
ENT-002618,PHONE,Karnataka,ENT-REF-895429,59,0.1698
ENT-002619,BENEFICIARY,Tamil Nadu,ENT-REF-963417,35,0.0498
ENT-002620,PHONE,Uttar Pradesh,ENT-REF-281508,12,0.0238
ENT-002621,WALLET,Telangana,ENT-REF-552684,21,0.1683
ENT-002622,ACCOUNT,Tamil Nadu,ENT-REF-561974,65,0.1147
ENT-002623,MERCHANT,Maharashtra,ENT-REF-887982,50,0.2847
ENT-002624,WALLET,Bihar,ENT-REF-382644,24,0.3652
ENT-002625,PHONE,Bihar,ENT-REF-141336,30,0.071
ENT-002626,BENEFICIARY,Karnataka,ENT-REF-415176,23,0.2192
ENT-002627,BENEFICIARY,Delhi,ENT-REF-192510,78,0.0868
ENT-002628,BENEFICIARY,Bihar,ENT-REF-272932,35,0.2175
ENT-002629,PHONE,West Bengal,ENT-REF-368664,79,0.4034
ENT-002630,ACCOUNT,Rajasthan,ENT-REF-969030,28,0.1236
ENT-002631,ACCOUNT,Tamil Nadu,ENT-REF-630211,73,0.1043
ENT-002632,ACCOUNT,Tamil Nadu,ENT-REF-357543,6,0.1742
ENT-002633,BENEFICIARY,Madhya Pradesh,ENT-REF-981728,39,0.3724
ENT-002634,WALLET,Rajasthan,ENT-REF-986631,43,0.0707
ENT-002635,ACCOUNT,Karnataka,ENT-REF-292930,34,0.1472
ENT-002636,ACCOUNT,Rajasthan,ENT-REF-332539,12,0.0807
ENT-002637,DEVICE,Telangana,ENT-REF-578939,31,0.089
ENT-002638,WALLET,Madhya Pradesh,ENT-REF-906586,43,0.2659
ENT-002639,WALLET,Maharashtra,ENT-REF-989482,48,0.4174
ENT-002640,BENEFICIARY,Bihar,ENT-REF-341150,26,0.0891
ENT-002641,PHONE,West Bengal,ENT-REF-947983,48,0.2376
ENT-002642,ACCOUNT,Bihar,ENT-REF-640625,5,0.0413
ENT-002643,ACCOUNT,Telangana,ENT-REF-412499,70,0.0811
ENT-002644,BENEFICIARY,Telangana,ENT-REF-688403,75,0.14
ENT-002645,ACCOUNT,Madhya Pradesh,ENT-REF-887038,58,0.0601
ENT-002646,MERCHANT,Tamil Nadu,ENT-REF-981463,35,0.3005
ENT-002647,ACCOUNT,Bihar,ENT-REF-123367,52,0.0765
ENT-002648,ACCOUNT,Tamil Nadu,ENT-REF-965780,44,0.1371
ENT-002649,BENEFICIARY,Delhi,ENT-REF-108819,11,0.1447
ENT-002650,ACCOUNT,Uttar Pradesh,ENT-REF-922070,73,0.0482
ENT-002651,BENEFICIARY,Delhi,ENT-REF-783885,10,0.1463
ENT-002652,WALLET,Rajasthan,ENT-REF-443225,68,0.1871
ENT-002653,PHONE,Delhi,ENT-REF-334891,31,0.214
ENT-002654,MERCHANT,Karnataka,ENT-REF-205143,67,0.4025
ENT-002655,BENEFICIARY,Karnataka,ENT-REF-849642,43,0.0768
ENT-002656,WALLET,Tamil Nadu,ENT-REF-525573,32,0.2687
ENT-002657,MERCHANT,Bihar,ENT-REF-134881,67,0.1406
ENT-002658,PHONE,Tamil Nadu,ENT-REF-913638,73,0.1708
ENT-002659,WALLET,Telangana,ENT-REF-731908,10,0.1333
ENT-002660,ACCOUNT,Karnataka,ENT-REF-826021,56,0.0842
ENT-002661,WALLET,Bihar,ENT-REF-740356,64,0.2726
ENT-002662,ACCOUNT,Bihar,ENT-REF-845846,48,0.2801
ENT-002663,ACCOUNT,Delhi,ENT-REF-263711,1,0.417
ENT-002664,WALLET,Madhya Pradesh,ENT-REF-525255,71,0.0309
ENT-002665,ACCOUNT,Madhya Pradesh,ENT-REF-154358,71,0.1427
ENT-002666,PHONE,Uttar Pradesh,ENT-REF-337424,65,0.0972
ENT-002667,MERCHANT,Rajasthan,ENT-REF-945213,67,0.1831
ENT-002668,PHONE,Delhi,ENT-REF-471158,21,0.1933
ENT-002669,PHONE,Madhya Pradesh,ENT-REF-120890,55,0.2031
ENT-002670,ACCOUNT,Uttar Pradesh,ENT-REF-839336,12,0.1826
ENT-002671,ACCOUNT,Maharashtra,ENT-REF-473992,3,0.4846
ENT-002672,BENEFICIARY,Karnataka,ENT-REF-709081,34,0.3734
ENT-002673,MERCHANT,Telangana,ENT-REF-601212,55,0.3214
ENT-002674,BENEFICIARY,Maharashtra,ENT-REF-933555,57,0.1315
ENT-002675,ACCOUNT,Rajasthan,ENT-REF-709756,72,0.03
ENT-002676,PHONE,Maharashtra,ENT-REF-806339,78,0.3316
ENT-002677,BENEFICIARY,Madhya Pradesh,ENT-REF-422179,42,0.2336
ENT-002678,ACCOUNT,Tamil Nadu,ENT-REF-939790,22,0.3763
ENT-002679,ACCOUNT,Uttar Pradesh,ENT-REF-916289,48,0.0639
ENT-002680,ACCOUNT,Maharashtra,ENT-REF-490155,60,0.1898
ENT-002681,ACCOUNT,Rajasthan,ENT-REF-948404,59,0.0265
ENT-002682,ACCOUNT,West Bengal,ENT-REF-174282,32,0.0353
ENT-002683,ACCOUNT,West Bengal,ENT-REF-273831,43,0.0927
ENT-002684,BENEFICIARY,Bihar,ENT-REF-296376,24,0.5184
ENT-002685,DEVICE,Bihar,ENT-REF-273526,73,0.2025
ENT-002686,PHONE,Delhi,ENT-REF-749282,40,0.1603
ENT-002687,ACCOUNT,Uttar Pradesh,ENT-REF-694667,43,0.1214
ENT-002688,PHONE,Telangana,ENT-REF-933236,25,0.1982
ENT-002689,ACCOUNT,Madhya Pradesh,ENT-REF-178520,50,0.3399
ENT-002690,WALLET,Karnataka,ENT-REF-246602,52,0.1608
ENT-002691,ACCOUNT,Maharashtra,ENT-REF-940623,22,0.096
ENT-002692,DEVICE,Karnataka,ENT-REF-488697,25,0.0276
ENT-002693,BENEFICIARY,Karnataka,ENT-REF-203922,70,0.3494
ENT-002694,PHONE,Karnataka,ENT-REF-671988,22,0.0289
ENT-002695,MERCHANT,Telangana,ENT-REF-564099,39,0.0848
ENT-002696,BENEFICIARY,Maharashtra,ENT-REF-571394,24,0.2526
ENT-002697,MERCHANT,Telangana,ENT-REF-883535,44,0.1113
ENT-002698,ACCOUNT,Telangana,ENT-REF-310538,22,0.0628
ENT-002699,PHONE,Telangana,ENT-REF-285708,43,0.1841
ENT-002700,BENEFICIARY,Tamil Nadu,ENT-REF-691599,50,0.2067
ENT-002701,PHONE,Maharashtra,ENT-REF-996084,6,0.0207
ENT-002702,WALLET,Karnataka,ENT-REF-735984,5,0.064
ENT-002703,BENEFICIARY,Maharashtra,ENT-REF-746938,45,0.2764
ENT-002704,DEVICE,Maharashtra,ENT-REF-110039,9,0.3828
ENT-002705,ACCOUNT,West Bengal,ENT-REF-339673,42,0.661
ENT-002706,ACCOUNT,Karnataka,ENT-REF-972932,11,0.1931
ENT-002707,BENEFICIARY,Tamil Nadu,ENT-REF-459854,19,0.1316
ENT-002708,WALLET,Uttar Pradesh,ENT-REF-378379,32,0.0192
ENT-002709,ACCOUNT,West Bengal,ENT-REF-838936,15,0.0321
ENT-002710,DEVICE,Uttar Pradesh,ENT-REF-957894,62,0.2035
ENT-002711,MERCHANT,Tamil Nadu,ENT-REF-188030,36,0.513
ENT-002712,ACCOUNT,Madhya Pradesh,ENT-REF-940408,7,0.4556
ENT-002713,WALLET,Tamil Nadu,ENT-REF-250916,51,0.1453
ENT-002714,WALLET,Delhi,ENT-REF-633362,21,0.034
ENT-002715,WALLET,Karnataka,ENT-REF-198024,56,0.0973
ENT-002716,PHONE,Rajasthan,ENT-REF-987215,58,0.3445
ENT-002717,MERCHANT,Rajasthan,ENT-REF-141056,11,0.0369
ENT-002718,DEVICE,Rajasthan,ENT-REF-874072,76,0.0563
ENT-002719,DEVICE,Uttar Pradesh,ENT-REF-164861,3,0.0644
ENT-002720,DEVICE,Madhya Pradesh,ENT-REF-972409,20,0.2319
ENT-002721,WALLET,Uttar Pradesh,ENT-REF-864197,65,0.2008
ENT-002722,ACCOUNT,Madhya Pradesh,ENT-REF-544286,28,0.1181
ENT-002723,PHONE,Tamil Nadu,ENT-REF-357037,47,0.1206
ENT-002724,BENEFICIARY,Telangana,ENT-REF-464316,42,0.0537
ENT-002725,ACCOUNT,Tamil Nadu,ENT-REF-233183,35,0.1458
ENT-002726,ACCOUNT,Telangana,ENT-REF-417190,52,0.1749
ENT-002727,BENEFICIARY,Telangana,ENT-REF-469404,58,0.0626
ENT-002728,ACCOUNT,West Bengal,ENT-REF-353529,25,0.0681
ENT-002729,DEVICE,Maharashtra,ENT-REF-981692,67,0.0871
ENT-002730,PHONE,Madhya Pradesh,ENT-REF-337093,46,0.0838
ENT-002731,PHONE,Bihar,ENT-REF-357746,60,0.151
ENT-002732,ACCOUNT,Bihar,ENT-REF-828732,64,0.125
ENT-002733,ACCOUNT,Karnataka,ENT-REF-214534,68,0.3738
ENT-002734,ACCOUNT,Tamil Nadu,ENT-REF-610947,10,0.2908
ENT-002735,ACCOUNT,Tamil Nadu,ENT-REF-947109,59,0.1789
ENT-002736,WALLET,Karnataka,ENT-REF-526257,37,0.0443
ENT-002737,ACCOUNT,Tamil Nadu,ENT-REF-684352,61,0.0187
ENT-002738,MERCHANT,Telangana,ENT-REF-480480,70,0.2079
ENT-002739,PHONE,Uttar Pradesh,ENT-REF-369658,7,0.205
ENT-002740,ACCOUNT,West Bengal,ENT-REF-456564,7,0.243
ENT-002741,BENEFICIARY,Madhya Pradesh,ENT-REF-831457,7,0.2636
ENT-002742,BENEFICIARY,Rajasthan,ENT-REF-536032,7,0.2036
ENT-002743,DEVICE,Bihar,ENT-REF-135721,62,0.0432
ENT-002744,PHONE,Bihar,ENT-REF-801006,43,0.004
ENT-002745,BENEFICIARY,Telangana,ENT-REF-711678,57,0.1073
ENT-002746,PHONE,Telangana,ENT-REF-845851,49,0.2724
ENT-002747,MERCHANT,Bihar,ENT-REF-118310,60,0.2192
ENT-002748,DEVICE,West Bengal,ENT-REF-433818,32,0.0064
ENT-002749,BENEFICIARY,West Bengal,ENT-REF-226191,8,0.1025
ENT-002750,PHONE,Telangana,ENT-REF-678163,62,0.1374
ENT-002751,DEVICE,Delhi,ENT-REF-159445,62,0.3038
ENT-002752,ACCOUNT,Delhi,ENT-REF-679995,71,0.2098
ENT-002753,ACCOUNT,Maharashtra,ENT-REF-652217,35,0.4155
ENT-002754,MERCHANT,Maharashtra,ENT-REF-556577,76,0.321
ENT-002755,MERCHANT,Madhya Pradesh,ENT-REF-148489,28,0.0484
ENT-002756,ACCOUNT,Rajasthan,ENT-REF-479161,28,0.4383
ENT-002757,DEVICE,Delhi,ENT-REF-169207,45,0.3708
ENT-002758,WALLET,Rajasthan,ENT-REF-394401,18,0.1524
ENT-002759,DEVICE,Tamil Nadu,ENT-REF-477191,37,0.0641
ENT-002760,ACCOUNT,Telangana,ENT-REF-603284,34,0.0287
ENT-002761,PHONE,Telangana,ENT-REF-713642,49,0.1742
ENT-002762,WALLET,Tamil Nadu,ENT-REF-231786,68,0.1626
ENT-002763,ACCOUNT,Maharashtra,ENT-REF-115791,35,0.2312
ENT-002764,MERCHANT,Rajasthan,ENT-REF-758315,17,0.0086
ENT-002765,ACCOUNT,Delhi,ENT-REF-724665,73,0.1031
ENT-002766,MERCHANT,Rajasthan,ENT-REF-320135,43,0.059
ENT-002767,ACCOUNT,Bihar,ENT-REF-165267,72,0.0387
ENT-002768,WALLET,Tamil Nadu,ENT-REF-365045,22,0.0692
ENT-002769,PHONE,Delhi,ENT-REF-650114,51,0.1545
ENT-002770,DEVICE,Karnataka,ENT-REF-712638,41,0.2584
ENT-002771,PHONE,Maharashtra,ENT-REF-975765,15,0.429
ENT-002772,PHONE,Madhya Pradesh,ENT-REF-580954,38,0.2925
ENT-002773,BENEFICIARY,Tamil Nadu,ENT-REF-115927,25,0.27
ENT-002774,PHONE,Rajasthan,ENT-REF-946668,58,0.47
ENT-002775,MERCHANT,Bihar,ENT-REF-614342,18,0.1308
ENT-002776,MERCHANT,Madhya Pradesh,ENT-REF-867052,14,0.0801
ENT-002777,WALLET,Maharashtra,ENT-REF-831771,37,0.329
ENT-002778,PHONE,Rajasthan,ENT-REF-844818,44,0.2703
ENT-002779,DEVICE,Uttar Pradesh,ENT-REF-200568,5,0.1429
ENT-002780,PHONE,Maharashtra,ENT-REF-425725,56,0.058
ENT-002781,ACCOUNT,Madhya Pradesh,ENT-REF-872238,60,0.0406
ENT-002782,PHONE,Telangana,ENT-REF-676146,11,0.5385
ENT-002783,ACCOUNT,West Bengal,ENT-REF-712736,4,0.2384
ENT-002784,BENEFICIARY,Maharashtra,ENT-REF-847477,49,0.0384
ENT-002785,PHONE,West Bengal,ENT-REF-179466,73,0.0847
ENT-002786,BENEFICIARY,Maharashtra,ENT-REF-845683,35,0.2079
ENT-002787,DEVICE,Uttar Pradesh,ENT-REF-270121,16,0.0919
ENT-002788,DEVICE,Karnataka,ENT-REF-830707,44,0.353
ENT-002789,BENEFICIARY,Telangana,ENT-REF-187797,41,0.306
ENT-002790,ACCOUNT,Maharashtra,ENT-REF-820855,48,0.1917
ENT-002791,WALLET,Bihar,ENT-REF-412929,60,0.1953
ENT-002792,WALLET,Madhya Pradesh,ENT-REF-465810,78,0.074
ENT-002793,ACCOUNT,Uttar Pradesh,ENT-REF-839340,10,0.0937
ENT-002794,ACCOUNT,Madhya Pradesh,ENT-REF-106791,52,0.093
ENT-002795,PHONE,Karnataka,ENT-REF-346885,4,0.3295
ENT-002796,PHONE,Maharashtra,ENT-REF-725267,14,0.2439
ENT-002797,PHONE,Uttar Pradesh,ENT-REF-816064,17,0.1313
ENT-002798,DEVICE,Delhi,ENT-REF-644428,14,0.3479
ENT-002799,BENEFICIARY,Maharashtra,ENT-REF-471622,58,0.0085
ENT-002800,MERCHANT,Karnataka,ENT-REF-173335,50,0.3605
ENT-002801,BENEFICIARY,Karnataka,ENT-REF-392210,42,0.3198
ENT-002802,WALLET,Karnataka,ENT-REF-742937,11,0.2106
ENT-002803,BENEFICIARY,Karnataka,ENT-REF-234501,3,0.0328
ENT-002804,MERCHANT,Uttar Pradesh,ENT-REF-960453,13,0.1115
ENT-002805,ACCOUNT,West Bengal,ENT-REF-821099,51,0.0302
ENT-002806,DEVICE,Maharashtra,ENT-REF-793452,70,0.0863
ENT-002807,DEVICE,Maharashtra,ENT-REF-376525,46,0.0358
ENT-002808,WALLET,Bihar,ENT-REF-950236,13,0.3615
ENT-002809,MERCHANT,Rajasthan,ENT-REF-682617,4,0.2477
ENT-002810,ACCOUNT,Bihar,ENT-REF-255995,44,0.127
ENT-002811,BENEFICIARY,Madhya Pradesh,ENT-REF-192133,8,0.0736
ENT-002812,PHONE,Madhya Pradesh,ENT-REF-571481,6,0.2129
ENT-002813,DEVICE,Delhi,ENT-REF-446000,57,0.2953
ENT-002814,WALLET,Tamil Nadu,ENT-REF-337716,69,0.1426
ENT-002815,PHONE,Maharashtra,ENT-REF-421198,28,0.2389
ENT-002816,ACCOUNT,Karnataka,ENT-REF-905108,41,0.2016
ENT-002817,BENEFICIARY,West Bengal,ENT-REF-667496,26,0.2202
ENT-002818,PHONE,Uttar Pradesh,ENT-REF-671480,70,0.1777
ENT-002819,WALLET,Madhya Pradesh,ENT-REF-650246,50,0.0962
ENT-002820,DEVICE,Karnataka,ENT-REF-150957,4,0.2059
ENT-002821,DEVICE,Tamil Nadu,ENT-REF-990791,42,0.5364
ENT-002822,MERCHANT,Telangana,ENT-REF-838334,11,0.3112
ENT-002823,ACCOUNT,Telangana,ENT-REF-126878,9,0.2084
ENT-002824,DEVICE,Madhya Pradesh,ENT-REF-273885,1,0.1047
ENT-002825,WALLET,Telangana,ENT-REF-123526,79,0.0283
ENT-002826,ACCOUNT,Uttar Pradesh,ENT-REF-903056,69,0.0818
ENT-002827,ACCOUNT,Madhya Pradesh,ENT-REF-954455,56,0.3155
ENT-002828,BENEFICIARY,Karnataka,ENT-REF-214959,75,0.1336
ENT-002829,ACCOUNT,Madhya Pradesh,ENT-REF-702905,6,0.1005
ENT-002830,PHONE,Maharashtra,ENT-REF-806857,77,0.2426
ENT-002831,BENEFICIARY,West Bengal,ENT-REF-613657,36,0.1438
ENT-002832,WALLET,Uttar Pradesh,ENT-REF-688442,26,0.4353
ENT-002833,ACCOUNT,Maharashtra,ENT-REF-586571,55,0.2818
ENT-002834,PHONE,Bihar,ENT-REF-412130,44,0.0739
ENT-002835,PHONE,Rajasthan,ENT-REF-446088,1,0.0502
ENT-002836,ACCOUNT,Maharashtra,ENT-REF-561935,6,0.1028
ENT-002837,ACCOUNT,Tamil Nadu,ENT-REF-925421,49,0.1213
ENT-002838,ACCOUNT,Karnataka,ENT-REF-192246,59,0.1416
ENT-002839,ACCOUNT,Bihar,ENT-REF-959042,55,0.2736
ENT-002840,WALLET,Delhi,ENT-REF-122628,12,0.0335
ENT-002841,BENEFICIARY,West Bengal,ENT-REF-954428,13,0.2353
ENT-002842,PHONE,Maharashtra,ENT-REF-451433,15,0.1401
ENT-002843,ACCOUNT,Telangana,ENT-REF-645148,32,0.0954
ENT-002844,DEVICE,Rajasthan,ENT-REF-412577,65,0.1352
ENT-002845,DEVICE,Delhi,ENT-REF-341170,22,0.0338
ENT-002846,BENEFICIARY,Uttar Pradesh,ENT-REF-841061,6,0.041
ENT-002847,ACCOUNT,Delhi,ENT-REF-673597,7,0.0632
ENT-002848,BENEFICIARY,Rajasthan,ENT-REF-832855,36,0.0221
ENT-002849,ACCOUNT,Madhya Pradesh,ENT-REF-383212,52,0.1778
ENT-002850,ACCOUNT,Uttar Pradesh,ENT-REF-422922,34,0.0224
ENT-002851,WALLET,Tamil Nadu,ENT-REF-973244,12,0.2774
ENT-002852,DEVICE,Tamil Nadu,ENT-REF-530733,45,0.0764
ENT-002853,PHONE,Tamil Nadu,ENT-REF-473456,52,0.3191
ENT-002854,MERCHANT,Delhi,ENT-REF-251945,71,0.371
ENT-002855,ACCOUNT,Uttar Pradesh,ENT-REF-659956,10,0.3037
ENT-002856,ACCOUNT,Maharashtra,ENT-REF-890286,35,0.1323
ENT-002857,WALLET,Delhi,ENT-REF-258450,79,0.0181
ENT-002858,WALLET,Delhi,ENT-REF-192978,15,0.0316
ENT-002859,DEVICE,Tamil Nadu,ENT-REF-476434,63,0.1774
ENT-002860,ACCOUNT,Bihar,ENT-REF-326336,79,0.2407
ENT-002861,ACCOUNT,Karnataka,ENT-REF-962163,45,0.2725
ENT-002862,WALLET,Uttar Pradesh,ENT-REF-960325,8,0.4762
ENT-002863,DEVICE,Karnataka,ENT-REF-169918,4,0.0886
ENT-002864,ACCOUNT,Maharashtra,ENT-REF-936420,72,0.2349
ENT-002865,DEVICE,Madhya Pradesh,ENT-REF-300891,29,0.5059
ENT-002866,ACCOUNT,Telangana,ENT-REF-594916,60,0.1658
ENT-002867,WALLET,Delhi,ENT-REF-763112,15,0.2005
ENT-002868,BENEFICIARY,Bihar,ENT-REF-539783,67,0.0064
ENT-002869,PHONE,Maharashtra,ENT-REF-847846,34,0.1185
ENT-002870,BENEFICIARY,Karnataka,ENT-REF-329799,31,0.2918
ENT-002871,BENEFICIARY,Delhi,ENT-REF-471831,2,0.1957
ENT-002872,ACCOUNT,West Bengal,ENT-REF-871791,41,0.0808
ENT-002873,PHONE,Bihar,ENT-REF-445147,59,0.2139
ENT-002874,PHONE,Bihar,ENT-REF-138183,58,0.078
ENT-002875,PHONE,Uttar Pradesh,ENT-REF-882661,76,0.1752
ENT-002876,ACCOUNT,Karnataka,ENT-REF-357912,74,0.0684
ENT-002877,ACCOUNT,Delhi,ENT-REF-533012,69,0.1459
ENT-002878,ACCOUNT,Uttar Pradesh,ENT-REF-711072,4,0.0576
ENT-002879,WALLET,Maharashtra,ENT-REF-399269,28,0.2036
ENT-002880,PHONE,Bihar,ENT-REF-626566,19,0.1418
ENT-002881,ACCOUNT,Telangana,ENT-REF-552836,25,0.0278
ENT-002882,ACCOUNT,Bihar,ENT-REF-184661,50,0.1886
ENT-002883,BENEFICIARY,Telangana,ENT-REF-418715,25,0.0601
ENT-002884,PHONE,Tamil Nadu,ENT-REF-965579,38,0.0771
ENT-002885,MERCHANT,West Bengal,ENT-REF-794900,58,0.1363
ENT-002886,PHONE,Tamil Nadu,ENT-REF-231993,64,0.0402
ENT-002887,ACCOUNT,Rajasthan,ENT-REF-331410,14,0.2653
ENT-002888,DEVICE,Madhya Pradesh,ENT-REF-676852,51,0.0099
ENT-002889,WALLET,Rajasthan,ENT-REF-340759,12,0.2246
ENT-002890,ACCOUNT,Madhya Pradesh,ENT-REF-836895,2,0.0776
ENT-002891,WALLET,Karnataka,ENT-REF-105777,42,0.1823
ENT-002892,WALLET,Karnataka,ENT-REF-199059,51,0.2035
ENT-002893,PHONE,Madhya Pradesh,ENT-REF-982718,36,0.0968
ENT-002894,BENEFICIARY,Karnataka,ENT-REF-917874,18,0.3148
ENT-002895,PHONE,Uttar Pradesh,ENT-REF-178829,58,0.1088
ENT-002896,ACCOUNT,Bihar,ENT-REF-208933,59,0.1237
ENT-002897,MERCHANT,Uttar Pradesh,ENT-REF-647481,2,0.2253
ENT-002898,PHONE,Delhi,ENT-REF-641956,45,0.1173
ENT-002899,BENEFICIARY,Telangana,ENT-REF-640986,32,0.0865
ENT-002900,ACCOUNT,Bihar,ENT-REF-111974,57,0.1267
ENT-002901,PHONE,Rajasthan,ENT-REF-334512,10,0.0659
ENT-002902,ACCOUNT,Tamil Nadu,ENT-REF-597052,23,0.0615
ENT-002903,BENEFICIARY,West Bengal,ENT-REF-708293,50,0.0308
ENT-002904,PHONE,Rajasthan,ENT-REF-639764,6,0.2774
ENT-002905,BENEFICIARY,Telangana,ENT-REF-752434,60,0.0401
ENT-002906,PHONE,Karnataka,ENT-REF-484433,61,0.2944
ENT-002907,WALLET,Maharashtra,ENT-REF-204740,25,0.0596
ENT-002908,MERCHANT,Karnataka,ENT-REF-974975,40,0.177
ENT-002909,PHONE,Madhya Pradesh,ENT-REF-280495,72,0.039
ENT-002910,ACCOUNT,Tamil Nadu,ENT-REF-157153,63,0.2147
ENT-002911,PHONE,Madhya Pradesh,ENT-REF-985135,42,0.0447
ENT-002912,PHONE,Maharashtra,ENT-REF-479534,49,0.6978
ENT-002913,MERCHANT,West Bengal,ENT-REF-763300,37,0.208
ENT-002914,ACCOUNT,Maharashtra,ENT-REF-338013,22,0.1684
ENT-002915,MERCHANT,Telangana,ENT-REF-531855,39,0.3175
ENT-002916,DEVICE,West Bengal,ENT-REF-530428,75,0.1382
ENT-002917,ACCOUNT,Rajasthan,ENT-REF-265128,55,0.2337
ENT-002918,BENEFICIARY,Telangana,ENT-REF-584478,75,0.1533
ENT-002919,DEVICE,Uttar Pradesh,ENT-REF-455763,71,0.1255
ENT-002920,ACCOUNT,Tamil Nadu,ENT-REF-403184,35,0.2087
ENT-002921,BENEFICIARY,Bihar,ENT-REF-929358,30,0.0733
ENT-002922,ACCOUNT,Delhi,ENT-REF-264855,14,0.2683
ENT-002923,ACCOUNT,Tamil Nadu,ENT-REF-174712,67,0.0704
ENT-002924,ACCOUNT,Tamil Nadu,ENT-REF-109773,43,0.155
ENT-002925,PHONE,Uttar Pradesh,ENT-REF-493107,65,0.218
ENT-002926,PHONE,West Bengal,ENT-REF-435510,10,0.4301
ENT-002927,DEVICE,Delhi,ENT-REF-601446,44,0.1813
ENT-002928,BENEFICIARY,West Bengal,ENT-REF-844024,30,0.1713
ENT-002929,ACCOUNT,Karnataka,ENT-REF-849125,6,0.1263
ENT-002930,ACCOUNT,Karnataka,ENT-REF-846736,12,0.1128
ENT-002931,WALLET,Bihar,ENT-REF-592714,48,0.1238
ENT-002932,ACCOUNT,Maharashtra,ENT-REF-980317,15,0.1962
ENT-002933,ACCOUNT,Madhya Pradesh,ENT-REF-905680,21,0.4225
ENT-002934,ACCOUNT,Rajasthan,ENT-REF-611614,58,0.0368
ENT-002935,ACCOUNT,Maharashtra,ENT-REF-797768,61,0.2493
ENT-002936,ACCOUNT,Karnataka,ENT-REF-482038,74,0.3571
ENT-002937,ACCOUNT,Uttar Pradesh,ENT-REF-637029,51,0.3489
ENT-002938,WALLET,Madhya Pradesh,ENT-REF-382845,16,0.0641
ENT-002939,WALLET,Rajasthan,ENT-REF-843656,5,0.013
ENT-002940,DEVICE,Madhya Pradesh,ENT-REF-337954,13,0.1073
ENT-002941,MERCHANT,West Bengal,ENT-REF-792415,45,0.3518
ENT-002942,ACCOUNT,West Bengal,ENT-REF-727616,3,0.1694
ENT-002943,BENEFICIARY,West Bengal,ENT-REF-714447,66,0.0614
ENT-002944,MERCHANT,Delhi,ENT-REF-770229,3,0.5122
ENT-002945,MERCHANT,Maharashtra,ENT-REF-166762,38,0.0963
ENT-002946,WALLET,Bihar,ENT-REF-926173,2,0.0864
ENT-002947,BENEFICIARY,Karnataka,ENT-REF-818786,27,0.0788
ENT-002948,BENEFICIARY,Madhya Pradesh,ENT-REF-777568,6,0.1987
ENT-002949,ACCOUNT,Tamil Nadu,ENT-REF-243645,5,0.1488
ENT-002950,PHONE,Delhi,ENT-REF-181735,29,0.099
ENT-002951,WALLET,West Bengal,ENT-REF-959038,63,0.2531
ENT-002952,DEVICE,Karnataka,ENT-REF-120999,59,0.1992
ENT-002953,DEVICE,Tamil Nadu,ENT-REF-274259,17,0.1877
ENT-002954,DEVICE,Rajasthan,ENT-REF-636284,45,0.0867
ENT-002955,ACCOUNT,Tamil Nadu,ENT-REF-312627,35,0.079
ENT-002956,PHONE,Madhya Pradesh,ENT-REF-140494,72,0.152
ENT-002957,WALLET,Maharashtra,ENT-REF-906084,24,0.3082
ENT-002958,ACCOUNT,Telangana,ENT-REF-223959,11,0.2338
ENT-002959,BENEFICIARY,Bihar,ENT-REF-431853,22,0.0264
ENT-002960,DEVICE,Delhi,ENT-REF-499080,75,0.3047
ENT-002961,BENEFICIARY,Uttar Pradesh,ENT-REF-552984,62,0.304
ENT-002962,PHONE,Uttar Pradesh,ENT-REF-442905,14,0.0858
ENT-002963,ACCOUNT,Rajasthan,ENT-REF-790782,20,0.6137
ENT-002964,PHONE,Tamil Nadu,ENT-REF-870255,18,0.2684
ENT-002965,ACCOUNT,West Bengal,ENT-REF-930338,58,0.1895
ENT-002966,BENEFICIARY,Maharashtra,ENT-REF-995588,33,0.3408
ENT-002967,ACCOUNT,Bihar,ENT-REF-572129,62,0.2974
ENT-002968,BENEFICIARY,Maharashtra,ENT-REF-708526,61,0.2735
ENT-002969,ACCOUNT,Madhya Pradesh,ENT-REF-601549,73,0.1955
ENT-002970,BENEFICIARY,Uttar Pradesh,ENT-REF-919000,41,0.2232
ENT-002971,ACCOUNT,Tamil Nadu,ENT-REF-436291,50,0.2944
ENT-002972,MERCHANT,West Bengal,ENT-REF-305279,71,0.2083
ENT-002973,ACCOUNT,Tamil Nadu,ENT-REF-920504,16,0.1297
ENT-002974,DEVICE,Delhi,ENT-REF-612997,64,0.0071
ENT-002975,DEVICE,Maharashtra,ENT-REF-211030,70,0.0172
ENT-002976,PHONE,Uttar Pradesh,ENT-REF-526735,52,0.0347
ENT-002977,DEVICE,Maharashtra,ENT-REF-471561,61,0.2271
ENT-002978,ACCOUNT,Maharashtra,ENT-REF-130161,49,0.3148
ENT-002979,ACCOUNT,Uttar Pradesh,ENT-REF-765241,69,0.1974
ENT-002980,MERCHANT,Uttar Pradesh,ENT-REF-501214,18,0.2773
ENT-002981,DEVICE,Uttar Pradesh,ENT-REF-148020,45,0.4665
ENT-002982,BENEFICIARY,Telangana,ENT-REF-297090,21,0.0483
ENT-002983,PHONE,Bihar,ENT-REF-665639,45,0.0757
ENT-002984,MERCHANT,West Bengal,ENT-REF-763804,7,0.1581
ENT-002985,BENEFICIARY,Delhi,ENT-REF-183090,36,0.2354
ENT-002986,BENEFICIARY,Uttar Pradesh,ENT-REF-385275,23,0.1567
ENT-002987,ACCOUNT,Uttar Pradesh,ENT-REF-438228,73,0.2023
ENT-002988,PHONE,Tamil Nadu,ENT-REF-397013,1,0.3931
ENT-002989,ACCOUNT,Telangana,ENT-REF-474335,48,0.1341
ENT-002990,BENEFICIARY,West Bengal,ENT-REF-804622,51,0.2626
ENT-002991,PHONE,Uttar Pradesh,ENT-REF-769678,45,0.0711
ENT-002992,DEVICE,Bihar,ENT-REF-777962,45,0.1701
ENT-002993,ACCOUNT,Delhi,ENT-REF-711781,57,0.1098
ENT-002994,DEVICE,Delhi,ENT-REF-928681,63,0.0562
ENT-002995,ACCOUNT,Rajasthan,ENT-REF-300010,40,0.1641
ENT-002996,PHONE,Madhya Pradesh,ENT-REF-465723,2,0.234
ENT-002997,ACCOUNT,Rajasthan,ENT-REF-714186,36,0.0658
ENT-002998,BENEFICIARY,Uttar Pradesh,ENT-REF-951196,2,0.0149
ENT-002999,PHONE,Bihar,ENT-REF-161450,4,0.1659
ENT-003000,PHONE,Bihar,ENT-REF-797494,75,0.1345
ENT-003001,DEVICE,Bihar,ENT-REF-856168,63,0.39
ENT-003002,PHONE,Karnataka,ENT-REF-786930,50,0.2346
ENT-003003,WALLET,Rajasthan,ENT-REF-302293,37,0.2524
ENT-003004,ACCOUNT,Uttar Pradesh,ENT-REF-145579,71,0.3977
ENT-003005,BENEFICIARY,Maharashtra,ENT-REF-562813,2,0.0429
ENT-003006,ACCOUNT,Madhya Pradesh,ENT-REF-592026,4,0.1268
ENT-003007,DEVICE,Tamil Nadu,ENT-REF-580379,60,0.2914
ENT-003008,PHONE,Rajasthan,ENT-REF-342056,78,0.1521
ENT-003009,BENEFICIARY,Tamil Nadu,ENT-REF-443134,34,0.0562
ENT-003010,WALLET,Delhi,ENT-REF-729698,31,0.145
ENT-003011,BENEFICIARY,Telangana,ENT-REF-695525,17,0.0117
ENT-003012,BENEFICIARY,Madhya Pradesh,ENT-REF-441580,8,0.0897
ENT-003013,DEVICE,Karnataka,ENT-REF-253269,45,0.1831
ENT-003014,ACCOUNT,Bihar,ENT-REF-836798,21,0.1216
ENT-003015,ACCOUNT,Bihar,ENT-REF-963158,8,0.4138
ENT-003016,PHONE,Tamil Nadu,ENT-REF-416261,54,0.0946
ENT-003017,WALLET,West Bengal,ENT-REF-716642,21,0.2205
ENT-003018,WALLET,West Bengal,ENT-REF-584569,52,0.5267
ENT-003019,MERCHANT,Madhya Pradesh,ENT-REF-232311,11,0.028
ENT-003020,WALLET,Madhya Pradesh,ENT-REF-795443,45,0.235
ENT-003021,WALLET,Karnataka,ENT-REF-475010,71,0.1318
ENT-003022,MERCHANT,Telangana,ENT-REF-737899,59,0.0437
ENT-003023,WALLET,Bihar,ENT-REF-422100,44,0.4084
ENT-003024,MERCHANT,Uttar Pradesh,ENT-REF-826095,27,0.1622
ENT-003025,ACCOUNT,West Bengal,ENT-REF-373645,33,0.0093
ENT-003026,PHONE,Rajasthan,ENT-REF-454111,53,0.0351
ENT-003027,BENEFICIARY,Bihar,ENT-REF-814057,13,0.117
ENT-003028,ACCOUNT,Madhya Pradesh,ENT-REF-752464,79,0.0465
ENT-003029,BENEFICIARY,West Bengal,ENT-REF-463812,36,0.4219
ENT-003030,DEVICE,Maharashtra,ENT-REF-412056,1,0.3923
ENT-003031,PHONE,Rajasthan,ENT-REF-760749,69,0.056
ENT-003032,WALLET,Maharashtra,ENT-REF-383118,2,0.3002
ENT-003033,ACCOUNT,Karnataka,ENT-REF-807640,15,0.0693
ENT-003034,MERCHANT,Madhya Pradesh,ENT-REF-295067,65,0.1508
ENT-003035,DEVICE,Uttar Pradesh,ENT-REF-157120,2,0.3608
ENT-003036,BENEFICIARY,Madhya Pradesh,ENT-REF-669732,38,0.0815
ENT-003037,BENEFICIARY,Bihar,ENT-REF-505068,66,0.1431
ENT-003038,WALLET,Tamil Nadu,ENT-REF-157916,51,0.057
ENT-003039,BENEFICIARY,Madhya Pradesh,ENT-REF-998084,60,0.0997
ENT-003040,ACCOUNT,Karnataka,ENT-REF-790581,70,0.1253
ENT-003041,BENEFICIARY,Maharashtra,ENT-REF-136636,1,0.2827
ENT-003042,ACCOUNT,Delhi,ENT-REF-640178,39,0.3234
ENT-003043,ACCOUNT,Delhi,ENT-REF-325603,56,0.0672
ENT-003044,ACCOUNT,Maharashtra,ENT-REF-349859,75,0.0702
ENT-003045,BENEFICIARY,Uttar Pradesh,ENT-REF-300987,58,0.0605
ENT-003046,DEVICE,Tamil Nadu,ENT-REF-868275,19,0.099
ENT-003047,ACCOUNT,Karnataka,ENT-REF-645131,51,0.0437
ENT-003048,DEVICE,Rajasthan,ENT-REF-788232,65,0.3754
ENT-003049,DEVICE,Telangana,ENT-REF-712075,70,0.1194
ENT-003050,PHONE,Delhi,ENT-REF-167226,1,0.2842
ENT-003051,BENEFICIARY,West Bengal,ENT-REF-695094,13,0.0627
ENT-003052,MERCHANT,Karnataka,ENT-REF-395580,3,0.1001
ENT-003053,ACCOUNT,Rajasthan,ENT-REF-923206,45,0.1056
ENT-003054,PHONE,Maharashtra,ENT-REF-328201,31,0.0417
ENT-003055,MERCHANT,Delhi,ENT-REF-240156,15,0.0563
ENT-003056,PHONE,Tamil Nadu,ENT-REF-350226,63,0.252
ENT-003057,WALLET,Tamil Nadu,ENT-REF-413001,30,0.0217
ENT-003058,BENEFICIARY,Tamil Nadu,ENT-REF-984560,14,0.1451
ENT-003059,ACCOUNT,Madhya Pradesh,ENT-REF-277907,55,0.0213
ENT-003060,WALLET,Maharashtra,ENT-REF-625200,17,0.0828
ENT-003061,DEVICE,Telangana,ENT-REF-993147,38,0.2405
ENT-003062,WALLET,Uttar Pradesh,ENT-REF-630556,9,0.0293
ENT-003063,ACCOUNT,Madhya Pradesh,ENT-REF-883684,2,0.106
ENT-003064,DEVICE,Uttar Pradesh,ENT-REF-527261,70,0.1243
ENT-003065,WALLET,Uttar Pradesh,ENT-REF-618570,1,0.0633
ENT-003066,BENEFICIARY,Maharashtra,ENT-REF-118994,66,0.0473
ENT-003067,PHONE,Rajasthan,ENT-REF-103776,68,0.132
ENT-003068,ACCOUNT,Telangana,ENT-REF-499619,20,0.0832
ENT-003069,PHONE,Telangana,ENT-REF-344175,57,0.1128
ENT-003070,BENEFICIARY,Tamil Nadu,ENT-REF-730043,14,0.2852
ENT-003071,ACCOUNT,Bihar,ENT-REF-467509,15,0.0187
ENT-003072,MERCHANT,Madhya Pradesh,ENT-REF-860135,68,0.1499
ENT-003073,WALLET,Madhya Pradesh,ENT-REF-699933,7,0.0224
ENT-003074,PHONE,Karnataka,ENT-REF-203115,74,0.362
ENT-003075,ACCOUNT,Karnataka,ENT-REF-862902,48,0.068
ENT-003076,PHONE,Tamil Nadu,ENT-REF-674595,21,0.1872
ENT-003077,DEVICE,Madhya Pradesh,ENT-REF-233195,2,0.2695
ENT-003078,ACCOUNT,Karnataka,ENT-REF-639503,25,0.0398
ENT-003079,PHONE,Telangana,ENT-REF-767877,14,0.1612
ENT-003080,ACCOUNT,Delhi,ENT-REF-742164,45,0.3266
ENT-003081,PHONE,West Bengal,ENT-REF-608803,50,0.1838
ENT-003082,ACCOUNT,West Bengal,ENT-REF-305132,6,0.1758
ENT-003083,WALLET,West Bengal,ENT-REF-219681,75,0.0777
ENT-003084,ACCOUNT,West Bengal,ENT-REF-926713,77,0.1147
ENT-003085,WALLET,Karnataka,ENT-REF-304891,47,0.182
ENT-003086,ACCOUNT,Rajasthan,ENT-REF-355723,55,0.3864
ENT-003087,WALLET,Delhi,ENT-REF-442928,76,0.0468
ENT-003088,WALLET,Tamil Nadu,ENT-REF-807121,12,0.0705
ENT-003089,WALLET,Maharashtra,ENT-REF-423424,26,0.204
ENT-003090,BENEFICIARY,Delhi,ENT-REF-510762,60,0.4309
ENT-003091,ACCOUNT,Uttar Pradesh,ENT-REF-602245,61,0.1259
ENT-003092,ACCOUNT,Delhi,ENT-REF-214150,15,0.0254
ENT-003093,PHONE,Karnataka,ENT-REF-798642,9,0.4418
ENT-003094,MERCHANT,Telangana,ENT-REF-427415,30,0.1488
ENT-003095,PHONE,Tamil Nadu,ENT-REF-914035,52,0.1072
ENT-003096,DEVICE,West Bengal,ENT-REF-154588,44,0.1403
ENT-003097,ACCOUNT,Maharashtra,ENT-REF-825088,11,0.2772
ENT-003098,ACCOUNT,Maharashtra,ENT-REF-253254,9,0.0911
ENT-003099,ACCOUNT,Maharashtra,ENT-REF-963548,57,0.0512
ENT-003100,ACCOUNT,Rajasthan,ENT-REF-141294,1,0.2398
ENT-003101,PHONE,Madhya Pradesh,ENT-REF-584040,70,0.0537
ENT-003102,ACCOUNT,Madhya Pradesh,ENT-REF-125305,65,0.1859
ENT-003103,DEVICE,Uttar Pradesh,ENT-REF-573368,53,0.2187
ENT-003104,DEVICE,West Bengal,ENT-REF-469017,72,0.0119
ENT-003105,BENEFICIARY,Telangana,ENT-REF-153817,27,0.013
ENT-003106,DEVICE,Uttar Pradesh,ENT-REF-294430,6,0.2298
ENT-003107,WALLET,Karnataka,ENT-REF-132666,43,0.355
ENT-003108,DEVICE,West Bengal,ENT-REF-356863,59,0.0608
ENT-003109,ACCOUNT,Delhi,ENT-REF-907375,41,0.0337
ENT-003110,ACCOUNT,Maharashtra,ENT-REF-235296,58,0.1122
ENT-003111,BENEFICIARY,Uttar Pradesh,ENT-REF-128704,13,0.2712
ENT-003112,WALLET,Delhi,ENT-REF-215116,73,0.0707
ENT-003113,PHONE,Maharashtra,ENT-REF-605394,69,0.0135
ENT-003114,MERCHANT,Uttar Pradesh,ENT-REF-670176,18,0.2693
ENT-003115,MERCHANT,Bihar,ENT-REF-228517,60,0.1031
ENT-003116,MERCHANT,Rajasthan,ENT-REF-622031,65,0.0846
ENT-003117,PHONE,Delhi,ENT-REF-898063,53,0.0059
ENT-003118,ACCOUNT,Maharashtra,ENT-REF-942497,49,0.2192
ENT-003119,BENEFICIARY,Rajasthan,ENT-REF-858445,30,0.1558
ENT-003120,BENEFICIARY,Bihar,ENT-REF-794908,62,0.0292
ENT-003121,MERCHANT,Uttar Pradesh,ENT-REF-443822,72,0.2345
ENT-003122,ACCOUNT,West Bengal,ENT-REF-853766,46,0.2827
ENT-003123,PHONE,Rajasthan,ENT-REF-700766,70,0.1642
ENT-003124,PHONE,Delhi,ENT-REF-571095,19,0.0478
ENT-003125,BENEFICIARY,Delhi,ENT-REF-723252,68,0.1335
ENT-003126,DEVICE,Madhya Pradesh,ENT-REF-642846,47,0.2416
ENT-003127,PHONE,Karnataka,ENT-REF-207170,4,0.1991
ENT-003128,BENEFICIARY,Bihar,ENT-REF-240900,47,0.1702
ENT-003129,WALLET,Maharashtra,ENT-REF-395846,73,0.0022
ENT-003130,DEVICE,Telangana,ENT-REF-654141,64,0.1319
ENT-003131,ACCOUNT,Bihar,ENT-REF-149039,31,0.3746
ENT-003132,PHONE,Maharashtra,ENT-REF-596598,40,0.1148
ENT-003133,PHONE,Madhya Pradesh,ENT-REF-401932,29,0.1322
ENT-003134,PHONE,Tamil Nadu,ENT-REF-171551,19,0.295
ENT-003135,ACCOUNT,Tamil Nadu,ENT-REF-366956,24,0.0985
ENT-003136,BENEFICIARY,Karnataka,ENT-REF-724614,33,0.1208
ENT-003137,BENEFICIARY,Maharashtra,ENT-REF-924838,29,0.169
ENT-003138,PHONE,Karnataka,ENT-REF-722024,64,0.3155
ENT-003139,ACCOUNT,Delhi,ENT-REF-203976,55,0.1224
ENT-003140,DEVICE,Madhya Pradesh,ENT-REF-147146,56,0.2649
ENT-003141,BENEFICIARY,Madhya Pradesh,ENT-REF-679795,49,0.3637
ENT-003142,ACCOUNT,Maharashtra,ENT-REF-196155,74,0.5192
ENT-003143,MERCHANT,Bihar,ENT-REF-398954,54,0.1407
ENT-003144,WALLET,Telangana,ENT-REF-401041,8,0.1327
ENT-003145,DEVICE,Bihar,ENT-REF-493242,4,0.0725
ENT-003146,WALLET,Bihar,ENT-REF-592862,27,0.0684
ENT-003147,WALLET,West Bengal,ENT-REF-642732,54,0.133
ENT-003148,ACCOUNT,Uttar Pradesh,ENT-REF-613665,56,0.0766
ENT-003149,WALLET,Tamil Nadu,ENT-REF-244303,3,0.1086
ENT-003150,WALLET,Uttar Pradesh,ENT-REF-108009,79,0.1339
ENT-003151,WALLET,Maharashtra,ENT-REF-439114,55,0.0249
ENT-003152,PHONE,Maharashtra,ENT-REF-483370,48,0.5236
ENT-003153,PHONE,Madhya Pradesh,ENT-REF-647599,25,0.0655
ENT-003154,PHONE,Maharashtra,ENT-REF-980940,15,0.3571
ENT-003155,BENEFICIARY,Delhi,ENT-REF-625596,43,0.1928
ENT-003156,ACCOUNT,Rajasthan,ENT-REF-247564,39,0.0057
ENT-003157,PHONE,Telangana,ENT-REF-746578,76,0.0414
ENT-003158,BENEFICIARY,Karnataka,ENT-REF-577806,36,0.0263
ENT-003159,PHONE,Madhya Pradesh,ENT-REF-265031,21,0.0789
ENT-003160,ACCOUNT,West Bengal,ENT-REF-724319,72,0.1317
ENT-003161,BENEFICIARY,Telangana,ENT-REF-749064,56,0.1539
ENT-003162,PHONE,Rajasthan,ENT-REF-789530,63,0.2166
ENT-003163,ACCOUNT,Karnataka,ENT-REF-209344,49,0.1101
ENT-003164,ACCOUNT,Maharashtra,ENT-REF-510479,45,0.2284
ENT-003165,PHONE,West Bengal,ENT-REF-809707,47,0.0893
ENT-003166,PHONE,West Bengal,ENT-REF-365524,27,0.2083
ENT-003167,MERCHANT,Rajasthan,ENT-REF-334532,18,0.0334
ENT-003168,WALLET,Rajasthan,ENT-REF-224977,19,0.1197
ENT-003169,BENEFICIARY,Tamil Nadu,ENT-REF-643639,35,0.3367
ENT-003170,ACCOUNT,West Bengal,ENT-REF-695041,15,0.1303
ENT-003171,PHONE,Delhi,ENT-REF-186298,57,0.2143
ENT-003172,DEVICE,Telangana,ENT-REF-816273,19,0.191
ENT-003173,PHONE,Madhya Pradesh,ENT-REF-191509,38,0.0918
ENT-003174,WALLET,Madhya Pradesh,ENT-REF-896400,6,0.0814
ENT-003175,ACCOUNT,Maharashtra,ENT-REF-676382,24,0.0607
ENT-003176,WALLET,Tamil Nadu,ENT-REF-631987,38,0.1591
ENT-003177,PHONE,Madhya Pradesh,ENT-REF-584637,41,0.2484
ENT-003178,BENEFICIARY,Tamil Nadu,ENT-REF-265724,3,0.3586
ENT-003179,ACCOUNT,Bihar,ENT-REF-532220,49,0.1237
ENT-003180,PHONE,Tamil Nadu,ENT-REF-657216,3,0.0384
ENT-003181,DEVICE,Tamil Nadu,ENT-REF-438986,37,0.0121
ENT-003182,ACCOUNT,Telangana,ENT-REF-226680,13,0.0115
ENT-003183,DEVICE,Rajasthan,ENT-REF-111418,21,0.2709
ENT-003184,DEVICE,West Bengal,ENT-REF-545302,72,0.4059
ENT-003185,PHONE,Uttar Pradesh,ENT-REF-650368,43,0.0778
ENT-003186,DEVICE,Telangana,ENT-REF-419738,49,0.4986
ENT-003187,BENEFICIARY,Madhya Pradesh,ENT-REF-747188,24,0.2694
ENT-003188,PHONE,Delhi,ENT-REF-715511,78,0.1167
ENT-003189,WALLET,West Bengal,ENT-REF-828652,13,0.0324
ENT-003190,ACCOUNT,West Bengal,ENT-REF-613730,78,0.1996
ENT-003191,PHONE,Telangana,ENT-REF-309925,1,0.0716
ENT-003192,ACCOUNT,Rajasthan,ENT-REF-367321,21,0.0813
ENT-003193,PHONE,Madhya Pradesh,ENT-REF-179291,1,0.135
ENT-003194,ACCOUNT,Tamil Nadu,ENT-REF-201429,26,0.1968
ENT-003195,DEVICE,Uttar Pradesh,ENT-REF-367831,55,0.2486
ENT-003196,BENEFICIARY,Rajasthan,ENT-REF-108602,72,0.2848
ENT-003197,ACCOUNT,Madhya Pradesh,ENT-REF-693028,59,0.0453
ENT-003198,ACCOUNT,Uttar Pradesh,ENT-REF-740407,69,0.0425
ENT-003199,ACCOUNT,Tamil Nadu,ENT-REF-120076,5,0.2385
ENT-003200,PHONE,Madhya Pradesh,ENT-REF-691839,5,0.2232
ENT-003201,DEVICE,Maharashtra,ENT-REF-603883,36,0.076
ENT-003202,DEVICE,Karnataka,ENT-REF-212646,48,0.0452
ENT-003203,PHONE,Maharashtra,ENT-REF-250512,65,0.1442
ENT-003204,PHONE,Madhya Pradesh,ENT-REF-144638,50,0.0707
ENT-003205,BENEFICIARY,Uttar Pradesh,ENT-REF-765750,3,0.1689
ENT-003206,ACCOUNT,Rajasthan,ENT-REF-623110,58,0.1175
ENT-003207,PHONE,Karnataka,ENT-REF-516220,53,0.2738
ENT-003208,WALLET,Bihar,ENT-REF-470223,49,0.0241
ENT-003209,DEVICE,Delhi,ENT-REF-774938,57,0.1615
ENT-003210,PHONE,Karnataka,ENT-REF-163712,76,0.2083
ENT-003211,WALLET,Bihar,ENT-REF-694704,45,0.0778
ENT-003212,ACCOUNT,Rajasthan,ENT-REF-110715,66,0.0617
ENT-003213,PHONE,West Bengal,ENT-REF-790889,74,0.2167
ENT-003214,WALLET,Uttar Pradesh,ENT-REF-295182,54,0.0885
ENT-003215,WALLET,Bihar,ENT-REF-690637,13,0.1812
ENT-003216,ACCOUNT,Delhi,ENT-REF-941520,11,0.2851
ENT-003217,BENEFICIARY,Rajasthan,ENT-REF-135051,43,0.0556
ENT-003218,ACCOUNT,West Bengal,ENT-REF-302167,23,0.2138
ENT-003219,ACCOUNT,Tamil Nadu,ENT-REF-678300,21,0.0452
ENT-003220,ACCOUNT,West Bengal,ENT-REF-405574,35,0.3146
ENT-003221,ACCOUNT,Madhya Pradesh,ENT-REF-626592,5,0.1304
ENT-003222,ACCOUNT,West Bengal,ENT-REF-256864,33,0.0284
ENT-003223,BENEFICIARY,Delhi,ENT-REF-128900,20,0.1355
ENT-003224,PHONE,Delhi,ENT-REF-836188,76,0.0134
ENT-003225,ACCOUNT,Delhi,ENT-REF-110532,34,0.2301
ENT-003226,PHONE,Maharashtra,ENT-REF-844854,53,0.0328
ENT-003227,ACCOUNT,Rajasthan,ENT-REF-760245,66,0.5137
ENT-003228,WALLET,Telangana,ENT-REF-990102,11,0.2355
ENT-003229,WALLET,Bihar,ENT-REF-386625,14,0.3779
ENT-003230,ACCOUNT,West Bengal,ENT-REF-933084,44,0.0411
ENT-003231,ACCOUNT,Karnataka,ENT-REF-301084,68,0.1473
ENT-003232,MERCHANT,Delhi,ENT-REF-281090,47,0.0152
ENT-003233,BENEFICIARY,Tamil Nadu,ENT-REF-143885,64,0.0955
ENT-003234,WALLET,Karnataka,ENT-REF-499788,34,0.2238
ENT-003235,MERCHANT,Uttar Pradesh,ENT-REF-251358,47,0.1155
ENT-003236,WALLET,Uttar Pradesh,ENT-REF-535287,52,0.3131
ENT-003237,ACCOUNT,Rajasthan,ENT-REF-215844,20,0.0194
ENT-003238,DEVICE,Telangana,ENT-REF-719821,30,0.3813
ENT-003239,ACCOUNT,Madhya Pradesh,ENT-REF-684078,44,0.0064
ENT-003240,WALLET,Telangana,ENT-REF-294632,30,0.0575
ENT-003241,BENEFICIARY,Bihar,ENT-REF-116458,20,0.06
ENT-003242,PHONE,Tamil Nadu,ENT-REF-698632,10,0.3928
ENT-003243,ACCOUNT,Karnataka,ENT-REF-181277,38,0.0989
ENT-003244,PHONE,Uttar Pradesh,ENT-REF-225665,32,0.3831
ENT-003245,PHONE,Bihar,ENT-REF-414789,30,0.3421
ENT-003246,MERCHANT,Tamil Nadu,ENT-REF-245347,6,0.1594
ENT-003247,BENEFICIARY,Telangana,ENT-REF-315769,1,0.049
ENT-003248,PHONE,Bihar,ENT-REF-984895,35,0.1058
ENT-003249,ACCOUNT,Karnataka,ENT-REF-288023,8,0.0995
ENT-003250,MERCHANT,Tamil Nadu,ENT-REF-612550,41,0.0313
ENT-003251,BENEFICIARY,Delhi,ENT-REF-209860,49,0.0925
ENT-003252,MERCHANT,Maharashtra,ENT-REF-696802,65,0.1426
ENT-003253,DEVICE,Karnataka,ENT-REF-174907,48,0.138
ENT-003254,PHONE,Uttar Pradesh,ENT-REF-843590,76,0.2774
ENT-003255,WALLET,Madhya Pradesh,ENT-REF-321205,67,0.1689
ENT-003256,ACCOUNT,West Bengal,ENT-REF-878892,11,0.0648
ENT-003257,ACCOUNT,Delhi,ENT-REF-258061,75,0.178
ENT-003258,ACCOUNT,Maharashtra,ENT-REF-246914,47,0.3076
ENT-003259,MERCHANT,Tamil Nadu,ENT-REF-407419,62,0.303
ENT-003260,WALLET,Uttar Pradesh,ENT-REF-903395,39,0.3248
ENT-003261,PHONE,Uttar Pradesh,ENT-REF-809804,48,0.0089
ENT-003262,PHONE,Karnataka,ENT-REF-457785,1,0.1712
ENT-003263,PHONE,Madhya Pradesh,ENT-REF-154389,64,0.1692
ENT-003264,DEVICE,Telangana,ENT-REF-995758,53,0.1201
ENT-003265,ACCOUNT,Maharashtra,ENT-REF-575394,7,0.2202
ENT-003266,PHONE,Tamil Nadu,ENT-REF-257661,79,0.0744
ENT-003267,PHONE,Maharashtra,ENT-REF-720608,55,0.0751
ENT-003268,ACCOUNT,Rajasthan,ENT-REF-316619,73,0.1348
ENT-003269,MERCHANT,Uttar Pradesh,ENT-REF-645296,29,0.1276
ENT-003270,BENEFICIARY,Uttar Pradesh,ENT-REF-451075,67,0.0787
ENT-003271,MERCHANT,West Bengal,ENT-REF-430017,52,0.0741
ENT-003272,ACCOUNT,West Bengal,ENT-REF-547452,39,0.3146
ENT-003273,BENEFICIARY,Bihar,ENT-REF-174163,61,0.0085
ENT-003274,ACCOUNT,Maharashtra,ENT-REF-431462,69,0.3731
ENT-003275,PHONE,Maharashtra,ENT-REF-325917,38,0.2465
ENT-003276,ACCOUNT,Maharashtra,ENT-REF-694183,55,0.5282
ENT-003277,ACCOUNT,Uttar Pradesh,ENT-REF-869769,39,0.1322
ENT-003278,PHONE,Karnataka,ENT-REF-916747,35,0.098
ENT-003279,DEVICE,Tamil Nadu,ENT-REF-786008,19,0.0984
ENT-003280,DEVICE,Bihar,ENT-REF-111362,19,0.3882
ENT-003281,ACCOUNT,Karnataka,ENT-REF-291845,13,0.1743
ENT-003282,ACCOUNT,Rajasthan,ENT-REF-583591,14,0.0891
ENT-003283,DEVICE,Karnataka,ENT-REF-899276,39,0.2472
ENT-003284,ACCOUNT,Telangana,ENT-REF-969957,79,0.1353
ENT-003285,ACCOUNT,Uttar Pradesh,ENT-REF-828028,59,0.3716
ENT-003286,ACCOUNT,Karnataka,ENT-REF-418190,64,0.0226
ENT-003287,WALLET,Bihar,ENT-REF-365351,36,0.1885
ENT-003288,ACCOUNT,Madhya Pradesh,ENT-REF-890869,19,0.0773
ENT-003289,DEVICE,Telangana,ENT-REF-552263,72,0.2526
ENT-003290,ACCOUNT,Madhya Pradesh,ENT-REF-517844,58,0.0775
ENT-003291,ACCOUNT,Tamil Nadu,ENT-REF-928131,11,0.2047
ENT-003292,PHONE,Karnataka,ENT-REF-895847,7,0.0089
ENT-003293,PHONE,West Bengal,ENT-REF-151264,59,0.1008
ENT-003294,MERCHANT,Delhi,ENT-REF-358033,12,0.0233
ENT-003295,MERCHANT,Tamil Nadu,ENT-REF-591245,38,0.1749
ENT-003296,PHONE,Karnataka,ENT-REF-793182,28,0.0475
ENT-003297,ACCOUNT,Karnataka,ENT-REF-327527,63,0.0985
ENT-003298,DEVICE,Maharashtra,ENT-REF-747418,24,0.1895
ENT-003299,BENEFICIARY,Telangana,ENT-REF-102910,46,0.0923
ENT-003300,PHONE,Telangana,ENT-REF-610573,37,0.0745
ENT-003301,WALLET,West Bengal,ENT-REF-291771,32,0.0426
ENT-003302,BENEFICIARY,Rajasthan,ENT-REF-617840,14,0.0556
ENT-003303,MERCHANT,Rajasthan,ENT-REF-461661,22,0.3354
ENT-003304,WALLET,Madhya Pradesh,ENT-REF-483112,28,0.176
ENT-003305,BENEFICIARY,Uttar Pradesh,ENT-REF-973658,20,0.0989
ENT-003306,DEVICE,Madhya Pradesh,ENT-REF-274123,55,0.0524
ENT-003307,ACCOUNT,Delhi,ENT-REF-274131,48,0.1451
ENT-003308,MERCHANT,Uttar Pradesh,ENT-REF-790084,43,0.2519
ENT-003309,WALLET,Delhi,ENT-REF-352396,14,0.166
ENT-003310,PHONE,Telangana,ENT-REF-112722,62,0.1425
ENT-003311,MERCHANT,Tamil Nadu,ENT-REF-625380,16,0.0889
ENT-003312,DEVICE,Uttar Pradesh,ENT-REF-786034,11,0.0775
ENT-003313,MERCHANT,Rajasthan,ENT-REF-897155,61,0.0387
ENT-003314,ACCOUNT,Karnataka,ENT-REF-157410,40,0.1439
ENT-003315,ACCOUNT,Rajasthan,ENT-REF-830112,74,0.432
ENT-003316,DEVICE,Bihar,ENT-REF-638849,42,0.1267
ENT-003317,ACCOUNT,Tamil Nadu,ENT-REF-434422,5,0.0307
ENT-003318,BENEFICIARY,Rajasthan,ENT-REF-878670,78,0.3441
ENT-003319,MERCHANT,Maharashtra,ENT-REF-163818,24,0.0197
ENT-003320,ACCOUNT,Rajasthan,ENT-REF-813946,77,0.1613
ENT-003321,DEVICE,West Bengal,ENT-REF-156079,55,0.4087
ENT-003322,ACCOUNT,Tamil Nadu,ENT-REF-523710,14,0.341
ENT-003323,BENEFICIARY,West Bengal,ENT-REF-216138,48,0.1175
ENT-003324,ACCOUNT,Bihar,ENT-REF-600518,63,0.0969
ENT-003325,ACCOUNT,Maharashtra,ENT-REF-700065,52,0.0539
ENT-003326,ACCOUNT,Telangana,ENT-REF-618116,73,0.0415
ENT-003327,MERCHANT,Delhi,ENT-REF-166685,55,0.1009
ENT-003328,BENEFICIARY,Madhya Pradesh,ENT-REF-709956,1,0.0285
ENT-003329,ACCOUNT,West Bengal,ENT-REF-159958,4,0.0527
ENT-003330,WALLET,Madhya Pradesh,ENT-REF-690147,67,0.238
ENT-003331,PHONE,Rajasthan,ENT-REF-398121,76,0.2929
ENT-003332,PHONE,Tamil Nadu,ENT-REF-407780,36,0.0691
ENT-003333,ACCOUNT,Rajasthan,ENT-REF-166514,44,0.1126
ENT-003334,BENEFICIARY,Telangana,ENT-REF-971185,56,0.3809
ENT-003335,BENEFICIARY,Maharashtra,ENT-REF-753749,65,0.2761
ENT-003336,ACCOUNT,Madhya Pradesh,ENT-REF-889197,54,0.2411
ENT-003337,PHONE,Karnataka,ENT-REF-844733,19,0.1642
ENT-003338,PHONE,Bihar,ENT-REF-979480,26,0.1489
ENT-003339,MERCHANT,Madhya Pradesh,ENT-REF-150197,62,0.1336
ENT-003340,WALLET,Bihar,ENT-REF-600653,25,0.1348
ENT-003341,DEVICE,Maharashtra,ENT-REF-144316,61,0.1244
ENT-003342,PHONE,Karnataka,ENT-REF-835740,61,0.3953
ENT-003343,ACCOUNT,West Bengal,ENT-REF-583416,54,0.1287
ENT-003344,PHONE,Karnataka,ENT-REF-162327,20,0.0112
ENT-003345,BENEFICIARY,Maharashtra,ENT-REF-409851,39,0.2636
ENT-003346,WALLET,Uttar Pradesh,ENT-REF-410902,37,0.2958
ENT-003347,DEVICE,Delhi,ENT-REF-336522,73,0.1487
ENT-003348,ACCOUNT,West Bengal,ENT-REF-908236,33,0.1412
ENT-003349,MERCHANT,Maharashtra,ENT-REF-656292,4,0.1239
ENT-003350,ACCOUNT,Madhya Pradesh,ENT-REF-603470,21,0.0356
ENT-003351,ACCOUNT,Maharashtra,ENT-REF-977958,52,0.3009
ENT-003352,WALLET,Uttar Pradesh,ENT-REF-877240,61,0.1609
ENT-003353,WALLET,Madhya Pradesh,ENT-REF-998481,32,0.0026
ENT-003354,ACCOUNT,Uttar Pradesh,ENT-REF-406023,30,0.1682
ENT-003355,ACCOUNT,Maharashtra,ENT-REF-813242,27,0.1739
ENT-003356,BENEFICIARY,West Bengal,ENT-REF-977327,73,0.0671
ENT-003357,WALLET,Delhi,ENT-REF-772703,49,0.2902
ENT-003358,BENEFICIARY,Maharashtra,ENT-REF-664682,40,0.2394
ENT-003359,MERCHANT,Telangana,ENT-REF-616557,19,0.2494
ENT-003360,ACCOUNT,Telangana,ENT-REF-548265,17,0.1049
ENT-003361,ACCOUNT,Bihar,ENT-REF-997227,1,0.1559
ENT-003362,PHONE,Maharashtra,ENT-REF-198463,30,0.1268
ENT-003363,BENEFICIARY,Madhya Pradesh,ENT-REF-359670,30,0.0478
ENT-003364,MERCHANT,Maharashtra,ENT-REF-923634,28,0.2217
ENT-003365,BENEFICIARY,Bihar,ENT-REF-978640,71,0.2042
ENT-003366,ACCOUNT,Madhya Pradesh,ENT-REF-319711,12,0.0239
ENT-003367,PHONE,Bihar,ENT-REF-162494,69,0.0171
ENT-003368,PHONE,Madhya Pradesh,ENT-REF-487300,6,0.2212
ENT-003369,MERCHANT,Rajasthan,ENT-REF-216645,58,0.3193
ENT-003370,DEVICE,Madhya Pradesh,ENT-REF-383483,66,0.3861
ENT-003371,PHONE,Tamil Nadu,ENT-REF-129816,48,0.0434
ENT-003372,DEVICE,Madhya Pradesh,ENT-REF-988938,53,0.1275
ENT-003373,DEVICE,Rajasthan,ENT-REF-619442,75,0.1431
ENT-003374,ACCOUNT,Uttar Pradesh,ENT-REF-987798,4,0.1374
ENT-003375,MERCHANT,Tamil Nadu,ENT-REF-606980,71,0.1996
ENT-003376,BENEFICIARY,West Bengal,ENT-REF-698339,22,0.3912
ENT-003377,PHONE,Tamil Nadu,ENT-REF-324291,61,0.1079
ENT-003378,ACCOUNT,Karnataka,ENT-REF-878303,78,0.0796
ENT-003379,DEVICE,West Bengal,ENT-REF-305934,43,0.222
ENT-003380,BENEFICIARY,Madhya Pradesh,ENT-REF-944505,17,0.1903
ENT-003381,ACCOUNT,West Bengal,ENT-REF-284399,45,0.1164
ENT-003382,WALLET,Delhi,ENT-REF-870648,75,0.2184
ENT-003383,ACCOUNT,Karnataka,ENT-REF-243749,32,0.0233
ENT-003384,BENEFICIARY,Tamil Nadu,ENT-REF-469395,62,0.0244
ENT-003385,MERCHANT,Karnataka,ENT-REF-880016,9,0.0148
ENT-003386,PHONE,West Bengal,ENT-REF-665689,4,0.1808
ENT-003387,BENEFICIARY,Madhya Pradesh,ENT-REF-411540,61,0.1685
ENT-003388,PHONE,West Bengal,ENT-REF-653950,61,0.2905
ENT-003389,PHONE,Madhya Pradesh,ENT-REF-254409,67,0.0236
ENT-003390,BENEFICIARY,Tamil Nadu,ENT-REF-579776,25,0.2978
ENT-003391,ACCOUNT,Telangana,ENT-REF-304859,26,0.3244
ENT-003392,MERCHANT,Rajasthan,ENT-REF-974696,5,0.3419
ENT-003393,DEVICE,Maharashtra,ENT-REF-405884,7,0.281
ENT-003394,BENEFICIARY,Delhi,ENT-REF-326851,32,0.297
ENT-003395,DEVICE,Maharashtra,ENT-REF-792816,19,0.0704
ENT-003396,ACCOUNT,Telangana,ENT-REF-841125,45,0.1073
ENT-003397,ACCOUNT,Uttar Pradesh,ENT-REF-475308,51,0.0748
ENT-003398,BENEFICIARY,Uttar Pradesh,ENT-REF-269306,45,0.0783
ENT-003399,ACCOUNT,West Bengal,ENT-REF-977235,66,0.1659
ENT-003400,ACCOUNT,West Bengal,ENT-REF-136038,51,0.0802
ENT-003401,PHONE,Telangana,ENT-REF-956489,28,0.1061
ENT-003402,ACCOUNT,Maharashtra,ENT-REF-327419,78,0.0656
ENT-003403,BENEFICIARY,Tamil Nadu,ENT-REF-292234,35,0.057
ENT-003404,ACCOUNT,Bihar,ENT-REF-861206,41,0.1268
ENT-003405,WALLET,Uttar Pradesh,ENT-REF-381828,11,0.1959
ENT-003406,WALLET,Bihar,ENT-REF-579260,64,0.3182
ENT-003407,PHONE,Uttar Pradesh,ENT-REF-650138,50,0.0529
ENT-003408,ACCOUNT,Maharashtra,ENT-REF-570427,38,0.056
ENT-003409,BENEFICIARY,Rajasthan,ENT-REF-710933,57,0.2108
ENT-003410,BENEFICIARY,Bihar,ENT-REF-761826,60,0.3497
ENT-003411,WALLET,Uttar Pradesh,ENT-REF-178483,63,0.1185
ENT-003412,ACCOUNT,Karnataka,ENT-REF-731719,8,0.0746
ENT-003413,ACCOUNT,Maharashtra,ENT-REF-983841,78,0.0046
ENT-003414,PHONE,Tamil Nadu,ENT-REF-650764,60,0.0348
ENT-003415,BENEFICIARY,Rajasthan,ENT-REF-567557,74,0.188
ENT-003416,ACCOUNT,Telangana,ENT-REF-189373,33,0.4867
ENT-003417,WALLET,West Bengal,ENT-REF-154784,75,0.1829
ENT-003418,PHONE,Tamil Nadu,ENT-REF-652981,8,0.107
ENT-003419,ACCOUNT,Delhi,ENT-REF-926631,75,0.0988
ENT-003420,WALLET,Tamil Nadu,ENT-REF-314693,43,0.0396
ENT-003421,WALLET,Karnataka,ENT-REF-116326,69,0.0468
ENT-003422,MERCHANT,Delhi,ENT-REF-300408,25,0.1753
ENT-003423,ACCOUNT,Tamil Nadu,ENT-REF-546705,40,0.5364
ENT-003424,ACCOUNT,West Bengal,ENT-REF-293472,39,0.1942
ENT-003425,ACCOUNT,Tamil Nadu,ENT-REF-370138,51,0.2705
ENT-003426,DEVICE,Maharashtra,ENT-REF-649638,1,0.0883
ENT-003427,PHONE,Maharashtra,ENT-REF-257532,63,0.1898
ENT-003428,MERCHANT,Maharashtra,ENT-REF-299766,42,0.1043
ENT-003429,ACCOUNT,Telangana,ENT-REF-502958,48,0.0798
ENT-003430,DEVICE,Delhi,ENT-REF-646342,36,0.3886
ENT-003431,DEVICE,Rajasthan,ENT-REF-831621,25,0.1824
ENT-003432,PHONE,Bihar,ENT-REF-625497,52,0.0051
ENT-003433,ACCOUNT,Tamil Nadu,ENT-REF-725564,24,0.0512
ENT-003434,MERCHANT,West Bengal,ENT-REF-883332,20,0.106
ENT-003435,ACCOUNT,Maharashtra,ENT-REF-639757,13,0.0412
ENT-003436,PHONE,Bihar,ENT-REF-899832,18,0.2223
ENT-003437,DEVICE,Tamil Nadu,ENT-REF-241655,19,0.0448
ENT-003438,ACCOUNT,Tamil Nadu,ENT-REF-834643,28,0.2266
ENT-003439,WALLET,Maharashtra,ENT-REF-520765,11,0.12
ENT-003440,WALLET,Telangana,ENT-REF-380272,74,0.2656
ENT-003441,BENEFICIARY,Maharashtra,ENT-REF-294617,24,0.0786
ENT-003442,ACCOUNT,Karnataka,ENT-REF-729430,69,0.3541
ENT-003443,ACCOUNT,Madhya Pradesh,ENT-REF-252879,37,0.1314
ENT-003444,PHONE,Karnataka,ENT-REF-404886,48,0.2105
ENT-003445,MERCHANT,Karnataka,ENT-REF-706131,22,0.2868
ENT-003446,ACCOUNT,Delhi,ENT-REF-675651,8,0.4547
ENT-003447,MERCHANT,Rajasthan,ENT-REF-284128,14,0.0736
ENT-003448,DEVICE,Tamil Nadu,ENT-REF-822104,11,0.2161
ENT-003449,ACCOUNT,Tamil Nadu,ENT-REF-683196,78,0.2686
ENT-003450,PHONE,West Bengal,ENT-REF-223408,33,0.0707
ENT-003451,PHONE,Telangana,ENT-REF-221177,15,0.1241
ENT-003452,DEVICE,Karnataka,ENT-REF-674007,22,0.0005
ENT-003453,ACCOUNT,Maharashtra,ENT-REF-942217,6,0.2246
ENT-003454,PHONE,Rajasthan,ENT-REF-494858,66,0.3132
ENT-003455,BENEFICIARY,Madhya Pradesh,ENT-REF-440161,47,0.2759
ENT-003456,PHONE,Rajasthan,ENT-REF-617564,1,0.0851
ENT-003457,ACCOUNT,Karnataka,ENT-REF-187698,66,0.1527
ENT-003458,WALLET,Telangana,ENT-REF-817100,74,0.0958
ENT-003459,ACCOUNT,West Bengal,ENT-REF-971528,8,0.0582
ENT-003460,ACCOUNT,Bihar,ENT-REF-749045,26,0.0268
ENT-003461,DEVICE,Tamil Nadu,ENT-REF-296775,27,0.159
ENT-003462,ACCOUNT,Delhi,ENT-REF-555851,39,0.0315
ENT-003463,PHONE,Tamil Nadu,ENT-REF-188182,37,0.2242
ENT-003464,ACCOUNT,Madhya Pradesh,ENT-REF-141783,55,0.1147
ENT-003465,DEVICE,Bihar,ENT-REF-658855,5,0.5321
ENT-003466,ACCOUNT,Madhya Pradesh,ENT-REF-227369,50,0.0906
ENT-003467,ACCOUNT,Delhi,ENT-REF-371522,15,0.0699
ENT-003468,DEVICE,West Bengal,ENT-REF-690614,58,0.0758
ENT-003469,DEVICE,Tamil Nadu,ENT-REF-791720,3,0.3258
ENT-003470,WALLET,Maharashtra,ENT-REF-958478,30,0.0364
ENT-003471,ACCOUNT,Bihar,ENT-REF-177071,71,0.1215
ENT-003472,BENEFICIARY,Maharashtra,ENT-REF-415591,1,0.3157
ENT-003473,DEVICE,Karnataka,ENT-REF-581161,66,0.3182
ENT-003474,ACCOUNT,Tamil Nadu,ENT-REF-294510,59,0.3454
ENT-003475,PHONE,Karnataka,ENT-REF-266018,73,0.3841
ENT-003476,ACCOUNT,Uttar Pradesh,ENT-REF-660213,21,0.2223
ENT-003477,MERCHANT,Tamil Nadu,ENT-REF-304685,6,0.0364
ENT-003478,DEVICE,Maharashtra,ENT-REF-387750,14,0.0043
ENT-003479,ACCOUNT,Delhi,ENT-REF-780874,72,0.0794
ENT-003480,ACCOUNT,Uttar Pradesh,ENT-REF-442389,1,0.1763
ENT-003481,BENEFICIARY,Rajasthan,ENT-REF-160089,4,0.0274
ENT-003482,DEVICE,Karnataka,ENT-REF-460128,51,0.2918
ENT-003483,ACCOUNT,Maharashtra,ENT-REF-944464,52,0.3091
ENT-003484,ACCOUNT,Bihar,ENT-REF-819326,78,0.1529
ENT-003485,DEVICE,Bihar,ENT-REF-398826,41,0.1182
ENT-003486,MERCHANT,Rajasthan,ENT-REF-885762,19,0.0785
ENT-003487,DEVICE,Uttar Pradesh,ENT-REF-412892,75,0.0515
ENT-003488,PHONE,Tamil Nadu,ENT-REF-760787,9,0.1426
ENT-003489,ACCOUNT,West Bengal,ENT-REF-744943,14,0.0144
ENT-003490,ACCOUNT,Tamil Nadu,ENT-REF-368161,67,0.0241
ENT-003491,ACCOUNT,Uttar Pradesh,ENT-REF-755230,70,0.3727
ENT-003492,PHONE,Uttar Pradesh,ENT-REF-758213,65,0.3254
ENT-003493,DEVICE,Bihar,ENT-REF-239395,47,0.1462
ENT-003494,BENEFICIARY,Telangana,ENT-REF-726487,76,0.2511
ENT-003495,PHONE,Telangana,ENT-REF-359843,58,0.1933
ENT-003496,ACCOUNT,Telangana,ENT-REF-982759,49,0.317
ENT-003497,DEVICE,Karnataka,ENT-REF-650172,26,0.013
ENT-003498,ACCOUNT,Delhi,ENT-REF-841121,27,0.0764
ENT-003499,MERCHANT,Madhya Pradesh,ENT-REF-547575,29,0.231
ENT-003500,ACCOUNT,Tamil Nadu,ENT-REF-686482,52,0.2467
ENT-003501,DEVICE,Bihar,ENT-REF-906005,34,0.0716
ENT-003502,ACCOUNT,Maharashtra,ENT-REF-979265,13,0.2473
ENT-003503,MERCHANT,Delhi,ENT-REF-776893,8,0.5474
ENT-003504,BENEFICIARY,Karnataka,ENT-REF-203308,52,0.0699
ENT-003505,ACCOUNT,Rajasthan,ENT-REF-236996,59,0.374
ENT-003506,PHONE,Uttar Pradesh,ENT-REF-850192,10,0.3079
ENT-003507,WALLET,Maharashtra,ENT-REF-444315,29,0.2219
ENT-003508,DEVICE,Tamil Nadu,ENT-REF-772544,38,0.0729
ENT-003509,PHONE,Maharashtra,ENT-REF-139230,25,0.1769
ENT-003510,PHONE,Telangana,ENT-REF-977501,14,0.1014
ENT-003511,DEVICE,Delhi,ENT-REF-892512,50,0.1418
ENT-003512,PHONE,West Bengal,ENT-REF-479682,67,0.2178
ENT-003513,PHONE,West Bengal,ENT-REF-711881,21,0.0072
ENT-003514,ACCOUNT,Uttar Pradesh,ENT-REF-175712,69,0.129
ENT-003515,PHONE,Delhi,ENT-REF-602314,69,0.1072
ENT-003516,BENEFICIARY,Delhi,ENT-REF-527520,42,0.2651
ENT-003517,PHONE,Telangana,ENT-REF-342443,46,0.302
ENT-003518,DEVICE,Delhi,ENT-REF-273721,13,0.168
ENT-003519,PHONE,Karnataka,ENT-REF-872211,49,0.0603
ENT-003520,DEVICE,Tamil Nadu,ENT-REF-912141,10,0.0489
ENT-003521,MERCHANT,Uttar Pradesh,ENT-REF-757016,44,0.0335
ENT-003522,DEVICE,Rajasthan,ENT-REF-388927,47,0.1973
ENT-003523,BENEFICIARY,Delhi,ENT-REF-275580,55,0.1961
ENT-003524,PHONE,West Bengal,ENT-REF-466154,45,0.159
ENT-003525,BENEFICIARY,Uttar Pradesh,ENT-REF-282463,17,0.059
ENT-003526,ACCOUNT,Delhi,ENT-REF-340794,10,0.1654
ENT-003527,ACCOUNT,Delhi,ENT-REF-790893,67,0.1049
ENT-003528,MERCHANT,Telangana,ENT-REF-607234,43,0.3703
ENT-003529,ACCOUNT,Telangana,ENT-REF-331310,47,0.1408
ENT-003530,MERCHANT,West Bengal,ENT-REF-678491,31,0.0612
ENT-003531,WALLET,Bihar,ENT-REF-950225,47,0.3396
ENT-003532,BENEFICIARY,Uttar Pradesh,ENT-REF-825272,54,0.3379
ENT-003533,BENEFICIARY,Karnataka,ENT-REF-400615,59,0.2025
ENT-003534,DEVICE,Delhi,ENT-REF-698401,21,0.1574
ENT-003535,BENEFICIARY,Delhi,ENT-REF-915220,67,0.2546
ENT-003536,BENEFICIARY,Tamil Nadu,ENT-REF-119817,60,0.3061
ENT-003537,DEVICE,Bihar,ENT-REF-668086,41,0.0737
ENT-003538,PHONE,Karnataka,ENT-REF-160118,41,0.2493
ENT-003539,DEVICE,Tamil Nadu,ENT-REF-745618,18,0.4219
ENT-003540,ACCOUNT,Karnataka,ENT-REF-648610,36,0.1569
ENT-003541,DEVICE,Delhi,ENT-REF-218557,40,0.0202
ENT-003542,DEVICE,Rajasthan,ENT-REF-772966,24,0.1995
ENT-003543,PHONE,Rajasthan,ENT-REF-198848,8,0.1809
ENT-003544,PHONE,Uttar Pradesh,ENT-REF-847573,60,0.1301
ENT-003545,PHONE,Maharashtra,ENT-REF-596444,47,0.1481
ENT-003546,ACCOUNT,Delhi,ENT-REF-126554,10,0.2485
ENT-003547,MERCHANT,Delhi,ENT-REF-200454,13,0.1839
ENT-003548,MERCHANT,West Bengal,ENT-REF-211457,57,0.1409
ENT-003549,ACCOUNT,Rajasthan,ENT-REF-895787,25,0.0528
ENT-003550,DEVICE,Telangana,ENT-REF-711751,75,0.2578
ENT-003551,PHONE,Maharashtra,ENT-REF-465557,3,0.0791
ENT-003552,DEVICE,Madhya Pradesh,ENT-REF-742868,11,0.203
ENT-003553,ACCOUNT,Tamil Nadu,ENT-REF-313200,16,0.1525
ENT-003554,WALLET,Telangana,ENT-REF-334257,35,0.1612
ENT-003555,ACCOUNT,Bihar,ENT-REF-230831,69,0.1746
ENT-003556,ACCOUNT,Rajasthan,ENT-REF-432768,44,0.0358
ENT-003557,PHONE,Rajasthan,ENT-REF-423344,16,0.0811
ENT-003558,BENEFICIARY,Rajasthan,ENT-REF-318758,72,0.1673
ENT-003559,BENEFICIARY,Maharashtra,ENT-REF-207344,32,0.1503
ENT-003560,BENEFICIARY,Tamil Nadu,ENT-REF-247212,6,0.0361
ENT-003561,BENEFICIARY,Bihar,ENT-REF-115894,8,0.0139
ENT-003562,DEVICE,Tamil Nadu,ENT-REF-780252,45,0.2003
ENT-003563,BENEFICIARY,Telangana,ENT-REF-667898,78,0.091
ENT-003564,ACCOUNT,Rajasthan,ENT-REF-640768,75,0.2142
ENT-003565,BENEFICIARY,Bihar,ENT-REF-550230,31,0.2314
ENT-003566,PHONE,Karnataka,ENT-REF-824896,15,0.5099
ENT-003567,DEVICE,Delhi,ENT-REF-624716,58,0.0602
ENT-003568,ACCOUNT,Bihar,ENT-REF-371380,79,0.2403
ENT-003569,ACCOUNT,Uttar Pradesh,ENT-REF-171836,52,0.2479
ENT-003570,BENEFICIARY,Madhya Pradesh,ENT-REF-899476,15,0.271
ENT-003571,PHONE,Karnataka,ENT-REF-743672,31,0.1159
ENT-003572,PHONE,Maharashtra,ENT-REF-960354,54,0.0374
ENT-003573,WALLET,Maharashtra,ENT-REF-500785,36,0.0769
ENT-003574,BENEFICIARY,Karnataka,ENT-REF-366938,59,0.1261
ENT-003575,ACCOUNT,Madhya Pradesh,ENT-REF-219638,35,0.1715
ENT-003576,WALLET,Uttar Pradesh,ENT-REF-916655,65,0.2336
ENT-003577,ACCOUNT,Uttar Pradesh,ENT-REF-180376,11,0.417
ENT-003578,PHONE,West Bengal,ENT-REF-660616,68,0.099
ENT-003579,ACCOUNT,Telangana,ENT-REF-861800,50,0.1518
ENT-003580,ACCOUNT,Telangana,ENT-REF-220972,31,0.1572
ENT-003581,BENEFICIARY,Delhi,ENT-REF-924140,55,0.2973
ENT-003582,ACCOUNT,Madhya Pradesh,ENT-REF-882999,12,0.0552
ENT-003583,ACCOUNT,Madhya Pradesh,ENT-REF-607224,10,0.4121
ENT-003584,ACCOUNT,Karnataka,ENT-REF-975697,78,0.1517
ENT-003585,PHONE,Tamil Nadu,ENT-REF-106825,73,0.0969
ENT-003586,ACCOUNT,Uttar Pradesh,ENT-REF-885569,51,0.3233
ENT-003587,ACCOUNT,Uttar Pradesh,ENT-REF-867088,30,0.0955
ENT-003588,WALLET,West Bengal,ENT-REF-882937,1,0.2456
ENT-003589,BENEFICIARY,Telangana,ENT-REF-727889,3,0.0316
ENT-003590,DEVICE,Madhya Pradesh,ENT-REF-885448,72,0.0692
ENT-003591,BENEFICIARY,West Bengal,ENT-REF-487318,72,0.2039
ENT-003592,BENEFICIARY,Maharashtra,ENT-REF-923882,35,0.2401
ENT-003593,PHONE,Maharashtra,ENT-REF-724805,26,0.0716
ENT-003594,DEVICE,Bihar,ENT-REF-734065,21,0.2149
ENT-003595,PHONE,Delhi,ENT-REF-701486,44,0.2795
ENT-003596,ACCOUNT,Rajasthan,ENT-REF-838987,4,0.2802
ENT-003597,BENEFICIARY,Delhi,ENT-REF-237743,53,0.0728
ENT-003598,BENEFICIARY,Telangana,ENT-REF-548649,32,0.207
ENT-003599,ACCOUNT,Karnataka,ENT-REF-798762,6,0.2939
ENT-003600,MERCHANT,Uttar Pradesh,ENT-REF-820378,13,0.4986
ENT-003601,PHONE,Rajasthan,ENT-REF-885560,74,0.0878
ENT-003602,ACCOUNT,Maharashtra,ENT-REF-270061,45,0.0801
ENT-003603,BENEFICIARY,Rajasthan,ENT-REF-920083,27,0.3921
ENT-003604,WALLET,West Bengal,ENT-REF-509148,71,0.0341
ENT-003605,ACCOUNT,Karnataka,ENT-REF-205126,55,0.124
ENT-003606,ACCOUNT,West Bengal,ENT-REF-994330,69,0.1768
ENT-003607,ACCOUNT,Delhi,ENT-REF-699223,65,0.2315
ENT-003608,ACCOUNT,Delhi,ENT-REF-567966,46,0.1428
ENT-003609,BENEFICIARY,Bihar,ENT-REF-253041,37,0.1406
ENT-003610,MERCHANT,West Bengal,ENT-REF-146417,70,0.0705
ENT-003611,ACCOUNT,Rajasthan,ENT-REF-261987,1,0.0337
ENT-003612,PHONE,Tamil Nadu,ENT-REF-158651,1,0.3044
ENT-003613,PHONE,Karnataka,ENT-REF-685221,49,0.2139
ENT-003614,DEVICE,Delhi,ENT-REF-712927,75,0.1647
ENT-003615,DEVICE,Karnataka,ENT-REF-636619,68,0.0509
ENT-003616,PHONE,Uttar Pradesh,ENT-REF-719651,41,0.2777
ENT-003617,PHONE,Delhi,ENT-REF-936439,55,0.2723
ENT-003618,WALLET,Madhya Pradesh,ENT-REF-604367,66,0.2706
ENT-003619,ACCOUNT,Delhi,ENT-REF-173786,9,0.0378
ENT-003620,PHONE,Maharashtra,ENT-REF-380086,65,0.0685
ENT-003621,ACCOUNT,Tamil Nadu,ENT-REF-466985,24,0.2294
ENT-003622,PHONE,Uttar Pradesh,ENT-REF-925711,27,0.2453
ENT-003623,PHONE,Delhi,ENT-REF-368225,35,0.007
ENT-003624,ACCOUNT,Tamil Nadu,ENT-REF-897299,31,0.0083
ENT-003625,ACCOUNT,Rajasthan,ENT-REF-142522,30,0.3957
ENT-003626,ACCOUNT,Delhi,ENT-REF-861330,72,0.0423
ENT-003627,MERCHANT,Telangana,ENT-REF-712193,23,0.0566
ENT-003628,DEVICE,West Bengal,ENT-REF-748112,73,0.2172
ENT-003629,PHONE,Madhya Pradesh,ENT-REF-493566,19,0.0913
ENT-003630,DEVICE,Tamil Nadu,ENT-REF-120261,42,0.1555
ENT-003631,BENEFICIARY,Maharashtra,ENT-REF-859458,17,0.2464
ENT-003632,ACCOUNT,Madhya Pradesh,ENT-REF-977272,6,0.0685
ENT-003633,ACCOUNT,Delhi,ENT-REF-352465,56,0.2899
ENT-003634,PHONE,Karnataka,ENT-REF-437778,42,0.4308
ENT-003635,PHONE,Bihar,ENT-REF-391946,21,0.1054
ENT-003636,WALLET,Karnataka,ENT-REF-563796,13,0.2115
ENT-003637,ACCOUNT,Karnataka,ENT-REF-779007,9,0.0682
ENT-003638,BENEFICIARY,West Bengal,ENT-REF-925704,8,0.078
ENT-003639,BENEFICIARY,Karnataka,ENT-REF-276890,26,0.0378
ENT-003640,ACCOUNT,Tamil Nadu,ENT-REF-307613,1,0.0679
ENT-003641,PHONE,Karnataka,ENT-REF-137750,51,0.0646
ENT-003642,ACCOUNT,Uttar Pradesh,ENT-REF-264945,71,0.1722
ENT-003643,PHONE,Madhya Pradesh,ENT-REF-503587,34,0.2388
ENT-003644,PHONE,Madhya Pradesh,ENT-REF-604728,54,0.2243
ENT-003645,WALLET,Tamil Nadu,ENT-REF-449795,18,0.1982
ENT-003646,MERCHANT,Madhya Pradesh,ENT-REF-928765,78,0.0684
ENT-003647,DEVICE,West Bengal,ENT-REF-597123,10,0.0523
ENT-003648,ACCOUNT,Rajasthan,ENT-REF-354203,47,0.0549
ENT-003649,ACCOUNT,Maharashtra,ENT-REF-729607,14,0.1133
ENT-003650,BENEFICIARY,West Bengal,ENT-REF-180894,12,0.4183
ENT-003651,PHONE,Maharashtra,ENT-REF-956416,3,0.2465
ENT-003652,MERCHANT,Madhya Pradesh,ENT-REF-113975,66,0.0494
ENT-003653,PHONE,Madhya Pradesh,ENT-REF-769954,28,0.1622
ENT-003654,DEVICE,Maharashtra,ENT-REF-957082,12,0.0485
ENT-003655,PHONE,West Bengal,ENT-REF-516451,79,0.1411
ENT-003656,ACCOUNT,Madhya Pradesh,ENT-REF-235804,8,0.2365
ENT-003657,DEVICE,West Bengal,ENT-REF-171474,19,0.1368
ENT-003658,PHONE,Maharashtra,ENT-REF-643509,31,0.0523
ENT-003659,WALLET,Uttar Pradesh,ENT-REF-908378,50,0.1374
ENT-003660,BENEFICIARY,Bihar,ENT-REF-946896,77,0.0374
ENT-003661,ACCOUNT,Karnataka,ENT-REF-264667,17,0.3759
ENT-003662,MERCHANT,Bihar,ENT-REF-576587,6,0.1496
ENT-003663,PHONE,Telangana,ENT-REF-194529,45,0.2767
ENT-003664,BENEFICIARY,Madhya Pradesh,ENT-REF-410584,53,0.1909
ENT-003665,DEVICE,Uttar Pradesh,ENT-REF-749306,58,0.1809
ENT-003666,ACCOUNT,West Bengal,ENT-REF-939220,31,0.4143
ENT-003667,PHONE,Madhya Pradesh,ENT-REF-384221,73,0.0488
ENT-003668,WALLET,Bihar,ENT-REF-261495,49,0.359
ENT-003669,PHONE,Bihar,ENT-REF-928870,22,0.2435
ENT-003670,DEVICE,Maharashtra,ENT-REF-772231,19,0.4455
ENT-003671,PHONE,Uttar Pradesh,ENT-REF-333198,66,0.1167
ENT-003672,WALLET,Uttar Pradesh,ENT-REF-860844,71,0.3813
ENT-003673,DEVICE,Rajasthan,ENT-REF-578951,50,0.0199
ENT-003674,WALLET,Bihar,ENT-REF-707501,12,0.052
ENT-003675,DEVICE,West Bengal,ENT-REF-584185,67,0.3393
ENT-003676,WALLET,Maharashtra,ENT-REF-169698,10,0.2724
ENT-003677,ACCOUNT,Delhi,ENT-REF-868876,74,0.2123
ENT-003678,DEVICE,Maharashtra,ENT-REF-933135,72,0.2004
ENT-003679,ACCOUNT,Uttar Pradesh,ENT-REF-260129,5,0.4097
ENT-003680,ACCOUNT,Madhya Pradesh,ENT-REF-294453,54,0.2291
ENT-003681,BENEFICIARY,Madhya Pradesh,ENT-REF-938316,44,0.1844
ENT-003682,PHONE,Uttar Pradesh,ENT-REF-476683,67,0.2862
ENT-003683,PHONE,Telangana,ENT-REF-472285,58,0.2124
ENT-003684,ACCOUNT,Karnataka,ENT-REF-353989,77,0.1407
ENT-003685,ACCOUNT,Telangana,ENT-REF-520500,14,0.1609
ENT-003686,DEVICE,Rajasthan,ENT-REF-766898,27,0.2175
ENT-003687,BENEFICIARY,Uttar Pradesh,ENT-REF-540190,67,0.1726
ENT-003688,PHONE,Rajasthan,ENT-REF-272748,38,0.1398
ENT-003689,BENEFICIARY,Telangana,ENT-REF-980004,73,0.0583
ENT-003690,BENEFICIARY,Telangana,ENT-REF-537720,59,0.1361
ENT-003691,ACCOUNT,Rajasthan,ENT-REF-556734,35,0.1402
ENT-003692,MERCHANT,West Bengal,ENT-REF-849500,60,0.1733
ENT-003693,ACCOUNT,Maharashtra,ENT-REF-396691,10,0.0319
ENT-003694,ACCOUNT,Uttar Pradesh,ENT-REF-689264,1,0.0807
ENT-003695,BENEFICIARY,Bihar,ENT-REF-267253,25,0.2566
ENT-003696,PHONE,Maharashtra,ENT-REF-464900,17,0.0446
ENT-003697,WALLET,Delhi,ENT-REF-670126,8,0.207
ENT-003698,ACCOUNT,Tamil Nadu,ENT-REF-931540,37,0.1875
ENT-003699,BENEFICIARY,Telangana,ENT-REF-311956,17,0.2034
ENT-003700,ACCOUNT,Uttar Pradesh,ENT-REF-374927,30,0.0559
ENT-003701,ACCOUNT,Telangana,ENT-REF-756629,14,0.1149
ENT-003702,ACCOUNT,West Bengal,ENT-REF-304058,19,0.4814
ENT-003703,WALLET,West Bengal,ENT-REF-866146,65,0.0694
ENT-003704,DEVICE,Tamil Nadu,ENT-REF-972698,33,0.0173
ENT-003705,DEVICE,Maharashtra,ENT-REF-386038,6,0.0782
ENT-003706,DEVICE,West Bengal,ENT-REF-128305,51,0.2099
ENT-003707,ACCOUNT,Delhi,ENT-REF-475178,45,0.0623
ENT-003708,ACCOUNT,Uttar Pradesh,ENT-REF-441358,4,0.0659
ENT-003709,PHONE,Delhi,ENT-REF-685881,38,0.0185
ENT-003710,BENEFICIARY,Rajasthan,ENT-REF-268685,7,0.4644
ENT-003711,WALLET,Bihar,ENT-REF-772769,2,0.0766
ENT-003712,MERCHANT,Rajasthan,ENT-REF-403770,47,0.0114
ENT-003713,WALLET,Rajasthan,ENT-REF-916765,45,0.0595
ENT-003714,ACCOUNT,Madhya Pradesh,ENT-REF-345390,73,0.0732
ENT-003715,BENEFICIARY,Uttar Pradesh,ENT-REF-193617,5,0.1105
ENT-003716,DEVICE,Uttar Pradesh,ENT-REF-156202,46,0.4884
ENT-003717,BENEFICIARY,Bihar,ENT-REF-970639,48,0.1185
ENT-003718,WALLET,Madhya Pradesh,ENT-REF-703364,18,0.0836
ENT-003719,ACCOUNT,Karnataka,ENT-REF-698202,72,0.4661
ENT-003720,PHONE,Delhi,ENT-REF-419399,48,0.3233
ENT-003721,DEVICE,Rajasthan,ENT-REF-519177,24,0.3055
ENT-003722,WALLET,West Bengal,ENT-REF-252411,4,0.0262
ENT-003723,PHONE,Tamil Nadu,ENT-REF-440665,3,0.0329
ENT-003724,PHONE,Telangana,ENT-REF-962673,55,0.0298
ENT-003725,DEVICE,Telangana,ENT-REF-328506,4,0.2112
ENT-003726,ACCOUNT,Rajasthan,ENT-REF-345813,48,0.1275
ENT-003727,ACCOUNT,Uttar Pradesh,ENT-REF-978366,37,0.1946
ENT-003728,ACCOUNT,Rajasthan,ENT-REF-139560,56,0.0579
ENT-003729,ACCOUNT,Telangana,ENT-REF-351204,25,0.0979
ENT-003730,ACCOUNT,Delhi,ENT-REF-177506,27,0.3652
ENT-003731,BENEFICIARY,Bihar,ENT-REF-453506,53,0.0935
ENT-003732,DEVICE,Bihar,ENT-REF-482506,68,0.0426
ENT-003733,DEVICE,Karnataka,ENT-REF-368925,35,0.2812
ENT-003734,PHONE,Rajasthan,ENT-REF-474677,14,0.2155
ENT-003735,ACCOUNT,Bihar,ENT-REF-851664,58,0.2619
ENT-003736,MERCHANT,Tamil Nadu,ENT-REF-711154,53,0.3171
ENT-003737,PHONE,Madhya Pradesh,ENT-REF-405420,28,0.4296
ENT-003738,ACCOUNT,Telangana,ENT-REF-893196,69,0.3269
ENT-003739,PHONE,Rajasthan,ENT-REF-390685,42,0.2102
ENT-003740,MERCHANT,Delhi,ENT-REF-223405,26,0.0363
ENT-003741,ACCOUNT,Karnataka,ENT-REF-291833,6,0.3461
ENT-003742,ACCOUNT,Tamil Nadu,ENT-REF-834143,16,0.0087
ENT-003743,ACCOUNT,Telangana,ENT-REF-978117,57,0.1121
ENT-003744,ACCOUNT,Rajasthan,ENT-REF-737337,10,0.1371
ENT-003745,ACCOUNT,Tamil Nadu,ENT-REF-823803,31,0.0048
ENT-003746,ACCOUNT,Madhya Pradesh,ENT-REF-745029,27,0.2642
ENT-003747,WALLET,Telangana,ENT-REF-720552,32,0.1756
ENT-003748,ACCOUNT,Karnataka,ENT-REF-325475,59,0.3852
ENT-003749,ACCOUNT,Telangana,ENT-REF-647706,72,0.1349
ENT-003750,ACCOUNT,Rajasthan,ENT-REF-103866,67,0.3293
ENT-003751,BENEFICIARY,Bihar,ENT-REF-111377,66,0.1242
ENT-003752,DEVICE,Delhi,ENT-REF-397514,11,0.1015
ENT-003753,ACCOUNT,Tamil Nadu,ENT-REF-668261,31,0.0955
ENT-003754,ACCOUNT,Delhi,ENT-REF-850975,20,0.2522
ENT-003755,BENEFICIARY,Karnataka,ENT-REF-805092,77,0.1055
ENT-003756,ACCOUNT,Madhya Pradesh,ENT-REF-588144,20,0.2848
ENT-003757,ACCOUNT,Delhi,ENT-REF-205967,42,0.2893
ENT-003758,DEVICE,Madhya Pradesh,ENT-REF-266522,70,0.2067
ENT-003759,ACCOUNT,Maharashtra,ENT-REF-833775,72,0.1781
ENT-003760,ACCOUNT,Uttar Pradesh,ENT-REF-572238,33,0.2501
ENT-003761,ACCOUNT,Telangana,ENT-REF-420741,33,0.1457
ENT-003762,BENEFICIARY,Rajasthan,ENT-REF-358775,37,0.0245
ENT-003763,DEVICE,Uttar Pradesh,ENT-REF-168712,79,0.1549
ENT-003764,ACCOUNT,Karnataka,ENT-REF-336086,49,0.2241
ENT-003765,PHONE,Uttar Pradesh,ENT-REF-885958,12,0.1279
ENT-003766,BENEFICIARY,Uttar Pradesh,ENT-REF-284021,66,0.1959
ENT-003767,WALLET,Delhi,ENT-REF-961683,17,0.1472
ENT-003768,ACCOUNT,Tamil Nadu,ENT-REF-952813,52,0.2329
ENT-003769,DEVICE,Karnataka,ENT-REF-120572,9,0.3826
ENT-003770,PHONE,Madhya Pradesh,ENT-REF-358281,58,0.074
ENT-003771,ACCOUNT,Maharashtra,ENT-REF-993581,73,0.1329
ENT-003772,WALLET,Delhi,ENT-REF-906543,46,0.1905
ENT-003773,WALLET,Maharashtra,ENT-REF-365773,48,0.3333
ENT-003774,ACCOUNT,Bihar,ENT-REF-535773,39,0.161
ENT-003775,PHONE,Rajasthan,ENT-REF-233461,77,0.0959
ENT-003776,PHONE,Madhya Pradesh,ENT-REF-295285,58,0.3869
ENT-003777,DEVICE,Bihar,ENT-REF-259448,30,0.1143
ENT-003778,WALLET,Delhi,ENT-REF-154852,27,0.3211
ENT-003779,ACCOUNT,Maharashtra,ENT-REF-125966,38,0.2455
ENT-003780,DEVICE,Telangana,ENT-REF-696982,50,0.0316
ENT-003781,WALLET,West Bengal,ENT-REF-197881,14,0.2305
ENT-003782,MERCHANT,West Bengal,ENT-REF-484446,53,0.1173
ENT-003783,PHONE,Tamil Nadu,ENT-REF-807978,76,0.1274
ENT-003784,ACCOUNT,Telangana,ENT-REF-205989,43,0.064
ENT-003785,PHONE,Karnataka,ENT-REF-832429,25,0.1415
ENT-003786,DEVICE,Telangana,ENT-REF-884987,70,0.157
ENT-003787,ACCOUNT,West Bengal,ENT-REF-963086,51,0.1535
ENT-003788,ACCOUNT,Rajasthan,ENT-REF-613082,3,0.3929
ENT-003789,PHONE,Uttar Pradesh,ENT-REF-881995,16,0.1705
ENT-003790,PHONE,Rajasthan,ENT-REF-871383,75,0.1618
ENT-003791,WALLET,Madhya Pradesh,ENT-REF-382837,49,0.1825
ENT-003792,PHONE,Maharashtra,ENT-REF-914556,76,0.0298
ENT-003793,BENEFICIARY,Madhya Pradesh,ENT-REF-918328,11,0.1498
ENT-003794,DEVICE,Maharashtra,ENT-REF-518964,62,0.1967
ENT-003795,MERCHANT,Uttar Pradesh,ENT-REF-409539,51,0.1488
ENT-003796,DEVICE,Tamil Nadu,ENT-REF-247477,56,0.0624
ENT-003797,PHONE,Tamil Nadu,ENT-REF-344918,52,0.2511
ENT-003798,DEVICE,Tamil Nadu,ENT-REF-312154,34,0.1054
ENT-003799,PHONE,Uttar Pradesh,ENT-REF-487163,42,0.1784
ENT-003800,WALLET,Delhi,ENT-REF-287239,39,0.064
ENT-003801,WALLET,Karnataka,ENT-REF-500226,65,0.1997
ENT-003802,ACCOUNT,Telangana,ENT-REF-635374,36,0.0563
ENT-003803,ACCOUNT,Karnataka,ENT-REF-985423,45,0.174
ENT-003804,WALLET,Tamil Nadu,ENT-REF-787766,33,0.2772
ENT-003805,ACCOUNT,Delhi,ENT-REF-240965,78,0.254
ENT-003806,MERCHANT,Tamil Nadu,ENT-REF-105262,40,0.001
ENT-003807,PHONE,Karnataka,ENT-REF-666984,32,0.0977
ENT-003808,DEVICE,Tamil Nadu,ENT-REF-205042,27,0.241
ENT-003809,WALLET,West Bengal,ENT-REF-287883,15,0.1169
ENT-003810,MERCHANT,Bihar,ENT-REF-625527,44,0.1888
ENT-003811,ACCOUNT,Bihar,ENT-REF-651526,24,0.2158
ENT-003812,PHONE,Telangana,ENT-REF-186426,78,0.0841
ENT-003813,WALLET,West Bengal,ENT-REF-489062,1,0.0067
ENT-003814,ACCOUNT,Madhya Pradesh,ENT-REF-889196,51,0.1837
ENT-003815,ACCOUNT,Uttar Pradesh,ENT-REF-521695,5,0.2102
ENT-003816,ACCOUNT,Tamil Nadu,ENT-REF-920282,39,0.2295
ENT-003817,DEVICE,Uttar Pradesh,ENT-REF-796959,6,0.0755
ENT-003818,WALLET,Rajasthan,ENT-REF-430255,44,0.0241
ENT-003819,DEVICE,Bihar,ENT-REF-279613,41,0.1291
ENT-003820,ACCOUNT,Maharashtra,ENT-REF-610801,30,0.0946
ENT-003821,ACCOUNT,Karnataka,ENT-REF-572058,61,0.1851
ENT-003822,ACCOUNT,Madhya Pradesh,ENT-REF-935642,11,0.164
ENT-003823,PHONE,Tamil Nadu,ENT-REF-868516,52,0.1906
ENT-003824,MERCHANT,Rajasthan,ENT-REF-928065,2,0.0527
ENT-003825,BENEFICIARY,Bihar,ENT-REF-236524,32,0.3014
ENT-003826,ACCOUNT,Bihar,ENT-REF-167334,75,0.1771
ENT-003827,MERCHANT,Madhya Pradesh,ENT-REF-635086,25,0.3565
ENT-003828,BENEFICIARY,Maharashtra,ENT-REF-614976,10,0.0773
ENT-003829,MERCHANT,Tamil Nadu,ENT-REF-714461,78,0.4168
ENT-003830,DEVICE,Uttar Pradesh,ENT-REF-419762,41,0.061
ENT-003831,PHONE,West Bengal,ENT-REF-765513,8,0.1753
ENT-003832,WALLET,Karnataka,ENT-REF-815254,38,0.099
ENT-003833,WALLET,Rajasthan,ENT-REF-252894,67,0.1054
ENT-003834,DEVICE,Telangana,ENT-REF-222061,50,0.209
ENT-003835,BENEFICIARY,Maharashtra,ENT-REF-240863,53,0.0246
ENT-003836,BENEFICIARY,Tamil Nadu,ENT-REF-842122,65,0.1835
ENT-003837,PHONE,Bihar,ENT-REF-250962,24,0.1778
ENT-003838,ACCOUNT,West Bengal,ENT-REF-156658,49,0.1601
ENT-003839,ACCOUNT,Madhya Pradesh,ENT-REF-950939,79,0.0437
ENT-003840,ACCOUNT,Karnataka,ENT-REF-781569,36,0.215
ENT-003841,WALLET,West Bengal,ENT-REF-391811,41,0.3637
ENT-003842,MERCHANT,Telangana,ENT-REF-992296,69,0.1279
ENT-003843,DEVICE,West Bengal,ENT-REF-600795,77,0.2545
ENT-003844,MERCHANT,Delhi,ENT-REF-939141,9,0.0293
ENT-003845,ACCOUNT,Telangana,ENT-REF-540415,56,0.2895
ENT-003846,MERCHANT,Tamil Nadu,ENT-REF-427189,63,0.2633
ENT-003847,BENEFICIARY,West Bengal,ENT-REF-783793,47,0.1546
ENT-003848,DEVICE,Uttar Pradesh,ENT-REF-702656,50,0.0363
ENT-003849,ACCOUNT,West Bengal,ENT-REF-279333,67,0.0722
ENT-003850,PHONE,Maharashtra,ENT-REF-400720,63,0.0969
ENT-003851,ACCOUNT,Rajasthan,ENT-REF-895296,26,0.1391
ENT-003852,PHONE,Rajasthan,ENT-REF-749554,17,0.1568
ENT-003853,WALLET,Uttar Pradesh,ENT-REF-556929,51,0.042
ENT-003854,BENEFICIARY,Maharashtra,ENT-REF-736769,9,0.0306
ENT-003855,BENEFICIARY,Telangana,ENT-REF-979713,41,0.1042
ENT-003856,PHONE,Telangana,ENT-REF-212193,14,0.3211
ENT-003857,ACCOUNT,Karnataka,ENT-REF-421880,20,0.0969
ENT-003858,BENEFICIARY,Karnataka,ENT-REF-873836,32,0.3092
ENT-003859,DEVICE,Madhya Pradesh,ENT-REF-269997,22,0.1125
ENT-003860,DEVICE,Karnataka,ENT-REF-297691,53,0.216
ENT-003861,ACCOUNT,West Bengal,ENT-REF-181752,53,0.105
ENT-003862,MERCHANT,Bihar,ENT-REF-345003,33,0.1127
ENT-003863,DEVICE,Karnataka,ENT-REF-849585,65,0.2002
ENT-003864,DEVICE,Rajasthan,ENT-REF-725200,79,0.2592
ENT-003865,ACCOUNT,Madhya Pradesh,ENT-REF-973764,28,0.1604
ENT-003866,BENEFICIARY,Maharashtra,ENT-REF-609150,30,0.1745
ENT-003867,ACCOUNT,Bihar,ENT-REF-738786,48,0.0515
ENT-003868,DEVICE,Rajasthan,ENT-REF-576625,66,0.0638
ENT-003869,ACCOUNT,Uttar Pradesh,ENT-REF-552634,75,0.0399
ENT-003870,MERCHANT,Karnataka,ENT-REF-818343,48,0.2213
ENT-003871,PHONE,Tamil Nadu,ENT-REF-493730,45,0.1658
ENT-003872,BENEFICIARY,West Bengal,ENT-REF-824217,61,0.4268
ENT-003873,BENEFICIARY,Uttar Pradesh,ENT-REF-603671,33,0.0433
ENT-003874,ACCOUNT,Rajasthan,ENT-REF-389827,31,0.084
ENT-003875,DEVICE,West Bengal,ENT-REF-196810,29,0.0828
ENT-003876,DEVICE,West Bengal,ENT-REF-548765,60,0.0385
ENT-003877,PHONE,Madhya Pradesh,ENT-REF-413851,76,0.086
ENT-003878,ACCOUNT,Karnataka,ENT-REF-807550,44,0.1189
ENT-003879,DEVICE,Tamil Nadu,ENT-REF-347204,79,0.1684
ENT-003880,BENEFICIARY,Uttar Pradesh,ENT-REF-201421,8,0.1346
ENT-003881,PHONE,Karnataka,ENT-REF-593410,67,0.2969
ENT-003882,WALLET,Karnataka,ENT-REF-175252,6,0.0993
ENT-003883,PHONE,Rajasthan,ENT-REF-380576,46,0.1463
ENT-003884,DEVICE,Rajasthan,ENT-REF-332452,37,0.0936
ENT-003885,DEVICE,Uttar Pradesh,ENT-REF-835008,29,0.32
ENT-003886,PHONE,Rajasthan,ENT-REF-474399,59,0.2101
ENT-003887,DEVICE,West Bengal,ENT-REF-888774,12,0.0984
ENT-003888,WALLET,Rajasthan,ENT-REF-792072,14,0.0534
ENT-003889,WALLET,Maharashtra,ENT-REF-924438,69,0.1492
ENT-003890,BENEFICIARY,West Bengal,ENT-REF-783349,30,0.132
ENT-003891,MERCHANT,Madhya Pradesh,ENT-REF-710567,29,0.2368
ENT-003892,PHONE,Telangana,ENT-REF-315267,42,0.3396
ENT-003893,PHONE,Tamil Nadu,ENT-REF-305488,68,0.1201
ENT-003894,PHONE,Tamil Nadu,ENT-REF-175540,69,0.1931
ENT-003895,ACCOUNT,Rajasthan,ENT-REF-395718,49,0.1552
ENT-003896,ACCOUNT,Karnataka,ENT-REF-603840,73,0.1601
ENT-003897,MERCHANT,Madhya Pradesh,ENT-REF-711180,19,0.1252
ENT-003898,WALLET,Tamil Nadu,ENT-REF-575706,14,0.5483
ENT-003899,PHONE,Karnataka,ENT-REF-585777,6,0.4198
ENT-003900,ACCOUNT,Tamil Nadu,ENT-REF-301688,73,0.0876
ENT-003901,BENEFICIARY,Rajasthan,ENT-REF-677243,1,0.1538
ENT-003902,ACCOUNT,Tamil Nadu,ENT-REF-606426,12,0.0886
ENT-003903,PHONE,Delhi,ENT-REF-711063,68,0.2134
ENT-003904,ACCOUNT,Delhi,ENT-REF-280688,67,0.2248
ENT-003905,BENEFICIARY,Tamil Nadu,ENT-REF-195304,22,0.1401
ENT-003906,ACCOUNT,Karnataka,ENT-REF-989196,50,0.188
ENT-003907,PHONE,Tamil Nadu,ENT-REF-639151,78,0.3613
ENT-003908,ACCOUNT,Rajasthan,ENT-REF-423218,49,0.375
ENT-003909,BENEFICIARY,West Bengal,ENT-REF-701616,74,0.179
ENT-003910,PHONE,Rajasthan,ENT-REF-431804,9,0.0656
ENT-003911,MERCHANT,Delhi,ENT-REF-241180,28,0.1199
ENT-003912,ACCOUNT,Bihar,ENT-REF-210075,38,0.1761
ENT-003913,ACCOUNT,Telangana,ENT-REF-619755,60,0.1438
ENT-003914,DEVICE,Karnataka,ENT-REF-318678,56,0.0452
ENT-003915,PHONE,Karnataka,ENT-REF-133349,4,0.2025
ENT-003916,BENEFICIARY,Telangana,ENT-REF-248143,37,0.0631
ENT-003917,WALLET,Madhya Pradesh,ENT-REF-124344,15,0.209
ENT-003918,PHONE,Uttar Pradesh,ENT-REF-371712,78,0.1169
ENT-003919,ACCOUNT,Tamil Nadu,ENT-REF-409838,17,0.1141
ENT-003920,MERCHANT,Bihar,ENT-REF-978479,45,0.0446
ENT-003921,ACCOUNT,Madhya Pradesh,ENT-REF-633872,38,0.4295
ENT-003922,ACCOUNT,Bihar,ENT-REF-527349,45,0.1678
ENT-003923,BENEFICIARY,Madhya Pradesh,ENT-REF-679447,71,0.2457
ENT-003924,ACCOUNT,Karnataka,ENT-REF-566140,24,0.201
ENT-003925,PHONE,Maharashtra,ENT-REF-296906,47,0.1338
ENT-003926,ACCOUNT,Rajasthan,ENT-REF-654671,28,0.0822
ENT-003927,PHONE,Rajasthan,ENT-REF-530000,28,0.0862
ENT-003928,PHONE,Uttar Pradesh,ENT-REF-719866,44,0.0377
ENT-003929,PHONE,Uttar Pradesh,ENT-REF-512496,22,0.3554
ENT-003930,MERCHANT,Uttar Pradesh,ENT-REF-740103,34,0.0571
ENT-003931,BENEFICIARY,Bihar,ENT-REF-226144,52,0.2198
ENT-003932,DEVICE,Tamil Nadu,ENT-REF-643601,72,0.0417
ENT-003933,MERCHANT,Bihar,ENT-REF-876058,62,0.1114
ENT-003934,WALLET,Maharashtra,ENT-REF-856718,77,0.4993
ENT-003935,PHONE,West Bengal,ENT-REF-187940,69,0.3031
ENT-003936,ACCOUNT,Rajasthan,ENT-REF-829588,27,0.1047
ENT-003937,ACCOUNT,Karnataka,ENT-REF-649571,68,0.3032
ENT-003938,BENEFICIARY,Uttar Pradesh,ENT-REF-616513,51,0.0527
ENT-003939,MERCHANT,Madhya Pradesh,ENT-REF-182063,77,0.0613
ENT-003940,PHONE,Maharashtra,ENT-REF-506164,32,0.1815
ENT-003941,ACCOUNT,Rajasthan,ENT-REF-613183,64,0.0517
ENT-003942,ACCOUNT,Karnataka,ENT-REF-208757,65,0.079
ENT-003943,PHONE,Rajasthan,ENT-REF-369005,64,0.0135
ENT-003944,MERCHANT,Rajasthan,ENT-REF-630428,23,0.0704
ENT-003945,PHONE,Madhya Pradesh,ENT-REF-310000,43,0.1695
ENT-003946,ACCOUNT,Karnataka,ENT-REF-893262,66,0.1711
ENT-003947,PHONE,Delhi,ENT-REF-800115,12,0.1159
ENT-003948,MERCHANT,Madhya Pradesh,ENT-REF-542241,31,0.2495
ENT-003949,WALLET,Telangana,ENT-REF-383462,74,0.2658
ENT-003950,WALLET,Tamil Nadu,ENT-REF-920124,39,0.106
ENT-003951,WALLET,Karnataka,ENT-REF-530096,40,0.3874
ENT-003952,WALLET,Rajasthan,ENT-REF-590843,36,0.2464
ENT-003953,PHONE,Maharashtra,ENT-REF-219204,63,0.215
ENT-003954,ACCOUNT,Uttar Pradesh,ENT-REF-410282,54,0.257
ENT-003955,PHONE,Delhi,ENT-REF-872359,74,0.3933
ENT-003956,ACCOUNT,Bihar,ENT-REF-920102,54,0.2726
ENT-003957,PHONE,West Bengal,ENT-REF-942358,5,0.0805
ENT-003958,ACCOUNT,Maharashtra,ENT-REF-273337,51,0.1315
ENT-003959,PHONE,Rajasthan,ENT-REF-313204,46,0.0886
ENT-003960,MERCHANT,Telangana,ENT-REF-910515,4,0.3163
ENT-003961,MERCHANT,Madhya Pradesh,ENT-REF-548381,41,0.0158
ENT-003962,PHONE,Uttar Pradesh,ENT-REF-533136,78,0.2185
ENT-003963,PHONE,Rajasthan,ENT-REF-117785,68,0.0507
ENT-003964,PHONE,Bihar,ENT-REF-866264,51,0.0366
ENT-003965,DEVICE,Bihar,ENT-REF-601667,60,0.2819
ENT-003966,WALLET,Delhi,ENT-REF-345745,75,0.2408
ENT-003967,MERCHANT,Rajasthan,ENT-REF-194936,63,0.1406
ENT-003968,ACCOUNT,Bihar,ENT-REF-252772,11,0.2736
ENT-003969,MERCHANT,Rajasthan,ENT-REF-683230,40,0.0619
ENT-003970,ACCOUNT,Tamil Nadu,ENT-REF-925290,39,0.1947
ENT-003971,MERCHANT,Karnataka,ENT-REF-325267,43,0.0712
ENT-003972,ACCOUNT,Delhi,ENT-REF-850277,7,0.3901
ENT-003973,MERCHANT,Madhya Pradesh,ENT-REF-758643,10,0.1182
ENT-003974,PHONE,Uttar Pradesh,ENT-REF-294343,21,0.2116
ENT-003975,ACCOUNT,Telangana,ENT-REF-591223,4,0.3009
ENT-003976,WALLET,Tamil Nadu,ENT-REF-893199,33,0.0692
ENT-003977,BENEFICIARY,Uttar Pradesh,ENT-REF-823758,24,0.6312
ENT-003978,ACCOUNT,Tamil Nadu,ENT-REF-976923,18,0.119
ENT-003979,DEVICE,Telangana,ENT-REF-598547,3,0.1326
ENT-003980,ACCOUNT,Rajasthan,ENT-REF-541683,10,0.1943
ENT-003981,DEVICE,Madhya Pradesh,ENT-REF-996931,39,0.3014
ENT-003982,ACCOUNT,Uttar Pradesh,ENT-REF-966189,5,0.2014
ENT-003983,DEVICE,Karnataka,ENT-REF-406044,70,0.2244
ENT-003984,WALLET,Madhya Pradesh,ENT-REF-596254,19,0.0771
ENT-003985,BENEFICIARY,Tamil Nadu,ENT-REF-767702,27,0.1534
ENT-003986,BENEFICIARY,Uttar Pradesh,ENT-REF-861178,14,0.0741
ENT-003987,PHONE,Maharashtra,ENT-REF-744348,36,0.2207
ENT-003988,ACCOUNT,Delhi,ENT-REF-105956,53,0.2907
ENT-003989,BENEFICIARY,Rajasthan,ENT-REF-980009,61,0.1633
ENT-003990,ACCOUNT,Delhi,ENT-REF-961048,13,0.4493
ENT-003991,ACCOUNT,Uttar Pradesh,ENT-REF-127992,47,0.0532
ENT-003992,DEVICE,Madhya Pradesh,ENT-REF-415097,20,0.3069
ENT-003993,MERCHANT,Tamil Nadu,ENT-REF-904977,37,0.0835
ENT-003994,BENEFICIARY,Telangana,ENT-REF-854061,44,0.1705
ENT-003995,PHONE,Rajasthan,ENT-REF-694337,51,0.1204
ENT-003996,ACCOUNT,Tamil Nadu,ENT-REF-734498,41,0.2724
ENT-003997,DEVICE,Uttar Pradesh,ENT-REF-428741,35,0.2314
ENT-003998,MERCHANT,Madhya Pradesh,ENT-REF-176962,78,0.2604
ENT-003999,MERCHANT,Delhi,ENT-REF-869557,9,0.1381
ENT-004000,DEVICE,Maharashtra,ENT-REF-729769,36,0.2656
ENT-004001,BENEFICIARY,Telangana,ENT-REF-321849,58,0.2463
ENT-004002,DEVICE,Madhya Pradesh,ENT-REF-783291,50,0.1429
ENT-004003,DEVICE,Uttar Pradesh,ENT-REF-145950,48,0.1617
ENT-004004,MERCHANT,Uttar Pradesh,ENT-REF-681998,63,0.1604
ENT-004005,DEVICE,Delhi,ENT-REF-274110,16,0.0213
ENT-004006,WALLET,Maharashtra,ENT-REF-303764,79,0.0724
ENT-004007,DEVICE,Bihar,ENT-REF-793990,17,0.2646
ENT-004008,PHONE,Maharashtra,ENT-REF-204560,13,0.0945
ENT-004009,ACCOUNT,Karnataka,ENT-REF-700323,23,0.22
ENT-004010,MERCHANT,Rajasthan,ENT-REF-981820,52,0.1787
ENT-004011,ACCOUNT,Uttar Pradesh,ENT-REF-168382,39,0.0784
ENT-004012,ACCOUNT,West Bengal,ENT-REF-462957,2,0.4433
ENT-004013,MERCHANT,West Bengal,ENT-REF-115311,6,0.0623
ENT-004014,ACCOUNT,Telangana,ENT-REF-320539,30,0.1682
ENT-004015,ACCOUNT,Rajasthan,ENT-REF-564257,40,0.4017
ENT-004016,PHONE,Tamil Nadu,ENT-REF-646938,70,0.2702
ENT-004017,PHONE,West Bengal,ENT-REF-384772,44,0.1373
ENT-004018,ACCOUNT,Rajasthan,ENT-REF-223268,40,0.0661
ENT-004019,PHONE,West Bengal,ENT-REF-150295,10,0.1752
ENT-004020,DEVICE,Maharashtra,ENT-REF-656672,15,0.1603
ENT-004021,MERCHANT,Madhya Pradesh,ENT-REF-604607,6,0.191
ENT-004022,ACCOUNT,Uttar Pradesh,ENT-REF-763589,74,0.1912
ENT-004023,PHONE,Uttar Pradesh,ENT-REF-298223,10,0.2417
ENT-004024,DEVICE,Karnataka,ENT-REF-814353,1,0.1456
ENT-004025,ACCOUNT,Uttar Pradesh,ENT-REF-785624,15,0.1911
ENT-004026,WALLET,Maharashtra,ENT-REF-372732,68,0.2789
ENT-004027,BENEFICIARY,Rajasthan,ENT-REF-982603,74,0.2542
ENT-004028,PHONE,West Bengal,ENT-REF-895360,13,0.2474
ENT-004029,ACCOUNT,Madhya Pradesh,ENT-REF-748118,1,0.1486
ENT-004030,WALLET,Karnataka,ENT-REF-512790,43,0.0499
ENT-004031,WALLET,Telangana,ENT-REF-694150,5,0.4538
ENT-004032,DEVICE,Karnataka,ENT-REF-690111,51,0.2273
ENT-004033,DEVICE,Rajasthan,ENT-REF-502613,4,0.0442
ENT-004034,ACCOUNT,Uttar Pradesh,ENT-REF-837238,34,0.2096
ENT-004035,ACCOUNT,Karnataka,ENT-REF-349928,65,0.007
ENT-004036,ACCOUNT,Rajasthan,ENT-REF-212660,58,0.0128
ENT-004037,ACCOUNT,Bihar,ENT-REF-702866,4,0.2658
ENT-004038,ACCOUNT,Tamil Nadu,ENT-REF-146420,11,0.1937
ENT-004039,ACCOUNT,Uttar Pradesh,ENT-REF-367720,16,0.1023
ENT-004040,WALLET,Rajasthan,ENT-REF-730538,4,0.1902
ENT-004041,ACCOUNT,Karnataka,ENT-REF-562316,37,0.0985
ENT-004042,ACCOUNT,Bihar,ENT-REF-606980,41,0.1214
ENT-004043,ACCOUNT,Karnataka,ENT-REF-544691,46,0.0415
ENT-004044,MERCHANT,Telangana,ENT-REF-270966,52,0.1005
ENT-004045,MERCHANT,Rajasthan,ENT-REF-217323,66,0.0933
ENT-004046,PHONE,Bihar,ENT-REF-745840,40,0.1058
ENT-004047,PHONE,Maharashtra,ENT-REF-959826,8,0.0174
ENT-004048,ACCOUNT,Uttar Pradesh,ENT-REF-498010,61,0.0786
ENT-004049,WALLET,Telangana,ENT-REF-906215,15,0.0304
ENT-004050,DEVICE,West Bengal,ENT-REF-210768,45,0.1294
ENT-004051,BENEFICIARY,Tamil Nadu,ENT-REF-520115,3,0.2482
ENT-004052,PHONE,West Bengal,ENT-REF-561854,75,0.0559
ENT-004053,BENEFICIARY,Maharashtra,ENT-REF-937033,35,0.2555
ENT-004054,ACCOUNT,Bihar,ENT-REF-688490,73,0.0357
ENT-004055,BENEFICIARY,Madhya Pradesh,ENT-REF-782450,52,0.1428
ENT-004056,DEVICE,Karnataka,ENT-REF-697565,79,0.1318
ENT-004057,ACCOUNT,Telangana,ENT-REF-706246,28,0.1779
ENT-004058,ACCOUNT,West Bengal,ENT-REF-416752,59,0.1861
ENT-004059,BENEFICIARY,Uttar Pradesh,ENT-REF-123711,38,0.4009
ENT-004060,BENEFICIARY,Rajasthan,ENT-REF-236633,21,0.4282
ENT-004061,PHONE,Uttar Pradesh,ENT-REF-918527,2,0.2967
ENT-004062,WALLET,Rajasthan,ENT-REF-671670,64,0.0403
ENT-004063,ACCOUNT,Karnataka,ENT-REF-669994,21,0.1769
ENT-004064,ACCOUNT,Karnataka,ENT-REF-718265,27,0.1111
ENT-004065,ACCOUNT,Bihar,ENT-REF-478984,26,0.0315
ENT-004066,ACCOUNT,Delhi,ENT-REF-301268,64,0.3109
ENT-004067,BENEFICIARY,Delhi,ENT-REF-135079,31,0.1335
ENT-004068,MERCHANT,Uttar Pradesh,ENT-REF-433876,58,0.0216
ENT-004069,DEVICE,Delhi,ENT-REF-134157,24,0.127
ENT-004070,MERCHANT,Bihar,ENT-REF-585126,47,0.4207
ENT-004071,WALLET,Madhya Pradesh,ENT-REF-473633,50,0.1617
ENT-004072,PHONE,West Bengal,ENT-REF-412015,24,0.1691
ENT-004073,ACCOUNT,Uttar Pradesh,ENT-REF-978282,13,0.315
ENT-004074,ACCOUNT,Madhya Pradesh,ENT-REF-562486,66,0.2079
ENT-004075,PHONE,West Bengal,ENT-REF-348446,5,0.3604
ENT-004076,ACCOUNT,Telangana,ENT-REF-471460,11,0.2297
ENT-004077,ACCOUNT,Tamil Nadu,ENT-REF-181223,21,0.2568
ENT-004078,ACCOUNT,Rajasthan,ENT-REF-588512,60,0.2639
ENT-004079,PHONE,Karnataka,ENT-REF-627396,61,0.0122
ENT-004080,WALLET,Delhi,ENT-REF-232133,74,0.2135
ENT-004081,BENEFICIARY,West Bengal,ENT-REF-313357,78,0.5117
ENT-004082,BENEFICIARY,West Bengal,ENT-REF-425090,1,0.0779
ENT-004083,PHONE,Madhya Pradesh,ENT-REF-797584,26,0.2304
ENT-004084,PHONE,West Bengal,ENT-REF-853550,22,0.2592
ENT-004085,BENEFICIARY,Bihar,ENT-REF-691499,1,0.0011
ENT-004086,ACCOUNT,Bihar,ENT-REF-589111,48,0.1137
ENT-004087,ACCOUNT,Uttar Pradesh,ENT-REF-524771,61,0.3249
ENT-004088,ACCOUNT,West Bengal,ENT-REF-449246,76,0.2084
ENT-004089,DEVICE,Rajasthan,ENT-REF-451837,4,0.6123
ENT-004090,PHONE,Tamil Nadu,ENT-REF-378365,8,0.1189
ENT-004091,ACCOUNT,Maharashtra,ENT-REF-312009,40,0.2711
ENT-004092,BENEFICIARY,West Bengal,ENT-REF-875463,4,0.1098
ENT-004093,ACCOUNT,Tamil Nadu,ENT-REF-136076,17,0.1825
ENT-004094,ACCOUNT,Madhya Pradesh,ENT-REF-591422,16,0.0576
ENT-004095,ACCOUNT,Delhi,ENT-REF-339233,31,0.208
ENT-004096,DEVICE,Bihar,ENT-REF-144680,42,0.0233
ENT-004097,PHONE,Rajasthan,ENT-REF-812428,57,0.0062
ENT-004098,PHONE,West Bengal,ENT-REF-135692,72,0.2892
ENT-004099,WALLET,Rajasthan,ENT-REF-262698,75,0.0092
ENT-004100,ACCOUNT,Madhya Pradesh,ENT-REF-764728,59,0.0779
ENT-004101,ACCOUNT,Delhi,ENT-REF-128655,49,0.0474
ENT-004102,PHONE,West Bengal,ENT-REF-987383,19,0.3017
ENT-004103,BENEFICIARY,Rajasthan,ENT-REF-376683,50,0.1774
ENT-004104,PHONE,Rajasthan,ENT-REF-361562,9,0.0466
ENT-004105,MERCHANT,West Bengal,ENT-REF-473151,23,0.212
ENT-004106,ACCOUNT,Uttar Pradesh,ENT-REF-423018,14,0.1713
ENT-004107,PHONE,Telangana,ENT-REF-615360,72,0.0117
ENT-004108,DEVICE,Rajasthan,ENT-REF-155636,68,0.3844
ENT-004109,DEVICE,Karnataka,ENT-REF-230304,20,0.1268
ENT-004110,WALLET,Tamil Nadu,ENT-REF-463559,48,0.0538
ENT-004111,ACCOUNT,Tamil Nadu,ENT-REF-384569,63,0.1351
ENT-004112,ACCOUNT,Madhya Pradesh,ENT-REF-376409,26,0.0336
ENT-004113,DEVICE,Uttar Pradesh,ENT-REF-281045,22,0.1926
ENT-004114,ACCOUNT,Delhi,ENT-REF-223412,29,0.1839
ENT-004115,BENEFICIARY,Telangana,ENT-REF-577619,26,0.1503
ENT-004116,ACCOUNT,Tamil Nadu,ENT-REF-366032,78,0.245
ENT-004117,WALLET,Karnataka,ENT-REF-926751,77,0.1435
ENT-004118,ACCOUNT,Delhi,ENT-REF-640145,78,0.2407
ENT-004119,BENEFICIARY,Bihar,ENT-REF-557518,58,0.1274
ENT-004120,MERCHANT,Tamil Nadu,ENT-REF-985757,40,0.0131
ENT-004121,MERCHANT,Delhi,ENT-REF-798376,44,0.3551
ENT-004122,PHONE,Karnataka,ENT-REF-155342,32,0.0832
ENT-004123,ACCOUNT,Karnataka,ENT-REF-914093,5,0.0365
ENT-004124,WALLET,Telangana,ENT-REF-935134,53,0.2918
ENT-004125,MERCHANT,Madhya Pradesh,ENT-REF-180260,63,0.2537
ENT-004126,ACCOUNT,Madhya Pradesh,ENT-REF-337109,20,0.1697
ENT-004127,MERCHANT,Delhi,ENT-REF-481568,58,0.2652
ENT-004128,ACCOUNT,Tamil Nadu,ENT-REF-134312,37,0.2642
ENT-004129,PHONE,West Bengal,ENT-REF-540008,31,0.1806
ENT-004130,ACCOUNT,Maharashtra,ENT-REF-321330,78,0.1404
ENT-004131,PHONE,Karnataka,ENT-REF-777123,35,0.2084
ENT-004132,PHONE,Delhi,ENT-REF-566645,19,0.0244
ENT-004133,DEVICE,Uttar Pradesh,ENT-REF-985906,14,0.015
ENT-004134,DEVICE,Karnataka,ENT-REF-960234,59,0.2676
ENT-004135,ACCOUNT,Karnataka,ENT-REF-129679,65,0.1695
ENT-004136,ACCOUNT,Telangana,ENT-REF-774341,2,0.1705
ENT-004137,DEVICE,Uttar Pradesh,ENT-REF-472677,28,0.0855
ENT-004138,BENEFICIARY,Uttar Pradesh,ENT-REF-516404,77,0.0463
ENT-004139,PHONE,Bihar,ENT-REF-754125,17,0.6606
ENT-004140,BENEFICIARY,West Bengal,ENT-REF-705381,75,0.0388
ENT-004141,DEVICE,Maharashtra,ENT-REF-517497,20,0.145
ENT-004142,MERCHANT,Telangana,ENT-REF-132368,65,0.1781
ENT-004143,DEVICE,Bihar,ENT-REF-111002,13,0.0781
ENT-004144,ACCOUNT,Bihar,ENT-REF-206377,59,0.2825
ENT-004145,ACCOUNT,Madhya Pradesh,ENT-REF-708470,34,0.1863
ENT-004146,BENEFICIARY,Uttar Pradesh,ENT-REF-610229,27,0.1102
ENT-004147,DEVICE,Madhya Pradesh,ENT-REF-140856,1,0.0193
ENT-004148,DEVICE,Tamil Nadu,ENT-REF-512527,19,0.0002
ENT-004149,PHONE,Tamil Nadu,ENT-REF-902054,62,0.116
ENT-004150,BENEFICIARY,Maharashtra,ENT-REF-911416,70,0.3197
ENT-004151,PHONE,Maharashtra,ENT-REF-946219,59,0.2688
ENT-004152,MERCHANT,Maharashtra,ENT-REF-400746,48,0.0843
ENT-004153,BENEFICIARY,Uttar Pradesh,ENT-REF-472936,58,0.0824
ENT-004154,PHONE,Uttar Pradesh,ENT-REF-363307,31,0.1082
ENT-004155,ACCOUNT,Tamil Nadu,ENT-REF-505392,70,0.0748
ENT-004156,BENEFICIARY,Karnataka,ENT-REF-110130,59,0.1899
ENT-004157,DEVICE,Karnataka,ENT-REF-583103,55,0.1664
ENT-004158,PHONE,Maharashtra,ENT-REF-575011,68,0.0932
ENT-004159,BENEFICIARY,Karnataka,ENT-REF-951736,71,0.0757
ENT-004160,ACCOUNT,Karnataka,ENT-REF-128385,74,0.0401
ENT-004161,BENEFICIARY,Madhya Pradesh,ENT-REF-513434,11,0.1278
ENT-004162,BENEFICIARY,West Bengal,ENT-REF-238660,3,0.0513
ENT-004163,PHONE,Delhi,ENT-REF-613116,26,0.0454
ENT-004164,BENEFICIARY,West Bengal,ENT-REF-980395,9,0.1247
ENT-004165,ACCOUNT,West Bengal,ENT-REF-725853,73,0.3375
ENT-004166,ACCOUNT,Bihar,ENT-REF-819686,31,0.0673
ENT-004167,PHONE,Uttar Pradesh,ENT-REF-195606,1,0.0504
ENT-004168,PHONE,Delhi,ENT-REF-814162,69,0.4235
ENT-004169,DEVICE,Delhi,ENT-REF-694685,66,0.1855
ENT-004170,ACCOUNT,Uttar Pradesh,ENT-REF-390671,19,0.0877
ENT-004171,ACCOUNT,West Bengal,ENT-REF-831065,41,0.1099
ENT-004172,ACCOUNT,Telangana,ENT-REF-945449,50,0.3799
ENT-004173,ACCOUNT,Rajasthan,ENT-REF-710229,29,0.3528
ENT-004174,ACCOUNT,Uttar Pradesh,ENT-REF-169995,12,0.2566
ENT-004175,DEVICE,West Bengal,ENT-REF-220847,60,0.1143
ENT-004176,ACCOUNT,Madhya Pradesh,ENT-REF-512703,17,0.0958
ENT-004177,DEVICE,Tamil Nadu,ENT-REF-584597,65,0.1984
ENT-004178,ACCOUNT,Telangana,ENT-REF-839002,75,0.1526
ENT-004179,ACCOUNT,Karnataka,ENT-REF-385208,41,0.1625
ENT-004180,BENEFICIARY,Karnataka,ENT-REF-101739,12,0.0675
ENT-004181,BENEFICIARY,West Bengal,ENT-REF-329526,50,0.1919
ENT-004182,ACCOUNT,Rajasthan,ENT-REF-783725,56,0.4366
ENT-004183,ACCOUNT,Delhi,ENT-REF-885116,45,0.0542
ENT-004184,BENEFICIARY,Tamil Nadu,ENT-REF-956079,1,0.1996
ENT-004185,MERCHANT,Maharashtra,ENT-REF-995613,60,0.2856
ENT-004186,PHONE,Maharashtra,ENT-REF-550568,13,0.0518
ENT-004187,PHONE,Maharashtra,ENT-REF-801629,13,0.1043
ENT-004188,PHONE,Telangana,ENT-REF-314942,13,0.2691
ENT-004189,WALLET,Rajasthan,ENT-REF-923714,43,0.4355
ENT-004190,DEVICE,West Bengal,ENT-REF-463315,38,0.2115
ENT-004191,ACCOUNT,West Bengal,ENT-REF-136874,34,0.1252
ENT-004192,ACCOUNT,Madhya Pradesh,ENT-REF-898047,33,0.056
ENT-004193,PHONE,Telangana,ENT-REF-391423,27,0.0289
ENT-004194,WALLET,Uttar Pradesh,ENT-REF-268162,13,0.2637
ENT-004195,MERCHANT,Rajasthan,ENT-REF-249219,65,0.3714
ENT-004196,BENEFICIARY,Rajasthan,ENT-REF-608554,34,0.0311
ENT-004197,PHONE,Maharashtra,ENT-REF-482828,4,0.0969
ENT-004198,PHONE,Tamil Nadu,ENT-REF-845875,36,0.3438
ENT-004199,DEVICE,Karnataka,ENT-REF-736624,16,0.1732
ENT-004200,PHONE,Karnataka,ENT-REF-844733,45,0.0374
ENT-004201,BENEFICIARY,Maharashtra,ENT-REF-466653,31,0.0762
ENT-004202,ACCOUNT,Tamil Nadu,ENT-REF-625864,71,0.0309
ENT-004203,MERCHANT,Rajasthan,ENT-REF-310763,15,0.3095
ENT-004204,BENEFICIARY,Maharashtra,ENT-REF-664376,42,0.0983
ENT-004205,DEVICE,Rajasthan,ENT-REF-349819,61,0.4626
ENT-004206,ACCOUNT,West Bengal,ENT-REF-899339,9,0.5045
ENT-004207,ACCOUNT,Madhya Pradesh,ENT-REF-605212,33,0.0309
ENT-004208,MERCHANT,Bihar,ENT-REF-515196,38,0.0868
ENT-004209,ACCOUNT,West Bengal,ENT-REF-298870,3,0.0925
ENT-004210,DEVICE,Bihar,ENT-REF-400523,67,0.5022
ENT-004211,ACCOUNT,Maharashtra,ENT-REF-128066,30,0.4455
ENT-004212,MERCHANT,Maharashtra,ENT-REF-748876,52,0.2127
ENT-004213,WALLET,West Bengal,ENT-REF-671192,66,0.1396
ENT-004214,WALLET,Tamil Nadu,ENT-REF-124284,71,0.3343
ENT-004215,ACCOUNT,West Bengal,ENT-REF-698813,24,0.0353
ENT-004216,ACCOUNT,West Bengal,ENT-REF-476482,20,0.1667
ENT-004217,PHONE,Karnataka,ENT-REF-512521,65,0.098
ENT-004218,WALLET,Telangana,ENT-REF-128994,16,0.0702
ENT-004219,ACCOUNT,Telangana,ENT-REF-610949,31,0.4774
ENT-004220,WALLET,West Bengal,ENT-REF-164274,33,0.0733
ENT-004221,ACCOUNT,Bihar,ENT-REF-532746,39,0.3948
ENT-004222,DEVICE,Telangana,ENT-REF-315508,43,0.0652
ENT-004223,ACCOUNT,Maharashtra,ENT-REF-263977,18,0.3457
ENT-004224,BENEFICIARY,Madhya Pradesh,ENT-REF-118413,20,0.0176
ENT-004225,PHONE,Maharashtra,ENT-REF-100844,67,0.0987
ENT-004226,ACCOUNT,Rajasthan,ENT-REF-841287,19,0.0173
ENT-004227,MERCHANT,Uttar Pradesh,ENT-REF-661587,78,0.0879
ENT-004228,BENEFICIARY,Telangana,ENT-REF-662266,60,0.0238
ENT-004229,ACCOUNT,Karnataka,ENT-REF-380411,49,0.1361
ENT-004230,ACCOUNT,Uttar Pradesh,ENT-REF-515285,25,0.1374
ENT-004231,BENEFICIARY,Bihar,ENT-REF-332574,57,0.0563
ENT-004232,PHONE,West Bengal,ENT-REF-898275,6,0.1681
ENT-004233,WALLET,Telangana,ENT-REF-414356,31,0.5017
ENT-004234,PHONE,Madhya Pradesh,ENT-REF-638701,65,0.2083
ENT-004235,DEVICE,Madhya Pradesh,ENT-REF-282648,6,0.1318
ENT-004236,BENEFICIARY,Karnataka,ENT-REF-576086,67,0.1547
ENT-004237,DEVICE,Telangana,ENT-REF-418355,62,0.1079
ENT-004238,DEVICE,Maharashtra,ENT-REF-237893,24,0.2048
ENT-004239,ACCOUNT,Tamil Nadu,ENT-REF-982346,79,0.2305
ENT-004240,DEVICE,Rajasthan,ENT-REF-850441,18,0.2127
ENT-004241,ACCOUNT,Telangana,ENT-REF-250968,56,0.117
ENT-004242,DEVICE,Uttar Pradesh,ENT-REF-943641,44,0.1046
ENT-004243,DEVICE,Madhya Pradesh,ENT-REF-955414,3,0.0399
ENT-004244,ACCOUNT,Uttar Pradesh,ENT-REF-607992,24,0.0032
ENT-004245,BENEFICIARY,Tamil Nadu,ENT-REF-967445,73,0.2613
ENT-004246,BENEFICIARY,Uttar Pradesh,ENT-REF-397604,30,0.0486
ENT-004247,ACCOUNT,Bihar,ENT-REF-264425,76,0.0793
ENT-004248,MERCHANT,West Bengal,ENT-REF-650011,7,0.1786
ENT-004249,PHONE,Maharashtra,ENT-REF-944307,10,0.0748
ENT-004250,MERCHANT,Tamil Nadu,ENT-REF-880659,30,0.2517
ENT-004251,ACCOUNT,Rajasthan,ENT-REF-949609,77,0.1152
ENT-004252,ACCOUNT,West Bengal,ENT-REF-234683,18,0.2096
ENT-004253,DEVICE,Madhya Pradesh,ENT-REF-353317,51,0.2117
ENT-004254,BENEFICIARY,Karnataka,ENT-REF-743189,14,0.06
ENT-004255,ACCOUNT,Bihar,ENT-REF-911954,9,0.0418
ENT-004256,PHONE,Tamil Nadu,ENT-REF-780700,22,0.1092
ENT-004257,ACCOUNT,West Bengal,ENT-REF-556903,50,0.4161
ENT-004258,ACCOUNT,Madhya Pradesh,ENT-REF-722389,16,0.3323
ENT-004259,DEVICE,Delhi,ENT-REF-604108,25,0.2184
ENT-004260,WALLET,Uttar Pradesh,ENT-REF-261988,3,0.1113
ENT-004261,ACCOUNT,West Bengal,ENT-REF-379611,66,0.3125
ENT-004262,PHONE,Telangana,ENT-REF-942784,25,0.056
ENT-004263,PHONE,Madhya Pradesh,ENT-REF-884687,40,0.0539
ENT-004264,ACCOUNT,Telangana,ENT-REF-266108,29,0.1254
ENT-004265,WALLET,Karnataka,ENT-REF-227947,44,0.0288
ENT-004266,BENEFICIARY,Bihar,ENT-REF-512853,74,0.0571
ENT-004267,WALLET,Maharashtra,ENT-REF-964432,42,0.2049
ENT-004268,ACCOUNT,Delhi,ENT-REF-473069,49,0.1741
ENT-004269,ACCOUNT,Karnataka,ENT-REF-363356,9,0.0829
ENT-004270,ACCOUNT,Tamil Nadu,ENT-REF-277350,35,0.136
ENT-004271,DEVICE,Telangana,ENT-REF-889486,46,0.0603
ENT-004272,BENEFICIARY,Madhya Pradesh,ENT-REF-753539,13,0.2998
ENT-004273,MERCHANT,Maharashtra,ENT-REF-591528,70,0.1378
ENT-004274,PHONE,Karnataka,ENT-REF-697983,58,0.1219
ENT-004275,ACCOUNT,Rajasthan,ENT-REF-233553,61,0.1325
ENT-004276,ACCOUNT,Uttar Pradesh,ENT-REF-534032,21,0.1153
ENT-004277,PHONE,Bihar,ENT-REF-151193,23,0.1376
ENT-004278,ACCOUNT,Tamil Nadu,ENT-REF-567134,40,0.1933
ENT-004279,MERCHANT,Bihar,ENT-REF-752225,14,0.0358
ENT-004280,DEVICE,Delhi,ENT-REF-847136,30,0.2465
ENT-004281,ACCOUNT,Madhya Pradesh,ENT-REF-505617,71,0.1441
ENT-004282,WALLET,Rajasthan,ENT-REF-452368,48,0.1539
ENT-004283,BENEFICIARY,Madhya Pradesh,ENT-REF-813391,16,0.1776
ENT-004284,ACCOUNT,Uttar Pradesh,ENT-REF-188656,41,0.1594
ENT-004285,MERCHANT,Maharashtra,ENT-REF-257451,14,0.2124
ENT-004286,PHONE,Rajasthan,ENT-REF-216565,66,0.1291
ENT-004287,BENEFICIARY,Telangana,ENT-REF-752753,40,0.3093
ENT-004288,WALLET,West Bengal,ENT-REF-383272,30,0.0539
ENT-004289,WALLET,Delhi,ENT-REF-284864,26,0.1382
ENT-004290,ACCOUNT,Uttar Pradesh,ENT-REF-550716,59,0.1302
ENT-004291,WALLET,West Bengal,ENT-REF-455639,17,0.1406
ENT-004292,ACCOUNT,West Bengal,ENT-REF-622616,14,0.0948
ENT-004293,PHONE,Tamil Nadu,ENT-REF-768450,33,0.6481
ENT-004294,PHONE,Tamil Nadu,ENT-REF-145975,11,0.2276
ENT-004295,PHONE,Bihar,ENT-REF-161232,23,0.1403
ENT-004296,ACCOUNT,Maharashtra,ENT-REF-806829,23,0.3
ENT-004297,PHONE,Delhi,ENT-REF-371208,71,0.0281
ENT-004298,BENEFICIARY,Madhya Pradesh,ENT-REF-874995,70,0.1422
ENT-004299,DEVICE,Bihar,ENT-REF-256273,33,0.2278
ENT-004300,ACCOUNT,Rajasthan,ENT-REF-876352,22,0.1269
ENT-004301,ACCOUNT,Uttar Pradesh,ENT-REF-150455,76,0.2102
ENT-004302,BENEFICIARY,Telangana,ENT-REF-830254,34,0.3262
ENT-004303,BENEFICIARY,Delhi,ENT-REF-979744,43,0.2026
ENT-004304,WALLET,Maharashtra,ENT-REF-755080,74,0.5009
ENT-004305,ACCOUNT,Uttar Pradesh,ENT-REF-795432,22,0.4367
ENT-004306,DEVICE,Madhya Pradesh,ENT-REF-598357,52,0.0527
ENT-004307,BENEFICIARY,Maharashtra,ENT-REF-665143,55,0.3865
ENT-004308,ACCOUNT,Madhya Pradesh,ENT-REF-110745,1,0.2196
ENT-004309,ACCOUNT,Madhya Pradesh,ENT-REF-645655,56,0.2815
ENT-004310,DEVICE,Karnataka,ENT-REF-794022,50,0.2146
ENT-004311,BENEFICIARY,Madhya Pradesh,ENT-REF-599448,4,0.183
ENT-004312,ACCOUNT,Tamil Nadu,ENT-REF-208613,35,0.1126
ENT-004313,PHONE,Karnataka,ENT-REF-718215,8,0.232
ENT-004314,WALLET,Madhya Pradesh,ENT-REF-440931,12,0.2301
ENT-004315,DEVICE,Telangana,ENT-REF-334869,28,0.371
ENT-004316,PHONE,Telangana,ENT-REF-433351,6,0.4818
ENT-004317,PHONE,Telangana,ENT-REF-964572,49,0.1227
ENT-004318,PHONE,West Bengal,ENT-REF-444772,27,0.168
ENT-004319,MERCHANT,Uttar Pradesh,ENT-REF-819316,36,0.1546
ENT-004320,ACCOUNT,Telangana,ENT-REF-346637,71,0.1269
ENT-004321,WALLET,Telangana,ENT-REF-197817,65,0.0527
ENT-004322,ACCOUNT,Karnataka,ENT-REF-219146,57,0.2024
ENT-004323,ACCOUNT,Uttar Pradesh,ENT-REF-713833,23,0.332
ENT-004324,MERCHANT,Uttar Pradesh,ENT-REF-625132,27,0.1475
ENT-004325,ACCOUNT,Karnataka,ENT-REF-672141,40,0.4658
ENT-004326,MERCHANT,Rajasthan,ENT-REF-304083,17,0.1936
ENT-004327,BENEFICIARY,Uttar Pradesh,ENT-REF-894913,11,0.1658
ENT-004328,BENEFICIARY,Rajasthan,ENT-REF-626877,19,0.3048
ENT-004329,BENEFICIARY,Madhya Pradesh,ENT-REF-571695,57,0.1125
ENT-004330,ACCOUNT,Bihar,ENT-REF-921120,31,0.1648
ENT-004331,DEVICE,Telangana,ENT-REF-742145,11,0.1488
ENT-004332,PHONE,Rajasthan,ENT-REF-522018,30,0.3918
ENT-004333,DEVICE,Karnataka,ENT-REF-803761,11,0.0953
ENT-004334,DEVICE,Uttar Pradesh,ENT-REF-515024,63,0.2899
ENT-004335,ACCOUNT,Madhya Pradesh,ENT-REF-179732,64,0.3661
ENT-004336,BENEFICIARY,Karnataka,ENT-REF-584852,12,0.1404
ENT-004337,WALLET,Bihar,ENT-REF-936092,46,0.5069
ENT-004338,PHONE,Madhya Pradesh,ENT-REF-594405,49,0.0971
ENT-004339,BENEFICIARY,Bihar,ENT-REF-761796,1,0.3705
ENT-004340,PHONE,Delhi,ENT-REF-895695,49,0.0992
ENT-004341,DEVICE,Rajasthan,ENT-REF-376721,74,0.346
ENT-004342,DEVICE,West Bengal,ENT-REF-648450,23,0.0863
ENT-004343,ACCOUNT,West Bengal,ENT-REF-639594,43,0.1506
ENT-004344,ACCOUNT,Delhi,ENT-REF-520186,38,0.1539
ENT-004345,ACCOUNT,Bihar,ENT-REF-864702,70,0.009
ENT-004346,PHONE,Bihar,ENT-REF-898408,10,0.1576
ENT-004347,ACCOUNT,Rajasthan,ENT-REF-676708,54,0.1509
ENT-004348,ACCOUNT,Telangana,ENT-REF-328627,57,0.2399
ENT-004349,PHONE,West Bengal,ENT-REF-416123,19,0.2716
ENT-004350,BENEFICIARY,Delhi,ENT-REF-734388,14,0.0195
ENT-004351,ACCOUNT,Tamil Nadu,ENT-REF-105265,57,0.0766
ENT-004352,PHONE,Madhya Pradesh,ENT-REF-876594,38,0.1023
ENT-004353,ACCOUNT,Maharashtra,ENT-REF-106572,18,0.1061
ENT-004354,ACCOUNT,Madhya Pradesh,ENT-REF-697213,14,0.2639
ENT-004355,ACCOUNT,Telangana,ENT-REF-230045,22,0.0768
ENT-004356,BENEFICIARY,Rajasthan,ENT-REF-816055,37,0.202
ENT-004357,BENEFICIARY,Maharashtra,ENT-REF-549777,19,0.0795
ENT-004358,WALLET,Tamil Nadu,ENT-REF-977395,31,0.1133
ENT-004359,MERCHANT,Karnataka,ENT-REF-651206,57,0.1537
ENT-004360,ACCOUNT,Telangana,ENT-REF-938983,44,0.1862
ENT-004361,PHONE,Uttar Pradesh,ENT-REF-819001,65,0.0828
ENT-004362,BENEFICIARY,Rajasthan,ENT-REF-824033,66,0.0351
ENT-004363,DEVICE,Delhi,ENT-REF-903876,7,0.062
ENT-004364,MERCHANT,West Bengal,ENT-REF-246473,11,0.0389
ENT-004365,PHONE,Tamil Nadu,ENT-REF-712806,17,0.203
ENT-004366,BENEFICIARY,Tamil Nadu,ENT-REF-279146,36,0.2112
ENT-004367,ACCOUNT,Bihar,ENT-REF-247767,68,0.1645
ENT-004368,ACCOUNT,Rajasthan,ENT-REF-238367,4,0.1373
ENT-004369,PHONE,Karnataka,ENT-REF-932602,73,0.2188
ENT-004370,ACCOUNT,Rajasthan,ENT-REF-632269,58,0.0636
ENT-004371,WALLET,Rajasthan,ENT-REF-433214,13,0.1026
ENT-004372,MERCHANT,Rajasthan,ENT-REF-535525,28,0.1892
ENT-004373,MERCHANT,Delhi,ENT-REF-430436,19,0.2811
ENT-004374,ACCOUNT,Rajasthan,ENT-REF-882991,31,0.1311
ENT-004375,WALLET,Tamil Nadu,ENT-REF-463485,1,0.1339
ENT-004376,ACCOUNT,Rajasthan,ENT-REF-234398,39,0.0505
ENT-004377,BENEFICIARY,Telangana,ENT-REF-244709,8,0.1349
ENT-004378,ACCOUNT,West Bengal,ENT-REF-185696,72,0.0685
ENT-004379,ACCOUNT,Maharashtra,ENT-REF-201348,35,0.356
ENT-004380,BENEFICIARY,Maharashtra,ENT-REF-460167,56,0.0636
ENT-004381,PHONE,Madhya Pradesh,ENT-REF-746723,55,0.1757
ENT-004382,ACCOUNT,Madhya Pradesh,ENT-REF-635727,17,0.0223
ENT-004383,ACCOUNT,Bihar,ENT-REF-862076,54,0.0728
ENT-004384,ACCOUNT,Uttar Pradesh,ENT-REF-809598,61,0.1145
ENT-004385,ACCOUNT,Uttar Pradesh,ENT-REF-462538,57,0.2937
ENT-004386,ACCOUNT,Uttar Pradesh,ENT-REF-178064,13,0.1416
ENT-004387,ACCOUNT,Tamil Nadu,ENT-REF-372921,63,0.033
ENT-004388,DEVICE,Uttar Pradesh,ENT-REF-134947,2,0.4957
ENT-004389,WALLET,Bihar,ENT-REF-215765,7,0.2968
ENT-004390,PHONE,Delhi,ENT-REF-848052,27,0.1915
ENT-004391,WALLET,Tamil Nadu,ENT-REF-419864,63,0.3051
ENT-004392,PHONE,Maharashtra,ENT-REF-998755,46,0.4404
ENT-004393,ACCOUNT,Karnataka,ENT-REF-776272,10,0.2112
ENT-004394,ACCOUNT,Karnataka,ENT-REF-768266,13,0.2575
ENT-004395,ACCOUNT,Uttar Pradesh,ENT-REF-672984,75,0.0376
ENT-004396,ACCOUNT,Maharashtra,ENT-REF-936906,73,0.0735
ENT-004397,DEVICE,Bihar,ENT-REF-195741,27,0.1939
ENT-004398,ACCOUNT,Delhi,ENT-REF-789544,59,0.1991
ENT-004399,ACCOUNT,Telangana,ENT-REF-760839,3,0.0505
ENT-004400,ACCOUNT,Karnataka,ENT-REF-747343,36,0.0443
ENT-004401,DEVICE,Delhi,ENT-REF-125861,51,0.1046
ENT-004402,PHONE,West Bengal,ENT-REF-974488,71,0.2815
ENT-004403,MERCHANT,West Bengal,ENT-REF-895598,38,0.2663
ENT-004404,WALLET,Tamil Nadu,ENT-REF-917442,21,0.1316
ENT-004405,BENEFICIARY,Delhi,ENT-REF-843826,23,0.1617
ENT-004406,BENEFICIARY,Tamil Nadu,ENT-REF-837233,57,0.0754
ENT-004407,MERCHANT,Maharashtra,ENT-REF-342949,27,0.4482
ENT-004408,ACCOUNT,West Bengal,ENT-REF-482205,62,0.0379
ENT-004409,MERCHANT,Rajasthan,ENT-REF-209181,24,0.136
ENT-004410,ACCOUNT,Bihar,ENT-REF-550011,61,0.0783
ENT-004411,ACCOUNT,Tamil Nadu,ENT-REF-660277,10,0.3313
ENT-004412,PHONE,Telangana,ENT-REF-548478,21,0.0719
ENT-004413,PHONE,Rajasthan,ENT-REF-715482,44,0.449
ENT-004414,MERCHANT,Madhya Pradesh,ENT-REF-511631,39,0.0824
ENT-004415,ACCOUNT,Rajasthan,ENT-REF-602592,25,0.0476
ENT-004416,ACCOUNT,Telangana,ENT-REF-965639,71,0.1493
ENT-004417,WALLET,Uttar Pradesh,ENT-REF-539818,58,0.3553
ENT-004418,DEVICE,Uttar Pradesh,ENT-REF-983061,3,0.589
ENT-004419,WALLET,Madhya Pradesh,ENT-REF-141671,64,0.1016
ENT-004420,DEVICE,Karnataka,ENT-REF-865516,75,0.202
ENT-004421,DEVICE,Karnataka,ENT-REF-423183,34,0.2415
ENT-004422,MERCHANT,Karnataka,ENT-REF-992994,53,0.2613
ENT-004423,PHONE,Tamil Nadu,ENT-REF-169740,38,0.018
ENT-004424,ACCOUNT,Telangana,ENT-REF-301976,1,0.2778
ENT-004425,BENEFICIARY,West Bengal,ENT-REF-984853,57,0.2057
ENT-004426,PHONE,Rajasthan,ENT-REF-282545,34,0.0545
ENT-004427,MERCHANT,Karnataka,ENT-REF-484546,66,0.339
ENT-004428,PHONE,Madhya Pradesh,ENT-REF-650588,73,0.4606
ENT-004429,ACCOUNT,Bihar,ENT-REF-947392,31,0.3529
ENT-004430,ACCOUNT,Telangana,ENT-REF-709273,30,0.1033
ENT-004431,ACCOUNT,Delhi,ENT-REF-906704,61,0.086
ENT-004432,MERCHANT,Telangana,ENT-REF-942285,7,0.1413
ENT-004433,ACCOUNT,Delhi,ENT-REF-337755,46,0.0366
ENT-004434,WALLET,Maharashtra,ENT-REF-372515,67,0.0563
ENT-004435,ACCOUNT,Maharashtra,ENT-REF-797821,22,0.2178
ENT-004436,DEVICE,Uttar Pradesh,ENT-REF-191729,55,0.1796
ENT-004437,PHONE,Telangana,ENT-REF-325863,22,0.2584
ENT-004438,WALLET,West Bengal,ENT-REF-922847,72,0.1557
ENT-004439,ACCOUNT,Delhi,ENT-REF-717442,65,0.1349
ENT-004440,DEVICE,Madhya Pradesh,ENT-REF-136201,53,0.2552
ENT-004441,PHONE,Madhya Pradesh,ENT-REF-567630,69,0.0616
ENT-004442,ACCOUNT,Maharashtra,ENT-REF-725163,51,0.236
ENT-004443,ACCOUNT,Bihar,ENT-REF-520920,33,0.0756
ENT-004444,ACCOUNT,Madhya Pradesh,ENT-REF-797967,75,0.3143
ENT-004445,ACCOUNT,West Bengal,ENT-REF-747413,50,0.2275
ENT-004446,MERCHANT,Uttar Pradesh,ENT-REF-672805,24,0.1275
ENT-004447,MERCHANT,Karnataka,ENT-REF-308204,48,0.3214
ENT-004448,MERCHANT,Uttar Pradesh,ENT-REF-260695,28,0.0559
ENT-004449,ACCOUNT,Telangana,ENT-REF-161450,64,0.4304
ENT-004450,DEVICE,Uttar Pradesh,ENT-REF-815851,74,0.052
ENT-004451,BENEFICIARY,Karnataka,ENT-REF-240043,32,0.141
ENT-004452,BENEFICIARY,Delhi,ENT-REF-963477,68,0.049
ENT-004453,ACCOUNT,Tamil Nadu,ENT-REF-341908,50,0.0922
ENT-004454,ACCOUNT,Bihar,ENT-REF-426636,79,0.037
ENT-004455,MERCHANT,Karnataka,ENT-REF-521982,16,0.2186
ENT-004456,BENEFICIARY,Delhi,ENT-REF-961549,55,0.2432
ENT-004457,DEVICE,Maharashtra,ENT-REF-865471,34,0.1465
ENT-004458,ACCOUNT,Maharashtra,ENT-REF-692880,37,0.0124
ENT-004459,DEVICE,Telangana,ENT-REF-180218,11,0.0181
ENT-004460,ACCOUNT,Madhya Pradesh,ENT-REF-710587,24,0.4275
ENT-004461,BENEFICIARY,West Bengal,ENT-REF-722250,29,0.2568
ENT-004462,PHONE,Karnataka,ENT-REF-135263,2,0.119
ENT-004463,BENEFICIARY,Madhya Pradesh,ENT-REF-669810,12,0.1228
ENT-004464,ACCOUNT,Madhya Pradesh,ENT-REF-926750,28,0.0475
ENT-004465,PHONE,Bihar,ENT-REF-817223,28,0.1297
ENT-004466,BENEFICIARY,West Bengal,ENT-REF-400388,6,0.027
ENT-004467,ACCOUNT,Madhya Pradesh,ENT-REF-796838,21,0.4587
ENT-004468,MERCHANT,Uttar Pradesh,ENT-REF-704277,46,0.3444
ENT-004469,ACCOUNT,Tamil Nadu,ENT-REF-160040,48,0.4712
ENT-004470,ACCOUNT,Tamil Nadu,ENT-REF-115185,57,0.1659
ENT-004471,BENEFICIARY,West Bengal,ENT-REF-817392,32,0.2353
ENT-004472,MERCHANT,Tamil Nadu,ENT-REF-580104,51,0.2815
ENT-004473,MERCHANT,Madhya Pradesh,ENT-REF-769769,2,0.1979
ENT-004474,PHONE,Tamil Nadu,ENT-REF-203635,35,0.1009
ENT-004475,WALLET,Rajasthan,ENT-REF-860592,10,0.0149
ENT-004476,ACCOUNT,West Bengal,ENT-REF-197801,75,0.0232
ENT-004477,ACCOUNT,Uttar Pradesh,ENT-REF-103707,46,0.0399
ENT-004478,WALLET,Delhi,ENT-REF-490587,31,0.0529
ENT-004479,WALLET,Maharashtra,ENT-REF-795331,43,0.3194
ENT-004480,PHONE,Telangana,ENT-REF-209451,13,0.1085
ENT-004481,WALLET,Telangana,ENT-REF-664501,52,0.1684
ENT-004482,WALLET,Bihar,ENT-REF-446845,44,0.2507
ENT-004483,BENEFICIARY,Madhya Pradesh,ENT-REF-844532,18,0.0406
ENT-004484,DEVICE,Uttar Pradesh,ENT-REF-410164,57,0.2835
ENT-004485,PHONE,Tamil Nadu,ENT-REF-846403,72,0.0474
ENT-004486,PHONE,Rajasthan,ENT-REF-412153,2,0.103
ENT-004487,BENEFICIARY,Bihar,ENT-REF-188674,54,0.2708
ENT-004488,DEVICE,Karnataka,ENT-REF-799458,9,0.0606
ENT-004489,PHONE,Tamil Nadu,ENT-REF-184687,27,0.4268
ENT-004490,BENEFICIARY,Madhya Pradesh,ENT-REF-269772,24,0.2482
ENT-004491,ACCOUNT,West Bengal,ENT-REF-516430,66,0.3538
ENT-004492,DEVICE,Uttar Pradesh,ENT-REF-946928,45,0.0467
ENT-004493,WALLET,West Bengal,ENT-REF-220005,33,0.0743
ENT-004494,MERCHANT,Karnataka,ENT-REF-216114,74,0.1379
ENT-004495,DEVICE,Telangana,ENT-REF-967704,59,0.2343
ENT-004496,ACCOUNT,Madhya Pradesh,ENT-REF-174801,44,0.0884
ENT-004497,PHONE,Maharashtra,ENT-REF-520443,50,0.2338
ENT-004498,ACCOUNT,Karnataka,ENT-REF-297454,13,0.3616
ENT-004499,MERCHANT,Madhya Pradesh,ENT-REF-983215,32,0.0171
ENT-004500,ACCOUNT,West Bengal,ENT-REF-292211,1,0.0359
ENT-004501,MERCHANT,Tamil Nadu,ENT-REF-802488,34,0.1283
ENT-004502,ACCOUNT,Tamil Nadu,ENT-REF-692301,35,0.0821
ENT-004503,MERCHANT,Uttar Pradesh,ENT-REF-912814,46,0.0336
ENT-004504,BENEFICIARY,Uttar Pradesh,ENT-REF-985464,14,0.2928
ENT-004505,WALLET,Bihar,ENT-REF-474923,43,0.1967
ENT-004506,ACCOUNT,Karnataka,ENT-REF-297608,62,0.2621
ENT-004507,DEVICE,Uttar Pradesh,ENT-REF-892516,61,0.152
ENT-004508,MERCHANT,West Bengal,ENT-REF-380550,33,0.1407
ENT-004509,DEVICE,Tamil Nadu,ENT-REF-229161,58,0.1525
ENT-004510,PHONE,Telangana,ENT-REF-256671,40,0.3609
ENT-004511,BENEFICIARY,Bihar,ENT-REF-159172,5,0.0285
ENT-004512,ACCOUNT,Rajasthan,ENT-REF-572948,4,0.2116
ENT-004513,DEVICE,Madhya Pradesh,ENT-REF-506458,16,0.1509
ENT-004514,PHONE,Maharashtra,ENT-REF-221618,56,0.1844
ENT-004515,PHONE,Maharashtra,ENT-REF-268473,6,0.1858
ENT-004516,ACCOUNT,Madhya Pradesh,ENT-REF-952524,21,0.0479
ENT-004517,PHONE,West Bengal,ENT-REF-119321,36,0.3788
ENT-004518,PHONE,Karnataka,ENT-REF-638448,78,0.0069
ENT-004519,ACCOUNT,Madhya Pradesh,ENT-REF-125711,11,0.1911
ENT-004520,ACCOUNT,West Bengal,ENT-REF-814561,74,0.3544
ENT-004521,PHONE,Tamil Nadu,ENT-REF-367414,49,0.1146
ENT-004522,ACCOUNT,Karnataka,ENT-REF-857420,48,0.1392
ENT-004523,BENEFICIARY,West Bengal,ENT-REF-372352,21,0.0969
ENT-004524,WALLET,Madhya Pradesh,ENT-REF-857363,75,0.5918
ENT-004525,ACCOUNT,West Bengal,ENT-REF-537468,49,0.0345
ENT-004526,DEVICE,Bihar,ENT-REF-569900,39,0.2952
ENT-004527,MERCHANT,Delhi,ENT-REF-622501,19,0.1403
ENT-004528,DEVICE,Bihar,ENT-REF-113955,60,0.0571
ENT-004529,ACCOUNT,Bihar,ENT-REF-915238,33,0.152
ENT-004530,BENEFICIARY,Madhya Pradesh,ENT-REF-701580,62,0.1464
ENT-004531,BENEFICIARY,Uttar Pradesh,ENT-REF-615276,27,0.034
ENT-004532,BENEFICIARY,Bihar,ENT-REF-955165,18,0.1812
ENT-004533,PHONE,Telangana,ENT-REF-533277,48,0.1888
ENT-004534,MERCHANT,Delhi,ENT-REF-833011,32,0.0158
ENT-004535,ACCOUNT,West Bengal,ENT-REF-730257,62,0.1369
ENT-004536,BENEFICIARY,Telangana,ENT-REF-212293,38,0.23
ENT-004537,MERCHANT,Maharashtra,ENT-REF-565366,58,0.3736
ENT-004538,ACCOUNT,Karnataka,ENT-REF-360370,9,0.0983
ENT-004539,ACCOUNT,Uttar Pradesh,ENT-REF-921959,9,0.1003
ENT-004540,MERCHANT,West Bengal,ENT-REF-154076,70,0.1627
ENT-004541,PHONE,Tamil Nadu,ENT-REF-339932,7,0.1102
ENT-004542,ACCOUNT,Maharashtra,ENT-REF-793021,60,0.3423
ENT-004543,ACCOUNT,Tamil Nadu,ENT-REF-270132,33,0.1116
ENT-004544,PHONE,Tamil Nadu,ENT-REF-635279,77,0.0569
ENT-004545,DEVICE,Karnataka,ENT-REF-395865,17,0.1431
ENT-004546,PHONE,Karnataka,ENT-REF-168634,14,0.0371
ENT-004547,WALLET,Uttar Pradesh,ENT-REF-718497,40,0.1673
ENT-004548,BENEFICIARY,Uttar Pradesh,ENT-REF-636241,28,0.3585
ENT-004549,BENEFICIARY,Telangana,ENT-REF-567475,75,0.026
ENT-004550,ACCOUNT,Madhya Pradesh,ENT-REF-849849,17,0.0969
ENT-004551,ACCOUNT,Maharashtra,ENT-REF-705981,12,0.2316
ENT-004552,PHONE,Uttar Pradesh,ENT-REF-559783,62,0.0253
ENT-004553,ACCOUNT,Karnataka,ENT-REF-220395,23,0.2483
ENT-004554,BENEFICIARY,Tamil Nadu,ENT-REF-455982,46,0.0482
ENT-004555,ACCOUNT,Rajasthan,ENT-REF-937170,41,0.3185
ENT-004556,ACCOUNT,Karnataka,ENT-REF-400104,5,0.1117
ENT-004557,ACCOUNT,Bihar,ENT-REF-651493,49,0.1182
ENT-004558,PHONE,Telangana,ENT-REF-181718,74,0.0958
ENT-004559,PHONE,Madhya Pradesh,ENT-REF-227915,18,0.3476
ENT-004560,ACCOUNT,Rajasthan,ENT-REF-890333,59,0.1544
ENT-004561,DEVICE,Rajasthan,ENT-REF-186580,9,0.0926
ENT-004562,DEVICE,Delhi,ENT-REF-734405,48,0.3677
ENT-004563,MERCHANT,West Bengal,ENT-REF-412680,75,0.2781
ENT-004564,MERCHANT,Delhi,ENT-REF-119126,18,0.0749
ENT-004565,PHONE,Uttar Pradesh,ENT-REF-631129,33,0.1945
ENT-004566,DEVICE,Rajasthan,ENT-REF-286650,69,0.0394
ENT-004567,DEVICE,Telangana,ENT-REF-598541,78,0.0544
ENT-004568,WALLET,Maharashtra,ENT-REF-410567,20,0.0401
ENT-004569,ACCOUNT,Rajasthan,ENT-REF-550681,7,0.3595
ENT-004570,ACCOUNT,Bihar,ENT-REF-728051,40,0.2098
ENT-004571,DEVICE,Maharashtra,ENT-REF-980526,73,0.1673
ENT-004572,BENEFICIARY,Madhya Pradesh,ENT-REF-195120,55,0.1993
ENT-004573,ACCOUNT,Maharashtra,ENT-REF-478281,23,0.1384
ENT-004574,WALLET,Uttar Pradesh,ENT-REF-752358,47,0.218
ENT-004575,WALLET,Karnataka,ENT-REF-833960,72,0.2085
ENT-004576,PHONE,Telangana,ENT-REF-654279,57,0.4968
ENT-004577,PHONE,Tamil Nadu,ENT-REF-868390,33,0.018
ENT-004578,PHONE,West Bengal,ENT-REF-174874,38,0.0756
ENT-004579,DEVICE,West Bengal,ENT-REF-485550,14,0.0325
ENT-004580,PHONE,Delhi,ENT-REF-315453,69,0.0678
ENT-004581,WALLET,West Bengal,ENT-REF-452682,78,0.1515
ENT-004582,PHONE,Delhi,ENT-REF-757638,30,0.2279
ENT-004583,PHONE,Delhi,ENT-REF-473766,12,0.2691
ENT-004584,ACCOUNT,Rajasthan,ENT-REF-799655,35,0.0506
ENT-004585,ACCOUNT,Madhya Pradesh,ENT-REF-999557,11,0.2764
ENT-004586,ACCOUNT,Karnataka,ENT-REF-409134,64,0.0422
ENT-004587,BENEFICIARY,Bihar,ENT-REF-999760,30,0.1911
ENT-004588,ACCOUNT,West Bengal,ENT-REF-499739,63,0.0294
ENT-004589,PHONE,Tamil Nadu,ENT-REF-378561,53,0.4626
ENT-004590,WALLET,Delhi,ENT-REF-469425,38,0.0398
ENT-004591,MERCHANT,Madhya Pradesh,ENT-REF-391656,21,0.0932
ENT-004592,ACCOUNT,Maharashtra,ENT-REF-177818,28,0.1036
ENT-004593,WALLET,Uttar Pradesh,ENT-REF-586021,4,0.1659
ENT-004594,PHONE,Telangana,ENT-REF-726698,50,0.2527
ENT-004595,BENEFICIARY,Madhya Pradesh,ENT-REF-962524,11,0.0728
ENT-004596,ACCOUNT,Bihar,ENT-REF-936442,47,0.1633
ENT-004597,BENEFICIARY,Uttar Pradesh,ENT-REF-486876,8,0.1117
ENT-004598,MERCHANT,Bihar,ENT-REF-505934,51,0.0131
ENT-004599,BENEFICIARY,Karnataka,ENT-REF-406335,32,0.0459
ENT-004600,WALLET,Tamil Nadu,ENT-REF-112576,25,0.1163
ENT-004601,PHONE,Telangana,ENT-REF-616118,74,0.2607
ENT-004602,ACCOUNT,Madhya Pradesh,ENT-REF-805271,35,0.1007
ENT-004603,BENEFICIARY,Karnataka,ENT-REF-465637,34,0.0854
ENT-004604,ACCOUNT,Madhya Pradesh,ENT-REF-571227,59,0.3067
ENT-004605,WALLET,Telangana,ENT-REF-177050,47,0.1686
ENT-004606,ACCOUNT,Madhya Pradesh,ENT-REF-654738,16,0.1207
ENT-004607,WALLET,Tamil Nadu,ENT-REF-843712,52,0.1397
ENT-004608,ACCOUNT,Bihar,ENT-REF-237476,24,0.4174
ENT-004609,DEVICE,Madhya Pradesh,ENT-REF-747627,4,0.3304
ENT-004610,BENEFICIARY,Bihar,ENT-REF-270530,50,0.5068
ENT-004611,ACCOUNT,Tamil Nadu,ENT-REF-918174,2,0.1428
ENT-004612,PHONE,West Bengal,ENT-REF-303811,42,0.0666
ENT-004613,ACCOUNT,Rajasthan,ENT-REF-577268,72,0.2004
ENT-004614,PHONE,Madhya Pradesh,ENT-REF-883192,60,0.1812
ENT-004615,BENEFICIARY,Uttar Pradesh,ENT-REF-406812,34,0.2933
ENT-004616,WALLET,Karnataka,ENT-REF-614041,12,0.0986
ENT-004617,DEVICE,Maharashtra,ENT-REF-612773,57,0.237
ENT-004618,ACCOUNT,Bihar,ENT-REF-236226,46,0.2319
ENT-004619,BENEFICIARY,Uttar Pradesh,ENT-REF-473289,51,0.04
ENT-004620,BENEFICIARY,Tamil Nadu,ENT-REF-150386,33,0.2998
ENT-004621,ACCOUNT,Rajasthan,ENT-REF-515585,17,0.3338
ENT-004622,PHONE,Uttar Pradesh,ENT-REF-968766,40,0.2199
ENT-004623,ACCOUNT,Karnataka,ENT-REF-996855,60,0.0538
ENT-004624,PHONE,Karnataka,ENT-REF-118179,71,0.2301
ENT-004625,WALLET,Rajasthan,ENT-REF-251976,30,0.0832
ENT-004626,BENEFICIARY,Bihar,ENT-REF-682615,28,0.173
ENT-004627,ACCOUNT,West Bengal,ENT-REF-382209,26,0.3253
ENT-004628,ACCOUNT,Telangana,ENT-REF-691848,75,0.0811
ENT-004629,PHONE,Maharashtra,ENT-REF-165633,7,0.1112
ENT-004630,WALLET,Karnataka,ENT-REF-859713,78,0.0436
ENT-004631,PHONE,West Bengal,ENT-REF-327543,19,0.1247
ENT-004632,ACCOUNT,Karnataka,ENT-REF-200936,51,0.0395
ENT-004633,ACCOUNT,Uttar Pradesh,ENT-REF-105547,55,0.1824
ENT-004634,DEVICE,Bihar,ENT-REF-517723,16,0.279
ENT-004635,ACCOUNT,Uttar Pradesh,ENT-REF-344098,35,0.0309
ENT-004636,ACCOUNT,Delhi,ENT-REF-910109,46,0.2245
ENT-004637,ACCOUNT,Karnataka,ENT-REF-552240,48,0.3124
ENT-004638,DEVICE,Tamil Nadu,ENT-REF-175405,28,0.323
ENT-004639,DEVICE,Telangana,ENT-REF-735682,44,0.4109
ENT-004640,ACCOUNT,Madhya Pradesh,ENT-REF-525121,38,0.3888
ENT-004641,WALLET,Bihar,ENT-REF-278863,47,0.5188
ENT-004642,BENEFICIARY,Maharashtra,ENT-REF-997887,52,0.3367
ENT-004643,ACCOUNT,Maharashtra,ENT-REF-690127,78,0.0909
ENT-004644,PHONE,Delhi,ENT-REF-551632,3,0.1556
ENT-004645,PHONE,Telangana,ENT-REF-289167,26,0.0745
ENT-004646,PHONE,Madhya Pradesh,ENT-REF-642507,58,0.3506
ENT-004647,MERCHANT,West Bengal,ENT-REF-668956,29,0.1556
ENT-004648,BENEFICIARY,West Bengal,ENT-REF-246067,4,0.237
ENT-004649,WALLET,Tamil Nadu,ENT-REF-820843,8,0.4209
ENT-004650,MERCHANT,Uttar Pradesh,ENT-REF-772046,63,0.2074
ENT-004651,DEVICE,West Bengal,ENT-REF-162916,75,0.2196
ENT-004652,PHONE,Rajasthan,ENT-REF-596763,66,0.2366
ENT-004653,BENEFICIARY,Karnataka,ENT-REF-624777,46,0.2644
ENT-004654,PHONE,West Bengal,ENT-REF-404167,50,0.1636
ENT-004655,PHONE,Madhya Pradesh,ENT-REF-862338,76,0.0178
ENT-004656,PHONE,Bihar,ENT-REF-272698,28,0.1467
ENT-004657,ACCOUNT,Rajasthan,ENT-REF-882871,5,0.1207
ENT-004658,DEVICE,Bihar,ENT-REF-612966,2,0.1521
ENT-004659,ACCOUNT,Karnataka,ENT-REF-910352,38,0.3054
ENT-004660,ACCOUNT,Uttar Pradesh,ENT-REF-431017,25,0.1266
ENT-004661,WALLET,Tamil Nadu,ENT-REF-896319,14,0.1511
ENT-004662,ACCOUNT,Maharashtra,ENT-REF-842759,79,0.3294
ENT-004663,ACCOUNT,Tamil Nadu,ENT-REF-334457,63,0.4751
ENT-004664,WALLET,Uttar Pradesh,ENT-REF-701257,51,0.1035
ENT-004665,ACCOUNT,Rajasthan,ENT-REF-377505,40,0.1838
ENT-004666,WALLET,Rajasthan,ENT-REF-723903,39,0.0105
ENT-004667,ACCOUNT,Telangana,ENT-REF-389345,45,0.1217
ENT-004668,DEVICE,Madhya Pradesh,ENT-REF-479427,55,0.0854
ENT-004669,BENEFICIARY,Madhya Pradesh,ENT-REF-471679,3,0.0601
ENT-004670,ACCOUNT,Tamil Nadu,ENT-REF-770966,35,0.0607
ENT-004671,BENEFICIARY,Madhya Pradesh,ENT-REF-660035,55,0.0434
ENT-004672,DEVICE,West Bengal,ENT-REF-634134,26,0.2155
ENT-004673,DEVICE,Rajasthan,ENT-REF-933853,38,0.0616
ENT-004674,BENEFICIARY,Rajasthan,ENT-REF-893819,39,0.1352
ENT-004675,DEVICE,Uttar Pradesh,ENT-REF-633504,18,0.1193
ENT-004676,PHONE,Maharashtra,ENT-REF-512494,29,0.4568
ENT-004677,DEVICE,Telangana,ENT-REF-816278,29,0.0683
ENT-004678,BENEFICIARY,Maharashtra,ENT-REF-291895,27,0.2531
ENT-004679,ACCOUNT,Telangana,ENT-REF-296197,26,0.3172
ENT-004680,DEVICE,Uttar Pradesh,ENT-REF-891652,43,0.0766
ENT-004681,ACCOUNT,Madhya Pradesh,ENT-REF-845889,41,0.02
ENT-004682,BENEFICIARY,Uttar Pradesh,ENT-REF-378495,76,0.0545
ENT-004683,PHONE,Bihar,ENT-REF-652512,25,0.1445
ENT-004684,ACCOUNT,Tamil Nadu,ENT-REF-614352,29,0.0072
ENT-004685,BENEFICIARY,Delhi,ENT-REF-764347,15,0.1059
ENT-004686,WALLET,Tamil Nadu,ENT-REF-224100,54,0.4229
ENT-004687,DEVICE,Uttar Pradesh,ENT-REF-496918,35,0.3007
ENT-004688,PHONE,Tamil Nadu,ENT-REF-332165,48,0.105
ENT-004689,ACCOUNT,Rajasthan,ENT-REF-664977,53,0.0061
ENT-004690,DEVICE,Uttar Pradesh,ENT-REF-251619,51,0.0677
ENT-004691,DEVICE,Tamil Nadu,ENT-REF-208096,37,0.217
ENT-004692,PHONE,Tamil Nadu,ENT-REF-659913,59,0.2656
ENT-004693,MERCHANT,Rajasthan,ENT-REF-466166,17,0.1336
ENT-004694,BENEFICIARY,Telangana,ENT-REF-322243,79,0.2044
ENT-004695,DEVICE,West Bengal,ENT-REF-440737,62,0.0699
ENT-004696,BENEFICIARY,Madhya Pradesh,ENT-REF-900831,38,0.1328
ENT-004697,DEVICE,Delhi,ENT-REF-242539,79,0.417
ENT-004698,ACCOUNT,Maharashtra,ENT-REF-152772,79,0.0216
ENT-004699,ACCOUNT,Uttar Pradesh,ENT-REF-850333,66,0.1563
ENT-004700,ACCOUNT,Rajasthan,ENT-REF-882070,74,0.0153
ENT-004701,ACCOUNT,Telangana,ENT-REF-772460,64,0.0407
ENT-004702,WALLET,Karnataka,ENT-REF-842010,9,0.1038
ENT-004703,WALLET,Uttar Pradesh,ENT-REF-642212,10,0.1433
ENT-004704,BENEFICIARY,Madhya Pradesh,ENT-REF-530724,16,0.1263
ENT-004705,PHONE,Uttar Pradesh,ENT-REF-945114,51,0.3629
ENT-004706,DEVICE,Rajasthan,ENT-REF-715070,15,0.0957
ENT-004707,BENEFICIARY,Maharashtra,ENT-REF-800536,56,0.1852
ENT-004708,DEVICE,Delhi,ENT-REF-228310,67,0.3217
ENT-004709,MERCHANT,Bihar,ENT-REF-724747,37,0.3454
ENT-004710,ACCOUNT,Madhya Pradesh,ENT-REF-738436,56,0.0273
ENT-004711,PHONE,Madhya Pradesh,ENT-REF-338827,55,0.2568
ENT-004712,DEVICE,Rajasthan,ENT-REF-380925,40,0.3749
ENT-004713,ACCOUNT,Uttar Pradesh,ENT-REF-113880,4,0.046
ENT-004714,ACCOUNT,Telangana,ENT-REF-919330,45,0.3019
ENT-004715,PHONE,Tamil Nadu,ENT-REF-748569,72,0.0302
ENT-004716,ACCOUNT,Telangana,ENT-REF-913821,77,0.2694
ENT-004717,ACCOUNT,West Bengal,ENT-REF-660256,63,0.1918
ENT-004718,ACCOUNT,Madhya Pradesh,ENT-REF-675941,30,0.0588
ENT-004719,ACCOUNT,Maharashtra,ENT-REF-923081,27,0.1358
ENT-004720,DEVICE,Maharashtra,ENT-REF-748720,44,0.2648
ENT-004721,ACCOUNT,Telangana,ENT-REF-235056,35,0.1025
ENT-004722,ACCOUNT,Telangana,ENT-REF-358300,60,0.0123
ENT-004723,ACCOUNT,Delhi,ENT-REF-310702,64,0.3662
ENT-004724,ACCOUNT,Uttar Pradesh,ENT-REF-682137,51,0.2083
ENT-004725,ACCOUNT,Karnataka,ENT-REF-762984,2,0.2119
ENT-004726,WALLET,West Bengal,ENT-REF-768114,19,0.0724
ENT-004727,ACCOUNT,Tamil Nadu,ENT-REF-653613,79,0.1817
ENT-004728,BENEFICIARY,Delhi,ENT-REF-852485,29,0.0715
ENT-004729,WALLET,Bihar,ENT-REF-350113,19,0.0464
ENT-004730,PHONE,Maharashtra,ENT-REF-443846,9,0.2511
ENT-004731,MERCHANT,Rajasthan,ENT-REF-733735,9,0.0566
ENT-004732,BENEFICIARY,West Bengal,ENT-REF-572607,1,0.0966
ENT-004733,DEVICE,Madhya Pradesh,ENT-REF-642312,37,0.0961
ENT-004734,ACCOUNT,Karnataka,ENT-REF-880839,45,0.088
ENT-004735,ACCOUNT,Madhya Pradesh,ENT-REF-524167,29,0.2301
ENT-004736,PHONE,Delhi,ENT-REF-189780,37,0.0611
ENT-004737,DEVICE,Rajasthan,ENT-REF-776613,14,0.0209
ENT-004738,PHONE,Maharashtra,ENT-REF-390494,10,0.1938
ENT-004739,ACCOUNT,Bihar,ENT-REF-643133,23,0.0438
ENT-004740,ACCOUNT,Telangana,ENT-REF-907447,77,0.1525
ENT-004741,MERCHANT,Rajasthan,ENT-REF-857084,32,0.2101
ENT-004742,ACCOUNT,Uttar Pradesh,ENT-REF-522156,33,0.1216
ENT-004743,WALLET,Karnataka,ENT-REF-692781,20,0.0595
ENT-004744,DEVICE,Maharashtra,ENT-REF-323937,14,0.1875
ENT-004745,ACCOUNT,Rajasthan,ENT-REF-778530,70,0.0672
ENT-004746,WALLET,Rajasthan,ENT-REF-613963,28,0.2255
ENT-004747,DEVICE,Uttar Pradesh,ENT-REF-338301,10,0.3848
ENT-004748,DEVICE,Uttar Pradesh,ENT-REF-494817,56,0.1968
ENT-004749,MERCHANT,West Bengal,ENT-REF-788207,12,0.1312
ENT-004750,BENEFICIARY,Karnataka,ENT-REF-220250,66,0.2988
ENT-004751,PHONE,Tamil Nadu,ENT-REF-586528,22,0.3802
ENT-004752,DEVICE,Bihar,ENT-REF-969753,5,0.0782
ENT-004753,BENEFICIARY,Telangana,ENT-REF-765464,66,0.2453
ENT-004754,PHONE,Bihar,ENT-REF-502719,20,0.1097
ENT-004755,PHONE,Telangana,ENT-REF-152709,30,0.0502
ENT-004756,ACCOUNT,Uttar Pradesh,ENT-REF-711939,25,0.3073
ENT-004757,DEVICE,Tamil Nadu,ENT-REF-433621,10,0.3484
ENT-004758,ACCOUNT,Karnataka,ENT-REF-371806,60,0.0499
ENT-004759,ACCOUNT,Rajasthan,ENT-REF-117778,50,0.3137
ENT-004760,ACCOUNT,Delhi,ENT-REF-217259,5,0.0869
ENT-004761,DEVICE,Maharashtra,ENT-REF-481540,43,0.3114
ENT-004762,DEVICE,West Bengal,ENT-REF-452554,65,0.0072
ENT-004763,MERCHANT,Rajasthan,ENT-REF-335858,64,0.3088
ENT-004764,PHONE,Bihar,ENT-REF-926858,21,0.2088
ENT-004765,BENEFICIARY,Maharashtra,ENT-REF-907185,61,0.1209
ENT-004766,MERCHANT,Tamil Nadu,ENT-REF-210543,2,0.169
ENT-004767,PHONE,Karnataka,ENT-REF-177513,47,0.1406
ENT-004768,ACCOUNT,Uttar Pradesh,ENT-REF-535958,20,0.054
ENT-004769,ACCOUNT,West Bengal,ENT-REF-489866,37,0.1379
ENT-004770,PHONE,Telangana,ENT-REF-116197,36,0.1204
ENT-004771,ACCOUNT,Delhi,ENT-REF-935824,57,0.3148
ENT-004772,BENEFICIARY,Delhi,ENT-REF-752606,69,0.1771
ENT-004773,WALLET,Karnataka,ENT-REF-949367,42,0.2918
ENT-004774,PHONE,Maharashtra,ENT-REF-187386,59,0.2025
ENT-004775,ACCOUNT,Rajasthan,ENT-REF-526632,2,0.0486
ENT-004776,ACCOUNT,Maharashtra,ENT-REF-109758,39,0.0618
ENT-004777,WALLET,Telangana,ENT-REF-603833,58,0.1039
ENT-004778,PHONE,Delhi,ENT-REF-588906,39,0.1843
ENT-004779,MERCHANT,Telangana,ENT-REF-440336,77,0.185
ENT-004780,MERCHANT,Maharashtra,ENT-REF-420589,55,0.2965
ENT-004781,BENEFICIARY,Tamil Nadu,ENT-REF-564829,31,0.0784
ENT-004782,PHONE,Rajasthan,ENT-REF-117740,65,0.09
ENT-004783,PHONE,Madhya Pradesh,ENT-REF-995666,64,0.0482
ENT-004784,MERCHANT,Karnataka,ENT-REF-814230,33,0.1581
ENT-004785,ACCOUNT,Madhya Pradesh,ENT-REF-994352,57,0.2777
ENT-004786,ACCOUNT,Karnataka,ENT-REF-622995,17,0.1101
ENT-004787,PHONE,Bihar,ENT-REF-999855,37,0.2229
ENT-004788,PHONE,Rajasthan,ENT-REF-183886,16,0.2334
ENT-004789,DEVICE,West Bengal,ENT-REF-903048,40,0.567
ENT-004790,WALLET,Bihar,ENT-REF-791019,17,0.275
ENT-004791,ACCOUNT,Maharashtra,ENT-REF-366513,16,0.0873
ENT-004792,ACCOUNT,Bihar,ENT-REF-878040,58,0.2172
ENT-004793,PHONE,Karnataka,ENT-REF-615710,78,0.4327
ENT-004794,PHONE,Bihar,ENT-REF-441465,4,0.3609
ENT-004795,ACCOUNT,Tamil Nadu,ENT-REF-823970,8,0.1909
ENT-004796,BENEFICIARY,Tamil Nadu,ENT-REF-899014,65,0.2141
ENT-004797,WALLET,Karnataka,ENT-REF-945099,16,0.1484
ENT-004798,MERCHANT,Delhi,ENT-REF-762372,17,0.1108
ENT-004799,ACCOUNT,Bihar,ENT-REF-586827,60,0.1655
ENT-004800,PHONE,Uttar Pradesh,ENT-REF-655690,23,0.1212
ENT-004801,MERCHANT,Delhi,ENT-REF-321833,63,0.1277
ENT-004802,BENEFICIARY,West Bengal,ENT-REF-776751,48,0.0954
ENT-004803,DEVICE,Delhi,ENT-REF-992293,40,0.146
ENT-004804,DEVICE,Rajasthan,ENT-REF-514052,43,0.2059
ENT-004805,PHONE,Telangana,ENT-REF-583646,54,0.0629
ENT-004806,MERCHANT,Madhya Pradesh,ENT-REF-728610,79,0.0587
ENT-004807,ACCOUNT,Tamil Nadu,ENT-REF-937257,45,0.1483
ENT-004808,ACCOUNT,Tamil Nadu,ENT-REF-278262,42,0.06
ENT-004809,WALLET,Rajasthan,ENT-REF-244686,74,0.2001
ENT-004810,DEVICE,Karnataka,ENT-REF-845131,48,0.1671
ENT-004811,ACCOUNT,Rajasthan,ENT-REF-390304,7,0.1485
ENT-004812,BENEFICIARY,Telangana,ENT-REF-412212,61,0.1725
ENT-004813,MERCHANT,Rajasthan,ENT-REF-737621,48,0.2351
ENT-004814,WALLET,Delhi,ENT-REF-275503,28,0.1406
ENT-004815,ACCOUNT,Karnataka,ENT-REF-529574,43,0.2609
ENT-004816,PHONE,Rajasthan,ENT-REF-903498,65,0.011
ENT-004817,BENEFICIARY,West Bengal,ENT-REF-791506,1,0.0715
ENT-004818,PHONE,Bihar,ENT-REF-351592,8,0.4044
ENT-004819,ACCOUNT,West Bengal,ENT-REF-354705,10,0.0606
ENT-004820,BENEFICIARY,Bihar,ENT-REF-708774,76,0.0671
ENT-004821,DEVICE,Madhya Pradesh,ENT-REF-507851,16,0.325
ENT-004822,ACCOUNT,Tamil Nadu,ENT-REF-313651,35,0.076
ENT-004823,MERCHANT,West Bengal,ENT-REF-763291,65,0.1134
ENT-004824,WALLET,Maharashtra,ENT-REF-651645,71,0.0218
ENT-004825,BENEFICIARY,Delhi,ENT-REF-976709,19,0.4692
ENT-004826,MERCHANT,West Bengal,ENT-REF-620026,9,0.1656
ENT-004827,PHONE,Uttar Pradesh,ENT-REF-697723,10,0.1695
ENT-004828,DEVICE,Uttar Pradesh,ENT-REF-835749,77,0.1693
ENT-004829,PHONE,Uttar Pradesh,ENT-REF-420409,25,0.6777
ENT-004830,WALLET,Madhya Pradesh,ENT-REF-145553,78,0.3182
ENT-004831,BENEFICIARY,Tamil Nadu,ENT-REF-440631,68,0.0301
ENT-004832,DEVICE,Telangana,ENT-REF-730061,51,0.0321
ENT-004833,DEVICE,Rajasthan,ENT-REF-458102,3,0.1897
ENT-004834,WALLET,Karnataka,ENT-REF-838951,79,0.2405
ENT-004835,ACCOUNT,Delhi,ENT-REF-380429,44,0.3022
ENT-004836,PHONE,Madhya Pradesh,ENT-REF-290127,56,0.0172
ENT-004837,PHONE,Rajasthan,ENT-REF-196151,60,0.1881
ENT-004838,BENEFICIARY,Madhya Pradesh,ENT-REF-626420,73,0.0511
ENT-004839,PHONE,Uttar Pradesh,ENT-REF-713570,23,0.0931
ENT-004840,MERCHANT,Delhi,ENT-REF-675810,70,0.1166
ENT-004841,PHONE,Rajasthan,ENT-REF-365138,52,0.3112
ENT-004842,ACCOUNT,Tamil Nadu,ENT-REF-365986,54,0.4067
ENT-004843,ACCOUNT,Madhya Pradesh,ENT-REF-591364,30,0.2022
ENT-004844,PHONE,Delhi,ENT-REF-108183,78,0.0971
ENT-004845,ACCOUNT,Uttar Pradesh,ENT-REF-782338,49,0.0402
ENT-004846,ACCOUNT,Bihar,ENT-REF-193199,7,0.034
ENT-004847,DEVICE,Telangana,ENT-REF-965792,33,0.5209
ENT-004848,MERCHANT,Tamil Nadu,ENT-REF-243487,70,0.0279
ENT-004849,BENEFICIARY,Bihar,ENT-REF-888660,3,0.3002
ENT-004850,DEVICE,Madhya Pradesh,ENT-REF-931253,18,0.1935
ENT-004851,ACCOUNT,Maharashtra,ENT-REF-894312,62,0.2125
ENT-004852,ACCOUNT,Karnataka,ENT-REF-628954,38,0.2312
ENT-004853,WALLET,Madhya Pradesh,ENT-REF-132765,45,0.0451
ENT-004854,MERCHANT,Uttar Pradesh,ENT-REF-719918,6,0.3756
ENT-004855,BENEFICIARY,Madhya Pradesh,ENT-REF-646269,41,0.2052
ENT-004856,ACCOUNT,Telangana,ENT-REF-531594,9,0.0539
ENT-004857,DEVICE,Tamil Nadu,ENT-REF-570268,24,0.1486
ENT-004858,ACCOUNT,West Bengal,ENT-REF-249948,67,0.3904
ENT-004859,DEVICE,Bihar,ENT-REF-484353,46,0.0832
ENT-004860,DEVICE,Delhi,ENT-REF-669879,64,0.0304
ENT-004861,WALLET,Bihar,ENT-REF-303541,33,0.2602
ENT-004862,DEVICE,Karnataka,ENT-REF-713507,37,0.084
ENT-004863,ACCOUNT,Madhya Pradesh,ENT-REF-662278,3,0.1854
ENT-004864,WALLET,Rajasthan,ENT-REF-751240,38,0.041
ENT-004865,PHONE,Tamil Nadu,ENT-REF-889857,39,0.3004
ENT-004866,PHONE,Maharashtra,ENT-REF-278006,70,0.0546
ENT-004867,ACCOUNT,Bihar,ENT-REF-257982,43,0.034
ENT-004868,MERCHANT,Delhi,ENT-REF-321501,13,0.2836
ENT-004869,WALLET,Rajasthan,ENT-REF-872631,46,0.3986
ENT-004870,ACCOUNT,Bihar,ENT-REF-108376,71,0.1882
ENT-004871,ACCOUNT,Tamil Nadu,ENT-REF-540636,34,0.2906
ENT-004872,PHONE,Rajasthan,ENT-REF-750840,33,0.2724
ENT-004873,MERCHANT,Tamil Nadu,ENT-REF-895306,56,0.1778
ENT-004874,PHONE,Delhi,ENT-REF-369990,64,0.1797
ENT-004875,ACCOUNT,Telangana,ENT-REF-853459,69,0.0783
ENT-004876,BENEFICIARY,Delhi,ENT-REF-332665,35,0.144
ENT-004877,DEVICE,Delhi,ENT-REF-325474,19,0.1736
ENT-004878,BENEFICIARY,Uttar Pradesh,ENT-REF-908393,70,0.1155
ENT-004879,PHONE,Delhi,ENT-REF-507130,36,0.051
ENT-004880,DEVICE,Uttar Pradesh,ENT-REF-484869,50,0.0606
ENT-004881,PHONE,Uttar Pradesh,ENT-REF-911526,10,0.339
ENT-004882,ACCOUNT,Maharashtra,ENT-REF-732568,40,0.176
ENT-004883,BENEFICIARY,Karnataka,ENT-REF-450705,8,0.0588
ENT-004884,MERCHANT,Maharashtra,ENT-REF-572725,24,0.1571
ENT-004885,PHONE,Madhya Pradesh,ENT-REF-772093,29,0.3272
ENT-004886,MERCHANT,Delhi,ENT-REF-907283,9,0.1623
ENT-004887,ACCOUNT,Tamil Nadu,ENT-REF-104322,41,0.0767
ENT-004888,MERCHANT,Telangana,ENT-REF-269684,69,0.2425
ENT-004889,ACCOUNT,Bihar,ENT-REF-711813,61,0.1397
ENT-004890,DEVICE,Madhya Pradesh,ENT-REF-613540,51,0.0507
ENT-004891,ACCOUNT,Rajasthan,ENT-REF-535652,2,0.0741
ENT-004892,ACCOUNT,Bihar,ENT-REF-562456,68,0.0373
ENT-004893,BENEFICIARY,Delhi,ENT-REF-502648,64,0.4088
ENT-004894,ACCOUNT,Madhya Pradesh,ENT-REF-766753,46,0.2952
ENT-004895,PHONE,Maharashtra,ENT-REF-551869,24,0.3158
ENT-004896,DEVICE,Maharashtra,ENT-REF-821438,57,0.0307
ENT-004897,PHONE,Maharashtra,ENT-REF-638508,60,0.134
ENT-004898,ACCOUNT,Madhya Pradesh,ENT-REF-237983,72,0.1515
ENT-004899,ACCOUNT,West Bengal,ENT-REF-100577,59,0.2488
ENT-004900,BENEFICIARY,Karnataka,ENT-REF-339191,26,0.2544
ENT-004901,MERCHANT,Karnataka,ENT-REF-140398,51,0.2048
ENT-004902,BENEFICIARY,Karnataka,ENT-REF-641673,7,0.1197
ENT-004903,BENEFICIARY,West Bengal,ENT-REF-579176,38,0.2762
ENT-004904,WALLET,Maharashtra,ENT-REF-312797,77,0.2112
ENT-004905,PHONE,Maharashtra,ENT-REF-405620,44,0.0814
ENT-004906,ACCOUNT,Telangana,ENT-REF-186462,76,0.057
ENT-004907,ACCOUNT,Madhya Pradesh,ENT-REF-913913,18,0.1553
ENT-004908,MERCHANT,Madhya Pradesh,ENT-REF-767036,50,0.2694
ENT-004909,ACCOUNT,Madhya Pradesh,ENT-REF-769107,68,0.4739
ENT-004910,PHONE,Rajasthan,ENT-REF-557827,27,0.0802
ENT-004911,PHONE,Rajasthan,ENT-REF-479845,26,0.1159
ENT-004912,PHONE,Karnataka,ENT-REF-709876,24,0.2146
ENT-004913,DEVICE,Tamil Nadu,ENT-REF-334749,51,0.0956
ENT-004914,ACCOUNT,Rajasthan,ENT-REF-763540,12,0.3042
ENT-004915,WALLET,Maharashtra,ENT-REF-357776,12,0.0355
ENT-004916,WALLET,Telangana,ENT-REF-824684,35,0.1433
ENT-004917,MERCHANT,Maharashtra,ENT-REF-743077,20,0.2132
ENT-004918,ACCOUNT,Telangana,ENT-REF-650913,45,0.164
ENT-004919,ACCOUNT,West Bengal,ENT-REF-534264,74,0.1788
ENT-004920,BENEFICIARY,Madhya Pradesh,ENT-REF-800627,68,0.3759
ENT-004921,BENEFICIARY,Rajasthan,ENT-REF-899398,56,0.1572
ENT-004922,WALLET,Delhi,ENT-REF-984328,4,0.1647
ENT-004923,DEVICE,Karnataka,ENT-REF-895595,78,0.2917
ENT-004924,ACCOUNT,Telangana,ENT-REF-564070,65,0.0255
ENT-004925,ACCOUNT,Tamil Nadu,ENT-REF-487058,45,0.3007
ENT-004926,DEVICE,Telangana,ENT-REF-416047,29,0.2191
ENT-004927,ACCOUNT,Madhya Pradesh,ENT-REF-476930,4,0.3827
ENT-004928,WALLET,Maharashtra,ENT-REF-199311,31,0.1837
ENT-004929,ACCOUNT,Tamil Nadu,ENT-REF-676257,22,0.3343
ENT-004930,WALLET,Uttar Pradesh,ENT-REF-400717,20,0.0725
ENT-004931,DEVICE,West Bengal,ENT-REF-446736,7,0.009
ENT-004932,BENEFICIARY,Rajasthan,ENT-REF-447280,30,0.0527
ENT-004933,ACCOUNT,Telangana,ENT-REF-136145,31,0.3225
ENT-004934,PHONE,Karnataka,ENT-REF-470887,70,0.189
ENT-004935,DEVICE,Madhya Pradesh,ENT-REF-824681,22,0.0638
ENT-004936,PHONE,Bihar,ENT-REF-730989,53,0.0182
ENT-004937,PHONE,Madhya Pradesh,ENT-REF-188660,59,0.2209
ENT-004938,ACCOUNT,Delhi,ENT-REF-390077,31,0.1482
ENT-004939,ACCOUNT,Bihar,ENT-REF-125105,8,0.3958
ENT-004940,PHONE,Delhi,ENT-REF-520928,36,0.1749
ENT-004941,ACCOUNT,Bihar,ENT-REF-814119,32,0.2162
ENT-004942,PHONE,Madhya Pradesh,ENT-REF-149621,43,0.2259
ENT-004943,ACCOUNT,Delhi,ENT-REF-219257,60,0.2655
ENT-004944,BENEFICIARY,Maharashtra,ENT-REF-452255,44,0.0951
ENT-004945,PHONE,Maharashtra,ENT-REF-934633,70,0.1484
ENT-004946,PHONE,Rajasthan,ENT-REF-412954,34,0.0828
ENT-004947,ACCOUNT,Bihar,ENT-REF-698735,51,0.0464
ENT-004948,MERCHANT,West Bengal,ENT-REF-465722,66,0.1758
ENT-004949,MERCHANT,Rajasthan,ENT-REF-758706,72,0.1007
ENT-004950,PHONE,Rajasthan,ENT-REF-489300,18,0.1861
ENT-004951,MERCHANT,Tamil Nadu,ENT-REF-132966,47,0.0193
ENT-004952,PHONE,Tamil Nadu,ENT-REF-921196,45,0.3576
ENT-004953,ACCOUNT,Uttar Pradesh,ENT-REF-824529,35,0.1132
ENT-004954,PHONE,Karnataka,ENT-REF-122315,77,0.1198
ENT-004955,WALLET,Bihar,ENT-REF-528811,8,0.1402
ENT-004956,PHONE,Uttar Pradesh,ENT-REF-936415,25,0.0299
ENT-004957,MERCHANT,Rajasthan,ENT-REF-837683,65,0.3709
ENT-004958,PHONE,Delhi,ENT-REF-475661,38,0.0164
ENT-004959,DEVICE,Karnataka,ENT-REF-500021,60,0.2088
ENT-004960,ACCOUNT,Bihar,ENT-REF-693426,54,0.0863
ENT-004961,ACCOUNT,Madhya Pradesh,ENT-REF-941342,78,0.4126
ENT-004962,MERCHANT,Maharashtra,ENT-REF-441082,33,0.2227
ENT-004963,WALLET,Karnataka,ENT-REF-620968,69,0.3929
ENT-004964,DEVICE,West Bengal,ENT-REF-576497,43,0.0106
ENT-004965,BENEFICIARY,Uttar Pradesh,ENT-REF-159766,44,0.5763
ENT-004966,DEVICE,Delhi,ENT-REF-934156,32,0.0349
ENT-004967,ACCOUNT,Bihar,ENT-REF-212359,38,0.2605
ENT-004968,PHONE,Rajasthan,ENT-REF-550917,31,0.3096
ENT-004969,PHONE,Uttar Pradesh,ENT-REF-548517,10,0.5111
ENT-004970,BENEFICIARY,Maharashtra,ENT-REF-124656,25,0.0736
ENT-004971,BENEFICIARY,Karnataka,ENT-REF-781665,13,0.4871
ENT-004972,MERCHANT,Madhya Pradesh,ENT-REF-367527,40,0.2609
ENT-004973,BENEFICIARY,Tamil Nadu,ENT-REF-945781,20,0.0885
ENT-004974,DEVICE,Delhi,ENT-REF-566564,63,0.045
ENT-004975,ACCOUNT,Madhya Pradesh,ENT-REF-574239,46,0.5042
ENT-004976,PHONE,Karnataka,ENT-REF-308566,56,0.0624
ENT-004977,ACCOUNT,West Bengal,ENT-REF-465788,76,0.4014
ENT-004978,PHONE,Karnataka,ENT-REF-621183,69,0.5432
ENT-004979,WALLET,Delhi,ENT-REF-605482,14,0.2088
ENT-004980,BENEFICIARY,Madhya Pradesh,ENT-REF-850516,42,0.2692
ENT-004981,BENEFICIARY,Delhi,ENT-REF-517170,56,0.015
ENT-004982,MERCHANT,West Bengal,ENT-REF-846977,40,0.0996
ENT-004983,ACCOUNT,Maharashtra,ENT-REF-942093,31,0.2389
ENT-004984,ACCOUNT,Rajasthan,ENT-REF-347929,60,0.1606
ENT-004985,MERCHANT,Tamil Nadu,ENT-REF-624011,50,0.0933
ENT-004986,PHONE,Maharashtra,ENT-REF-618602,71,0.11
ENT-004987,ACCOUNT,Rajasthan,ENT-REF-722390,54,0.328
ENT-004988,ACCOUNT,Karnataka,ENT-REF-305265,52,0.3046
ENT-004989,MERCHANT,Delhi,ENT-REF-838329,74,0.2419
ENT-004990,PHONE,Maharashtra,ENT-REF-426633,44,0.444
ENT-004991,ACCOUNT,Tamil Nadu,ENT-REF-929016,76,0.068
ENT-004992,PHONE,Tamil Nadu,ENT-REF-786669,63,0.1229
ENT-004993,ACCOUNT,Maharashtra,ENT-REF-447567,78,0.5509
ENT-004994,ACCOUNT,Delhi,ENT-REF-701072,42,0.0254
ENT-004995,ACCOUNT,Tamil Nadu,ENT-REF-746844,57,0.1531
ENT-004996,ACCOUNT,Bihar,ENT-REF-632199,69,0.2675
ENT-004997,WALLET,Tamil Nadu,ENT-REF-954775,22,0.047
ENT-004998,ACCOUNT,Karnataka,ENT-REF-241884,36,0.0092
ENT-004999,PHONE,West Bengal,ENT-REF-843411,37,0.082
ENT-005000,BENEFICIARY,Maharashtra,ENT-REF-647940,6,0.1501
ENT-005001,BENEFICIARY,Madhya Pradesh,ENT-REF-353461,74,0.2442
ENT-005002,BENEFICIARY,Maharashtra,ENT-REF-265405,63,0.1391
ENT-005003,MERCHANT,Rajasthan,ENT-REF-428661,37,0.0726
ENT-005004,DEVICE,Telangana,ENT-REF-263510,68,0.0702
ENT-005005,ACCOUNT,Uttar Pradesh,ENT-REF-972769,10,0.0784
ENT-005006,BENEFICIARY,Telangana,ENT-REF-747919,55,0.3297
ENT-005007,ACCOUNT,West Bengal,ENT-REF-916518,51,0.0599
ENT-005008,ACCOUNT,Maharashtra,ENT-REF-765334,77,0.4312
ENT-005009,ACCOUNT,Uttar Pradesh,ENT-REF-652831,77,0.1922
ENT-005010,ACCOUNT,Karnataka,ENT-REF-842043,41,0.075
ENT-005011,MERCHANT,Rajasthan,ENT-REF-369355,13,0.129
ENT-005012,ACCOUNT,Madhya Pradesh,ENT-REF-114742,35,0.0518
ENT-005013,DEVICE,Madhya Pradesh,ENT-REF-886555,42,0.1084
ENT-005014,PHONE,Bihar,ENT-REF-471030,54,0.1485
ENT-005015,MERCHANT,Tamil Nadu,ENT-REF-178329,33,0.1443
ENT-005016,ACCOUNT,Karnataka,ENT-REF-880078,62,0.0146
ENT-005017,PHONE,Rajasthan,ENT-REF-841198,41,0.1109
ENT-005018,MERCHANT,Karnataka,ENT-REF-516473,12,0.2783
ENT-005019,WALLET,Uttar Pradesh,ENT-REF-505485,59,0.1884
ENT-005020,PHONE,Uttar Pradesh,ENT-REF-846167,39,0.2651
ENT-005021,ACCOUNT,Maharashtra,ENT-REF-841133,55,0.1947
ENT-005022,ACCOUNT,Delhi,ENT-REF-977815,75,0.2878
ENT-005023,DEVICE,Bihar,ENT-REF-530973,13,0.0724
ENT-005024,ACCOUNT,Madhya Pradesh,ENT-REF-479249,56,0.1436
ENT-005025,ACCOUNT,Karnataka,ENT-REF-900017,51,0.1021
ENT-005026,MERCHANT,Karnataka,ENT-REF-747742,54,0.0688
ENT-005027,MERCHANT,Rajasthan,ENT-REF-218202,58,0.2634
ENT-005028,ACCOUNT,Madhya Pradesh,ENT-REF-508589,43,0.171
ENT-005029,ACCOUNT,Rajasthan,ENT-REF-525141,70,0.1454
ENT-005030,ACCOUNT,Uttar Pradesh,ENT-REF-949543,70,0.1436
ENT-005031,PHONE,Karnataka,ENT-REF-103295,38,0.5215
ENT-005032,ACCOUNT,Telangana,ENT-REF-404308,37,0.0206
ENT-005033,ACCOUNT,Madhya Pradesh,ENT-REF-869361,68,0.122
ENT-005034,BENEFICIARY,Tamil Nadu,ENT-REF-226528,66,0.0657
ENT-005035,ACCOUNT,Tamil Nadu,ENT-REF-390071,55,0.0549
ENT-005036,WALLET,Delhi,ENT-REF-131215,14,0.3005
ENT-005037,PHONE,Uttar Pradesh,ENT-REF-746028,35,0.1846
ENT-005038,PHONE,Tamil Nadu,ENT-REF-543847,77,0.0336
ENT-005039,DEVICE,Telangana,ENT-REF-180270,76,0.0362
ENT-005040,PHONE,Madhya Pradesh,ENT-REF-407696,19,0.0936
ENT-005041,BENEFICIARY,Tamil Nadu,ENT-REF-430526,62,0.1112
ENT-005042,PHONE,Tamil Nadu,ENT-REF-535150,48,0.2025
ENT-005043,MERCHANT,Delhi,ENT-REF-710245,37,0.0723
ENT-005044,MERCHANT,Delhi,ENT-REF-788099,30,0.1851
ENT-005045,BENEFICIARY,Maharashtra,ENT-REF-181986,37,0.0304
ENT-005046,WALLET,Karnataka,ENT-REF-598098,8,0.0917
ENT-005047,PHONE,West Bengal,ENT-REF-942848,75,0.0922
ENT-005048,ACCOUNT,Delhi,ENT-REF-857647,2,0.4386
ENT-005049,DEVICE,Uttar Pradesh,ENT-REF-912186,45,0.4436
ENT-005050,BENEFICIARY,West Bengal,ENT-REF-132501,49,0.0268
ENT-005051,ACCOUNT,West Bengal,ENT-REF-437932,41,0.1942
ENT-005052,PHONE,Maharashtra,ENT-REF-370122,60,0.1809
ENT-005053,ACCOUNT,Bihar,ENT-REF-992190,64,0.198
ENT-005054,PHONE,Bihar,ENT-REF-592579,19,0.0502
ENT-005055,DEVICE,Delhi,ENT-REF-813939,12,0.0653
ENT-005056,ACCOUNT,Rajasthan,ENT-REF-825357,72,0.2905
ENT-005057,ACCOUNT,Uttar Pradesh,ENT-REF-515486,31,0.078
ENT-005058,MERCHANT,Tamil Nadu,ENT-REF-738460,2,0.0703
ENT-005059,BENEFICIARY,Rajasthan,ENT-REF-548275,31,0.2357
ENT-005060,ACCOUNT,Delhi,ENT-REF-238844,15,0.1544
ENT-005061,ACCOUNT,Delhi,ENT-REF-134323,43,0.4153
ENT-005062,ACCOUNT,Tamil Nadu,ENT-REF-744538,31,0.2029
ENT-005063,WALLET,Tamil Nadu,ENT-REF-251286,36,0.3679
ENT-005064,PHONE,Bihar,ENT-REF-932091,15,0.0812
ENT-005065,ACCOUNT,Maharashtra,ENT-REF-503990,6,0.0954
ENT-005066,DEVICE,Uttar Pradesh,ENT-REF-512106,25,0.6359
ENT-005067,DEVICE,Madhya Pradesh,ENT-REF-636488,50,0.0187
ENT-005068,MERCHANT,Tamil Nadu,ENT-REF-878183,37,0.2047
ENT-005069,WALLET,Madhya Pradesh,ENT-REF-790446,15,0.0887
ENT-005070,DEVICE,Maharashtra,ENT-REF-347188,64,0.0252
ENT-005071,MERCHANT,West Bengal,ENT-REF-734707,6,0.0254
ENT-005072,MERCHANT,Karnataka,ENT-REF-721241,13,0.2062
ENT-005073,DEVICE,Bihar,ENT-REF-987713,35,0.0577
ENT-005074,DEVICE,Uttar Pradesh,ENT-REF-627348,40,0.1068
ENT-005075,BENEFICIARY,Rajasthan,ENT-REF-613368,61,0.0924
ENT-005076,PHONE,Tamil Nadu,ENT-REF-358782,61,0.1571
ENT-005077,PHONE,Maharashtra,ENT-REF-398816,3,0.1271
ENT-005078,MERCHANT,Rajasthan,ENT-REF-564252,5,0.1764
ENT-005079,PHONE,Rajasthan,ENT-REF-811004,15,0.0455
ENT-005080,ACCOUNT,Bihar,ENT-REF-751093,26,0.1333
ENT-005081,ACCOUNT,Uttar Pradesh,ENT-REF-601777,20,0.0185
ENT-005082,BENEFICIARY,Bihar,ENT-REF-100977,61,0.0627
ENT-005083,BENEFICIARY,Tamil Nadu,ENT-REF-718417,39,0.2915
ENT-005084,WALLET,Maharashtra,ENT-REF-896793,27,0.2249
ENT-005085,WALLET,Uttar Pradesh,ENT-REF-331573,73,0.1835
ENT-005086,PHONE,West Bengal,ENT-REF-314435,17,0.0482
ENT-005087,BENEFICIARY,Uttar Pradesh,ENT-REF-215516,60,0.0687
ENT-005088,PHONE,Tamil Nadu,ENT-REF-566903,8,0.1892
ENT-005089,BENEFICIARY,Rajasthan,ENT-REF-160892,67,0.1874
ENT-005090,MERCHANT,Uttar Pradesh,ENT-REF-485289,54,0.0264
ENT-005091,ACCOUNT,Telangana,ENT-REF-170231,30,0.1104
ENT-005092,ACCOUNT,Maharashtra,ENT-REF-231488,59,0.0248
ENT-005093,DEVICE,Uttar Pradesh,ENT-REF-798366,64,0.0432
ENT-005094,MERCHANT,Bihar,ENT-REF-628342,29,0.0302
ENT-005095,PHONE,West Bengal,ENT-REF-963511,6,0.0896
ENT-005096,PHONE,Karnataka,ENT-REF-281606,76,0.498
ENT-005097,ACCOUNT,Uttar Pradesh,ENT-REF-627925,11,0.0666
ENT-005098,PHONE,Maharashtra,ENT-REF-723965,48,0.0651
ENT-005099,DEVICE,West Bengal,ENT-REF-532356,77,0.0758
ENT-005100,ACCOUNT,Bihar,ENT-REF-766935,57,0.2495
ENT-005101,PHONE,Bihar,ENT-REF-915104,10,0.0907
ENT-005102,ACCOUNT,Bihar,ENT-REF-294183,42,0.0993
ENT-005103,ACCOUNT,Rajasthan,ENT-REF-246731,60,0.6214
ENT-005104,ACCOUNT,Bihar,ENT-REF-568100,21,0.3106
ENT-005105,ACCOUNT,Telangana,ENT-REF-625422,27,0.2573
ENT-005106,ACCOUNT,Telangana,ENT-REF-527129,49,0.3996
ENT-005107,MERCHANT,Bihar,ENT-REF-705472,31,0.1845
ENT-005108,ACCOUNT,Tamil Nadu,ENT-REF-196410,10,0.0802
ENT-005109,ACCOUNT,Rajasthan,ENT-REF-312093,39,0.0358
ENT-005110,ACCOUNT,Karnataka,ENT-REF-129203,4,0.1309
ENT-005111,BENEFICIARY,Tamil Nadu,ENT-REF-969323,2,0.2105
ENT-005112,ACCOUNT,Maharashtra,ENT-REF-620836,57,0.0641
ENT-005113,WALLET,Uttar Pradesh,ENT-REF-726585,31,0.1014
ENT-005114,BENEFICIARY,Maharashtra,ENT-REF-359379,63,0.2429
ENT-005115,ACCOUNT,Uttar Pradesh,ENT-REF-329349,22,0.0945
ENT-005116,DEVICE,Karnataka,ENT-REF-735897,17,0.1365
ENT-005117,ACCOUNT,Rajasthan,ENT-REF-964638,62,0.1028
ENT-005118,ACCOUNT,West Bengal,ENT-REF-478979,79,0.2883
ENT-005119,DEVICE,Maharashtra,ENT-REF-663425,49,0.1159
ENT-005120,PHONE,Rajasthan,ENT-REF-136672,39,0.1654
ENT-005121,WALLET,Tamil Nadu,ENT-REF-323285,58,0.245
ENT-005122,BENEFICIARY,Rajasthan,ENT-REF-229397,7,0.3456
ENT-005123,DEVICE,Tamil Nadu,ENT-REF-504017,64,0.2096
ENT-005124,ACCOUNT,Rajasthan,ENT-REF-939457,34,0.1087
ENT-005125,PHONE,Rajasthan,ENT-REF-648885,72,0.0754
ENT-005126,WALLET,Uttar Pradesh,ENT-REF-496084,2,0.2917
ENT-005127,MERCHANT,Madhya Pradesh,ENT-REF-659180,66,0.0196
ENT-005128,WALLET,Uttar Pradesh,ENT-REF-426688,71,0.0699
ENT-005129,BENEFICIARY,Tamil Nadu,ENT-REF-336212,2,0.1537
ENT-005130,ACCOUNT,Telangana,ENT-REF-443487,58,0.1267
ENT-005131,BENEFICIARY,Delhi,ENT-REF-609657,72,0.2879
ENT-005132,WALLET,Tamil Nadu,ENT-REF-558505,13,0.0767
ENT-005133,ACCOUNT,Uttar Pradesh,ENT-REF-792760,46,0.2335
ENT-005134,PHONE,Bihar,ENT-REF-804657,62,0.2123
ENT-005135,BENEFICIARY,Tamil Nadu,ENT-REF-450641,27,0.1436
ENT-005136,ACCOUNT,Bihar,ENT-REF-641071,21,0.2833
ENT-005137,PHONE,Delhi,ENT-REF-616791,12,0.1474
ENT-005138,PHONE,Delhi,ENT-REF-251526,35,0.0379
ENT-005139,BENEFICIARY,Bihar,ENT-REF-102401,54,0.1314
ENT-005140,BENEFICIARY,Telangana,ENT-REF-713743,76,0.3058
ENT-005141,DEVICE,Telangana,ENT-REF-932335,71,0.0871
ENT-005142,BENEFICIARY,Tamil Nadu,ENT-REF-978021,4,0.1159
ENT-005143,BENEFICIARY,Madhya Pradesh,ENT-REF-672179,57,0.0561
ENT-005144,PHONE,Uttar Pradesh,ENT-REF-915967,77,0.1626
ENT-005145,ACCOUNT,Rajasthan,ENT-REF-785189,48,0.1989
ENT-005146,ACCOUNT,Bihar,ENT-REF-681805,58,0.011
ENT-005147,DEVICE,Uttar Pradesh,ENT-REF-362058,27,0.1162
ENT-005148,WALLET,Madhya Pradesh,ENT-REF-599683,33,0.1373
ENT-005149,ACCOUNT,Tamil Nadu,ENT-REF-980049,4,0.2158
ENT-005150,WALLET,Rajasthan,ENT-REF-606156,36,0.2718
ENT-005151,BENEFICIARY,Karnataka,ENT-REF-204010,54,0.4092
ENT-005152,MERCHANT,Karnataka,ENT-REF-723655,76,0.2144
ENT-005153,ACCOUNT,West Bengal,ENT-REF-415681,44,0.3817
ENT-005154,ACCOUNT,Madhya Pradesh,ENT-REF-259626,78,0.0254
ENT-005155,ACCOUNT,Tamil Nadu,ENT-REF-107125,31,0.1963
ENT-005156,ACCOUNT,Delhi,ENT-REF-231799,46,0.292
ENT-005157,PHONE,Telangana,ENT-REF-923676,19,0.0628
ENT-005158,PHONE,Bihar,ENT-REF-406770,33,0.0321
ENT-005159,MERCHANT,Uttar Pradesh,ENT-REF-492763,35,0.0664
ENT-005160,MERCHANT,Rajasthan,ENT-REF-520141,74,0.0719
ENT-005161,ACCOUNT,Maharashtra,ENT-REF-518814,79,0.4209
ENT-005162,PHONE,Rajasthan,ENT-REF-767132,21,0.0983
ENT-005163,PHONE,West Bengal,ENT-REF-740025,20,0.0591
ENT-005164,ACCOUNT,Rajasthan,ENT-REF-515445,61,0.0558
ENT-005165,BENEFICIARY,Bihar,ENT-REF-289245,25,0.0129
ENT-005166,ACCOUNT,Rajasthan,ENT-REF-891974,35,0.4412
ENT-005167,PHONE,Karnataka,ENT-REF-695677,62,0.1594
ENT-005168,DEVICE,Maharashtra,ENT-REF-422972,79,0.0835
ENT-005169,PHONE,Delhi,ENT-REF-664467,66,0.2971
ENT-005170,PHONE,Maharashtra,ENT-REF-942304,70,0.1721
ENT-005171,ACCOUNT,Maharashtra,ENT-REF-298290,38,0.2104
ENT-005172,ACCOUNT,Rajasthan,ENT-REF-312855,57,0.2516
ENT-005173,ACCOUNT,Madhya Pradesh,ENT-REF-154863,8,0.2592
ENT-005174,ACCOUNT,Bihar,ENT-REF-397575,58,0.0629
ENT-005175,DEVICE,Karnataka,ENT-REF-889682,60,0.5716
ENT-005176,ACCOUNT,Telangana,ENT-REF-245876,78,0.154
ENT-005177,PHONE,Delhi,ENT-REF-265435,65,0.1653
ENT-005178,ACCOUNT,Uttar Pradesh,ENT-REF-721572,12,0.1309
ENT-005179,DEVICE,Delhi,ENT-REF-260007,20,0.194
ENT-005180,ACCOUNT,West Bengal,ENT-REF-859853,76,0.0175
ENT-005181,ACCOUNT,Telangana,ENT-REF-237373,23,0.2018
ENT-005182,MERCHANT,Madhya Pradesh,ENT-REF-256695,8,0.0781
ENT-005183,ACCOUNT,Rajasthan,ENT-REF-231424,19,0.1874
ENT-005184,BENEFICIARY,Uttar Pradesh,ENT-REF-146770,32,0.1291
ENT-005185,ACCOUNT,Maharashtra,ENT-REF-234706,10,0.0438
ENT-005186,PHONE,Madhya Pradesh,ENT-REF-935665,57,0.0928
ENT-005187,PHONE,Maharashtra,ENT-REF-443287,53,0.0712
ENT-005188,ACCOUNT,West Bengal,ENT-REF-312379,51,0.1497
ENT-005189,BENEFICIARY,Delhi,ENT-REF-327741,8,0.0276
ENT-005190,ACCOUNT,Rajasthan,ENT-REF-911019,1,0.2598
ENT-005191,BENEFICIARY,Bihar,ENT-REF-520974,24,0.0378
ENT-005192,PHONE,Bihar,ENT-REF-939362,18,0.2935
ENT-005193,ACCOUNT,Madhya Pradesh,ENT-REF-941805,16,0.501
ENT-005194,MERCHANT,West Bengal,ENT-REF-180875,36,0.0308
ENT-005195,ACCOUNT,Maharashtra,ENT-REF-392063,67,0.1253
ENT-005196,WALLET,Telangana,ENT-REF-457067,18,0.0575
ENT-005197,DEVICE,West Bengal,ENT-REF-630809,20,0.095
ENT-005198,ACCOUNT,Uttar Pradesh,ENT-REF-924777,60,0.0638
ENT-005199,ACCOUNT,Bihar,ENT-REF-833400,48,0.014
ENT-005200,MERCHANT,Uttar Pradesh,ENT-REF-756230,46,0.2304
ENT-005201,DEVICE,Bihar,ENT-REF-420361,14,0.4575
ENT-005202,ACCOUNT,Tamil Nadu,ENT-REF-771443,71,0.1679
ENT-005203,ACCOUNT,Madhya Pradesh,ENT-REF-362134,29,0.0982
ENT-005204,PHONE,Telangana,ENT-REF-446806,47,0.153
ENT-005205,DEVICE,Delhi,ENT-REF-571657,54,0.1876
ENT-005206,PHONE,Bihar,ENT-REF-212042,33,0.1405
ENT-005207,ACCOUNT,Rajasthan,ENT-REF-124086,11,0.1086
ENT-005208,ACCOUNT,Tamil Nadu,ENT-REF-888844,53,0.057
ENT-005209,DEVICE,Telangana,ENT-REF-113738,49,0.0378
ENT-005210,WALLET,West Bengal,ENT-REF-487207,71,0.4153
ENT-005211,DEVICE,Maharashtra,ENT-REF-191990,3,0.149
ENT-005212,ACCOUNT,Maharashtra,ENT-REF-724056,17,0.0287
ENT-005213,ACCOUNT,Maharashtra,ENT-REF-720860,5,0.0824
ENT-005214,PHONE,Rajasthan,ENT-REF-574575,33,0.3571
ENT-005215,PHONE,Delhi,ENT-REF-676736,75,0.0246
ENT-005216,WALLET,Madhya Pradesh,ENT-REF-259493,30,0.0975
ENT-005217,MERCHANT,Delhi,ENT-REF-834429,5,0.2185
ENT-005218,DEVICE,Bihar,ENT-REF-740114,36,0.0892
ENT-005219,MERCHANT,Maharashtra,ENT-REF-151285,52,0.0962
ENT-005220,DEVICE,Rajasthan,ENT-REF-169514,49,0.4246
ENT-005221,PHONE,West Bengal,ENT-REF-599367,34,0.369
ENT-005222,BENEFICIARY,Delhi,ENT-REF-910984,21,0.2225
ENT-005223,PHONE,Uttar Pradesh,ENT-REF-822381,59,0.3684
ENT-005224,ACCOUNT,Rajasthan,ENT-REF-364209,23,0.1449
ENT-005225,PHONE,Bihar,ENT-REF-534455,78,0.0644
ENT-005226,ACCOUNT,Tamil Nadu,ENT-REF-282848,36,0.1625
ENT-005227,PHONE,Maharashtra,ENT-REF-741103,38,0.0466
ENT-005228,ACCOUNT,Tamil Nadu,ENT-REF-852915,56,0.1537
ENT-005229,ACCOUNT,Karnataka,ENT-REF-958350,28,0.1577
ENT-005230,PHONE,Rajasthan,ENT-REF-875523,79,0.0408
ENT-005231,ACCOUNT,Bihar,ENT-REF-508910,7,0.0978
ENT-005232,PHONE,Telangana,ENT-REF-149973,21,0.0532
ENT-005233,DEVICE,Rajasthan,ENT-REF-993552,4,0.289
ENT-005234,MERCHANT,Uttar Pradesh,ENT-REF-978922,50,0.2278
ENT-005235,WALLET,Telangana,ENT-REF-277326,46,0.0973
ENT-005236,DEVICE,Telangana,ENT-REF-577221,56,0.2469
ENT-005237,ACCOUNT,Tamil Nadu,ENT-REF-677442,67,0.3713
ENT-005238,MERCHANT,Bihar,ENT-REF-469978,25,0.2848
ENT-005239,ACCOUNT,Madhya Pradesh,ENT-REF-155050,66,0.039
ENT-005240,DEVICE,Bihar,ENT-REF-733616,58,0.0659
ENT-005241,PHONE,Maharashtra,ENT-REF-716254,59,0.0649
ENT-005242,PHONE,Telangana,ENT-REF-308353,25,0.0772
ENT-005243,MERCHANT,Rajasthan,ENT-REF-404281,25,0.0849
ENT-005244,ACCOUNT,West Bengal,ENT-REF-343117,50,0.264
ENT-005245,BENEFICIARY,Tamil Nadu,ENT-REF-245253,36,0.3448
ENT-005246,DEVICE,West Bengal,ENT-REF-194697,55,0.2941
ENT-005247,PHONE,Maharashtra,ENT-REF-310587,41,0.2217
ENT-005248,ACCOUNT,Delhi,ENT-REF-347114,79,0.2536
ENT-005249,ACCOUNT,West Bengal,ENT-REF-175503,40,0.1291
ENT-005250,ACCOUNT,Rajasthan,ENT-REF-996585,35,0.0053
ENT-005251,ACCOUNT,Tamil Nadu,ENT-REF-667129,73,0.0747
ENT-005252,DEVICE,Rajasthan,ENT-REF-448609,26,0.1132
ENT-005253,PHONE,Tamil Nadu,ENT-REF-987622,49,0.408
ENT-005254,PHONE,Karnataka,ENT-REF-686544,55,0.3495
ENT-005255,PHONE,Maharashtra,ENT-REF-869356,21,0.2767
ENT-005256,MERCHANT,Karnataka,ENT-REF-442074,3,0.048
ENT-005257,PHONE,West Bengal,ENT-REF-482930,52,0.2804
ENT-005258,BENEFICIARY,Tamil Nadu,ENT-REF-994676,75,0.1263
ENT-005259,PHONE,Uttar Pradesh,ENT-REF-518006,48,0.2372
ENT-005260,BENEFICIARY,Bihar,ENT-REF-197776,12,0.3797
ENT-005261,ACCOUNT,Rajasthan,ENT-REF-516110,67,0.0733
ENT-005262,ACCOUNT,Rajasthan,ENT-REF-221704,7,0.0903
ENT-005263,PHONE,Karnataka,ENT-REF-935103,4,0.0242
ENT-005264,MERCHANT,Uttar Pradesh,ENT-REF-778319,20,0.036
ENT-005265,PHONE,Tamil Nadu,ENT-REF-346398,41,0.09
ENT-005266,BENEFICIARY,Karnataka,ENT-REF-663516,5,0.1757
ENT-005267,ACCOUNT,Madhya Pradesh,ENT-REF-225944,29,0.0049
ENT-005268,DEVICE,Bihar,ENT-REF-883376,26,0.0507
ENT-005269,PHONE,Rajasthan,ENT-REF-246623,29,0.3222
ENT-005270,ACCOUNT,Maharashtra,ENT-REF-896836,64,0.3056
ENT-005271,WALLET,Madhya Pradesh,ENT-REF-453270,35,0.2855
ENT-005272,PHONE,Telangana,ENT-REF-389550,17,0.3656
ENT-005273,MERCHANT,Telangana,ENT-REF-743387,43,0.0842
ENT-005274,ACCOUNT,Bihar,ENT-REF-138355,53,0.2297
ENT-005275,DEVICE,Maharashtra,ENT-REF-263882,37,0.0126
ENT-005276,PHONE,Karnataka,ENT-REF-173203,10,0.085
ENT-005277,MERCHANT,Telangana,ENT-REF-580777,1,0.1892
ENT-005278,PHONE,Maharashtra,ENT-REF-303858,47,0.0895
ENT-005279,PHONE,Delhi,ENT-REF-268195,43,0.2286
ENT-005280,MERCHANT,Madhya Pradesh,ENT-REF-793442,40,0.2169
ENT-005281,DEVICE,Madhya Pradesh,ENT-REF-982003,67,0.4154
ENT-005282,ACCOUNT,Uttar Pradesh,ENT-REF-462439,48,0.0059
ENT-005283,WALLET,Maharashtra,ENT-REF-116337,5,0.1431
ENT-005284,PHONE,Maharashtra,ENT-REF-163055,64,0.0246
ENT-005285,PHONE,West Bengal,ENT-REF-263531,21,0.189
ENT-005286,ACCOUNT,Karnataka,ENT-REF-241450,64,0.178
ENT-005287,WALLET,Tamil Nadu,ENT-REF-434398,18,0.16
ENT-005288,PHONE,Uttar Pradesh,ENT-REF-963665,67,0.1343
ENT-005289,ACCOUNT,Rajasthan,ENT-REF-869218,22,0.1282
ENT-005290,WALLET,Maharashtra,ENT-REF-566877,18,0.0578
ENT-005291,MERCHANT,Rajasthan,ENT-REF-473477,22,0.2304
ENT-005292,WALLET,West Bengal,ENT-REF-242284,16,0.1549
ENT-005293,PHONE,Delhi,ENT-REF-378051,33,0.4614
ENT-005294,BENEFICIARY,Karnataka,ENT-REF-384226,77,0.0811
ENT-005295,PHONE,Uttar Pradesh,ENT-REF-624299,6,0.059
ENT-005296,WALLET,Rajasthan,ENT-REF-766129,47,0.0238
ENT-005297,ACCOUNT,West Bengal,ENT-REF-780196,55,0.0172
ENT-005298,PHONE,Uttar Pradesh,ENT-REF-148889,79,0.0714
ENT-005299,BENEFICIARY,West Bengal,ENT-REF-831770,8,0.2005
ENT-005300,ACCOUNT,Telangana,ENT-REF-544223,37,0.1132
ENT-005301,ACCOUNT,Telangana,ENT-REF-456392,25,0.6086
ENT-005302,DEVICE,Karnataka,ENT-REF-781984,57,0.3606
ENT-005303,MERCHANT,Delhi,ENT-REF-748880,72,0.0513
ENT-005304,ACCOUNT,Rajasthan,ENT-REF-148503,63,0.0812
ENT-005305,PHONE,West Bengal,ENT-REF-741245,64,0.0325
ENT-005306,DEVICE,Madhya Pradesh,ENT-REF-574372,21,0.2252
ENT-005307,BENEFICIARY,Maharashtra,ENT-REF-315792,15,0.3498
ENT-005308,MERCHANT,Delhi,ENT-REF-679161,59,0.2446
ENT-005309,MERCHANT,West Bengal,ENT-REF-493881,78,0.1782
ENT-005310,MERCHANT,Tamil Nadu,ENT-REF-315267,34,0.0713
ENT-005311,ACCOUNT,Maharashtra,ENT-REF-670817,63,0.2063
ENT-005312,ACCOUNT,Uttar Pradesh,ENT-REF-868885,60,0.2326
ENT-005313,BENEFICIARY,Delhi,ENT-REF-890795,7,0.1009
ENT-005314,WALLET,Telangana,ENT-REF-282367,38,0.3716
ENT-005315,ACCOUNT,Delhi,ENT-REF-333844,62,0.1167
ENT-005316,BENEFICIARY,Madhya Pradesh,ENT-REF-760364,71,0.1046
ENT-005317,ACCOUNT,Delhi,ENT-REF-140000,70,0.2722
ENT-005318,BENEFICIARY,Rajasthan,ENT-REF-149036,61,0.2747
ENT-005319,ACCOUNT,Rajasthan,ENT-REF-905417,12,0.2909
ENT-005320,ACCOUNT,Bihar,ENT-REF-775889,2,0.4798
ENT-005321,ACCOUNT,Tamil Nadu,ENT-REF-575288,79,0.1243
ENT-005322,WALLET,Karnataka,ENT-REF-191288,66,0.1153
ENT-005323,ACCOUNT,Bihar,ENT-REF-825303,16,0.0633
ENT-005324,ACCOUNT,Uttar Pradesh,ENT-REF-947679,62,0.3294
ENT-005325,ACCOUNT,Delhi,ENT-REF-762817,60,0.1791
ENT-005326,PHONE,Delhi,ENT-REF-135507,43,0.269
ENT-005327,MERCHANT,Maharashtra,ENT-REF-282293,32,0.4405
ENT-005328,ACCOUNT,Madhya Pradesh,ENT-REF-291433,61,0.2272
ENT-005329,ACCOUNT,Madhya Pradesh,ENT-REF-700499,15,0.1198
ENT-005330,PHONE,Rajasthan,ENT-REF-252798,66,0.0777
ENT-005331,WALLET,Telangana,ENT-REF-568829,48,0.0675
ENT-005332,PHONE,Bihar,ENT-REF-672378,22,0.0952
ENT-005333,PHONE,Madhya Pradesh,ENT-REF-277205,8,0.1776
ENT-005334,WALLET,Tamil Nadu,ENT-REF-524131,78,0.09
ENT-005335,PHONE,Delhi,ENT-REF-155486,70,0.1956
ENT-005336,PHONE,Madhya Pradesh,ENT-REF-690401,56,0.3511
ENT-005337,BENEFICIARY,West Bengal,ENT-REF-473619,38,0.1766
ENT-005338,ACCOUNT,Delhi,ENT-REF-454056,16,0.1394
ENT-005339,DEVICE,West Bengal,ENT-REF-821008,66,0.2231
ENT-005340,MERCHANT,Rajasthan,ENT-REF-637112,3,0.0808
ENT-005341,BENEFICIARY,Maharashtra,ENT-REF-610328,38,0.2885
ENT-005342,ACCOUNT,Bihar,ENT-REF-732896,70,0.1441
ENT-005343,WALLET,Maharashtra,ENT-REF-437725,36,0.243
ENT-005344,ACCOUNT,Bihar,ENT-REF-729544,2,0.0876
ENT-005345,DEVICE,West Bengal,ENT-REF-966598,46,0.2138
ENT-005346,DEVICE,Telangana,ENT-REF-975919,7,0.1326
ENT-005347,PHONE,Karnataka,ENT-REF-998533,4,0.2101
ENT-005348,DEVICE,West Bengal,ENT-REF-512832,13,0.0696
ENT-005349,ACCOUNT,Tamil Nadu,ENT-REF-990777,11,0.0743
ENT-005350,WALLET,Maharashtra,ENT-REF-203359,29,0.1643
ENT-005351,WALLET,Uttar Pradesh,ENT-REF-414067,20,0.0217
ENT-005352,PHONE,Telangana,ENT-REF-839727,78,0.033
ENT-005353,PHONE,Madhya Pradesh,ENT-REF-689723,44,0.1492
ENT-005354,ACCOUNT,West Bengal,ENT-REF-467037,59,0.3443
ENT-005355,DEVICE,Uttar Pradesh,ENT-REF-497154,66,0.1001
ENT-005356,ACCOUNT,Madhya Pradesh,ENT-REF-134399,64,0.3351
ENT-005357,WALLET,Madhya Pradesh,ENT-REF-645842,79,0.235
ENT-005358,PHONE,Tamil Nadu,ENT-REF-918984,1,0.4098
ENT-005359,MERCHANT,Uttar Pradesh,ENT-REF-749970,28,0.2351
ENT-005360,WALLET,Bihar,ENT-REF-261030,8,0.0887
ENT-005361,ACCOUNT,Bihar,ENT-REF-135614,74,0.1865
ENT-005362,BENEFICIARY,Bihar,ENT-REF-281245,49,0.1785
ENT-005363,ACCOUNT,Delhi,ENT-REF-983044,37,0.2764
ENT-005364,ACCOUNT,Delhi,ENT-REF-220689,35,0.0844
ENT-005365,ACCOUNT,Delhi,ENT-REF-492822,55,0.348
ENT-005366,ACCOUNT,Delhi,ENT-REF-209140,61,0.0546
ENT-005367,PHONE,Uttar Pradesh,ENT-REF-918302,29,0.4419
ENT-005368,ACCOUNT,Telangana,ENT-REF-144553,53,0.0098
ENT-005369,ACCOUNT,Rajasthan,ENT-REF-884081,6,0.3088
ENT-005370,WALLET,Bihar,ENT-REF-212061,3,0.1138
ENT-005371,PHONE,Delhi,ENT-REF-704873,35,0.2325
ENT-005372,ACCOUNT,Maharashtra,ENT-REF-128955,13,0.2782
ENT-005373,WALLET,Karnataka,ENT-REF-127617,34,0.3538
ENT-005374,WALLET,Karnataka,ENT-REF-459152,37,0.0592
ENT-005375,ACCOUNT,Uttar Pradesh,ENT-REF-721287,65,0.151
ENT-005376,ACCOUNT,Rajasthan,ENT-REF-183624,14,0.604
ENT-005377,PHONE,Rajasthan,ENT-REF-323637,19,0.1707
ENT-005378,DEVICE,Maharashtra,ENT-REF-366433,9,0.1576
ENT-005379,ACCOUNT,Rajasthan,ENT-REF-642434,16,0.2596
ENT-005380,ACCOUNT,Delhi,ENT-REF-757283,61,0.1336
ENT-005381,DEVICE,Delhi,ENT-REF-932906,30,0.0413
ENT-005382,BENEFICIARY,Tamil Nadu,ENT-REF-452341,67,0.2305
ENT-005383,MERCHANT,Bihar,ENT-REF-579638,40,0.1683
ENT-005384,MERCHANT,Madhya Pradesh,ENT-REF-274432,35,0.05
ENT-005385,WALLET,Uttar Pradesh,ENT-REF-974038,48,0.1201
ENT-005386,ACCOUNT,Madhya Pradesh,ENT-REF-619872,59,0.2666
ENT-005387,PHONE,Tamil Nadu,ENT-REF-924474,75,0.2186
ENT-005388,ACCOUNT,Madhya Pradesh,ENT-REF-720650,21,0.0416
ENT-005389,WALLET,Tamil Nadu,ENT-REF-748094,47,0.1132
ENT-005390,PHONE,Karnataka,ENT-REF-628596,4,0.0423
ENT-005391,ACCOUNT,Telangana,ENT-REF-602420,72,0.0432
ENT-005392,ACCOUNT,Tamil Nadu,ENT-REF-802103,59,0.2319
ENT-005393,ACCOUNT,Rajasthan,ENT-REF-496524,12,0.0672
ENT-005394,ACCOUNT,West Bengal,ENT-REF-535244,64,0.1335
ENT-005395,PHONE,Madhya Pradesh,ENT-REF-210807,76,0.3185
ENT-005396,MERCHANT,Bihar,ENT-REF-483767,61,0.0721
ENT-005397,ACCOUNT,Uttar Pradesh,ENT-REF-220024,9,0.0775
ENT-005398,ACCOUNT,Karnataka,ENT-REF-231683,23,0.5457
ENT-005399,DEVICE,Bihar,ENT-REF-131367,79,0.1047
ENT-005400,DEVICE,Maharashtra,ENT-REF-428529,37,0.241
ENT-005401,DEVICE,Karnataka,ENT-REF-590009,74,0.3138
ENT-005402,MERCHANT,Delhi,ENT-REF-708952,31,0.2193
ENT-005403,ACCOUNT,Maharashtra,ENT-REF-842141,6,0.0213
ENT-005404,BENEFICIARY,Tamil Nadu,ENT-REF-403701,49,0.0594
ENT-005405,ACCOUNT,Karnataka,ENT-REF-844820,39,0.0751
ENT-005406,PHONE,Telangana,ENT-REF-718124,4,0.2238
ENT-005407,BENEFICIARY,Tamil Nadu,ENT-REF-230975,24,0.1184
ENT-005408,PHONE,Delhi,ENT-REF-975181,9,0.0721
ENT-005409,DEVICE,Telangana,ENT-REF-795769,68,0.0529
ENT-005410,ACCOUNT,Delhi,ENT-REF-766963,23,0.1432
ENT-005411,ACCOUNT,Rajasthan,ENT-REF-337997,31,0.3469
ENT-005412,WALLET,Madhya Pradesh,ENT-REF-296179,61,0.1525
ENT-005413,ACCOUNT,Tamil Nadu,ENT-REF-618182,5,0.0731
ENT-005414,PHONE,West Bengal,ENT-REF-590846,3,0.0493
ENT-005415,PHONE,West Bengal,ENT-REF-122330,24,0.1621
ENT-005416,ACCOUNT,Madhya Pradesh,ENT-REF-646573,28,0.3111
ENT-005417,ACCOUNT,West Bengal,ENT-REF-245505,51,0.0328
ENT-005418,DEVICE,Karnataka,ENT-REF-767381,25,0.4213
ENT-005419,DEVICE,Tamil Nadu,ENT-REF-640914,61,0.1417
ENT-005420,DEVICE,Telangana,ENT-REF-521121,60,0.0541
ENT-005421,ACCOUNT,Maharashtra,ENT-REF-581594,62,0.1664
ENT-005422,PHONE,Karnataka,ENT-REF-905561,70,0.3167
ENT-005423,WALLET,Karnataka,ENT-REF-379337,3,0.1191
ENT-005424,MERCHANT,West Bengal,ENT-REF-588089,62,0.1424
ENT-005425,PHONE,Madhya Pradesh,ENT-REF-549167,2,0.247
ENT-005426,WALLET,Bihar,ENT-REF-975631,24,0.0084
ENT-005427,ACCOUNT,Maharashtra,ENT-REF-948351,29,0.139
ENT-005428,WALLET,Delhi,ENT-REF-608386,23,0.1077
ENT-005429,ACCOUNT,Madhya Pradesh,ENT-REF-754483,62,0.259
ENT-005430,ACCOUNT,Delhi,ENT-REF-415512,61,0.0912
ENT-005431,PHONE,Delhi,ENT-REF-977617,55,0.1375
ENT-005432,DEVICE,Karnataka,ENT-REF-656637,58,0.2733
ENT-005433,ACCOUNT,Madhya Pradesh,ENT-REF-421447,25,0.5859
ENT-005434,ACCOUNT,Telangana,ENT-REF-896592,15,0.0816
ENT-005435,ACCOUNT,Madhya Pradesh,ENT-REF-772465,45,0.3699
ENT-005436,ACCOUNT,Madhya Pradesh,ENT-REF-822645,18,0.1227
ENT-005437,PHONE,Maharashtra,ENT-REF-721458,69,0.3576
ENT-005438,ACCOUNT,Delhi,ENT-REF-193896,5,0.3126
ENT-005439,PHONE,Rajasthan,ENT-REF-337065,32,0.049
ENT-005440,ACCOUNT,Tamil Nadu,ENT-REF-976913,74,0.4637
ENT-005441,DEVICE,Telangana,ENT-REF-113730,74,0.1021
ENT-005442,ACCOUNT,Maharashtra,ENT-REF-702577,73,0.1172
ENT-005443,ACCOUNT,Madhya Pradesh,ENT-REF-895974,33,0.0463
ENT-005444,ACCOUNT,Rajasthan,ENT-REF-573595,11,0.324
ENT-005445,ACCOUNT,Tamil Nadu,ENT-REF-979413,14,0.0247
ENT-005446,ACCOUNT,Rajasthan,ENT-REF-546667,3,0.2164
ENT-005447,MERCHANT,Madhya Pradesh,ENT-REF-769388,10,0.0309
ENT-005448,WALLET,Rajasthan,ENT-REF-357313,26,0.0098
ENT-005449,BENEFICIARY,Maharashtra,ENT-REF-865874,64,0.2562
ENT-005450,ACCOUNT,Tamil Nadu,ENT-REF-810779,33,0.2462
ENT-005451,PHONE,Bihar,ENT-REF-216710,13,0.2107
ENT-005452,PHONE,Tamil Nadu,ENT-REF-562747,21,0.1793
ENT-005453,BENEFICIARY,Rajasthan,ENT-REF-927298,56,0.2808
ENT-005454,PHONE,Maharashtra,ENT-REF-492205,10,0.0957
ENT-005455,BENEFICIARY,Rajasthan,ENT-REF-348567,20,0.0422
ENT-005456,ACCOUNT,Tamil Nadu,ENT-REF-151699,36,0.1845
ENT-005457,PHONE,Delhi,ENT-REF-844385,78,0.0466
ENT-005458,BENEFICIARY,Bihar,ENT-REF-829233,64,0.0282
ENT-005459,MERCHANT,Delhi,ENT-REF-428030,59,0.1897
ENT-005460,ACCOUNT,Tamil Nadu,ENT-REF-922881,1,0.2787
ENT-005461,BENEFICIARY,Karnataka,ENT-REF-261280,19,0.1327
ENT-005462,ACCOUNT,Karnataka,ENT-REF-293458,60,0.052
ENT-005463,BENEFICIARY,Rajasthan,ENT-REF-530583,39,0.1407
ENT-005464,BENEFICIARY,Bihar,ENT-REF-234579,28,0.0264
ENT-005465,ACCOUNT,Madhya Pradesh,ENT-REF-615577,12,0.012
ENT-005466,WALLET,Karnataka,ENT-REF-537252,76,0.2077
ENT-005467,BENEFICIARY,Uttar Pradesh,ENT-REF-664794,45,0.2408
ENT-005468,ACCOUNT,Maharashtra,ENT-REF-937485,31,0.0929
ENT-005469,PHONE,Delhi,ENT-REF-583308,42,0.0948
ENT-005470,MERCHANT,Madhya Pradesh,ENT-REF-179778,26,0.1998
ENT-005471,PHONE,West Bengal,ENT-REF-313521,42,0.2541
ENT-005472,BENEFICIARY,Rajasthan,ENT-REF-998214,36,0.0238
ENT-005473,PHONE,Tamil Nadu,ENT-REF-712053,68,0.368
ENT-005474,ACCOUNT,Tamil Nadu,ENT-REF-426423,77,0.0788
ENT-005475,BENEFICIARY,Maharashtra,ENT-REF-909959,38,0.0747
ENT-005476,ACCOUNT,Delhi,ENT-REF-298715,37,0.1292
ENT-005477,ACCOUNT,Telangana,ENT-REF-303717,36,0.2904
ENT-005478,MERCHANT,Uttar Pradesh,ENT-REF-755545,50,0.1889
ENT-005479,ACCOUNT,Madhya Pradesh,ENT-REF-963098,77,0.1393
ENT-005480,PHONE,Madhya Pradesh,ENT-REF-303501,7,0.1834
ENT-005481,MERCHANT,Tamil Nadu,ENT-REF-345271,36,0.155
ENT-005482,MERCHANT,Uttar Pradesh,ENT-REF-530369,72,0.1435
ENT-005483,ACCOUNT,Karnataka,ENT-REF-848317,77,0.195
ENT-005484,WALLET,Bihar,ENT-REF-110831,44,0.2609
ENT-005485,WALLET,West Bengal,ENT-REF-287228,35,0.0289
ENT-005486,ACCOUNT,Bihar,ENT-REF-392149,46,0.107
ENT-005487,ACCOUNT,Telangana,ENT-REF-590723,27,0.077
ENT-005488,ACCOUNT,Uttar Pradesh,ENT-REF-723286,69,0.1262
ENT-005489,PHONE,Telangana,ENT-REF-496788,35,0.1667
ENT-005490,PHONE,Madhya Pradesh,ENT-REF-615248,22,0.0134
ENT-005491,WALLET,West Bengal,ENT-REF-473199,8,0.019
ENT-005492,DEVICE,Uttar Pradesh,ENT-REF-209394,35,0.3639
ENT-005493,WALLET,Maharashtra,ENT-REF-568070,11,0.1888
ENT-005494,WALLET,West Bengal,ENT-REF-657488,64,0.2019
ENT-005495,WALLET,Rajasthan,ENT-REF-388115,39,0.4005
ENT-005496,MERCHANT,Maharashtra,ENT-REF-704117,43,0.0845
ENT-005497,PHONE,Uttar Pradesh,ENT-REF-136063,38,0.1057
ENT-005498,ACCOUNT,Karnataka,ENT-REF-217195,67,0.0687
ENT-005499,ACCOUNT,Karnataka,ENT-REF-261621,65,0.2336
ENT-005500,WALLET,Delhi,ENT-REF-814272,76,0.1548
ENT-005501,BENEFICIARY,Maharashtra,ENT-REF-559440,30,0.3245
ENT-005502,PHONE,Tamil Nadu,ENT-REF-391800,4,0.4693
ENT-005503,PHONE,Tamil Nadu,ENT-REF-212936,64,0.1438
ENT-005504,BENEFICIARY,Madhya Pradesh,ENT-REF-933737,39,0.0288
ENT-005505,ACCOUNT,Karnataka,ENT-REF-392792,12,0.0327
ENT-005506,ACCOUNT,Bihar,ENT-REF-729029,62,0.052
ENT-005507,MERCHANT,Maharashtra,ENT-REF-535554,43,0.0586
ENT-005508,ACCOUNT,Telangana,ENT-REF-894090,15,0.2077
ENT-005509,PHONE,Bihar,ENT-REF-450250,34,0.1018
ENT-005510,ACCOUNT,West Bengal,ENT-REF-469202,7,0.4976
ENT-005511,DEVICE,Karnataka,ENT-REF-699268,72,0.0495
ENT-005512,ACCOUNT,Uttar Pradesh,ENT-REF-166424,41,0.243
ENT-005513,ACCOUNT,Delhi,ENT-REF-680734,1,0.3833
ENT-005514,DEVICE,Madhya Pradesh,ENT-REF-176091,59,0.1364
ENT-005515,WALLET,Uttar Pradesh,ENT-REF-565146,18,0.0328
ENT-005516,WALLET,Maharashtra,ENT-REF-775363,64,0.102
ENT-005517,ACCOUNT,Uttar Pradesh,ENT-REF-773691,69,0.2338
ENT-005518,PHONE,Delhi,ENT-REF-844087,64,0.2433
ENT-005519,WALLET,Madhya Pradesh,ENT-REF-865277,53,0.1598
ENT-005520,ACCOUNT,Maharashtra,ENT-REF-247585,31,0.1068
ENT-005521,ACCOUNT,Uttar Pradesh,ENT-REF-317418,66,0.0905
ENT-005522,ACCOUNT,Tamil Nadu,ENT-REF-150519,55,0.1257
ENT-005523,WALLET,Karnataka,ENT-REF-554325,42,0.317
ENT-005524,WALLET,Bihar,ENT-REF-747140,15,0.171
ENT-005525,PHONE,Uttar Pradesh,ENT-REF-387332,18,0.3115
ENT-005526,BENEFICIARY,Karnataka,ENT-REF-120527,22,0.1653
ENT-005527,WALLET,Madhya Pradesh,ENT-REF-847730,44,0.2644
ENT-005528,WALLET,Maharashtra,ENT-REF-651386,13,0.1812
ENT-005529,PHONE,Madhya Pradesh,ENT-REF-159184,68,0.0118
ENT-005530,ACCOUNT,Bihar,ENT-REF-210920,67,0.1045
ENT-005531,DEVICE,Tamil Nadu,ENT-REF-180436,16,0.0986
ENT-005532,BENEFICIARY,Madhya Pradesh,ENT-REF-529553,42,0.1754
ENT-005533,ACCOUNT,Rajasthan,ENT-REF-533882,2,0.0946
ENT-005534,WALLET,Maharashtra,ENT-REF-108674,49,0.0676
ENT-005535,PHONE,Telangana,ENT-REF-249873,26,0.0985
ENT-005536,PHONE,Bihar,ENT-REF-433161,12,0.0734
ENT-005537,WALLET,Maharashtra,ENT-REF-389787,52,0.033
ENT-005538,ACCOUNT,Uttar Pradesh,ENT-REF-745846,51,0.153
ENT-005539,MERCHANT,Delhi,ENT-REF-160591,47,0.1528
ENT-005540,MERCHANT,Karnataka,ENT-REF-216621,65,0.1932
ENT-005541,ACCOUNT,Delhi,ENT-REF-987946,39,0.2805
ENT-005542,WALLET,Telangana,ENT-REF-800419,65,0.1626
ENT-005543,ACCOUNT,Rajasthan,ENT-REF-463518,70,0.191
ENT-005544,ACCOUNT,Telangana,ENT-REF-820898,44,0.1976
ENT-005545,DEVICE,Maharashtra,ENT-REF-827206,53,0.0575
ENT-005546,ACCOUNT,Karnataka,ENT-REF-314116,20,0.0259
ENT-005547,MERCHANT,Karnataka,ENT-REF-516818,34,0.3643
ENT-005548,ACCOUNT,Delhi,ENT-REF-694995,6,0.1687
ENT-005549,PHONE,Madhya Pradesh,ENT-REF-882579,51,0.049
ENT-005550,ACCOUNT,Bihar,ENT-REF-930822,59,0.4779
ENT-005551,ACCOUNT,Rajasthan,ENT-REF-256992,54,0.1476
ENT-005552,ACCOUNT,Uttar Pradesh,ENT-REF-516911,40,0.187
ENT-005553,BENEFICIARY,West Bengal,ENT-REF-692560,40,0.3327
ENT-005554,BENEFICIARY,Madhya Pradesh,ENT-REF-397674,47,0.2167
ENT-005555,BENEFICIARY,Bihar,ENT-REF-844619,38,0.2306
ENT-005556,DEVICE,Tamil Nadu,ENT-REF-173110,51,0.0074
ENT-005557,PHONE,Madhya Pradesh,ENT-REF-838042,74,0.1076
ENT-005558,ACCOUNT,West Bengal,ENT-REF-954260,28,0.1438
ENT-005559,ACCOUNT,Uttar Pradesh,ENT-REF-752430,58,0.1091
ENT-005560,ACCOUNT,Delhi,ENT-REF-341491,49,0.0974
ENT-005561,BENEFICIARY,Madhya Pradesh,ENT-REF-806350,76,0.1711
ENT-005562,MERCHANT,Madhya Pradesh,ENT-REF-768684,35,0.155
ENT-005563,DEVICE,Karnataka,ENT-REF-441758,62,0.151
ENT-005564,ACCOUNT,West Bengal,ENT-REF-401786,62,0.4793
ENT-005565,ACCOUNT,Maharashtra,ENT-REF-506814,76,0.0488
ENT-005566,MERCHANT,West Bengal,ENT-REF-705769,51,0.0163
ENT-005567,MERCHANT,Maharashtra,ENT-REF-906139,17,0.2184
ENT-005568,BENEFICIARY,Uttar Pradesh,ENT-REF-816235,47,0.0761
ENT-005569,ACCOUNT,Telangana,ENT-REF-760980,48,0.1022
ENT-005570,PHONE,Delhi,ENT-REF-106858,31,0.1805
ENT-005571,MERCHANT,Karnataka,ENT-REF-580040,59,0.1479
ENT-005572,DEVICE,Rajasthan,ENT-REF-762075,47,0.2351
ENT-005573,PHONE,Delhi,ENT-REF-622910,47,0.1609
ENT-005574,PHONE,Rajasthan,ENT-REF-168488,5,0.0881
ENT-005575,BENEFICIARY,Bihar,ENT-REF-975052,76,0.2562
ENT-005576,DEVICE,Karnataka,ENT-REF-357535,14,0.2341
ENT-005577,ACCOUNT,Rajasthan,ENT-REF-797303,50,0.3335
ENT-005578,ACCOUNT,Madhya Pradesh,ENT-REF-455264,46,0.1244
ENT-005579,ACCOUNT,Delhi,ENT-REF-144104,69,0.0468
ENT-005580,PHONE,Rajasthan,ENT-REF-705144,52,0.2232
ENT-005581,WALLET,Rajasthan,ENT-REF-358529,30,0.5421
ENT-005582,BENEFICIARY,Rajasthan,ENT-REF-848413,37,0.5202
ENT-005583,BENEFICIARY,Delhi,ENT-REF-788371,32,0.2988
ENT-005584,MERCHANT,Telangana,ENT-REF-252140,36,0.1111
ENT-005585,MERCHANT,Karnataka,ENT-REF-362254,42,0.4877
ENT-005586,BENEFICIARY,Delhi,ENT-REF-563304,8,0.191
ENT-005587,MERCHANT,Rajasthan,ENT-REF-519950,78,0.0318
ENT-005588,DEVICE,Maharashtra,ENT-REF-675459,51,0.1625
ENT-005589,WALLET,Telangana,ENT-REF-397704,4,0.1717
ENT-005590,BENEFICIARY,Bihar,ENT-REF-916787,52,0.0675
ENT-005591,WALLET,Rajasthan,ENT-REF-874940,27,0.3215
ENT-005592,WALLET,West Bengal,ENT-REF-458787,73,0.1903
ENT-005593,ACCOUNT,West Bengal,ENT-REF-685972,46,0.1593
ENT-005594,MERCHANT,Delhi,ENT-REF-558416,73,0.1046
ENT-005595,PHONE,Bihar,ENT-REF-848619,52,0.1004
ENT-005596,BENEFICIARY,Madhya Pradesh,ENT-REF-463118,60,0.2383
ENT-005597,WALLET,Karnataka,ENT-REF-890065,25,0.0916
ENT-005598,PHONE,Telangana,ENT-REF-388193,18,0.1132
ENT-005599,PHONE,Uttar Pradesh,ENT-REF-985383,51,0.1572
ENT-005600,PHONE,Delhi,ENT-REF-271538,62,0.3215
ENT-005601,WALLET,Tamil Nadu,ENT-REF-228691,62,0.1295
ENT-005602,ACCOUNT,Delhi,ENT-REF-826101,79,0.1941
ENT-005603,WALLET,Delhi,ENT-REF-296993,63,0.0741
ENT-005604,ACCOUNT,Madhya Pradesh,ENT-REF-804031,63,0.0612
ENT-005605,PHONE,Karnataka,ENT-REF-357097,4,0.1316
ENT-005606,WALLET,West Bengal,ENT-REF-938002,21,0.2196
ENT-005607,ACCOUNT,West Bengal,ENT-REF-207280,68,0.3121
ENT-005608,BENEFICIARY,Maharashtra,ENT-REF-214997,4,0.1282
ENT-005609,WALLET,Tamil Nadu,ENT-REF-835276,71,0.2917
ENT-005610,PHONE,Madhya Pradesh,ENT-REF-729986,31,0.0114
ENT-005611,PHONE,Delhi,ENT-REF-918684,19,0.0809
ENT-005612,ACCOUNT,Telangana,ENT-REF-522753,15,0.168
ENT-005613,BENEFICIARY,Uttar Pradesh,ENT-REF-472455,41,0.0459
ENT-005614,WALLET,Telangana,ENT-REF-921309,38,0.0432
ENT-005615,ACCOUNT,Maharashtra,ENT-REF-218337,77,0.2756
ENT-005616,DEVICE,Telangana,ENT-REF-962476,13,0.2501
ENT-005617,PHONE,Tamil Nadu,ENT-REF-265617,20,0.1032
ENT-005618,WALLET,Telangana,ENT-REF-325611,23,0.3093
ENT-005619,DEVICE,Bihar,ENT-REF-530037,11,0.0236
ENT-005620,WALLET,Bihar,ENT-REF-445545,49,0.1931
ENT-005621,DEVICE,Rajasthan,ENT-REF-125789,44,0.1713
ENT-005622,PHONE,Karnataka,ENT-REF-237704,18,0.0778
ENT-005623,BENEFICIARY,Rajasthan,ENT-REF-737767,42,0.1344
ENT-005624,ACCOUNT,Bihar,ENT-REF-501355,23,0.2346
ENT-005625,PHONE,Bihar,ENT-REF-712225,73,0.4128
ENT-005626,ACCOUNT,Bihar,ENT-REF-537784,63,0.0962
ENT-005627,PHONE,Tamil Nadu,ENT-REF-435190,45,0.1826
ENT-005628,WALLET,Madhya Pradesh,ENT-REF-507833,5,0.3446
ENT-005629,DEVICE,Maharashtra,ENT-REF-937259,73,0.0353
ENT-005630,WALLET,Karnataka,ENT-REF-590331,62,0.1431
ENT-005631,PHONE,Uttar Pradesh,ENT-REF-814427,58,0.1457
ENT-005632,ACCOUNT,Telangana,ENT-REF-514468,26,0.1521
ENT-005633,PHONE,Uttar Pradesh,ENT-REF-489671,13,0.1152
ENT-005634,WALLET,Uttar Pradesh,ENT-REF-866449,44,0.1836
ENT-005635,MERCHANT,Rajasthan,ENT-REF-278722,54,0.3204
ENT-005636,ACCOUNT,Tamil Nadu,ENT-REF-837756,26,0.0311
ENT-005637,ACCOUNT,Telangana,ENT-REF-441804,55,0.1093
ENT-005638,DEVICE,West Bengal,ENT-REF-663571,49,0.1709
ENT-005639,PHONE,Madhya Pradesh,ENT-REF-682286,22,0.1223
ENT-005640,BENEFICIARY,Telangana,ENT-REF-537206,29,0.0159
ENT-005641,WALLET,Tamil Nadu,ENT-REF-454729,40,0.3954
ENT-005642,BENEFICIARY,Karnataka,ENT-REF-628727,26,0.239
ENT-005643,PHONE,West Bengal,ENT-REF-529884,28,0.0843
ENT-005644,MERCHANT,Tamil Nadu,ENT-REF-736148,66,0.2469
ENT-005645,DEVICE,Tamil Nadu,ENT-REF-543592,65,0.1407
ENT-005646,BENEFICIARY,Uttar Pradesh,ENT-REF-726689,71,0.1631
ENT-005647,BENEFICIARY,West Bengal,ENT-REF-498290,42,0.2132
ENT-005648,DEVICE,Telangana,ENT-REF-833829,15,0.0837
ENT-005649,BENEFICIARY,Madhya Pradesh,ENT-REF-947193,20,0.2092
ENT-005650,BENEFICIARY,Maharashtra,ENT-REF-171180,41,0.4418
ENT-005651,DEVICE,Tamil Nadu,ENT-REF-580621,36,0.0722
ENT-005652,WALLET,West Bengal,ENT-REF-357742,64,0.1277
ENT-005653,ACCOUNT,Maharashtra,ENT-REF-539585,49,0.0485
ENT-005654,ACCOUNT,Rajasthan,ENT-REF-366613,41,0.4691
ENT-005655,DEVICE,Telangana,ENT-REF-487895,50,0.2842
ENT-005656,ACCOUNT,Madhya Pradesh,ENT-REF-730761,13,0.1241
ENT-005657,MERCHANT,Rajasthan,ENT-REF-873559,14,0.1089
ENT-005658,DEVICE,Uttar Pradesh,ENT-REF-937277,71,0.1501
ENT-005659,WALLET,Tamil Nadu,ENT-REF-337920,52,0.1218
ENT-005660,WALLET,Madhya Pradesh,ENT-REF-712717,44,0.2341
ENT-005661,MERCHANT,Bihar,ENT-REF-979730,45,0.1039
ENT-005662,BENEFICIARY,West Bengal,ENT-REF-297614,48,0.0158
ENT-005663,WALLET,Telangana,ENT-REF-327579,38,0.0889
ENT-005664,ACCOUNT,Karnataka,ENT-REF-636466,18,0.0095
ENT-005665,BENEFICIARY,Maharashtra,ENT-REF-343735,7,0.2613
ENT-005666,BENEFICIARY,West Bengal,ENT-REF-351093,78,0.0298
ENT-005667,MERCHANT,Madhya Pradesh,ENT-REF-566398,12,0.1384
ENT-005668,BENEFICIARY,West Bengal,ENT-REF-104001,9,0.064
ENT-005669,PHONE,Maharashtra,ENT-REF-463396,29,0.0208
ENT-005670,DEVICE,Bihar,ENT-REF-575211,24,0.0189
ENT-005671,PHONE,Delhi,ENT-REF-613966,13,0.1635
ENT-005672,ACCOUNT,Tamil Nadu,ENT-REF-882806,23,0.0695
ENT-005673,WALLET,Telangana,ENT-REF-745202,22,0.4835
ENT-005674,ACCOUNT,Rajasthan,ENT-REF-538049,6,0.0592
ENT-005675,ACCOUNT,Madhya Pradesh,ENT-REF-534035,39,0.0385
ENT-005676,ACCOUNT,Maharashtra,ENT-REF-648341,79,0.0543
ENT-005677,ACCOUNT,Rajasthan,ENT-REF-371456,65,0.3148
ENT-005678,ACCOUNT,Bihar,ENT-REF-883131,6,0.2519
ENT-005679,ACCOUNT,Tamil Nadu,ENT-REF-383383,36,0.1582
ENT-005680,DEVICE,Madhya Pradesh,ENT-REF-826461,17,0.4316
ENT-005681,MERCHANT,Tamil Nadu,ENT-REF-608122,17,0.3347
ENT-005682,BENEFICIARY,Rajasthan,ENT-REF-206486,15,0.3819
ENT-005683,PHONE,Uttar Pradesh,ENT-REF-770256,58,0.1745
ENT-005684,ACCOUNT,Rajasthan,ENT-REF-288283,41,0.0827
ENT-005685,WALLET,Bihar,ENT-REF-331379,2,0.2982
ENT-005686,PHONE,Tamil Nadu,ENT-REF-943917,63,0.1331
ENT-005687,ACCOUNT,Karnataka,ENT-REF-580245,67,0.2606
ENT-005688,PHONE,West Bengal,ENT-REF-523919,7,0.2495
ENT-005689,DEVICE,Maharashtra,ENT-REF-273960,30,0.0782
ENT-005690,ACCOUNT,Maharashtra,ENT-REF-860839,49,0.0094
ENT-005691,PHONE,West Bengal,ENT-REF-504411,71,0.1325
ENT-005692,BENEFICIARY,Bihar,ENT-REF-919306,70,0.0816
ENT-005693,PHONE,Karnataka,ENT-REF-315726,2,0.1972
ENT-005694,WALLET,Telangana,ENT-REF-606749,39,0.371
ENT-005695,MERCHANT,West Bengal,ENT-REF-747674,30,0.1299
ENT-005696,DEVICE,Tamil Nadu,ENT-REF-711769,39,0.0782
ENT-005697,WALLET,Karnataka,ENT-REF-695138,37,0.2024
ENT-005698,ACCOUNT,Tamil Nadu,ENT-REF-699764,74,0.2536
ENT-005699,ACCOUNT,Tamil Nadu,ENT-REF-407566,59,0.034
ENT-005700,PHONE,Bihar,ENT-REF-103460,70,0.341
ENT-005701,ACCOUNT,Tamil Nadu,ENT-REF-432775,6,0.1245
ENT-005702,WALLET,Maharashtra,ENT-REF-855604,75,0.0514
ENT-005703,DEVICE,Karnataka,ENT-REF-171386,30,0.1943
ENT-005704,PHONE,Bihar,ENT-REF-317374,26,0.0839
ENT-005705,DEVICE,Tamil Nadu,ENT-REF-320664,73,0.3839
ENT-005706,PHONE,Telangana,ENT-REF-958787,22,0.1206
ENT-005707,DEVICE,Rajasthan,ENT-REF-230848,36,0.1885
ENT-005708,PHONE,Karnataka,ENT-REF-871825,18,0.2228
ENT-005709,PHONE,West Bengal,ENT-REF-866663,12,0.5693
ENT-005710,ACCOUNT,West Bengal,ENT-REF-875648,13,0.2843
ENT-005711,ACCOUNT,Karnataka,ENT-REF-390111,1,0.121
ENT-005712,PHONE,Maharashtra,ENT-REF-500902,68,0.2804
ENT-005713,DEVICE,Madhya Pradesh,ENT-REF-774310,73,0.2118
ENT-005714,ACCOUNT,Rajasthan,ENT-REF-916047,51,0.0842
ENT-005715,PHONE,Rajasthan,ENT-REF-938887,40,0.19
ENT-005716,ACCOUNT,Rajasthan,ENT-REF-430940,3,0.0404
ENT-005717,PHONE,Tamil Nadu,ENT-REF-499608,16,0.042
ENT-005718,PHONE,Madhya Pradesh,ENT-REF-571187,15,0.059
ENT-005719,BENEFICIARY,Maharashtra,ENT-REF-696239,1,0.1559
ENT-005720,PHONE,Delhi,ENT-REF-729806,46,0.1056
ENT-005721,MERCHANT,Uttar Pradesh,ENT-REF-267575,33,0.1706
ENT-005722,MERCHANT,Maharashtra,ENT-REF-103153,51,0.0665
ENT-005723,PHONE,Uttar Pradesh,ENT-REF-528824,68,0.1479
ENT-005724,WALLET,Tamil Nadu,ENT-REF-810632,56,0.1342
ENT-005725,ACCOUNT,Uttar Pradesh,ENT-REF-701410,32,0.0352
ENT-005726,ACCOUNT,Maharashtra,ENT-REF-933403,57,0.3212
ENT-005727,ACCOUNT,Tamil Nadu,ENT-REF-686821,52,0.1663
ENT-005728,ACCOUNT,Uttar Pradesh,ENT-REF-985929,36,0.0419
ENT-005729,BENEFICIARY,Maharashtra,ENT-REF-955867,43,0.2521
ENT-005730,MERCHANT,Rajasthan,ENT-REF-758830,58,0.2773
ENT-005731,ACCOUNT,Madhya Pradesh,ENT-REF-233423,42,0.0592
ENT-005732,DEVICE,Uttar Pradesh,ENT-REF-935200,24,0.5352
ENT-005733,PHONE,Delhi,ENT-REF-540033,7,0.3278
ENT-005734,WALLET,Delhi,ENT-REF-203530,5,0.1266
ENT-005735,WALLET,Bihar,ENT-REF-990683,46,0.0967
ENT-005736,WALLET,Rajasthan,ENT-REF-233038,76,0.3426
ENT-005737,ACCOUNT,Rajasthan,ENT-REF-183688,20,0.2083
ENT-005738,BENEFICIARY,Tamil Nadu,ENT-REF-414089,43,0.2807
ENT-005739,MERCHANT,Rajasthan,ENT-REF-440515,33,0.0933
ENT-005740,PHONE,Karnataka,ENT-REF-878581,26,0.2702
ENT-005741,BENEFICIARY,Rajasthan,ENT-REF-568829,35,0.1944
ENT-005742,BENEFICIARY,Tamil Nadu,ENT-REF-783260,54,0.1239
ENT-005743,DEVICE,West Bengal,ENT-REF-245213,3,0.1931
ENT-005744,WALLET,Maharashtra,ENT-REF-760132,76,0.008
ENT-005745,ACCOUNT,Karnataka,ENT-REF-673987,78,0.2417
ENT-005746,PHONE,Karnataka,ENT-REF-528491,21,0.0318
ENT-005747,PHONE,Delhi,ENT-REF-931752,60,0.1227
ENT-005748,ACCOUNT,Bihar,ENT-REF-643128,21,0.263
ENT-005749,PHONE,Telangana,ENT-REF-854585,39,0.1509
ENT-005750,PHONE,West Bengal,ENT-REF-746272,18,0.0803
ENT-005751,ACCOUNT,Tamil Nadu,ENT-REF-120685,23,0.0804
ENT-005752,PHONE,Karnataka,ENT-REF-177908,50,0.2509
ENT-005753,PHONE,Delhi,ENT-REF-137287,79,0.3814
ENT-005754,ACCOUNT,Bihar,ENT-REF-956134,8,0.413
ENT-005755,BENEFICIARY,Delhi,ENT-REF-685253,47,0.0809
ENT-005756,PHONE,Uttar Pradesh,ENT-REF-900247,5,0.2011
ENT-005757,WALLET,Karnataka,ENT-REF-194352,17,0.34
ENT-005758,ACCOUNT,Uttar Pradesh,ENT-REF-288010,48,0.1458
ENT-005759,BENEFICIARY,Maharashtra,ENT-REF-309735,46,0.0283
ENT-005760,ACCOUNT,Rajasthan,ENT-REF-934999,11,0.1222
ENT-005761,DEVICE,Tamil Nadu,ENT-REF-121150,21,0.0091
ENT-005762,PHONE,Karnataka,ENT-REF-244893,72,0.0258
ENT-005763,BENEFICIARY,Rajasthan,ENT-REF-175437,41,0.0941
ENT-005764,ACCOUNT,Uttar Pradesh,ENT-REF-100595,58,0.3026
ENT-005765,BENEFICIARY,Uttar Pradesh,ENT-REF-744122,18,0.1625
ENT-005766,ACCOUNT,Karnataka,ENT-REF-416577,63,0.2491
ENT-005767,ACCOUNT,Bihar,ENT-REF-680961,72,0.0652
ENT-005768,ACCOUNT,Tamil Nadu,ENT-REF-760274,17,0.6278
ENT-005769,PHONE,Uttar Pradesh,ENT-REF-321973,1,0.4062
ENT-005770,ACCOUNT,Rajasthan,ENT-REF-971414,27,0.3788
ENT-005771,ACCOUNT,Rajasthan,ENT-REF-944612,47,0.1302
ENT-005772,PHONE,Tamil Nadu,ENT-REF-841681,48,0.0823
ENT-005773,PHONE,Uttar Pradesh,ENT-REF-387435,12,0.2532
ENT-005774,DEVICE,West Bengal,ENT-REF-147140,29,0.0454
ENT-005775,BENEFICIARY,Maharashtra,ENT-REF-827053,30,0.1772
ENT-005776,ACCOUNT,Delhi,ENT-REF-936892,9,0.0582
ENT-005777,ACCOUNT,West Bengal,ENT-REF-161730,5,0.0734
ENT-005778,DEVICE,Madhya Pradesh,ENT-REF-648121,6,0.2314
ENT-005779,ACCOUNT,Rajasthan,ENT-REF-166206,66,0.1349
ENT-005780,BENEFICIARY,West Bengal,ENT-REF-613230,26,0.0466
ENT-005781,BENEFICIARY,Delhi,ENT-REF-703828,12,0.1037
ENT-005782,ACCOUNT,Uttar Pradesh,ENT-REF-153900,32,0.2105
ENT-005783,DEVICE,Tamil Nadu,ENT-REF-233164,34,0.0428
ENT-005784,ACCOUNT,Uttar Pradesh,ENT-REF-100138,43,0.0577
ENT-005785,MERCHANT,Rajasthan,ENT-REF-303378,40,0.141
ENT-005786,ACCOUNT,Telangana,ENT-REF-279577,34,0.2874
ENT-005787,WALLET,Karnataka,ENT-REF-574598,26,0.3479
ENT-005788,DEVICE,West Bengal,ENT-REF-149029,55,0.2666
ENT-005789,ACCOUNT,Tamil Nadu,ENT-REF-942569,44,0.0382
ENT-005790,ACCOUNT,Uttar Pradesh,ENT-REF-387376,64,0.1818
ENT-005791,ACCOUNT,Rajasthan,ENT-REF-852268,27,0.1322
ENT-005792,MERCHANT,Rajasthan,ENT-REF-488784,11,0.0874
ENT-005793,WALLET,Maharashtra,ENT-REF-350011,12,0.2369
ENT-005794,BENEFICIARY,Tamil Nadu,ENT-REF-460191,9,0.0578
ENT-005795,MERCHANT,Uttar Pradesh,ENT-REF-160150,55,0.0125
ENT-005796,BENEFICIARY,Bihar,ENT-REF-461142,15,0.4234
ENT-005797,DEVICE,Maharashtra,ENT-REF-567953,37,0.0715
ENT-005798,DEVICE,Maharashtra,ENT-REF-809282,47,0.2324
ENT-005799,MERCHANT,Rajasthan,ENT-REF-696745,25,0.2657
ENT-005800,WALLET,Karnataka,ENT-REF-157884,68,0.1112
ENT-005801,PHONE,Uttar Pradesh,ENT-REF-415936,48,0.1274
ENT-005802,ACCOUNT,Rajasthan,ENT-REF-533312,12,0.2786
ENT-005803,ACCOUNT,Tamil Nadu,ENT-REF-655624,55,0.0753
ENT-005804,ACCOUNT,Delhi,ENT-REF-714598,27,0.1298
ENT-005805,ACCOUNT,Bihar,ENT-REF-367091,57,0.0077
ENT-005806,ACCOUNT,Delhi,ENT-REF-112672,52,0.2598
ENT-005807,PHONE,Maharashtra,ENT-REF-755993,63,0.1224
ENT-005808,ACCOUNT,Delhi,ENT-REF-563507,10,0.0983
ENT-005809,DEVICE,Rajasthan,ENT-REF-574336,29,0.0676
ENT-005810,PHONE,West Bengal,ENT-REF-469202,38,0.2261
ENT-005811,DEVICE,Delhi,ENT-REF-202323,18,0.2197
ENT-005812,PHONE,Delhi,ENT-REF-122184,69,0.3719
ENT-005813,DEVICE,Madhya Pradesh,ENT-REF-520378,64,0.0742
ENT-005814,ACCOUNT,Maharashtra,ENT-REF-827248,6,0.1383
ENT-005815,ACCOUNT,Tamil Nadu,ENT-REF-839225,48,0.0129
ENT-005816,ACCOUNT,West Bengal,ENT-REF-957646,1,0.1929
ENT-005817,PHONE,Karnataka,ENT-REF-652900,28,0.07
ENT-005818,PHONE,Uttar Pradesh,ENT-REF-167452,61,0.1304
ENT-005819,PHONE,Maharashtra,ENT-REF-668339,79,0.0303
ENT-005820,WALLET,Madhya Pradesh,ENT-REF-192339,33,0.0383
ENT-005821,PHONE,Rajasthan,ENT-REF-473976,76,0.1604
ENT-005822,PHONE,Tamil Nadu,ENT-REF-102177,34,0.233
ENT-005823,ACCOUNT,Telangana,ENT-REF-243942,4,0.1686
ENT-005824,MERCHANT,Telangana,ENT-REF-568335,50,0.1303
ENT-005825,PHONE,Bihar,ENT-REF-468664,76,0.3878
ENT-005826,ACCOUNT,Bihar,ENT-REF-309565,40,0.0441
ENT-005827,PHONE,Bihar,ENT-REF-297664,2,0.2368
ENT-005828,PHONE,Rajasthan,ENT-REF-951434,3,0.122
ENT-005829,ACCOUNT,West Bengal,ENT-REF-426964,35,0.098
ENT-005830,PHONE,Tamil Nadu,ENT-REF-791276,74,0.2953
ENT-005831,PHONE,Uttar Pradesh,ENT-REF-936216,30,0.2286
ENT-005832,MERCHANT,West Bengal,ENT-REF-306237,34,0.1296
ENT-005833,WALLET,Rajasthan,ENT-REF-307398,53,0.0247
ENT-005834,BENEFICIARY,Bihar,ENT-REF-369170,79,0.0294
ENT-005835,DEVICE,Tamil Nadu,ENT-REF-498478,33,0.0162
ENT-005836,PHONE,Madhya Pradesh,ENT-REF-786122,69,0.0991
ENT-005837,BENEFICIARY,Rajasthan,ENT-REF-184922,34,0.0492
ENT-005838,WALLET,Madhya Pradesh,ENT-REF-545950,8,0.3794
ENT-005839,DEVICE,Bihar,ENT-REF-204098,40,0.0271
ENT-005840,ACCOUNT,Rajasthan,ENT-REF-320077,54,0.0774
ENT-005841,DEVICE,Delhi,ENT-REF-782009,51,0.1369
ENT-005842,DEVICE,Uttar Pradesh,ENT-REF-409396,17,0.0931
ENT-005843,DEVICE,Uttar Pradesh,ENT-REF-618953,77,0.3603
ENT-005844,ACCOUNT,Madhya Pradesh,ENT-REF-720439,25,0.109
ENT-005845,PHONE,Maharashtra,ENT-REF-178986,13,0.1605
ENT-005846,DEVICE,Delhi,ENT-REF-263038,66,0.1831
ENT-005847,ACCOUNT,Maharashtra,ENT-REF-304332,9,0.0943
ENT-005848,ACCOUNT,Delhi,ENT-REF-770093,78,0.1124
ENT-005849,PHONE,Tamil Nadu,ENT-REF-748164,3,0.0638
ENT-005850,PHONE,Telangana,ENT-REF-466151,50,0.0665
ENT-005851,BENEFICIARY,Karnataka,ENT-REF-720791,60,0.2132
ENT-005852,ACCOUNT,Delhi,ENT-REF-231964,73,0.0987
ENT-005853,DEVICE,Delhi,ENT-REF-478261,20,0.0052
ENT-005854,DEVICE,Bihar,ENT-REF-436542,23,0.2128
ENT-005855,MERCHANT,Delhi,ENT-REF-388084,35,0.2006
ENT-005856,PHONE,Maharashtra,ENT-REF-411744,34,0.1487
ENT-005857,BENEFICIARY,Maharashtra,ENT-REF-887878,54,0.2685
ENT-005858,BENEFICIARY,Bihar,ENT-REF-569378,3,0.0635
ENT-005859,ACCOUNT,Uttar Pradesh,ENT-REF-600862,46,0.0028
ENT-005860,DEVICE,Maharashtra,ENT-REF-935100,79,0.0821
ENT-005861,DEVICE,Rajasthan,ENT-REF-800233,71,0.4046
ENT-005862,BENEFICIARY,Telangana,ENT-REF-529275,21,0.2221
ENT-005863,ACCOUNT,Karnataka,ENT-REF-941037,48,0.0676
ENT-005864,BENEFICIARY,Madhya Pradesh,ENT-REF-447270,17,0.0198
ENT-005865,PHONE,Madhya Pradesh,ENT-REF-993822,28,0.038
ENT-005866,ACCOUNT,Maharashtra,ENT-REF-901427,77,0.1191
ENT-005867,BENEFICIARY,West Bengal,ENT-REF-761273,3,0.3381
ENT-005868,WALLET,Madhya Pradesh,ENT-REF-543528,5,0.3218
ENT-005869,DEVICE,Maharashtra,ENT-REF-900947,75,0.3878
ENT-005870,PHONE,Madhya Pradesh,ENT-REF-283248,59,0.1001
ENT-005871,WALLET,Telangana,ENT-REF-613256,37,0.0436
ENT-005872,PHONE,Rajasthan,ENT-REF-521345,76,0.2726
ENT-005873,ACCOUNT,Uttar Pradesh,ENT-REF-260777,66,0.2857
ENT-005874,ACCOUNT,Delhi,ENT-REF-565184,19,0.4812
ENT-005875,PHONE,Rajasthan,ENT-REF-226777,18,0.2282
ENT-005876,ACCOUNT,Telangana,ENT-REF-827832,39,0.175
ENT-005877,ACCOUNT,Uttar Pradesh,ENT-REF-296135,15,0.162
ENT-005878,DEVICE,Tamil Nadu,ENT-REF-885248,5,0.2864
ENT-005879,PHONE,Rajasthan,ENT-REF-450746,69,0.5049
ENT-005880,DEVICE,Tamil Nadu,ENT-REF-677667,13,0.1193
ENT-005881,BENEFICIARY,Delhi,ENT-REF-669844,42,0.0736
ENT-005882,MERCHANT,Bihar,ENT-REF-183653,67,0.1216
ENT-005883,ACCOUNT,West Bengal,ENT-REF-271902,56,0.0557
ENT-005884,BENEFICIARY,Delhi,ENT-REF-207465,57,0.0303
ENT-005885,BENEFICIARY,Tamil Nadu,ENT-REF-318663,66,0.1468
ENT-005886,DEVICE,Bihar,ENT-REF-877952,69,0.1077
ENT-005887,ACCOUNT,Karnataka,ENT-REF-966843,33,0.0759
ENT-005888,ACCOUNT,Karnataka,ENT-REF-605012,47,0.044
ENT-005889,WALLET,Tamil Nadu,ENT-REF-611532,46,0.011
ENT-005890,PHONE,Uttar Pradesh,ENT-REF-785409,64,0.1118
ENT-005891,MERCHANT,Bihar,ENT-REF-240815,55,0.3275
ENT-005892,DEVICE,Madhya Pradesh,ENT-REF-972173,60,0.0084
ENT-005893,ACCOUNT,Madhya Pradesh,ENT-REF-645402,61,0.1613
ENT-005894,BENEFICIARY,Uttar Pradesh,ENT-REF-306099,60,0.0901
ENT-005895,ACCOUNT,Madhya Pradesh,ENT-REF-984790,7,0.1769
ENT-005896,PHONE,Delhi,ENT-REF-779681,74,0.5824
ENT-005897,PHONE,Tamil Nadu,ENT-REF-914648,77,0.0495
ENT-005898,ACCOUNT,Madhya Pradesh,ENT-REF-743403,9,0.0417
ENT-005899,BENEFICIARY,Karnataka,ENT-REF-290778,51,0.1681
ENT-005900,ACCOUNT,Delhi,ENT-REF-316946,35,0.2382
ENT-005901,PHONE,Karnataka,ENT-REF-529937,38,0.2345
ENT-005902,DEVICE,Madhya Pradesh,ENT-REF-986580,2,0.0331
ENT-005903,DEVICE,West Bengal,ENT-REF-776027,50,0.2838
ENT-005904,ACCOUNT,West Bengal,ENT-REF-769893,45,0.0834
ENT-005905,ACCOUNT,Delhi,ENT-REF-817027,58,0.0675
ENT-005906,DEVICE,Delhi,ENT-REF-235337,30,0.0814
ENT-005907,PHONE,Karnataka,ENT-REF-449190,79,0.2559
ENT-005908,ACCOUNT,Delhi,ENT-REF-489968,50,0.2054
ENT-005909,MERCHANT,West Bengal,ENT-REF-371284,71,0.1863
ENT-005910,ACCOUNT,Delhi,ENT-REF-534976,2,0.0611
ENT-005911,ACCOUNT,Tamil Nadu,ENT-REF-515248,78,0.3081
ENT-005912,ACCOUNT,Telangana,ENT-REF-216894,72,0.087
ENT-005913,ACCOUNT,West Bengal,ENT-REF-179354,18,0.1472
ENT-005914,DEVICE,Rajasthan,ENT-REF-848489,61,0.1064
ENT-005915,PHONE,Maharashtra,ENT-REF-742904,21,0.2383
ENT-005916,PHONE,Tamil Nadu,ENT-REF-535166,74,0.0831
ENT-005917,BENEFICIARY,Rajasthan,ENT-REF-613887,39,0.3331
ENT-005918,ACCOUNT,Delhi,ENT-REF-617125,41,0.2671
ENT-005919,DEVICE,Bihar,ENT-REF-285722,32,0.0805
ENT-005920,ACCOUNT,Madhya Pradesh,ENT-REF-477299,46,0.3986
ENT-005921,PHONE,Uttar Pradesh,ENT-REF-171936,35,0.3295
ENT-005922,PHONE,Uttar Pradesh,ENT-REF-138252,7,0.1063
ENT-005923,WALLET,Tamil Nadu,ENT-REF-417295,55,0.0863
ENT-005924,WALLET,Delhi,ENT-REF-739308,60,0.0595
ENT-005925,WALLET,Delhi,ENT-REF-417284,50,0.3075
ENT-005926,PHONE,Rajasthan,ENT-REF-744397,49,0.0574
ENT-005927,WALLET,Uttar Pradesh,ENT-REF-861478,43,0.3094
ENT-005928,ACCOUNT,Karnataka,ENT-REF-364230,7,0.2029
ENT-005929,WALLET,Karnataka,ENT-REF-435799,42,0.0688
ENT-005930,PHONE,Bihar,ENT-REF-748637,5,0.3969
ENT-005931,DEVICE,Bihar,ENT-REF-992256,51,0.0076
ENT-005932,ACCOUNT,Telangana,ENT-REF-528236,65,0.0384
ENT-005933,BENEFICIARY,Maharashtra,ENT-REF-311459,25,0.07
ENT-005934,BENEFICIARY,Uttar Pradesh,ENT-REF-596276,56,0.1922
ENT-005935,ACCOUNT,Madhya Pradesh,ENT-REF-686991,4,0.1385
ENT-005936,BENEFICIARY,Madhya Pradesh,ENT-REF-417545,73,0.1252
ENT-005937,PHONE,Madhya Pradesh,ENT-REF-117834,23,0.153
ENT-005938,PHONE,Uttar Pradesh,ENT-REF-311975,19,0.2485
ENT-005939,ACCOUNT,Telangana,ENT-REF-240896,46,0.0756
ENT-005940,BENEFICIARY,Madhya Pradesh,ENT-REF-416530,14,0.0476
ENT-005941,WALLET,Telangana,ENT-REF-984006,24,0.1396
ENT-005942,ACCOUNT,Tamil Nadu,ENT-REF-465578,75,0.1338
ENT-005943,PHONE,Bihar,ENT-REF-535788,58,0.127
ENT-005944,PHONE,Karnataka,ENT-REF-119626,1,0.1374
ENT-005945,PHONE,West Bengal,ENT-REF-744058,54,0.3835
ENT-005946,ACCOUNT,Delhi,ENT-REF-864964,14,0.3827
ENT-005947,PHONE,West Bengal,ENT-REF-761541,78,0.2437
ENT-005948,PHONE,Maharashtra,ENT-REF-154622,14,0.0204
ENT-005949,PHONE,Maharashtra,ENT-REF-157867,76,0.0738
ENT-005950,BENEFICIARY,Karnataka,ENT-REF-727492,47,0.3639
ENT-005951,ACCOUNT,Rajasthan,ENT-REF-395138,2,0.1864
ENT-005952,ACCOUNT,Maharashtra,ENT-REF-559378,58,0.104
ENT-005953,WALLET,Bihar,ENT-REF-290578,20,0.3815
ENT-005954,WALLET,Bihar,ENT-REF-233581,69,0.3409
ENT-005955,ACCOUNT,Uttar Pradesh,ENT-REF-172659,39,0.0228
ENT-005956,ACCOUNT,West Bengal,ENT-REF-491812,61,0.3425
ENT-005957,DEVICE,Madhya Pradesh,ENT-REF-929928,34,0.1975
ENT-005958,ACCOUNT,Bihar,ENT-REF-806463,48,0.1578
ENT-005959,WALLET,Rajasthan,ENT-REF-893827,68,0.1121
ENT-005960,DEVICE,Telangana,ENT-REF-549686,63,0.1862
ENT-005961,ACCOUNT,Bihar,ENT-REF-968699,13,0.0851
ENT-005962,MERCHANT,Maharashtra,ENT-REF-121342,43,0.1962
ENT-005963,PHONE,Bihar,ENT-REF-663578,10,0.4756
ENT-005964,WALLET,Maharashtra,ENT-REF-174249,67,0.0569
ENT-005965,BENEFICIARY,Bihar,ENT-REF-194575,26,0.5053
ENT-005966,ACCOUNT,Rajasthan,ENT-REF-892346,63,0.2671
ENT-005967,WALLET,Madhya Pradesh,ENT-REF-180999,23,0.1559
ENT-005968,ACCOUNT,West Bengal,ENT-REF-731019,20,0.178
ENT-005969,BENEFICIARY,Bihar,ENT-REF-634753,6,0.059
ENT-005970,BENEFICIARY,Delhi,ENT-REF-499042,79,0.2365
ENT-005971,WALLET,Rajasthan,ENT-REF-732170,9,0.194
ENT-005972,ACCOUNT,West Bengal,ENT-REF-407227,23,0.0235
ENT-005973,PHONE,Uttar Pradesh,ENT-REF-194844,53,0.0457
ENT-005974,MERCHANT,West Bengal,ENT-REF-245025,74,0.0994
ENT-005975,ACCOUNT,Bihar,ENT-REF-308897,76,0.015
ENT-005976,ACCOUNT,Maharashtra,ENT-REF-322389,15,0.0367
ENT-005977,DEVICE,Maharashtra,ENT-REF-552550,29,0.196
ENT-005978,BENEFICIARY,Karnataka,ENT-REF-702371,77,0.2247
ENT-005979,BENEFICIARY,Tamil Nadu,ENT-REF-203469,23,0.193
ENT-005980,ACCOUNT,West Bengal,ENT-REF-161860,70,0.0431
ENT-005981,ACCOUNT,Tamil Nadu,ENT-REF-623613,32,0.0586
ENT-005982,ACCOUNT,Delhi,ENT-REF-624322,57,0.1851
ENT-005983,MERCHANT,West Bengal,ENT-REF-765483,23,0.1568
ENT-005984,DEVICE,Telangana,ENT-REF-703501,46,0.0521
ENT-005985,ACCOUNT,Rajasthan,ENT-REF-947841,46,0.3657
ENT-005986,ACCOUNT,Bihar,ENT-REF-287055,76,0.2569
ENT-005987,ACCOUNT,Telangana,ENT-REF-332013,63,0.286
ENT-005988,BENEFICIARY,Maharashtra,ENT-REF-598860,60,0.3147
ENT-005989,PHONE,Karnataka,ENT-REF-505256,28,0.2455
ENT-005990,ACCOUNT,Bihar,ENT-REF-778551,34,0.0107
ENT-005991,DEVICE,Rajasthan,ENT-REF-552550,27,0.1451
ENT-005992,DEVICE,Karnataka,ENT-REF-107275,76,0.0382
ENT-005993,DEVICE,Karnataka,ENT-REF-242476,21,0.1426
ENT-005994,ACCOUNT,Delhi,ENT-REF-763134,22,0.0468
ENT-005995,ACCOUNT,Karnataka,ENT-REF-802170,44,0.2701
ENT-005996,ACCOUNT,Karnataka,ENT-REF-121186,6,0.1688
ENT-005997,WALLET,Telangana,ENT-REF-982057,30,0.1228
ENT-005998,BENEFICIARY,Maharashtra,ENT-REF-188761,35,0.2759
ENT-005999,PHONE,Telangana,ENT-REF-889264,14,0.3113
ENT-006000,ACCOUNT,Madhya Pradesh,ENT-REF-195333,42,0.5664
ENT-006001,WALLET,West Bengal,ENT-REF-515465,22,0.153
ENT-006002,WALLET,Maharashtra,ENT-REF-661886,44,0.0782
ENT-006003,BENEFICIARY,West Bengal,ENT-REF-338692,55,0.5986
ENT-006004,PHONE,Madhya Pradesh,ENT-REF-699924,22,0.124
ENT-006005,WALLET,Maharashtra,ENT-REF-112474,41,0.0372
ENT-006006,PHONE,Rajasthan,ENT-REF-681255,51,0.2378
ENT-006007,MERCHANT,Rajasthan,ENT-REF-948294,65,0.0286
ENT-006008,PHONE,Telangana,ENT-REF-299386,14,0.1827
ENT-006009,PHONE,Tamil Nadu,ENT-REF-707074,43,0.0803
ENT-006010,DEVICE,Tamil Nadu,ENT-REF-936504,72,0.2119
ENT-006011,BENEFICIARY,Telangana,ENT-REF-902935,31,0.2697
ENT-006012,ACCOUNT,Delhi,ENT-REF-263691,59,0.3201
ENT-006013,BENEFICIARY,Uttar Pradesh,ENT-REF-790705,38,0.1346
ENT-006014,BENEFICIARY,Maharashtra,ENT-REF-103852,67,0.1258
ENT-006015,PHONE,Madhya Pradesh,ENT-REF-792414,5,0.1468
ENT-006016,MERCHANT,Rajasthan,ENT-REF-934919,26,0.1879
ENT-006017,ACCOUNT,Maharashtra,ENT-REF-358592,13,0.3575
ENT-006018,ACCOUNT,Maharashtra,ENT-REF-673051,27,0.0587
ENT-006019,PHONE,West Bengal,ENT-REF-694170,53,0.1433
ENT-006020,ACCOUNT,Maharashtra,ENT-REF-905550,28,0.0563
ENT-006021,ACCOUNT,Delhi,ENT-REF-729549,28,0.1814
ENT-006022,ACCOUNT,Maharashtra,ENT-REF-966356,53,0.2741
ENT-006023,PHONE,Rajasthan,ENT-REF-824558,20,0.2069
ENT-006024,PHONE,Madhya Pradesh,ENT-REF-648312,40,0.1313
ENT-006025,ACCOUNT,West Bengal,ENT-REF-993527,64,0.0349
ENT-006026,BENEFICIARY,West Bengal,ENT-REF-285513,75,0.3295
ENT-006027,PHONE,Telangana,ENT-REF-987366,58,0.2111
ENT-006028,DEVICE,Telangana,ENT-REF-572446,79,0.011
ENT-006029,BENEFICIARY,Delhi,ENT-REF-683886,19,0.0838
ENT-006030,PHONE,Delhi,ENT-REF-186498,75,0.118
ENT-006031,DEVICE,Uttar Pradesh,ENT-REF-560417,2,0.3558
ENT-006032,WALLET,West Bengal,ENT-REF-773769,3,0.0597
ENT-006033,BENEFICIARY,Rajasthan,ENT-REF-362356,43,0.1159
ENT-006034,ACCOUNT,West Bengal,ENT-REF-627709,11,0.0491
ENT-006035,ACCOUNT,Rajasthan,ENT-REF-782116,33,0.1496
ENT-006036,WALLET,Madhya Pradesh,ENT-REF-464514,34,0.0765
ENT-006037,PHONE,Tamil Nadu,ENT-REF-286791,64,0.1026
ENT-006038,PHONE,Bihar,ENT-REF-143738,8,0.0437
ENT-006039,BENEFICIARY,Delhi,ENT-REF-731653,13,0.3812
ENT-006040,PHONE,Delhi,ENT-REF-542469,13,0.1577
ENT-006041,BENEFICIARY,Maharashtra,ENT-REF-380224,40,0.0421
ENT-006042,ACCOUNT,Delhi,ENT-REF-220640,37,0.0585
ENT-006043,PHONE,Karnataka,ENT-REF-659291,41,0.034
ENT-006044,ACCOUNT,Telangana,ENT-REF-597267,30,0.0817
ENT-006045,MERCHANT,West Bengal,ENT-REF-902738,27,0.0975
ENT-006046,PHONE,Karnataka,ENT-REF-402388,30,0.0262
ENT-006047,DEVICE,West Bengal,ENT-REF-631036,49,0.0171
ENT-006048,BENEFICIARY,Tamil Nadu,ENT-REF-771006,7,0.097
ENT-006049,DEVICE,Bihar,ENT-REF-116773,68,0.0502
ENT-006050,MERCHANT,Tamil Nadu,ENT-REF-764819,46,0.0939
ENT-006051,PHONE,Karnataka,ENT-REF-368665,74,0.1115
ENT-006052,ACCOUNT,Delhi,ENT-REF-372053,73,0.0595
ENT-006053,ACCOUNT,Delhi,ENT-REF-441280,49,0.0763
ENT-006054,MERCHANT,Telangana,ENT-REF-498938,77,0.0807
ENT-006055,ACCOUNT,Tamil Nadu,ENT-REF-127856,65,0.2347
ENT-006056,ACCOUNT,West Bengal,ENT-REF-572257,12,0.144
ENT-006057,ACCOUNT,Madhya Pradesh,ENT-REF-441720,29,0.1953
ENT-006058,ACCOUNT,Tamil Nadu,ENT-REF-190968,59,0.1648
ENT-006059,ACCOUNT,Rajasthan,ENT-REF-224475,10,0.1254
ENT-006060,PHONE,Uttar Pradesh,ENT-REF-367237,60,0.0816
ENT-006061,ACCOUNT,Delhi,ENT-REF-110015,18,0.1605
ENT-006062,ACCOUNT,Karnataka,ENT-REF-756926,46,0.092
ENT-006063,MERCHANT,Maharashtra,ENT-REF-961998,45,0.1687
ENT-006064,ACCOUNT,Tamil Nadu,ENT-REF-469186,37,0.1431
ENT-006065,DEVICE,Madhya Pradesh,ENT-REF-507290,66,0.2909
ENT-006066,ACCOUNT,Tamil Nadu,ENT-REF-727844,17,0.2148
ENT-006067,MERCHANT,Karnataka,ENT-REF-288382,35,0.1533
ENT-006068,BENEFICIARY,Madhya Pradesh,ENT-REF-241311,19,0.0929
ENT-006069,MERCHANT,Karnataka,ENT-REF-451639,52,0.1657
ENT-006070,BENEFICIARY,Rajasthan,ENT-REF-665697,11,0.0155
ENT-006071,ACCOUNT,West Bengal,ENT-REF-405034,43,0.0903
ENT-006072,DEVICE,Telangana,ENT-REF-325587,69,0.0455
ENT-006073,MERCHANT,Maharashtra,ENT-REF-953624,55,0.1117
ENT-006074,PHONE,West Bengal,ENT-REF-547725,56,0.2083
ENT-006075,BENEFICIARY,Delhi,ENT-REF-559748,25,0.0619
ENT-006076,PHONE,West Bengal,ENT-REF-778154,54,0.4541
ENT-006077,MERCHANT,Rajasthan,ENT-REF-982389,11,0.1761
ENT-006078,WALLET,Tamil Nadu,ENT-REF-674166,42,0.1789
ENT-006079,ACCOUNT,West Bengal,ENT-REF-244937,41,0.1259
ENT-006080,DEVICE,Maharashtra,ENT-REF-253603,33,0.1868
ENT-006081,MERCHANT,Madhya Pradesh,ENT-REF-699403,7,0.4863
ENT-006082,BENEFICIARY,Tamil Nadu,ENT-REF-263404,23,0.1695
ENT-006083,ACCOUNT,West Bengal,ENT-REF-454828,29,0.0363
ENT-006084,ACCOUNT,Maharashtra,ENT-REF-511970,2,0.114
ENT-006085,ACCOUNT,Telangana,ENT-REF-896642,36,0.2092
ENT-006086,PHONE,Bihar,ENT-REF-964794,32,0.0416
ENT-006087,ACCOUNT,Madhya Pradesh,ENT-REF-633510,58,0.1387
ENT-006088,BENEFICIARY,Rajasthan,ENT-REF-451551,74,0.1389
ENT-006089,WALLET,West Bengal,ENT-REF-474483,77,0.02
ENT-006090,ACCOUNT,Karnataka,ENT-REF-767303,56,0.1276
ENT-006091,MERCHANT,Tamil Nadu,ENT-REF-530255,12,0.1722
ENT-006092,ACCOUNT,Maharashtra,ENT-REF-447659,12,0.3031
ENT-006093,ACCOUNT,Karnataka,ENT-REF-489360,8,0.2045
ENT-006094,PHONE,Telangana,ENT-REF-287403,73,0.0179
ENT-006095,ACCOUNT,Bihar,ENT-REF-697605,15,0.1222
ENT-006096,BENEFICIARY,Maharashtra,ENT-REF-888458,35,0.1014
ENT-006097,ACCOUNT,Rajasthan,ENT-REF-850275,32,0.221
ENT-006098,ACCOUNT,Telangana,ENT-REF-559592,8,0.1918
ENT-006099,PHONE,Uttar Pradesh,ENT-REF-554672,44,0.0956
ENT-006100,ACCOUNT,Bihar,ENT-REF-256862,25,0.255
ENT-006101,ACCOUNT,Telangana,ENT-REF-277674,47,0.2969
ENT-006102,PHONE,Uttar Pradesh,ENT-REF-213851,27,0.269
ENT-006103,ACCOUNT,Maharashtra,ENT-REF-983195,47,0.0894
ENT-006104,MERCHANT,Karnataka,ENT-REF-145005,19,0.0955
ENT-006105,ACCOUNT,West Bengal,ENT-REF-797262,46,0.3959
ENT-006106,ACCOUNT,Karnataka,ENT-REF-974325,74,0.0245
ENT-006107,BENEFICIARY,Delhi,ENT-REF-155820,31,0.1022
ENT-006108,ACCOUNT,Madhya Pradesh,ENT-REF-440532,71,0.2112
ENT-006109,ACCOUNT,Telangana,ENT-REF-401925,66,0.0977
ENT-006110,ACCOUNT,West Bengal,ENT-REF-826592,58,0.1191
ENT-006111,MERCHANT,Maharashtra,ENT-REF-378797,13,0.0944
ENT-006112,WALLET,Telangana,ENT-REF-529548,66,0.352
ENT-006113,WALLET,West Bengal,ENT-REF-372868,72,0.2424
ENT-006114,PHONE,Tamil Nadu,ENT-REF-314109,79,0.0169
ENT-006115,PHONE,Telangana,ENT-REF-705222,20,0.2772
ENT-006116,ACCOUNT,Telangana,ENT-REF-351596,8,0.0849
ENT-006117,DEVICE,Tamil Nadu,ENT-REF-144540,58,0.0773
ENT-006118,DEVICE,Karnataka,ENT-REF-961974,50,0.0716
ENT-006119,ACCOUNT,Madhya Pradesh,ENT-REF-608659,30,0.1891
ENT-006120,WALLET,Telangana,ENT-REF-515094,52,0.1021
ENT-006121,ACCOUNT,Madhya Pradesh,ENT-REF-783041,66,0.0596
ENT-006122,DEVICE,Telangana,ENT-REF-145690,4,0.2094
ENT-006123,WALLET,Maharashtra,ENT-REF-993598,79,0.0656
ENT-006124,ACCOUNT,Tamil Nadu,ENT-REF-618101,72,0.3056
ENT-006125,ACCOUNT,Tamil Nadu,ENT-REF-407425,33,0.1545
ENT-006126,MERCHANT,Tamil Nadu,ENT-REF-128191,53,0.2098
ENT-006127,BENEFICIARY,Maharashtra,ENT-REF-768186,17,0.0029
ENT-006128,BENEFICIARY,Maharashtra,ENT-REF-330364,9,0.1757
ENT-006129,MERCHANT,West Bengal,ENT-REF-916529,15,0.1938
ENT-006130,DEVICE,West Bengal,ENT-REF-386089,29,0.1938
ENT-006131,ACCOUNT,Bihar,ENT-REF-400748,20,0.1072
ENT-006132,WALLET,Karnataka,ENT-REF-325105,38,0.1193
ENT-006133,WALLET,Telangana,ENT-REF-542453,24,0.0253
ENT-006134,ACCOUNT,Bihar,ENT-REF-981490,63,0.3962
ENT-006135,ACCOUNT,Telangana,ENT-REF-730193,6,0.0213
ENT-006136,DEVICE,Uttar Pradesh,ENT-REF-799562,18,0.3812
ENT-006137,PHONE,Rajasthan,ENT-REF-706718,56,0.1376
ENT-006138,ACCOUNT,Maharashtra,ENT-REF-465404,19,0.102
ENT-006139,ACCOUNT,Tamil Nadu,ENT-REF-236694,57,0.3793
ENT-006140,DEVICE,Karnataka,ENT-REF-850171,69,0.0709
ENT-006141,ACCOUNT,Maharashtra,ENT-REF-393118,18,0.1252
ENT-006142,WALLET,Karnataka,ENT-REF-436858,24,0.0353
ENT-006143,PHONE,Uttar Pradesh,ENT-REF-980565,52,0.4046
ENT-006144,ACCOUNT,Bihar,ENT-REF-688305,70,0.1551
ENT-006145,BENEFICIARY,Bihar,ENT-REF-611674,40,0.0635
ENT-006146,ACCOUNT,Delhi,ENT-REF-569622,15,0.1698
ENT-006147,PHONE,Telangana,ENT-REF-999740,68,0.2284
ENT-006148,DEVICE,Delhi,ENT-REF-345181,78,0.2498
ENT-006149,PHONE,Maharashtra,ENT-REF-869767,56,0.2527
ENT-006150,ACCOUNT,Uttar Pradesh,ENT-REF-116970,26,0.1497
ENT-006151,ACCOUNT,Karnataka,ENT-REF-336503,74,0.0644
ENT-006152,PHONE,Delhi,ENT-REF-571469,41,0.0951
ENT-006153,MERCHANT,Karnataka,ENT-REF-532483,11,0.1697
ENT-006154,PHONE,Tamil Nadu,ENT-REF-564489,23,0.0108
ENT-006155,WALLET,Uttar Pradesh,ENT-REF-945870,75,0.0773
ENT-006156,BENEFICIARY,Uttar Pradesh,ENT-REF-749928,21,0.0691
ENT-006157,ACCOUNT,Karnataka,ENT-REF-748139,73,0.1212
ENT-006158,PHONE,Delhi,ENT-REF-233385,49,0.041
ENT-006159,WALLET,Karnataka,ENT-REF-980149,61,0.2458
ENT-006160,DEVICE,Madhya Pradesh,ENT-REF-808036,73,0.3555
ENT-006161,PHONE,Telangana,ENT-REF-665768,42,0.044
ENT-006162,MERCHANT,Uttar Pradesh,ENT-REF-665916,27,0.4493
ENT-006163,WALLET,Bihar,ENT-REF-124207,12,0.0553
ENT-006164,ACCOUNT,Karnataka,ENT-REF-848422,58,0.1054
ENT-006165,MERCHANT,Telangana,ENT-REF-992537,35,0.2029
ENT-006166,PHONE,Karnataka,ENT-REF-703926,75,0.1158
ENT-006167,PHONE,Karnataka,ENT-REF-293697,24,0.0608
ENT-006168,ACCOUNT,Delhi,ENT-REF-251457,53,0.0273
ENT-006169,ACCOUNT,Tamil Nadu,ENT-REF-237956,12,0.0997
ENT-006170,ACCOUNT,Telangana,ENT-REF-997944,11,0.4034
ENT-006171,MERCHANT,Delhi,ENT-REF-516156,27,0.1777
ENT-006172,WALLET,Uttar Pradesh,ENT-REF-440825,10,0.0576
ENT-006173,WALLET,Delhi,ENT-REF-626404,52,0.2345
ENT-006174,ACCOUNT,Karnataka,ENT-REF-704046,40,0.1391
ENT-006175,MERCHANT,Delhi,ENT-REF-696935,12,0.3059
ENT-006176,DEVICE,Uttar Pradesh,ENT-REF-572447,54,0.1671
ENT-006177,BENEFICIARY,Rajasthan,ENT-REF-612420,22,0.2694
ENT-006178,BENEFICIARY,Maharashtra,ENT-REF-873299,23,0.1727
ENT-006179,ACCOUNT,Rajasthan,ENT-REF-224103,76,0.0807
ENT-006180,MERCHANT,West Bengal,ENT-REF-354914,57,0.1648
ENT-006181,PHONE,Uttar Pradesh,ENT-REF-437973,35,0.1092
ENT-006182,PHONE,Tamil Nadu,ENT-REF-263615,31,0.4195
ENT-006183,DEVICE,Delhi,ENT-REF-422707,25,0.0719
ENT-006184,BENEFICIARY,West Bengal,ENT-REF-624828,7,0.0207
ENT-006185,ACCOUNT,West Bengal,ENT-REF-963657,37,0.0407
ENT-006186,MERCHANT,Bihar,ENT-REF-580307,45,0.1313
ENT-006187,PHONE,Telangana,ENT-REF-856922,36,0.1123
ENT-006188,ACCOUNT,Madhya Pradesh,ENT-REF-935316,51,0.0605
ENT-006189,ACCOUNT,Maharashtra,ENT-REF-871433,59,0.2475
ENT-006190,ACCOUNT,Rajasthan,ENT-REF-367743,76,0.1758
ENT-006191,ACCOUNT,Bihar,ENT-REF-409306,17,0.0852
ENT-006192,PHONE,Telangana,ENT-REF-223179,1,0.0656
ENT-006193,DEVICE,Telangana,ENT-REF-970068,35,0.2149
ENT-006194,MERCHANT,Telangana,ENT-REF-769533,20,0.1449
ENT-006195,PHONE,Madhya Pradesh,ENT-REF-769056,29,0.4452
ENT-006196,ACCOUNT,Karnataka,ENT-REF-986504,76,0.1408
ENT-006197,DEVICE,Uttar Pradesh,ENT-REF-653202,19,0.1237
ENT-006198,MERCHANT,Tamil Nadu,ENT-REF-812099,63,0.1054
ENT-006199,ACCOUNT,Tamil Nadu,ENT-REF-376156,31,0.2827
ENT-006200,DEVICE,Maharashtra,ENT-REF-922974,55,0.0939
ENT-006201,ACCOUNT,West Bengal,ENT-REF-521480,20,0.229
ENT-006202,BENEFICIARY,Maharashtra,ENT-REF-175304,37,0.1223
ENT-006203,PHONE,Bihar,ENT-REF-699358,35,0.0979
ENT-006204,ACCOUNT,Karnataka,ENT-REF-499772,61,0.479
ENT-006205,ACCOUNT,Madhya Pradesh,ENT-REF-492475,79,0.1493
ENT-006206,PHONE,Delhi,ENT-REF-617466,52,0.2651
ENT-006207,MERCHANT,Madhya Pradesh,ENT-REF-990982,49,0.1488
ENT-006208,PHONE,Rajasthan,ENT-REF-277904,31,0.2471
ENT-006209,ACCOUNT,Uttar Pradesh,ENT-REF-433984,70,0.0331
ENT-006210,ACCOUNT,Madhya Pradesh,ENT-REF-313721,36,0.1209
ENT-006211,PHONE,Maharashtra,ENT-REF-398057,35,0.0791
ENT-006212,MERCHANT,West Bengal,ENT-REF-869183,67,0.1706
ENT-006213,ACCOUNT,Karnataka,ENT-REF-876717,74,0.1542
ENT-006214,MERCHANT,Delhi,ENT-REF-384524,31,0.1676
ENT-006215,ACCOUNT,Tamil Nadu,ENT-REF-952054,63,0.2994
ENT-006216,ACCOUNT,Madhya Pradesh,ENT-REF-387643,74,0.4468
ENT-006217,WALLET,West Bengal,ENT-REF-210102,48,0.3412
ENT-006218,PHONE,Uttar Pradesh,ENT-REF-807387,51,0.1702
ENT-006219,MERCHANT,Rajasthan,ENT-REF-872364,8,0.0863
ENT-006220,BENEFICIARY,Uttar Pradesh,ENT-REF-684512,24,0.066
ENT-006221,MERCHANT,Maharashtra,ENT-REF-948721,58,0.0039
ENT-006222,ACCOUNT,Rajasthan,ENT-REF-751174,32,0.0514
ENT-006223,DEVICE,Telangana,ENT-REF-406627,58,0.4997
ENT-006224,WALLET,Delhi,ENT-REF-201272,2,0.1715
ENT-006225,PHONE,Delhi,ENT-REF-305808,76,0.0821
ENT-006226,DEVICE,Tamil Nadu,ENT-REF-836534,59,0.1705
ENT-006227,ACCOUNT,Tamil Nadu,ENT-REF-231200,61,0.0326
ENT-006228,ACCOUNT,Tamil Nadu,ENT-REF-437518,35,0.077
ENT-006229,ACCOUNT,West Bengal,ENT-REF-812253,41,0.2656
ENT-006230,ACCOUNT,Bihar,ENT-REF-857874,39,0.2089
ENT-006231,ACCOUNT,Rajasthan,ENT-REF-872124,18,0.2631
ENT-006232,BENEFICIARY,Rajasthan,ENT-REF-217772,59,0.2094
ENT-006233,MERCHANT,Rajasthan,ENT-REF-319062,28,0.1094
ENT-006234,ACCOUNT,Bihar,ENT-REF-254119,68,0.2488
ENT-006235,PHONE,Maharashtra,ENT-REF-231374,31,0.2247
ENT-006236,PHONE,Delhi,ENT-REF-305145,30,0.371
ENT-006237,WALLET,Delhi,ENT-REF-456487,5,0.0369
ENT-006238,ACCOUNT,Telangana,ENT-REF-987486,53,0.0738
ENT-006239,ACCOUNT,West Bengal,ENT-REF-254719,70,0.0701
ENT-006240,ACCOUNT,Bihar,ENT-REF-905706,63,0.2192
ENT-006241,DEVICE,Karnataka,ENT-REF-910173,61,0.1004
ENT-006242,DEVICE,Telangana,ENT-REF-951174,47,0.2047
ENT-006243,PHONE,Bihar,ENT-REF-466031,23,0.1685
ENT-006244,ACCOUNT,Karnataka,ENT-REF-398021,9,0.1025
ENT-006245,DEVICE,Tamil Nadu,ENT-REF-375477,35,0.3144
ENT-006246,DEVICE,Karnataka,ENT-REF-736473,39,0.0291
ENT-006247,ACCOUNT,Telangana,ENT-REF-680895,16,0.4264
ENT-006248,ACCOUNT,Uttar Pradesh,ENT-REF-421314,36,0.0754
ENT-006249,ACCOUNT,Uttar Pradesh,ENT-REF-243341,30,0.014
ENT-006250,MERCHANT,Madhya Pradesh,ENT-REF-621646,36,0.0817
ENT-006251,ACCOUNT,Madhya Pradesh,ENT-REF-390362,32,0.1072
ENT-006252,ACCOUNT,Delhi,ENT-REF-476506,10,0.0479
ENT-006253,ACCOUNT,Telangana,ENT-REF-449923,66,0.1449
ENT-006254,ACCOUNT,Telangana,ENT-REF-378675,44,0.1648
ENT-006255,MERCHANT,Karnataka,ENT-REF-357087,11,0.0301
ENT-006256,PHONE,West Bengal,ENT-REF-420216,49,0.1908
ENT-006257,PHONE,Madhya Pradesh,ENT-REF-500163,76,0.1879
ENT-006258,PHONE,Tamil Nadu,ENT-REF-181254,64,0.096
ENT-006259,BENEFICIARY,Bihar,ENT-REF-646043,7,0.0537
ENT-006260,ACCOUNT,Bihar,ENT-REF-503913,64,0.2176
ENT-006261,ACCOUNT,Tamil Nadu,ENT-REF-121497,11,0.1025
ENT-006262,MERCHANT,West Bengal,ENT-REF-773337,4,0.0864
ENT-006263,BENEFICIARY,Karnataka,ENT-REF-458426,28,0.3205
ENT-006264,ACCOUNT,Uttar Pradesh,ENT-REF-918590,9,0.0203
ENT-006265,ACCOUNT,Maharashtra,ENT-REF-299877,44,0.2038
ENT-006266,PHONE,Karnataka,ENT-REF-661788,64,0.2756
ENT-006267,BENEFICIARY,Bihar,ENT-REF-463128,35,0.3379
ENT-006268,ACCOUNT,Telangana,ENT-REF-560834,1,0.2665
ENT-006269,BENEFICIARY,Bihar,ENT-REF-455424,8,0.2006
ENT-006270,MERCHANT,West Bengal,ENT-REF-668238,37,0.0142
ENT-006271,ACCOUNT,Tamil Nadu,ENT-REF-122885,9,0.2348
ENT-006272,ACCOUNT,Uttar Pradesh,ENT-REF-303057,77,0.0762
ENT-006273,ACCOUNT,Karnataka,ENT-REF-298812,57,0.1584
ENT-006274,PHONE,Tamil Nadu,ENT-REF-513203,32,0.1441
ENT-006275,PHONE,Telangana,ENT-REF-217362,3,0.1107
ENT-006276,DEVICE,Bihar,ENT-REF-945050,32,0.2893
ENT-006277,ACCOUNT,Madhya Pradesh,ENT-REF-869322,59,0.0826
ENT-006278,MERCHANT,Maharashtra,ENT-REF-168569,67,0.0245
ENT-006279,BENEFICIARY,Uttar Pradesh,ENT-REF-404606,19,0.2908
ENT-006280,ACCOUNT,Telangana,ENT-REF-741893,75,0.1483
ENT-006281,PHONE,Rajasthan,ENT-REF-359569,4,0.1066
ENT-006282,BENEFICIARY,Madhya Pradesh,ENT-REF-762364,38,0.3168
ENT-006283,DEVICE,Bihar,ENT-REF-160312,4,0.4063
ENT-006284,BENEFICIARY,Tamil Nadu,ENT-REF-290578,42,0.1273
ENT-006285,ACCOUNT,Tamil Nadu,ENT-REF-155798,63,0.2328
ENT-006286,ACCOUNT,West Bengal,ENT-REF-516925,12,0.0555
ENT-006287,ACCOUNT,Karnataka,ENT-REF-903159,37,0.1555
ENT-006288,MERCHANT,Bihar,ENT-REF-368247,17,0.1616
ENT-006289,BENEFICIARY,Delhi,ENT-REF-308480,3,0.179
ENT-006290,ACCOUNT,Rajasthan,ENT-REF-348903,27,0.061
ENT-006291,BENEFICIARY,Rajasthan,ENT-REF-156635,13,0.2378
ENT-006292,PHONE,Tamil Nadu,ENT-REF-363475,60,0.0765
ENT-006293,WALLET,Telangana,ENT-REF-227124,8,0.2562
ENT-006294,MERCHANT,West Bengal,ENT-REF-477234,16,0.125
ENT-006295,ACCOUNT,Uttar Pradesh,ENT-REF-704369,20,0.2514
ENT-006296,PHONE,Rajasthan,ENT-REF-109316,11,0.0907
ENT-006297,MERCHANT,Maharashtra,ENT-REF-852870,64,0.0592
ENT-006298,BENEFICIARY,Tamil Nadu,ENT-REF-580282,4,0.0807
ENT-006299,ACCOUNT,Uttar Pradesh,ENT-REF-319598,33,0.0505
ENT-006300,ACCOUNT,Delhi,ENT-REF-288026,32,0.2565
ENT-006301,PHONE,Madhya Pradesh,ENT-REF-149389,2,0.566
ENT-006302,ACCOUNT,Delhi,ENT-REF-995017,14,0.1322
ENT-006303,ACCOUNT,Karnataka,ENT-REF-766075,46,0.0136
ENT-006304,DEVICE,Delhi,ENT-REF-351601,38,0.2075
ENT-006305,WALLET,Bihar,ENT-REF-473371,69,0.2869
ENT-006306,ACCOUNT,Uttar Pradesh,ENT-REF-559956,23,0.1282
ENT-006307,ACCOUNT,Uttar Pradesh,ENT-REF-174824,44,0.124
ENT-006308,PHONE,Maharashtra,ENT-REF-163314,68,0.0653
ENT-006309,PHONE,Telangana,ENT-REF-451661,63,0.2544
ENT-006310,WALLET,West Bengal,ENT-REF-206836,47,0.1186
ENT-006311,DEVICE,Madhya Pradesh,ENT-REF-767383,65,0.219
ENT-006312,BENEFICIARY,Uttar Pradesh,ENT-REF-283762,18,0.474
ENT-006313,BENEFICIARY,West Bengal,ENT-REF-501172,14,0.1465
ENT-006314,DEVICE,Bihar,ENT-REF-297271,68,0.1885
ENT-006315,ACCOUNT,Rajasthan,ENT-REF-751521,6,0.1621
ENT-006316,BENEFICIARY,Delhi,ENT-REF-424900,34,0.2972
ENT-006317,PHONE,Madhya Pradesh,ENT-REF-590609,6,0.2226
ENT-006318,PHONE,Madhya Pradesh,ENT-REF-768859,13,0.1926
ENT-006319,ACCOUNT,Tamil Nadu,ENT-REF-862346,10,0.266
ENT-006320,ACCOUNT,Uttar Pradesh,ENT-REF-259730,40,0.0934
ENT-006321,PHONE,Madhya Pradesh,ENT-REF-395546,29,0.1352
ENT-006322,ACCOUNT,Madhya Pradesh,ENT-REF-132880,2,0.1438
ENT-006323,BENEFICIARY,Telangana,ENT-REF-660266,77,0.2141
ENT-006324,DEVICE,Rajasthan,ENT-REF-758078,61,0.084
ENT-006325,BENEFICIARY,Telangana,ENT-REF-458555,52,0.0244
ENT-006326,ACCOUNT,West Bengal,ENT-REF-864428,53,0.0608
ENT-006327,ACCOUNT,Delhi,ENT-REF-566686,37,0.1021
ENT-006328,MERCHANT,Tamil Nadu,ENT-REF-276974,6,0.2271
ENT-006329,WALLET,Maharashtra,ENT-REF-844790,39,0.1256
ENT-006330,ACCOUNT,Tamil Nadu,ENT-REF-275089,63,0.2354
ENT-006331,PHONE,Karnataka,ENT-REF-294956,23,0.0904
ENT-006332,DEVICE,Telangana,ENT-REF-921159,17,0.3154
ENT-006333,PHONE,Bihar,ENT-REF-855863,43,0.265
ENT-006334,ACCOUNT,Uttar Pradesh,ENT-REF-475409,1,0.0501
ENT-006335,MERCHANT,Karnataka,ENT-REF-964861,67,0.4265
ENT-006336,ACCOUNT,Delhi,ENT-REF-286500,53,0.3747
ENT-006337,PHONE,Bihar,ENT-REF-296267,11,0.1006
ENT-006338,MERCHANT,West Bengal,ENT-REF-882086,50,0.0834
ENT-006339,ACCOUNT,Bihar,ENT-REF-653685,30,0.2709
ENT-006340,WALLET,Delhi,ENT-REF-514271,48,0.0828
ENT-006341,DEVICE,Tamil Nadu,ENT-REF-691952,29,0.0235
ENT-006342,ACCOUNT,West Bengal,ENT-REF-629903,18,0.0049
ENT-006343,MERCHANT,Uttar Pradesh,ENT-REF-359156,70,0.0514
ENT-006344,BENEFICIARY,Delhi,ENT-REF-407923,40,0.2984
ENT-006345,BENEFICIARY,Delhi,ENT-REF-386797,30,0.0939
ENT-006346,ACCOUNT,Maharashtra,ENT-REF-737416,49,0.2261
ENT-006347,ACCOUNT,Rajasthan,ENT-REF-834694,71,0.4668
ENT-006348,DEVICE,Delhi,ENT-REF-292219,35,0.236
ENT-006349,WALLET,West Bengal,ENT-REF-228246,23,0.3161
ENT-006350,PHONE,Delhi,ENT-REF-789854,34,0.4202
ENT-006351,ACCOUNT,Madhya Pradesh,ENT-REF-441389,38,0.2131
ENT-006352,BENEFICIARY,Madhya Pradesh,ENT-REF-886074,9,0.0301
ENT-006353,MERCHANT,Maharashtra,ENT-REF-733398,58,0.1287
ENT-006354,DEVICE,Tamil Nadu,ENT-REF-548490,18,0.1796
ENT-006355,BENEFICIARY,Uttar Pradesh,ENT-REF-705768,15,0.3412
ENT-006356,ACCOUNT,Karnataka,ENT-REF-744288,25,0.1232
ENT-006357,BENEFICIARY,Madhya Pradesh,ENT-REF-331986,45,0.1038
ENT-006358,BENEFICIARY,Uttar Pradesh,ENT-REF-969984,30,0.2008
ENT-006359,ACCOUNT,Telangana,ENT-REF-413968,23,0.2297
ENT-006360,WALLET,Bihar,ENT-REF-994407,68,0.0648
ENT-006361,WALLET,Rajasthan,ENT-REF-188362,32,0.0261
ENT-006362,ACCOUNT,Telangana,ENT-REF-480849,71,0.0008
ENT-006363,ACCOUNT,Rajasthan,ENT-REF-406216,58,0.0275
ENT-006364,BENEFICIARY,Bihar,ENT-REF-417813,46,0.0679
ENT-006365,ACCOUNT,Karnataka,ENT-REF-572623,71,0.0276
ENT-006366,PHONE,Telangana,ENT-REF-412696,73,0.2949
ENT-006367,ACCOUNT,Bihar,ENT-REF-649461,67,0.1622
ENT-006368,WALLET,Tamil Nadu,ENT-REF-932089,70,0.0139
ENT-006369,PHONE,Madhya Pradesh,ENT-REF-102139,43,0.2551
ENT-006370,BENEFICIARY,Rajasthan,ENT-REF-206018,18,0.1531
ENT-006371,ACCOUNT,Rajasthan,ENT-REF-786182,5,0.3621
ENT-006372,ACCOUNT,Bihar,ENT-REF-602925,14,0.2248
ENT-006373,WALLET,Bihar,ENT-REF-540690,28,0.3061
ENT-006374,PHONE,Karnataka,ENT-REF-180288,78,0.0834
ENT-006375,WALLET,Maharashtra,ENT-REF-283163,78,0.06
ENT-006376,BENEFICIARY,Delhi,ENT-REF-197720,17,0.1248
ENT-006377,BENEFICIARY,Tamil Nadu,ENT-REF-687816,79,0.2427
ENT-006378,ACCOUNT,Rajasthan,ENT-REF-222450,61,0.1091
ENT-006379,ACCOUNT,Tamil Nadu,ENT-REF-122530,4,0.1135
ENT-006380,ACCOUNT,Maharashtra,ENT-REF-581074,3,0.1259
ENT-006381,BENEFICIARY,Madhya Pradesh,ENT-REF-797034,39,0.1595
ENT-006382,ACCOUNT,Tamil Nadu,ENT-REF-272771,10,0.2966
ENT-006383,ACCOUNT,Uttar Pradesh,ENT-REF-512963,53,0.1167
ENT-006384,ACCOUNT,West Bengal,ENT-REF-664716,69,0.2482
ENT-006385,MERCHANT,Maharashtra,ENT-REF-842919,29,0.2193
ENT-006386,PHONE,West Bengal,ENT-REF-124060,78,0.0968
ENT-006387,MERCHANT,Madhya Pradesh,ENT-REF-136887,17,0.0715
ENT-006388,BENEFICIARY,West Bengal,ENT-REF-541066,18,0.046
ENT-006389,ACCOUNT,Tamil Nadu,ENT-REF-834158,71,0.17
ENT-006390,BENEFICIARY,Telangana,ENT-REF-141501,49,0.3728
ENT-006391,BENEFICIARY,Madhya Pradesh,ENT-REF-778617,18,0.2389
ENT-006392,WALLET,Rajasthan,ENT-REF-327759,67,0.2634
ENT-006393,PHONE,Tamil Nadu,ENT-REF-182087,38,0.304
ENT-006394,DEVICE,Madhya Pradesh,ENT-REF-569641,8,0.1036
ENT-006395,DEVICE,Tamil Nadu,ENT-REF-770701,17,0.1543
ENT-006396,DEVICE,Madhya Pradesh,ENT-REF-690467,18,0.2177
ENT-006397,PHONE,Madhya Pradesh,ENT-REF-854551,79,0.0478
ENT-006398,ACCOUNT,Telangana,ENT-REF-706323,60,0.0919
ENT-006399,MERCHANT,Telangana,ENT-REF-150345,26,0.2022
ENT-006400,PHONE,Madhya Pradesh,ENT-REF-833275,72,0.1572
ENT-006401,BENEFICIARY,Telangana,ENT-REF-444783,19,0.0444
ENT-006402,ACCOUNT,Bihar,ENT-REF-549383,6,0.4351
ENT-006403,BENEFICIARY,Maharashtra,ENT-REF-425776,34,0.4854
ENT-006404,BENEFICIARY,Delhi,ENT-REF-338106,51,0.0667
ENT-006405,MERCHANT,Telangana,ENT-REF-828035,58,0.1712
ENT-006406,PHONE,Bihar,ENT-REF-683028,12,0.0859
ENT-006407,WALLET,West Bengal,ENT-REF-104019,54,0.5427
ENT-006408,DEVICE,West Bengal,ENT-REF-943632,12,0.1793
ENT-006409,DEVICE,Telangana,ENT-REF-616650,53,0.3778
ENT-006410,PHONE,Tamil Nadu,ENT-REF-832976,33,0.0822
ENT-006411,PHONE,Telangana,ENT-REF-906789,73,0.154
ENT-006412,BENEFICIARY,Bihar,ENT-REF-907541,47,0.0362
ENT-006413,ACCOUNT,Bihar,ENT-REF-675252,8,0.0379
ENT-006414,DEVICE,West Bengal,ENT-REF-725653,9,0.2784
ENT-006415,PHONE,Tamil Nadu,ENT-REF-895701,55,0.1552
ENT-006416,BENEFICIARY,Telangana,ENT-REF-864918,11,0.1039
ENT-006417,PHONE,Telangana,ENT-REF-768805,28,0.1062
ENT-006418,ACCOUNT,Tamil Nadu,ENT-REF-983260,34,0.0535
ENT-006419,DEVICE,Delhi,ENT-REF-571140,44,0.0699
ENT-006420,ACCOUNT,Maharashtra,ENT-REF-618521,21,0.0074
ENT-006421,DEVICE,Telangana,ENT-REF-991371,11,0.1494
ENT-006422,BENEFICIARY,Bihar,ENT-REF-969044,63,0.2376
ENT-006423,ACCOUNT,Maharashtra,ENT-REF-199370,20,0.202
ENT-006424,MERCHANT,Bihar,ENT-REF-821970,20,0.1581
ENT-006425,ACCOUNT,Tamil Nadu,ENT-REF-758071,79,0.4747
ENT-006426,BENEFICIARY,Telangana,ENT-REF-987121,65,0.1908
ENT-006427,DEVICE,Bihar,ENT-REF-469858,45,0.409
ENT-006428,ACCOUNT,Rajasthan,ENT-REF-598656,70,0.1382
ENT-006429,PHONE,Bihar,ENT-REF-889305,30,0.0229
ENT-006430,ACCOUNT,Uttar Pradesh,ENT-REF-196313,41,0.3791
ENT-006431,ACCOUNT,Maharashtra,ENT-REF-226643,26,0.348
ENT-006432,MERCHANT,Tamil Nadu,ENT-REF-319939,59,0.081
ENT-006433,DEVICE,Delhi,ENT-REF-766855,11,0.1145
ENT-006434,PHONE,Rajasthan,ENT-REF-776114,14,0.238
ENT-006435,ACCOUNT,Delhi,ENT-REF-675694,44,0.042
ENT-006436,MERCHANT,Rajasthan,ENT-REF-370406,65,0.2566
ENT-006437,DEVICE,Uttar Pradesh,ENT-REF-655644,70,0.1075
ENT-006438,PHONE,Delhi,ENT-REF-849815,77,0.1386
ENT-006439,ACCOUNT,Madhya Pradesh,ENT-REF-829365,69,0.3915
ENT-006440,PHONE,Rajasthan,ENT-REF-653211,56,0.2414
ENT-006441,PHONE,West Bengal,ENT-REF-507325,25,0.2025
ENT-006442,ACCOUNT,Telangana,ENT-REF-889313,66,0.0863
ENT-006443,ACCOUNT,Tamil Nadu,ENT-REF-369478,2,0.2182
ENT-006444,ACCOUNT,Maharashtra,ENT-REF-968368,12,0.0656
ENT-006445,MERCHANT,Bihar,ENT-REF-385042,40,0.1874
ENT-006446,PHONE,Uttar Pradesh,ENT-REF-470632,32,0.101
ENT-006447,BENEFICIARY,Tamil Nadu,ENT-REF-736852,24,0.0357
ENT-006448,MERCHANT,Delhi,ENT-REF-702949,43,0.0457
ENT-006449,PHONE,Bihar,ENT-REF-588625,74,0.1477
ENT-006450,WALLET,West Bengal,ENT-REF-543903,66,0.1561
ENT-006451,PHONE,Uttar Pradesh,ENT-REF-771204,67,0.4264
ENT-006452,WALLET,Bihar,ENT-REF-818100,68,0.1819
ENT-006453,BENEFICIARY,Delhi,ENT-REF-508665,25,0.2132
ENT-006454,DEVICE,Bihar,ENT-REF-549979,44,0.0487
ENT-006455,ACCOUNT,Bihar,ENT-REF-767193,48,0.0993
ENT-006456,PHONE,Maharashtra,ENT-REF-403343,54,0.0972
ENT-006457,PHONE,Rajasthan,ENT-REF-748932,13,0.0357
ENT-006458,BENEFICIARY,Telangana,ENT-REF-113440,20,0.1604
ENT-006459,PHONE,Bihar,ENT-REF-198979,42,0.1661
ENT-006460,WALLET,Rajasthan,ENT-REF-169496,78,0.2372
ENT-006461,WALLET,Bihar,ENT-REF-916007,63,0.3606
ENT-006462,DEVICE,Uttar Pradesh,ENT-REF-639103,25,0.0362
ENT-006463,PHONE,Telangana,ENT-REF-946244,51,0.2211
ENT-006464,DEVICE,Maharashtra,ENT-REF-890336,30,0.7234
ENT-006465,MERCHANT,Rajasthan,ENT-REF-792478,27,0.0484
ENT-006466,PHONE,Maharashtra,ENT-REF-113385,32,0.2074
ENT-006467,ACCOUNT,Karnataka,ENT-REF-674268,61,0.1762
ENT-006468,ACCOUNT,Tamil Nadu,ENT-REF-141476,65,0.1098
ENT-006469,ACCOUNT,West Bengal,ENT-REF-571557,24,0.1131
ENT-006470,BENEFICIARY,Delhi,ENT-REF-328849,50,0.0519
ENT-006471,ACCOUNT,Telangana,ENT-REF-879027,58,0.2945
ENT-006472,BENEFICIARY,Uttar Pradesh,ENT-REF-509165,22,0.2224
ENT-006473,MERCHANT,Bihar,ENT-REF-246169,40,0.1812
ENT-006474,ACCOUNT,Tamil Nadu,ENT-REF-224588,75,0.2211
ENT-006475,DEVICE,Rajasthan,ENT-REF-415679,60,0.2495
ENT-006476,ACCOUNT,West Bengal,ENT-REF-477705,47,0.3952
ENT-006477,PHONE,Tamil Nadu,ENT-REF-950477,16,0.0322
ENT-006478,WALLET,Rajasthan,ENT-REF-790716,66,0.3121
ENT-006479,DEVICE,Maharashtra,ENT-REF-552325,31,0.2384
ENT-006480,DEVICE,Telangana,ENT-REF-236446,2,0.1648
ENT-006481,PHONE,Telangana,ENT-REF-254020,70,0.1816
ENT-006482,WALLET,Bihar,ENT-REF-773174,63,0.1976
ENT-006483,DEVICE,Madhya Pradesh,ENT-REF-957013,44,0.1929
ENT-006484,BENEFICIARY,Maharashtra,ENT-REF-615315,28,0.0558
ENT-006485,ACCOUNT,Delhi,ENT-REF-937422,18,0.2155
ENT-006486,ACCOUNT,Rajasthan,ENT-REF-535843,21,0.317
ENT-006487,PHONE,Madhya Pradesh,ENT-REF-380208,24,0.1886
ENT-006488,MERCHANT,Maharashtra,ENT-REF-543282,3,0.1234
ENT-006489,PHONE,Tamil Nadu,ENT-REF-354312,16,0.2581
ENT-006490,BENEFICIARY,Uttar Pradesh,ENT-REF-408009,56,0.3386
ENT-006491,ACCOUNT,Delhi,ENT-REF-953863,46,0.4053
ENT-006492,ACCOUNT,Uttar Pradesh,ENT-REF-616066,44,0.1342
ENT-006493,ACCOUNT,Karnataka,ENT-REF-248753,67,0.2168
ENT-006494,BENEFICIARY,Tamil Nadu,ENT-REF-542194,78,0.014
ENT-006495,WALLET,Tamil Nadu,ENT-REF-361860,28,0.1627
ENT-006496,ACCOUNT,West Bengal,ENT-REF-709057,73,0.233
ENT-006497,ACCOUNT,Tamil Nadu,ENT-REF-722400,56,0.0968
ENT-006498,WALLET,Tamil Nadu,ENT-REF-454139,20,0.2425
ENT-006499,ACCOUNT,Telangana,ENT-REF-419232,70,0.2635
ENT-006500,ACCOUNT,Uttar Pradesh,ENT-REF-473640,70,0.0442
ENT-006501,ACCOUNT,Tamil Nadu,ENT-REF-532094,64,0.0441
ENT-006502,ACCOUNT,Karnataka,ENT-REF-671944,49,0.4121
ENT-006503,PHONE,Rajasthan,ENT-REF-139354,28,0.0712
ENT-006504,ACCOUNT,West Bengal,ENT-REF-636492,40,0.0856
ENT-006505,PHONE,Delhi,ENT-REF-594878,78,0.4756
ENT-006506,DEVICE,Maharashtra,ENT-REF-258143,66,0.1702
ENT-006507,WALLET,Karnataka,ENT-REF-785904,57,0.3972
ENT-006508,ACCOUNT,West Bengal,ENT-REF-406671,15,0.1169
ENT-006509,WALLET,Delhi,ENT-REF-768229,67,0.3514
ENT-006510,WALLET,Karnataka,ENT-REF-189104,58,0.0941
ENT-006511,DEVICE,Uttar Pradesh,ENT-REF-427040,21,0.4979
ENT-006512,BENEFICIARY,Delhi,ENT-REF-982015,18,0.069
ENT-006513,DEVICE,Bihar,ENT-REF-478494,15,0.0501
ENT-006514,MERCHANT,Uttar Pradesh,ENT-REF-847337,31,0.3517
ENT-006515,ACCOUNT,Delhi,ENT-REF-673288,60,0.0863
ENT-006516,ACCOUNT,Delhi,ENT-REF-847785,18,0.255
ENT-006517,DEVICE,Bihar,ENT-REF-945103,71,0.2311
ENT-006518,PHONE,Delhi,ENT-REF-412517,34,0.0056
ENT-006519,PHONE,Karnataka,ENT-REF-913426,54,0.3675
ENT-006520,ACCOUNT,Maharashtra,ENT-REF-103674,59,0.2029
ENT-006521,ACCOUNT,Tamil Nadu,ENT-REF-266168,56,0.0648
ENT-006522,ACCOUNT,Bihar,ENT-REF-751802,48,0.1021
ENT-006523,WALLET,Maharashtra,ENT-REF-888710,55,0.0674
ENT-006524,PHONE,Tamil Nadu,ENT-REF-560624,64,0.3217
ENT-006525,MERCHANT,West Bengal,ENT-REF-886966,32,0.1361
ENT-006526,ACCOUNT,Karnataka,ENT-REF-484130,5,0.4627
ENT-006527,ACCOUNT,Madhya Pradesh,ENT-REF-940425,13,0.1125
ENT-006528,ACCOUNT,Madhya Pradesh,ENT-REF-115071,10,0.1414
ENT-006529,PHONE,Tamil Nadu,ENT-REF-808001,79,0.1281
ENT-006530,BENEFICIARY,Rajasthan,ENT-REF-122848,22,0.2803
ENT-006531,ACCOUNT,Bihar,ENT-REF-848235,22,0.0879
ENT-006532,ACCOUNT,Rajasthan,ENT-REF-403237,77,0.3376
ENT-006533,WALLET,Bihar,ENT-REF-940837,56,0.2119
ENT-006534,PHONE,Delhi,ENT-REF-209031,31,0.0707
ENT-006535,PHONE,Maharashtra,ENT-REF-456431,77,0.0161
ENT-006536,PHONE,Karnataka,ENT-REF-931814,48,0.1559
ENT-006537,PHONE,Uttar Pradesh,ENT-REF-155933,46,0.13
ENT-006538,WALLET,Delhi,ENT-REF-992945,64,0.0962
ENT-006539,ACCOUNT,Karnataka,ENT-REF-658613,5,0.2062
ENT-006540,ACCOUNT,Karnataka,ENT-REF-631258,21,0.2137
ENT-006541,ACCOUNT,Telangana,ENT-REF-881332,62,0.1085
ENT-006542,MERCHANT,West Bengal,ENT-REF-276767,40,0.2996
ENT-006543,PHONE,Uttar Pradesh,ENT-REF-917146,44,0.3088
ENT-006544,BENEFICIARY,Delhi,ENT-REF-778600,30,0.0758
ENT-006545,WALLET,West Bengal,ENT-REF-339619,36,0.2334
ENT-006546,PHONE,Telangana,ENT-REF-230623,64,0.1768
ENT-006547,PHONE,Telangana,ENT-REF-508475,74,0.1831
ENT-006548,ACCOUNT,Rajasthan,ENT-REF-617261,75,0.0262
ENT-006549,DEVICE,Tamil Nadu,ENT-REF-434786,74,0.1679
ENT-006550,MERCHANT,Maharashtra,ENT-REF-636010,78,0.2044
ENT-006551,ACCOUNT,Uttar Pradesh,ENT-REF-439419,48,0.1215
ENT-006552,BENEFICIARY,Uttar Pradesh,ENT-REF-243698,26,0.3543
ENT-006553,DEVICE,Uttar Pradesh,ENT-REF-523424,14,0.0306
ENT-006554,WALLET,Delhi,ENT-REF-693654,77,0.0193
ENT-006555,MERCHANT,Rajasthan,ENT-REF-906948,21,0.1121
ENT-006556,PHONE,Rajasthan,ENT-REF-988377,53,0.3574
ENT-006557,ACCOUNT,Delhi,ENT-REF-259138,37,0.1092
ENT-006558,BENEFICIARY,Bihar,ENT-REF-253471,33,0.1073
ENT-006559,ACCOUNT,Madhya Pradesh,ENT-REF-464738,50,0.2062
ENT-006560,ACCOUNT,Karnataka,ENT-REF-579538,45,0.0701
ENT-006561,ACCOUNT,Telangana,ENT-REF-761453,70,0.1121
ENT-006562,ACCOUNT,Tamil Nadu,ENT-REF-618209,30,0.2185
ENT-006563,BENEFICIARY,Tamil Nadu,ENT-REF-228586,71,0.2022
ENT-006564,MERCHANT,Madhya Pradesh,ENT-REF-901898,79,0.25
ENT-006565,WALLET,Delhi,ENT-REF-567604,30,0.284
ENT-006566,MERCHANT,Uttar Pradesh,ENT-REF-129227,79,0.124
ENT-006567,PHONE,Telangana,ENT-REF-127193,25,0.1513
ENT-006568,MERCHANT,Delhi,ENT-REF-178071,10,0.3831
ENT-006569,BENEFICIARY,West Bengal,ENT-REF-657478,49,0.1985
ENT-006570,ACCOUNT,Madhya Pradesh,ENT-REF-112746,8,0.272
ENT-006571,ACCOUNT,Maharashtra,ENT-REF-670986,29,0.0877
ENT-006572,BENEFICIARY,Delhi,ENT-REF-454151,38,0.0514
ENT-006573,PHONE,Karnataka,ENT-REF-615040,6,0.0426
ENT-006574,PHONE,Tamil Nadu,ENT-REF-940285,58,0.0341
ENT-006575,DEVICE,Bihar,ENT-REF-592180,31,0.4149
ENT-006576,MERCHANT,West Bengal,ENT-REF-543275,34,0.2222
ENT-006577,ACCOUNT,Bihar,ENT-REF-906003,2,0.2122
ENT-006578,PHONE,Delhi,ENT-REF-685291,47,0.1118
ENT-006579,ACCOUNT,Bihar,ENT-REF-464823,63,0.1368
ENT-006580,MERCHANT,Delhi,ENT-REF-822114,42,0.2324
ENT-006581,PHONE,Delhi,ENT-REF-620393,39,0.4767
ENT-006582,ACCOUNT,Delhi,ENT-REF-433571,63,0.1801
ENT-006583,PHONE,Bihar,ENT-REF-341497,74,0.2161
ENT-006584,DEVICE,Karnataka,ENT-REF-577005,79,0.0829
ENT-006585,DEVICE,West Bengal,ENT-REF-943263,34,0.3072
ENT-006586,PHONE,West Bengal,ENT-REF-485993,58,0.2056
ENT-006587,ACCOUNT,Tamil Nadu,ENT-REF-717896,11,0.1534
ENT-006588,BENEFICIARY,Uttar Pradesh,ENT-REF-842885,34,0.14
ENT-006589,PHONE,Karnataka,ENT-REF-633986,29,0.1985
ENT-006590,PHONE,Bihar,ENT-REF-689327,51,0.1349
ENT-006591,DEVICE,West Bengal,ENT-REF-717570,49,0.1101
ENT-006592,ACCOUNT,Telangana,ENT-REF-678962,35,0.2039
ENT-006593,ACCOUNT,Tamil Nadu,ENT-REF-214233,2,0.2811
ENT-006594,ACCOUNT,West Bengal,ENT-REF-934965,20,0.0443
ENT-006595,PHONE,Maharashtra,ENT-REF-311006,20,0.3809
ENT-006596,DEVICE,Uttar Pradesh,ENT-REF-431615,25,0.1819
ENT-006597,ACCOUNT,Madhya Pradesh,ENT-REF-168600,20,0.3208
ENT-006598,PHONE,Madhya Pradesh,ENT-REF-950119,54,0.0453
ENT-006599,ACCOUNT,Rajasthan,ENT-REF-700893,31,0.3681
ENT-006600,MERCHANT,Delhi,ENT-REF-902899,4,0.259
ENT-006601,PHONE,Maharashtra,ENT-REF-367861,61,0.3777
ENT-006602,PHONE,Telangana,ENT-REF-185131,2,0.112
ENT-006603,ACCOUNT,Tamil Nadu,ENT-REF-409634,62,0.0623
ENT-006604,DEVICE,Tamil Nadu,ENT-REF-703423,31,0.3282
ENT-006605,ACCOUNT,West Bengal,ENT-REF-541953,41,0.1881
ENT-006606,DEVICE,West Bengal,ENT-REF-671652,42,0.3618
ENT-006607,PHONE,Delhi,ENT-REF-246766,72,0.0034
ENT-006608,MERCHANT,Delhi,ENT-REF-597020,32,0.2126
ENT-006609,BENEFICIARY,Rajasthan,ENT-REF-191640,57,0.3372
ENT-006610,ACCOUNT,Bihar,ENT-REF-513757,75,0.0517
ENT-006611,ACCOUNT,Karnataka,ENT-REF-123155,74,0.0187
ENT-006612,DEVICE,Rajasthan,ENT-REF-181707,64,0.3219
ENT-006613,WALLET,Uttar Pradesh,ENT-REF-418485,75,0.2471
ENT-006614,DEVICE,Delhi,ENT-REF-878315,55,0.1109
ENT-006615,MERCHANT,Madhya Pradesh,ENT-REF-671853,65,0.0938
ENT-006616,ACCOUNT,Uttar Pradesh,ENT-REF-746572,10,0.1631
ENT-006617,BENEFICIARY,Delhi,ENT-REF-555593,57,0.13
ENT-006618,ACCOUNT,West Bengal,ENT-REF-364191,47,0.3252
ENT-006619,MERCHANT,Uttar Pradesh,ENT-REF-116312,68,0.4126
ENT-006620,ACCOUNT,Bihar,ENT-REF-786550,6,0.1378
ENT-006621,ACCOUNT,Maharashtra,ENT-REF-932094,28,0.1895
ENT-006622,ACCOUNT,Tamil Nadu,ENT-REF-974221,58,0.2189
ENT-006623,WALLET,Karnataka,ENT-REF-166858,37,0.139
ENT-006624,ACCOUNT,Uttar Pradesh,ENT-REF-202835,22,0.0172
ENT-006625,PHONE,Telangana,ENT-REF-791990,36,0.025
ENT-006626,MERCHANT,Delhi,ENT-REF-540795,54,0.0506
ENT-006627,ACCOUNT,Karnataka,ENT-REF-659646,8,0.0119
ENT-006628,PHONE,West Bengal,ENT-REF-151377,3,0.3507
ENT-006629,ACCOUNT,Telangana,ENT-REF-710735,39,0.059
ENT-006630,ACCOUNT,Karnataka,ENT-REF-553056,8,0.3808
ENT-006631,MERCHANT,Delhi,ENT-REF-169533,32,0.3572
ENT-006632,PHONE,Maharashtra,ENT-REF-739212,37,0.5772
ENT-006633,ACCOUNT,West Bengal,ENT-REF-356207,59,0.1794
ENT-006634,MERCHANT,Madhya Pradesh,ENT-REF-217570,72,0.0416
ENT-006635,ACCOUNT,Maharashtra,ENT-REF-675327,36,0.0817
ENT-006636,ACCOUNT,Uttar Pradesh,ENT-REF-444622,30,0.2233
ENT-006637,DEVICE,Uttar Pradesh,ENT-REF-148821,74,0.2199
ENT-006638,WALLET,West Bengal,ENT-REF-362206,52,0.4236
ENT-006639,ACCOUNT,Delhi,ENT-REF-333204,48,0.1935
ENT-006640,ACCOUNT,Uttar Pradesh,ENT-REF-240653,46,0.09
ENT-006641,WALLET,Madhya Pradesh,ENT-REF-387705,78,0.4236
ENT-006642,WALLET,Telangana,ENT-REF-654211,57,0.1176
ENT-006643,PHONE,Uttar Pradesh,ENT-REF-202652,24,0.0546
ENT-006644,MERCHANT,Tamil Nadu,ENT-REF-322963,5,0.0517
ENT-006645,PHONE,Tamil Nadu,ENT-REF-575721,22,0.2117
ENT-006646,ACCOUNT,Uttar Pradesh,ENT-REF-933406,78,0.1664
ENT-006647,MERCHANT,Tamil Nadu,ENT-REF-359484,77,0.2587
ENT-006648,ACCOUNT,Maharashtra,ENT-REF-840295,14,0.1045
ENT-006649,ACCOUNT,Tamil Nadu,ENT-REF-194148,55,0.0419
ENT-006650,BENEFICIARY,Uttar Pradesh,ENT-REF-198819,35,0.5238
ENT-006651,ACCOUNT,Madhya Pradesh,ENT-REF-362519,16,0.1501
ENT-006652,PHONE,Maharashtra,ENT-REF-512433,63,0.1341
ENT-006653,PHONE,Karnataka,ENT-REF-805497,41,0.1633
ENT-006654,PHONE,Karnataka,ENT-REF-564006,75,0.0631
ENT-006655,BENEFICIARY,Delhi,ENT-REF-944635,57,0.0229
ENT-006656,PHONE,Telangana,ENT-REF-242359,70,0.4294
ENT-006657,PHONE,Bihar,ENT-REF-186226,25,0.3479
ENT-006658,ACCOUNT,Madhya Pradesh,ENT-REF-953090,36,0.0372
ENT-006659,ACCOUNT,Maharashtra,ENT-REF-427302,67,0.0226
ENT-006660,ACCOUNT,Telangana,ENT-REF-387527,38,0.4645
ENT-006661,PHONE,Maharashtra,ENT-REF-989065,68,0.1998
ENT-006662,PHONE,Telangana,ENT-REF-908396,62,0.0338
ENT-006663,DEVICE,West Bengal,ENT-REF-874593,48,0.2621
ENT-006664,BENEFICIARY,Karnataka,ENT-REF-646814,39,0.3792
ENT-006665,MERCHANT,Tamil Nadu,ENT-REF-206167,46,0.0853
ENT-006666,PHONE,Delhi,ENT-REF-646043,15,0.0263
ENT-006667,WALLET,Telangana,ENT-REF-309744,53,0.1677
ENT-006668,PHONE,Uttar Pradesh,ENT-REF-515373,73,0.0881
ENT-006669,MERCHANT,Uttar Pradesh,ENT-REF-592348,41,0.4902
ENT-006670,PHONE,Tamil Nadu,ENT-REF-286464,56,0.1928
ENT-006671,ACCOUNT,Delhi,ENT-REF-907671,61,0.1443
ENT-006672,PHONE,Karnataka,ENT-REF-461136,30,0.4789
ENT-006673,ACCOUNT,West Bengal,ENT-REF-878518,32,0.0412
ENT-006674,PHONE,Rajasthan,ENT-REF-540927,37,0.1386
ENT-006675,ACCOUNT,Telangana,ENT-REF-616303,38,0.2538
ENT-006676,PHONE,Uttar Pradesh,ENT-REF-535636,62,0.0643
ENT-006677,DEVICE,Telangana,ENT-REF-591494,20,0.1459
ENT-006678,MERCHANT,Delhi,ENT-REF-890266,51,0.1967
ENT-006679,PHONE,Bihar,ENT-REF-123132,31,0.0322
ENT-006680,ACCOUNT,Telangana,ENT-REF-735216,52,0.2733
ENT-006681,DEVICE,Rajasthan,ENT-REF-331847,79,0.2915
ENT-006682,ACCOUNT,Delhi,ENT-REF-532668,77,0.0276
ENT-006683,ACCOUNT,Maharashtra,ENT-REF-647905,76,0.2164
ENT-006684,WALLET,Delhi,ENT-REF-759819,36,0.0497
ENT-006685,DEVICE,Madhya Pradesh,ENT-REF-186907,50,0.0597
ENT-006686,WALLET,West Bengal,ENT-REF-379286,19,0.2785
ENT-006687,PHONE,Tamil Nadu,ENT-REF-308426,32,0.0098
ENT-006688,WALLET,Uttar Pradesh,ENT-REF-752613,57,0.0241
ENT-006689,BENEFICIARY,Karnataka,ENT-REF-687363,51,0.1662
ENT-006690,ACCOUNT,Karnataka,ENT-REF-507894,72,0.0807
ENT-006691,PHONE,West Bengal,ENT-REF-642609,49,0.0538
ENT-006692,ACCOUNT,Delhi,ENT-REF-369246,6,0.1098
ENT-006693,ACCOUNT,Madhya Pradesh,ENT-REF-674754,32,0.0958
ENT-006694,WALLET,Telangana,ENT-REF-360204,53,0.3522
ENT-006695,ACCOUNT,Karnataka,ENT-REF-605619,26,0.2337
ENT-006696,PHONE,Uttar Pradesh,ENT-REF-665540,58,0.0221
ENT-006697,DEVICE,Tamil Nadu,ENT-REF-545210,13,0.137
ENT-006698,ACCOUNT,West Bengal,ENT-REF-112697,61,0.3606
ENT-006699,BENEFICIARY,West Bengal,ENT-REF-310441,64,0.2026
ENT-006700,ACCOUNT,West Bengal,ENT-REF-328807,17,0.09
ENT-006701,BENEFICIARY,Telangana,ENT-REF-410957,51,0.1711
ENT-006702,ACCOUNT,West Bengal,ENT-REF-141022,24,0.0652
ENT-006703,PHONE,Bihar,ENT-REF-281381,62,0.4108
ENT-006704,DEVICE,Delhi,ENT-REF-790499,71,0.1991
ENT-006705,WALLET,Uttar Pradesh,ENT-REF-614829,67,0.199
ENT-006706,DEVICE,Uttar Pradesh,ENT-REF-945838,40,0.3342
ENT-006707,WALLET,Tamil Nadu,ENT-REF-714483,30,0.0436
ENT-006708,MERCHANT,Uttar Pradesh,ENT-REF-669834,57,0.0998
ENT-006709,BENEFICIARY,Delhi,ENT-REF-353591,15,0.1936
ENT-006710,PHONE,Madhya Pradesh,ENT-REF-916485,65,0.1093
ENT-006711,ACCOUNT,Madhya Pradesh,ENT-REF-752883,2,0.2014
ENT-006712,ACCOUNT,Bihar,ENT-REF-131284,69,0.0199
ENT-006713,MERCHANT,West Bengal,ENT-REF-246204,58,0.2431
ENT-006714,ACCOUNT,West Bengal,ENT-REF-557636,41,0.0778
ENT-006715,PHONE,Karnataka,ENT-REF-214046,53,0.156
ENT-006716,MERCHANT,Tamil Nadu,ENT-REF-226282,4,0.0219
ENT-006717,PHONE,Delhi,ENT-REF-595080,63,0.2172
ENT-006718,PHONE,Maharashtra,ENT-REF-795309,43,0.4661
ENT-006719,ACCOUNT,Karnataka,ENT-REF-133778,35,0.1207
ENT-006720,WALLET,West Bengal,ENT-REF-299893,63,0.171
ENT-006721,MERCHANT,Uttar Pradesh,ENT-REF-695441,77,0.0682
ENT-006722,BENEFICIARY,Telangana,ENT-REF-130655,20,0.2461
ENT-006723,MERCHANT,Maharashtra,ENT-REF-297851,5,0.1493
ENT-006724,ACCOUNT,Telangana,ENT-REF-922274,5,0.0467
ENT-006725,WALLET,Karnataka,ENT-REF-732098,56,0.0097
ENT-006726,MERCHANT,Madhya Pradesh,ENT-REF-576139,59,0.0903
ENT-006727,BENEFICIARY,Tamil Nadu,ENT-REF-464293,39,0.1611
ENT-006728,WALLET,Delhi,ENT-REF-380543,52,0.0102
ENT-006729,MERCHANT,Karnataka,ENT-REF-682458,72,0.0947
ENT-006730,BENEFICIARY,West Bengal,ENT-REF-172448,14,0.1199
ENT-006731,DEVICE,Bihar,ENT-REF-975877,56,0.0649
ENT-006732,ACCOUNT,Maharashtra,ENT-REF-556188,69,0.3828
ENT-006733,BENEFICIARY,Tamil Nadu,ENT-REF-173161,27,0.2776
ENT-006734,BENEFICIARY,Delhi,ENT-REF-979461,59,0.0521
ENT-006735,WALLET,Maharashtra,ENT-REF-677183,53,0.1147
ENT-006736,MERCHANT,Rajasthan,ENT-REF-193885,22,0.2385
ENT-006737,ACCOUNT,Maharashtra,ENT-REF-744507,22,0.4063
ENT-006738,MERCHANT,Rajasthan,ENT-REF-364015,48,0.206
ENT-006739,PHONE,Madhya Pradesh,ENT-REF-616745,72,0.3147
ENT-006740,PHONE,Delhi,ENT-REF-106800,72,0.1474
ENT-006741,WALLET,Maharashtra,ENT-REF-100852,76,0.3075
ENT-006742,DEVICE,Karnataka,ENT-REF-505877,44,0.2529
ENT-006743,PHONE,Karnataka,ENT-REF-834228,36,0.1617
ENT-006744,BENEFICIARY,Tamil Nadu,ENT-REF-891899,30,0.0524
ENT-006745,ACCOUNT,Delhi,ENT-REF-684577,4,0.0767
ENT-006746,DEVICE,Maharashtra,ENT-REF-982008,15,0.3144
ENT-006747,ACCOUNT,Maharashtra,ENT-REF-834021,26,0.0776
ENT-006748,WALLET,Madhya Pradesh,ENT-REF-393856,37,0.0568
ENT-006749,WALLET,Bihar,ENT-REF-810438,60,0.246
ENT-006750,ACCOUNT,Tamil Nadu,ENT-REF-101239,47,0.1247
ENT-006751,DEVICE,Tamil Nadu,ENT-REF-463693,72,0.4942
ENT-006752,BENEFICIARY,Bihar,ENT-REF-272233,34,0.0142
ENT-006753,ACCOUNT,Telangana,ENT-REF-551017,45,0.3708
ENT-006754,BENEFICIARY,Delhi,ENT-REF-444155,31,0.2506
ENT-006755,ACCOUNT,Telangana,ENT-REF-319230,21,0.1419
ENT-006756,ACCOUNT,Telangana,ENT-REF-220149,61,0.1487
ENT-006757,BENEFICIARY,Uttar Pradesh,ENT-REF-607251,72,0.0865
ENT-006758,ACCOUNT,West Bengal,ENT-REF-547402,59,0.0729
ENT-006759,PHONE,Tamil Nadu,ENT-REF-934647,13,0.1793
ENT-006760,DEVICE,Bihar,ENT-REF-300394,26,0.0381
ENT-006761,DEVICE,Rajasthan,ENT-REF-671096,61,0.2309
ENT-006762,ACCOUNT,Tamil Nadu,ENT-REF-694351,56,0.1536
ENT-006763,ACCOUNT,Tamil Nadu,ENT-REF-155249,6,0.063
ENT-006764,BENEFICIARY,Uttar Pradesh,ENT-REF-222628,36,0.2603
ENT-006765,ACCOUNT,Bihar,ENT-REF-850881,74,0.231
ENT-006766,ACCOUNT,Bihar,ENT-REF-168892,22,0.3118
ENT-006767,ACCOUNT,Rajasthan,ENT-REF-163819,77,0.3933
ENT-006768,DEVICE,Bihar,ENT-REF-405800,73,0.0802
ENT-006769,ACCOUNT,Delhi,ENT-REF-522967,21,0.0463
ENT-006770,BENEFICIARY,West Bengal,ENT-REF-708767,76,0.0921
ENT-006771,BENEFICIARY,Telangana,ENT-REF-220237,77,0.3328
ENT-006772,WALLET,Karnataka,ENT-REF-918427,63,0.1011
ENT-006773,PHONE,Telangana,ENT-REF-482907,67,0.4521
ENT-006774,ACCOUNT,Bihar,ENT-REF-808139,36,0.2638
ENT-006775,BENEFICIARY,Delhi,ENT-REF-352750,10,0.1869
ENT-006776,PHONE,West Bengal,ENT-REF-725335,47,0.0999
ENT-006777,ACCOUNT,Madhya Pradesh,ENT-REF-513751,53,0.1939
ENT-006778,ACCOUNT,West Bengal,ENT-REF-126581,37,0.0769
ENT-006779,ACCOUNT,Telangana,ENT-REF-798190,5,0.0099
ENT-006780,PHONE,Karnataka,ENT-REF-781397,50,0.106
ENT-006781,ACCOUNT,Tamil Nadu,ENT-REF-753088,47,0.193
ENT-006782,BENEFICIARY,Karnataka,ENT-REF-589963,57,0.4078
ENT-006783,DEVICE,Madhya Pradesh,ENT-REF-671754,25,0.123
ENT-006784,ACCOUNT,Telangana,ENT-REF-308492,53,0.1011
ENT-006785,DEVICE,Bihar,ENT-REF-556822,25,0.0735
ENT-006786,BENEFICIARY,Bihar,ENT-REF-228893,76,0.0301
ENT-006787,ACCOUNT,Tamil Nadu,ENT-REF-923767,19,0.1472
ENT-006788,BENEFICIARY,Maharashtra,ENT-REF-702766,8,0.378
ENT-006789,WALLET,Maharashtra,ENT-REF-832763,9,0.2424
ENT-006790,PHONE,Telangana,ENT-REF-403494,26,0.2111
ENT-006791,PHONE,Delhi,ENT-REF-252063,18,0.1361
ENT-006792,ACCOUNT,Uttar Pradesh,ENT-REF-341570,24,0.1833
ENT-006793,DEVICE,Madhya Pradesh,ENT-REF-267123,58,0.2243
ENT-006794,WALLET,Rajasthan,ENT-REF-593356,21,0.1805
ENT-006795,DEVICE,Telangana,ENT-REF-875793,35,0.0847
ENT-006796,ACCOUNT,Madhya Pradesh,ENT-REF-990986,51,0.2392
ENT-006797,ACCOUNT,West Bengal,ENT-REF-637170,52,0.1031
ENT-006798,ACCOUNT,Uttar Pradesh,ENT-REF-305056,10,0.1922
ENT-006799,DEVICE,Delhi,ENT-REF-971571,62,0.0129
ENT-006800,ACCOUNT,Karnataka,ENT-REF-400551,56,0.0615
ENT-006801,BENEFICIARY,Telangana,ENT-REF-650760,54,0.0519
ENT-006802,DEVICE,Uttar Pradesh,ENT-REF-554060,29,0.1667
ENT-006803,WALLET,Uttar Pradesh,ENT-REF-633026,6,0.2064
ENT-006804,MERCHANT,Delhi,ENT-REF-665288,2,0.2481
ENT-006805,WALLET,Telangana,ENT-REF-114740,10,0.3606
ENT-006806,ACCOUNT,Uttar Pradesh,ENT-REF-934138,50,0.3366
ENT-006807,WALLET,Uttar Pradesh,ENT-REF-342522,37,0.3301
ENT-006808,MERCHANT,Maharashtra,ENT-REF-661954,3,0.0252
ENT-006809,PHONE,Telangana,ENT-REF-972105,73,0.5539
ENT-006810,ACCOUNT,West Bengal,ENT-REF-228480,77,0.4795
ENT-006811,ACCOUNT,Rajasthan,ENT-REF-585103,18,0.156
ENT-006812,PHONE,Tamil Nadu,ENT-REF-669300,50,0.0285
ENT-006813,BENEFICIARY,Madhya Pradesh,ENT-REF-494436,43,0.1278
ENT-006814,MERCHANT,Delhi,ENT-REF-233440,7,0.1944
ENT-006815,BENEFICIARY,West Bengal,ENT-REF-310940,36,0.0926
ENT-006816,ACCOUNT,Karnataka,ENT-REF-900898,2,0.1262
ENT-006817,BENEFICIARY,Uttar Pradesh,ENT-REF-687587,5,0.0994
ENT-006818,PHONE,Madhya Pradesh,ENT-REF-154187,56,0.4039
ENT-006819,ACCOUNT,Karnataka,ENT-REF-345888,72,0.4507
ENT-006820,WALLET,Bihar,ENT-REF-208252,7,0.1627
ENT-006821,DEVICE,Madhya Pradesh,ENT-REF-373588,23,0.1779
ENT-006822,BENEFICIARY,Karnataka,ENT-REF-727503,76,0.2398
ENT-006823,ACCOUNT,Uttar Pradesh,ENT-REF-137125,45,0.3794
ENT-006824,DEVICE,Madhya Pradesh,ENT-REF-390284,74,0.411
ENT-006825,BENEFICIARY,Karnataka,ENT-REF-204307,65,0.1161
ENT-006826,PHONE,Tamil Nadu,ENT-REF-968420,10,0.0446
ENT-006827,ACCOUNT,Uttar Pradesh,ENT-REF-159823,2,0.3408
ENT-006828,ACCOUNT,Bihar,ENT-REF-514030,1,0.1163
ENT-006829,BENEFICIARY,Karnataka,ENT-REF-498571,23,0.2359
ENT-006830,BENEFICIARY,Rajasthan,ENT-REF-485174,69,0.1552
ENT-006831,WALLET,Madhya Pradesh,ENT-REF-301338,21,0.1045
ENT-006832,PHONE,Uttar Pradesh,ENT-REF-547703,78,0.2231
ENT-006833,ACCOUNT,Uttar Pradesh,ENT-REF-631129,3,0.1808
ENT-006834,ACCOUNT,Telangana,ENT-REF-756454,10,0.4136
ENT-006835,PHONE,West Bengal,ENT-REF-575831,35,0.1791
ENT-006836,PHONE,Karnataka,ENT-REF-322729,1,0.252
ENT-006837,PHONE,Telangana,ENT-REF-238878,49,0.028
ENT-006838,BENEFICIARY,West Bengal,ENT-REF-160222,14,0.0036
ENT-006839,WALLET,Rajasthan,ENT-REF-101879,27,0.2101
ENT-006840,WALLET,Bihar,ENT-REF-752509,79,0.1575
ENT-006841,ACCOUNT,Telangana,ENT-REF-150687,16,0.0325
ENT-006842,DEVICE,Uttar Pradesh,ENT-REF-743384,63,0.1549
ENT-006843,BENEFICIARY,Delhi,ENT-REF-705228,61,0.0905
ENT-006844,BENEFICIARY,Uttar Pradesh,ENT-REF-808448,51,0.1607
ENT-006845,WALLET,Bihar,ENT-REF-353442,50,0.0378
ENT-006846,ACCOUNT,Uttar Pradesh,ENT-REF-261300,60,0.0579
ENT-006847,ACCOUNT,Rajasthan,ENT-REF-570072,39,0.1982
ENT-006848,PHONE,Madhya Pradesh,ENT-REF-163892,59,0.1845
ENT-006849,PHONE,Uttar Pradesh,ENT-REF-739339,68,0.1011
ENT-006850,ACCOUNT,Maharashtra,ENT-REF-949391,64,0.0746
ENT-006851,DEVICE,West Bengal,ENT-REF-509459,61,0.2237
ENT-006852,ACCOUNT,Maharashtra,ENT-REF-985274,6,0.2304
ENT-006853,BENEFICIARY,Rajasthan,ENT-REF-414816,24,0.1015
ENT-006854,DEVICE,Maharashtra,ENT-REF-831872,62,0.0602
ENT-006855,ACCOUNT,West Bengal,ENT-REF-206784,76,0.445
ENT-006856,DEVICE,Madhya Pradesh,ENT-REF-830884,51,0.0411
ENT-006857,ACCOUNT,Delhi,ENT-REF-924509,35,0.2211
ENT-006858,ACCOUNT,Bihar,ENT-REF-117069,49,0.0211
ENT-006859,ACCOUNT,Rajasthan,ENT-REF-142063,59,0.0677
ENT-006860,ACCOUNT,Delhi,ENT-REF-412034,45,0.1168
ENT-006861,ACCOUNT,Uttar Pradesh,ENT-REF-941762,15,0.1619
ENT-006862,ACCOUNT,Rajasthan,ENT-REF-911961,72,0.1141
ENT-006863,DEVICE,Bihar,ENT-REF-392219,64,0.4943
ENT-006864,PHONE,Tamil Nadu,ENT-REF-112484,27,0.1857
ENT-006865,WALLET,Madhya Pradesh,ENT-REF-108797,3,0.1509
ENT-006866,ACCOUNT,Madhya Pradesh,ENT-REF-866007,49,0.2894
ENT-006867,ACCOUNT,Bihar,ENT-REF-302821,48,0.2216
ENT-006868,PHONE,Tamil Nadu,ENT-REF-836650,26,0.5273
ENT-006869,PHONE,Tamil Nadu,ENT-REF-817667,34,0.138
ENT-006870,DEVICE,Maharashtra,ENT-REF-756641,12,0.0049
ENT-006871,PHONE,Bihar,ENT-REF-761164,33,0.5145
ENT-006872,ACCOUNT,Maharashtra,ENT-REF-419840,48,0.2534
ENT-006873,DEVICE,Delhi,ENT-REF-840815,30,0.0646
ENT-006874,DEVICE,Karnataka,ENT-REF-783382,56,0.226
ENT-006875,DEVICE,Delhi,ENT-REF-700858,71,0.1292
ENT-006876,BENEFICIARY,Bihar,ENT-REF-809884,53,0.2356
ENT-006877,PHONE,Telangana,ENT-REF-912500,75,0.0242
ENT-006878,DEVICE,Karnataka,ENT-REF-120444,47,0.194
ENT-006879,ACCOUNT,Bihar,ENT-REF-200354,41,0.2945
ENT-006880,DEVICE,Delhi,ENT-REF-521015,14,0.1114
ENT-006881,ACCOUNT,Rajasthan,ENT-REF-347948,53,0.1195
ENT-006882,PHONE,Bihar,ENT-REF-985163,11,0.1592
ENT-006883,ACCOUNT,Maharashtra,ENT-REF-375564,22,0.3002
ENT-006884,PHONE,Uttar Pradesh,ENT-REF-814140,46,0.0986
ENT-006885,ACCOUNT,Madhya Pradesh,ENT-REF-438173,77,0.5228
ENT-006886,DEVICE,Maharashtra,ENT-REF-760117,67,0.2469
ENT-006887,DEVICE,Uttar Pradesh,ENT-REF-379167,78,0.1128
ENT-006888,BENEFICIARY,Rajasthan,ENT-REF-990109,51,0.0718
ENT-006889,PHONE,West Bengal,ENT-REF-399990,13,0.1265
ENT-006890,WALLET,Maharashtra,ENT-REF-668689,37,0.0804
ENT-006891,BENEFICIARY,Karnataka,ENT-REF-554510,76,0.3727
ENT-006892,ACCOUNT,Tamil Nadu,ENT-REF-526753,33,0.1372
ENT-006893,BENEFICIARY,Rajasthan,ENT-REF-872636,13,0.08
ENT-006894,DEVICE,West Bengal,ENT-REF-757898,16,0.4058
ENT-006895,ACCOUNT,Tamil Nadu,ENT-REF-116638,35,0.1261
ENT-006896,ACCOUNT,Delhi,ENT-REF-944815,44,0.0638
ENT-006897,DEVICE,Delhi,ENT-REF-286753,78,0.2273
ENT-006898,PHONE,Rajasthan,ENT-REF-128131,11,0.0862
ENT-006899,PHONE,Uttar Pradesh,ENT-REF-963542,43,0.0942
ENT-006900,MERCHANT,West Bengal,ENT-REF-346260,7,0.1464
ENT-006901,BENEFICIARY,Madhya Pradesh,ENT-REF-698433,43,0.2031
ENT-006902,DEVICE,Karnataka,ENT-REF-524334,45,0.1289
ENT-006903,BENEFICIARY,West Bengal,ENT-REF-155314,71,0.064
ENT-006904,ACCOUNT,Bihar,ENT-REF-832455,71,0.2556
ENT-006905,PHONE,Bihar,ENT-REF-219001,8,0.0145
ENT-006906,PHONE,Madhya Pradesh,ENT-REF-343906,16,0.0874
ENT-006907,ACCOUNT,West Bengal,ENT-REF-929461,62,0.2897
ENT-006908,PHONE,West Bengal,ENT-REF-910998,14,0.299
ENT-006909,MERCHANT,Tamil Nadu,ENT-REF-529143,60,0.0329
ENT-006910,WALLET,Maharashtra,ENT-REF-475532,3,0.0079
ENT-006911,BENEFICIARY,West Bengal,ENT-REF-628320,65,0.0698
ENT-006912,ACCOUNT,West Bengal,ENT-REF-769062,76,0.2118
ENT-006913,ACCOUNT,Karnataka,ENT-REF-493847,56,0.387
ENT-006914,WALLET,Karnataka,ENT-REF-416304,3,0.0998
ENT-006915,MERCHANT,Telangana,ENT-REF-651766,49,0.152
ENT-006916,PHONE,Karnataka,ENT-REF-122599,77,0.2896
ENT-006917,WALLET,Maharashtra,ENT-REF-309427,78,0.5919
ENT-006918,BENEFICIARY,Telangana,ENT-REF-725381,78,0.0935
ENT-006919,ACCOUNT,Karnataka,ENT-REF-319224,50,0.3145
ENT-006920,ACCOUNT,Tamil Nadu,ENT-REF-888342,68,0.3675
ENT-006921,PHONE,Karnataka,ENT-REF-732406,18,0.1433
ENT-006922,ACCOUNT,Bihar,ENT-REF-129811,72,0.1784
ENT-006923,MERCHANT,West Bengal,ENT-REF-996790,22,0.0865
ENT-006924,DEVICE,Rajasthan,ENT-REF-832733,55,0.1102
ENT-006925,PHONE,West Bengal,ENT-REF-759553,41,0.2105
ENT-006926,ACCOUNT,Karnataka,ENT-REF-696564,5,0.3678
ENT-006927,ACCOUNT,Bihar,ENT-REF-635101,31,0.1136
ENT-006928,PHONE,Uttar Pradesh,ENT-REF-817551,76,0.2079
ENT-006929,ACCOUNT,West Bengal,ENT-REF-650150,50,0.1524
ENT-006930,DEVICE,Bihar,ENT-REF-361463,73,0.0783
ENT-006931,PHONE,Delhi,ENT-REF-971393,32,0.1777
ENT-006932,MERCHANT,West Bengal,ENT-REF-446154,50,0.5403
ENT-006933,BENEFICIARY,Bihar,ENT-REF-346218,37,0.3535
ENT-006934,WALLET,Tamil Nadu,ENT-REF-718567,71,0.4116
ENT-006935,DEVICE,Rajasthan,ENT-REF-643832,33,0.4091
ENT-006936,PHONE,Maharashtra,ENT-REF-508089,51,0.0261
ENT-006937,ACCOUNT,Tamil Nadu,ENT-REF-852589,65,0.1311
ENT-006938,DEVICE,Karnataka,ENT-REF-470602,50,0.1888
ENT-006939,PHONE,Delhi,ENT-REF-559153,70,0.2513
ENT-006940,ACCOUNT,Tamil Nadu,ENT-REF-919539,4,0.1611
ENT-006941,DEVICE,Telangana,ENT-REF-641072,56,0.159
ENT-006942,MERCHANT,Rajasthan,ENT-REF-133300,11,0.0561
ENT-006943,BENEFICIARY,Bihar,ENT-REF-178937,8,0.0302
ENT-006944,ACCOUNT,Madhya Pradesh,ENT-REF-589008,39,0.1046
ENT-006945,ACCOUNT,Madhya Pradesh,ENT-REF-755213,68,0.2232
ENT-006946,ACCOUNT,West Bengal,ENT-REF-380869,6,0.0647
ENT-006947,MERCHANT,Telangana,ENT-REF-372616,75,0.1096
ENT-006948,ACCOUNT,Karnataka,ENT-REF-904080,12,0.0197
ENT-006949,ACCOUNT,Delhi,ENT-REF-564925,12,0.1612
ENT-006950,MERCHANT,Rajasthan,ENT-REF-923442,22,0.0312
ENT-006951,MERCHANT,West Bengal,ENT-REF-183771,61,0.1239
ENT-006952,MERCHANT,Telangana,ENT-REF-596087,2,0.1367
ENT-006953,ACCOUNT,Maharashtra,ENT-REF-629779,26,0.1984
ENT-006954,WALLET,Uttar Pradesh,ENT-REF-513214,4,0.0968
ENT-006955,ACCOUNT,Tamil Nadu,ENT-REF-863580,64,0.0582
ENT-006956,PHONE,Tamil Nadu,ENT-REF-754388,19,0.3457
ENT-006957,DEVICE,Telangana,ENT-REF-462615,7,0.1058
ENT-006958,ACCOUNT,Uttar Pradesh,ENT-REF-263959,73,0.0482
ENT-006959,ACCOUNT,Bihar,ENT-REF-520006,43,0.194
ENT-006960,ACCOUNT,Madhya Pradesh,ENT-REF-715985,62,0.2074
ENT-006961,MERCHANT,Maharashtra,ENT-REF-284663,63,0.2551
ENT-006962,WALLET,Madhya Pradesh,ENT-REF-720765,40,0.0977
ENT-006963,ACCOUNT,Delhi,ENT-REF-139011,7,0.2168
ENT-006964,DEVICE,Tamil Nadu,ENT-REF-234161,18,0.3828
ENT-006965,MERCHANT,Delhi,ENT-REF-473685,32,0.0917
ENT-006966,DEVICE,Rajasthan,ENT-REF-189674,30,0.4872
ENT-006967,DEVICE,West Bengal,ENT-REF-473533,9,0.0883
ENT-006968,BENEFICIARY,Maharashtra,ENT-REF-345021,26,0.3754
ENT-006969,ACCOUNT,Maharashtra,ENT-REF-895374,20,0.2751
ENT-006970,ACCOUNT,Uttar Pradesh,ENT-REF-528822,35,0.276
ENT-006971,ACCOUNT,Madhya Pradesh,ENT-REF-210732,10,0.1182
ENT-006972,PHONE,Rajasthan,ENT-REF-936671,69,0.1939
ENT-006973,PHONE,Delhi,ENT-REF-462301,11,0.0907
ENT-006974,DEVICE,Uttar Pradesh,ENT-REF-869301,22,0.2622
ENT-006975,DEVICE,Karnataka,ENT-REF-726899,21,0.0821
ENT-006976,ACCOUNT,Madhya Pradesh,ENT-REF-598958,12,0.3044
ENT-006977,MERCHANT,Tamil Nadu,ENT-REF-958579,8,0.1418
ENT-006978,ACCOUNT,Madhya Pradesh,ENT-REF-392090,62,0.4139
ENT-006979,ACCOUNT,Maharashtra,ENT-REF-634691,68,0.0215
ENT-006980,MERCHANT,West Bengal,ENT-REF-189381,1,0.1091
ENT-006981,ACCOUNT,Bihar,ENT-REF-902992,6,0.1053
ENT-006982,PHONE,Bihar,ENT-REF-920173,10,0.1904
ENT-006983,WALLET,Delhi,ENT-REF-639912,33,0.2098
ENT-006984,ACCOUNT,Karnataka,ENT-REF-798938,74,0.066
ENT-006985,BENEFICIARY,Uttar Pradesh,ENT-REF-232599,33,0.2555
ENT-006986,WALLET,Bihar,ENT-REF-493138,17,0.2082
ENT-006987,ACCOUNT,Maharashtra,ENT-REF-614454,11,0.3836
ENT-006988,WALLET,Bihar,ENT-REF-486308,9,0.0229
ENT-006989,BENEFICIARY,West Bengal,ENT-REF-627895,6,0.0908
ENT-006990,ACCOUNT,Telangana,ENT-REF-713666,54,0.0889
ENT-006991,WALLET,Bihar,ENT-REF-846797,67,0.2558
ENT-006992,DEVICE,Tamil Nadu,ENT-REF-294279,32,0.4219
ENT-006993,BENEFICIARY,Telangana,ENT-REF-145944,79,0.5159
ENT-006994,WALLET,Delhi,ENT-REF-880881,49,0.1362
ENT-006995,WALLET,Bihar,ENT-REF-607701,73,0.0982
ENT-006996,BENEFICIARY,Rajasthan,ENT-REF-708850,48,0.3798
ENT-006997,DEVICE,West Bengal,ENT-REF-383713,31,0.0328
ENT-006998,PHONE,Delhi,ENT-REF-260821,4,0.1281
ENT-006999,WALLET,Uttar Pradesh,ENT-REF-931002,17,0.0223
ENT-007000,PHONE,Bihar,ENT-REF-605438,31,0.215
ENT-007001,PHONE,Delhi,ENT-REF-401511,21,0.4749
ENT-007002,PHONE,Uttar Pradesh,ENT-REF-710185,52,0.0286
ENT-007003,PHONE,Uttar Pradesh,ENT-REF-298135,28,0.1388
ENT-007004,MERCHANT,Bihar,ENT-REF-965660,44,0.1032
ENT-007005,ACCOUNT,Karnataka,ENT-REF-135446,8,0.1404
ENT-007006,BENEFICIARY,Telangana,ENT-REF-767579,60,0.1482
ENT-007007,PHONE,Delhi,ENT-REF-557391,61,0.3931
ENT-007008,WALLET,Madhya Pradesh,ENT-REF-390876,40,0.3876
ENT-007009,ACCOUNT,Karnataka,ENT-REF-946503,51,0.0126
ENT-007010,PHONE,Karnataka,ENT-REF-701876,69,0.3014
ENT-007011,WALLET,Delhi,ENT-REF-700062,42,0.0354
ENT-007012,ACCOUNT,Tamil Nadu,ENT-REF-975156,71,0.1841
ENT-007013,DEVICE,Delhi,ENT-REF-442225,18,0.6406
ENT-007014,DEVICE,Madhya Pradesh,ENT-REF-744235,46,0.1766
ENT-007015,PHONE,West Bengal,ENT-REF-201569,41,0.4334
ENT-007016,ACCOUNT,Tamil Nadu,ENT-REF-651084,32,0.1879
ENT-007017,DEVICE,Bihar,ENT-REF-765947,37,0.1361
ENT-007018,MERCHANT,Karnataka,ENT-REF-579624,1,0.2169
ENT-007019,WALLET,Rajasthan,ENT-REF-290467,64,0.1248
ENT-007020,ACCOUNT,Madhya Pradesh,ENT-REF-163265,5,0.011
ENT-007021,PHONE,Uttar Pradesh,ENT-REF-762948,64,0.0472
ENT-007022,DEVICE,Uttar Pradesh,ENT-REF-969187,48,0.1344
ENT-007023,ACCOUNT,West Bengal,ENT-REF-227105,2,0.1943
ENT-007024,ACCOUNT,Maharashtra,ENT-REF-977307,73,0.0537
ENT-007025,MERCHANT,Bihar,ENT-REF-507238,36,0.2195
ENT-007026,ACCOUNT,Bihar,ENT-REF-282111,79,0.356
ENT-007027,ACCOUNT,Delhi,ENT-REF-249201,18,0.27
ENT-007028,WALLET,Uttar Pradesh,ENT-REF-135870,34,0.1412
ENT-007029,PHONE,Karnataka,ENT-REF-360703,44,0.2796
ENT-007030,ACCOUNT,Bihar,ENT-REF-431790,52,0.0685
ENT-007031,ACCOUNT,Karnataka,ENT-REF-699503,18,0.1086
ENT-007032,ACCOUNT,Karnataka,ENT-REF-976314,76,0.0621
ENT-007033,ACCOUNT,Rajasthan,ENT-REF-548377,30,0.1625
ENT-007034,WALLET,West Bengal,ENT-REF-838744,34,0.0365
ENT-007035,PHONE,West Bengal,ENT-REF-576856,29,0.073
ENT-007036,DEVICE,Tamil Nadu,ENT-REF-176663,76,0.4166
ENT-007037,BENEFICIARY,Telangana,ENT-REF-391074,42,0.1392
ENT-007038,ACCOUNT,Tamil Nadu,ENT-REF-242756,37,0.1467
ENT-007039,MERCHANT,Delhi,ENT-REF-570817,68,0.09
ENT-007040,ACCOUNT,Tamil Nadu,ENT-REF-231511,67,0.1941
ENT-007041,PHONE,Telangana,ENT-REF-579115,22,0.1008
ENT-007042,ACCOUNT,Rajasthan,ENT-REF-190693,60,0.1108
ENT-007043,DEVICE,West Bengal,ENT-REF-267251,30,0.0249
ENT-007044,PHONE,Madhya Pradesh,ENT-REF-628056,6,0.5749
ENT-007045,PHONE,Telangana,ENT-REF-551767,66,0.5722
ENT-007046,WALLET,Delhi,ENT-REF-689008,64,0.1093
ENT-007047,WALLET,Karnataka,ENT-REF-189765,70,0.4713
ENT-007048,ACCOUNT,Telangana,ENT-REF-188047,48,0.0064
ENT-007049,PHONE,Uttar Pradesh,ENT-REF-944023,9,0.1314
ENT-007050,WALLET,Karnataka,ENT-REF-621804,72,0.1142
ENT-007051,BENEFICIARY,Bihar,ENT-REF-772745,64,0.0881
ENT-007052,DEVICE,Tamil Nadu,ENT-REF-805568,23,0.0802
ENT-007053,WALLET,Delhi,ENT-REF-749229,11,0.0915
ENT-007054,BENEFICIARY,Madhya Pradesh,ENT-REF-776118,51,0.1727
ENT-007055,PHONE,Bihar,ENT-REF-601059,40,0.0216
ENT-007056,ACCOUNT,Bihar,ENT-REF-370122,43,0.1418
ENT-007057,ACCOUNT,Uttar Pradesh,ENT-REF-950187,18,0.1697
ENT-007058,PHONE,Uttar Pradesh,ENT-REF-879159,48,0.3015
ENT-007059,ACCOUNT,Madhya Pradesh,ENT-REF-360834,36,0.0079
ENT-007060,DEVICE,Karnataka,ENT-REF-708312,23,0.033
ENT-007061,PHONE,Uttar Pradesh,ENT-REF-317477,34,0.0569
ENT-007062,DEVICE,Bihar,ENT-REF-280349,24,0.106
ENT-007063,DEVICE,Uttar Pradesh,ENT-REF-703524,23,0.38
ENT-007064,MERCHANT,Tamil Nadu,ENT-REF-362629,55,0.0676
ENT-007065,DEVICE,Telangana,ENT-REF-704241,54,0.0383
ENT-007066,WALLET,Bihar,ENT-REF-497752,62,0.0334
ENT-007067,PHONE,Rajasthan,ENT-REF-163241,19,0.6353
ENT-007068,ACCOUNT,Uttar Pradesh,ENT-REF-114676,51,0.0713
ENT-007069,ACCOUNT,Tamil Nadu,ENT-REF-693526,52,0.1692
ENT-007070,MERCHANT,Bihar,ENT-REF-142707,21,0.1256
ENT-007071,BENEFICIARY,Tamil Nadu,ENT-REF-545982,39,0.1347
ENT-007072,WALLET,Telangana,ENT-REF-105838,23,0.2204
ENT-007073,PHONE,Bihar,ENT-REF-567422,34,0.2251
ENT-007074,PHONE,Karnataka,ENT-REF-792582,45,0.3944
ENT-007075,PHONE,Rajasthan,ENT-REF-194180,12,0.3537
ENT-007076,ACCOUNT,West Bengal,ENT-REF-829636,71,0.0259
ENT-007077,ACCOUNT,Bihar,ENT-REF-996669,11,0.0992
ENT-007078,DEVICE,Madhya Pradesh,ENT-REF-364723,67,0.2134
ENT-007079,PHONE,Karnataka,ENT-REF-995070,40,0.005
ENT-007080,ACCOUNT,Telangana,ENT-REF-843162,45,0.1085
ENT-007081,WALLET,Telangana,ENT-REF-358317,79,0.321
ENT-007082,PHONE,Tamil Nadu,ENT-REF-639931,6,0.2885
ENT-007083,PHONE,Uttar Pradesh,ENT-REF-835240,10,0.1983
ENT-007084,PHONE,West Bengal,ENT-REF-913337,31,0.1994
ENT-007085,ACCOUNT,Madhya Pradesh,ENT-REF-318786,39,0.2089
ENT-007086,ACCOUNT,Tamil Nadu,ENT-REF-220343,47,0.2795
ENT-007087,MERCHANT,Karnataka,ENT-REF-921210,66,0.1133
ENT-007088,ACCOUNT,Madhya Pradesh,ENT-REF-638690,21,0.0427
ENT-007089,ACCOUNT,Bihar,ENT-REF-884974,79,0.3958
ENT-007090,PHONE,Maharashtra,ENT-REF-337694,69,0.2972
ENT-007091,PHONE,Bihar,ENT-REF-223317,66,0.091
ENT-007092,ACCOUNT,Telangana,ENT-REF-287159,32,0.1579
ENT-007093,ACCOUNT,Maharashtra,ENT-REF-304059,67,0.202
ENT-007094,ACCOUNT,Maharashtra,ENT-REF-862392,73,0.146
ENT-007095,WALLET,Bihar,ENT-REF-435494,77,0.0727
ENT-007096,WALLET,Madhya Pradesh,ENT-REF-902623,58,0.0098
ENT-007097,PHONE,West Bengal,ENT-REF-751238,40,0.0943
ENT-007098,ACCOUNT,Tamil Nadu,ENT-REF-390947,29,0.3657
ENT-007099,PHONE,Delhi,ENT-REF-310744,31,0.2976
ENT-007100,MERCHANT,Uttar Pradesh,ENT-REF-632651,39,0.2679
ENT-007101,ACCOUNT,Telangana,ENT-REF-608935,27,0.2181
ENT-007102,ACCOUNT,Madhya Pradesh,ENT-REF-777985,22,0.1061
ENT-007103,ACCOUNT,West Bengal,ENT-REF-670345,58,0.3122
ENT-007104,ACCOUNT,Telangana,ENT-REF-404159,71,0.0371
ENT-007105,BENEFICIARY,West Bengal,ENT-REF-943562,58,0.0913
ENT-007106,PHONE,Bihar,ENT-REF-149266,18,0.1655
ENT-007107,PHONE,Tamil Nadu,ENT-REF-555320,19,0.0481
ENT-007108,WALLET,Tamil Nadu,ENT-REF-544656,49,0.0783
ENT-007109,ACCOUNT,Karnataka,ENT-REF-521252,38,0.1148
ENT-007110,PHONE,Delhi,ENT-REF-640806,26,0.3264
ENT-007111,ACCOUNT,Madhya Pradesh,ENT-REF-967097,20,0.172
ENT-007112,ACCOUNT,Bihar,ENT-REF-497411,29,0.125
ENT-007113,ACCOUNT,Delhi,ENT-REF-596791,6,0.1272
ENT-007114,WALLET,Maharashtra,ENT-REF-319164,19,0.1247
ENT-007115,WALLET,Madhya Pradesh,ENT-REF-290508,72,0.0434
ENT-007116,MERCHANT,Karnataka,ENT-REF-845911,67,0.2524
ENT-007117,BENEFICIARY,Uttar Pradesh,ENT-REF-688072,43,0.0814
ENT-007118,ACCOUNT,Bihar,ENT-REF-276977,51,0.1305
ENT-007119,ACCOUNT,Uttar Pradesh,ENT-REF-519548,3,0.137
ENT-007120,ACCOUNT,Karnataka,ENT-REF-258999,18,0.0679
ENT-007121,DEVICE,Madhya Pradesh,ENT-REF-679267,71,0.0055
ENT-007122,ACCOUNT,Karnataka,ENT-REF-464614,79,0.2572
ENT-007123,WALLET,West Bengal,ENT-REF-891543,38,0.0113
ENT-007124,MERCHANT,Tamil Nadu,ENT-REF-269659,11,0.2219
ENT-007125,BENEFICIARY,West Bengal,ENT-REF-685952,20,0.1688
ENT-007126,BENEFICIARY,West Bengal,ENT-REF-722427,71,0.1243
ENT-007127,BENEFICIARY,Bihar,ENT-REF-800592,64,0.3968
ENT-007128,ACCOUNT,Uttar Pradesh,ENT-REF-325246,37,0.0557
ENT-007129,DEVICE,Rajasthan,ENT-REF-959650,28,0.0871
ENT-007130,ACCOUNT,West Bengal,ENT-REF-780851,30,0.1795
ENT-007131,MERCHANT,Maharashtra,ENT-REF-763004,37,0.1069
ENT-007132,MERCHANT,Karnataka,ENT-REF-344778,22,0.3535
ENT-007133,PHONE,Rajasthan,ENT-REF-302613,78,0.223
ENT-007134,WALLET,Karnataka,ENT-REF-802812,75,0.2102
ENT-007135,WALLET,Karnataka,ENT-REF-803292,70,0.0401
ENT-007136,PHONE,Rajasthan,ENT-REF-965336,72,0.0442
ENT-007137,PHONE,Tamil Nadu,ENT-REF-530782,17,0.1408
ENT-007138,DEVICE,Maharashtra,ENT-REF-236631,35,0.1243
ENT-007139,ACCOUNT,Maharashtra,ENT-REF-597428,19,0.0751
ENT-007140,ACCOUNT,Rajasthan,ENT-REF-936320,49,0.0928
ENT-007141,PHONE,Maharashtra,ENT-REF-915084,26,0.288
ENT-007142,WALLET,Tamil Nadu,ENT-REF-983259,74,0.1162
ENT-007143,MERCHANT,Tamil Nadu,ENT-REF-836071,37,0.0075
ENT-007144,ACCOUNT,Telangana,ENT-REF-932544,4,0.3377
ENT-007145,ACCOUNT,Madhya Pradesh,ENT-REF-486082,31,0.0049
ENT-007146,WALLET,Rajasthan,ENT-REF-473900,36,0.0707
ENT-007147,DEVICE,Bihar,ENT-REF-525578,18,0.1849
ENT-007148,PHONE,Maharashtra,ENT-REF-297159,61,0.1271
ENT-007149,BENEFICIARY,Tamil Nadu,ENT-REF-824288,29,0.156
ENT-007150,DEVICE,Madhya Pradesh,ENT-REF-848570,76,0.0399
ENT-007151,ACCOUNT,Delhi,ENT-REF-217980,20,0.1238
ENT-007152,MERCHANT,Tamil Nadu,ENT-REF-503770,5,0.0507
ENT-007153,ACCOUNT,Tamil Nadu,ENT-REF-542361,38,0.2678
ENT-007154,PHONE,Madhya Pradesh,ENT-REF-692845,9,0.2409
ENT-007155,WALLET,Madhya Pradesh,ENT-REF-182274,64,0.4358
ENT-007156,WALLET,Telangana,ENT-REF-332713,12,0.3416
ENT-007157,PHONE,Maharashtra,ENT-REF-735579,39,0.0879
ENT-007158,ACCOUNT,Bihar,ENT-REF-705042,14,0.1279
ENT-007159,PHONE,Delhi,ENT-REF-565651,22,0.0557
ENT-007160,PHONE,Tamil Nadu,ENT-REF-548179,58,0.0841
ENT-007161,WALLET,Maharashtra,ENT-REF-261470,33,0.1502
ENT-007162,DEVICE,Telangana,ENT-REF-780121,74,0.3703
ENT-007163,PHONE,Karnataka,ENT-REF-815777,71,0.1407
ENT-007164,DEVICE,Delhi,ENT-REF-170613,40,0.025
ENT-007165,ACCOUNT,Delhi,ENT-REF-124455,27,0.0934
ENT-007166,ACCOUNT,Uttar Pradesh,ENT-REF-122507,12,0.1118
ENT-007167,MERCHANT,Maharashtra,ENT-REF-939913,59,0.0397
ENT-007168,ACCOUNT,Telangana,ENT-REF-460783,25,0.2213
ENT-007169,ACCOUNT,Madhya Pradesh,ENT-REF-820092,71,0.0394
ENT-007170,ACCOUNT,Madhya Pradesh,ENT-REF-369568,14,0.1838
ENT-007171,BENEFICIARY,Madhya Pradesh,ENT-REF-224301,49,0.2744
ENT-007172,ACCOUNT,Tamil Nadu,ENT-REF-345679,26,0.3171
ENT-007173,ACCOUNT,Tamil Nadu,ENT-REF-391510,59,0.1963
ENT-007174,ACCOUNT,Rajasthan,ENT-REF-289398,19,0.1624
ENT-007175,ACCOUNT,Madhya Pradesh,ENT-REF-868900,68,0.1156
ENT-007176,ACCOUNT,Tamil Nadu,ENT-REF-150750,69,0.268
ENT-007177,ACCOUNT,Bihar,ENT-REF-177369,56,0.1635
ENT-007178,PHONE,Telangana,ENT-REF-288894,3,0.0388
ENT-007179,PHONE,Madhya Pradesh,ENT-REF-864187,79,0.2174
ENT-007180,DEVICE,Madhya Pradesh,ENT-REF-623004,63,0.1056
ENT-007181,ACCOUNT,Rajasthan,ENT-REF-613667,20,0.122
ENT-007182,MERCHANT,Delhi,ENT-REF-447642,75,0.1966
ENT-007183,ACCOUNT,Maharashtra,ENT-REF-464875,1,0.2166
ENT-007184,BENEFICIARY,Rajasthan,ENT-REF-951747,18,0.0055
ENT-007185,ACCOUNT,Uttar Pradesh,ENT-REF-567369,57,0.1369
ENT-007186,DEVICE,Madhya Pradesh,ENT-REF-424735,37,0.1753
ENT-007187,PHONE,Uttar Pradesh,ENT-REF-678419,71,0.2584
ENT-007188,ACCOUNT,Bihar,ENT-REF-946613,15,0.0423
ENT-007189,MERCHANT,Bihar,ENT-REF-890916,2,0.0759
ENT-007190,WALLET,Uttar Pradesh,ENT-REF-146622,2,0.2204
ENT-007191,PHONE,Maharashtra,ENT-REF-707422,25,0.0616
ENT-007192,MERCHANT,Rajasthan,ENT-REF-767231,48,0.146
ENT-007193,ACCOUNT,Delhi,ENT-REF-617346,22,0.1299
ENT-007194,MERCHANT,Telangana,ENT-REF-617042,13,0.3916
ENT-007195,WALLET,Madhya Pradesh,ENT-REF-478804,71,0.1841
ENT-007196,DEVICE,Tamil Nadu,ENT-REF-349142,78,0.0303
ENT-007197,PHONE,Telangana,ENT-REF-551742,18,0.2552
ENT-007198,DEVICE,Bihar,ENT-REF-902526,14,0.2746
ENT-007199,ACCOUNT,Maharashtra,ENT-REF-456381,27,0.0688
ENT-007200,PHONE,Karnataka,ENT-REF-942860,7,0.2061
ENT-007201,MERCHANT,Madhya Pradesh,ENT-REF-442089,25,0.0328
ENT-007202,WALLET,Rajasthan,ENT-REF-708453,77,0.0379
ENT-007203,WALLET,Rajasthan,ENT-REF-317240,55,0.1293
ENT-007204,BENEFICIARY,Delhi,ENT-REF-888187,19,0.3062
ENT-007205,MERCHANT,Rajasthan,ENT-REF-719327,39,0.2052
ENT-007206,DEVICE,Karnataka,ENT-REF-420559,77,0.2266
ENT-007207,ACCOUNT,Tamil Nadu,ENT-REF-867985,66,0.295
ENT-007208,MERCHANT,Karnataka,ENT-REF-759472,77,0.1557
ENT-007209,ACCOUNT,Maharashtra,ENT-REF-131881,79,0.051
ENT-007210,BENEFICIARY,Telangana,ENT-REF-645934,43,0.2192
ENT-007211,ACCOUNT,Telangana,ENT-REF-518361,2,0.0048
ENT-007212,DEVICE,Karnataka,ENT-REF-740519,54,0.156
ENT-007213,BENEFICIARY,Uttar Pradesh,ENT-REF-807386,19,0.004
ENT-007214,ACCOUNT,Tamil Nadu,ENT-REF-736470,22,0.1873
ENT-007215,WALLET,Telangana,ENT-REF-523135,16,0.2227
ENT-007216,DEVICE,Rajasthan,ENT-REF-550052,17,0.0765
ENT-007217,ACCOUNT,Uttar Pradesh,ENT-REF-248356,61,0.0675
ENT-007218,PHONE,Madhya Pradesh,ENT-REF-333132,32,0.0724
ENT-007219,ACCOUNT,Tamil Nadu,ENT-REF-146409,36,0.1575
ENT-007220,BENEFICIARY,Bihar,ENT-REF-468455,32,0.5001
ENT-007221,PHONE,Bihar,ENT-REF-996984,5,0.0934
ENT-007222,DEVICE,Bihar,ENT-REF-233620,64,0.177
ENT-007223,DEVICE,Bihar,ENT-REF-949565,72,0.3796
ENT-007224,ACCOUNT,Tamil Nadu,ENT-REF-365246,30,0.2969
ENT-007225,ACCOUNT,Maharashtra,ENT-REF-831820,37,0.123
ENT-007226,WALLET,Delhi,ENT-REF-864210,13,0.1275
ENT-007227,BENEFICIARY,Madhya Pradesh,ENT-REF-223995,47,0.3448
ENT-007228,DEVICE,Bihar,ENT-REF-866367,58,0.0389
ENT-007229,ACCOUNT,Telangana,ENT-REF-541247,71,0.0593
ENT-007230,ACCOUNT,Uttar Pradesh,ENT-REF-576503,20,0.1913
ENT-007231,MERCHANT,Maharashtra,ENT-REF-783333,17,0.0442
ENT-007232,DEVICE,Tamil Nadu,ENT-REF-589478,39,0.23
ENT-007233,ACCOUNT,Karnataka,ENT-REF-911536,17,0.3325
ENT-007234,PHONE,Karnataka,ENT-REF-923449,29,0.0178
ENT-007235,ACCOUNT,Tamil Nadu,ENT-REF-673603,68,0.1384
ENT-007236,DEVICE,Karnataka,ENT-REF-417928,65,0.1919
ENT-007237,WALLET,Telangana,ENT-REF-370026,76,0.0334
ENT-007238,DEVICE,Telangana,ENT-REF-439550,14,0.0632
ENT-007239,PHONE,Uttar Pradesh,ENT-REF-532253,68,0.0599
ENT-007240,ACCOUNT,Delhi,ENT-REF-703299,35,0.1946
ENT-007241,BENEFICIARY,Bihar,ENT-REF-472580,45,0.1562
ENT-007242,DEVICE,West Bengal,ENT-REF-312049,59,0.1011
ENT-007243,ACCOUNT,Maharashtra,ENT-REF-180476,45,0.3955
ENT-007244,PHONE,Bihar,ENT-REF-211549,12,0.1727
ENT-007245,PHONE,Tamil Nadu,ENT-REF-478886,4,0.0592
ENT-007246,ACCOUNT,Tamil Nadu,ENT-REF-677820,25,0.4343
ENT-007247,DEVICE,Madhya Pradesh,ENT-REF-145402,67,0.1153
ENT-007248,MERCHANT,Rajasthan,ENT-REF-819330,49,0.2191
ENT-007249,ACCOUNT,Karnataka,ENT-REF-302400,20,0.0171
ENT-007250,DEVICE,Rajasthan,ENT-REF-177094,40,0.0648
ENT-007251,ACCOUNT,Rajasthan,ENT-REF-366103,73,0.1373
ENT-007252,DEVICE,West Bengal,ENT-REF-479035,56,0.2456
ENT-007253,WALLET,West Bengal,ENT-REF-673889,16,0.0107
ENT-007254,PHONE,Telangana,ENT-REF-527111,65,0.1021
ENT-007255,BENEFICIARY,Maharashtra,ENT-REF-835497,14,0.0664
ENT-007256,WALLET,Maharashtra,ENT-REF-851948,26,0.1852
ENT-007257,PHONE,Rajasthan,ENT-REF-608685,6,0.0429
ENT-007258,DEVICE,Delhi,ENT-REF-800149,48,0.4675
ENT-007259,ACCOUNT,Telangana,ENT-REF-112941,26,0.1525
ENT-007260,WALLET,Bihar,ENT-REF-147175,76,0.0833
ENT-007261,BENEFICIARY,West Bengal,ENT-REF-478507,68,0.2367
ENT-007262,PHONE,Madhya Pradesh,ENT-REF-372713,48,0.0247
ENT-007263,DEVICE,Karnataka,ENT-REF-622016,48,0.2374
ENT-007264,BENEFICIARY,Maharashtra,ENT-REF-170644,39,0.153
ENT-007265,ACCOUNT,Delhi,ENT-REF-995581,28,0.377
ENT-007266,PHONE,Uttar Pradesh,ENT-REF-503730,72,0.3065
ENT-007267,ACCOUNT,Bihar,ENT-REF-151466,77,0.1959
ENT-007268,BENEFICIARY,Uttar Pradesh,ENT-REF-324807,21,0.4576
ENT-007269,PHONE,West Bengal,ENT-REF-772585,65,0.5236
ENT-007270,ACCOUNT,Uttar Pradesh,ENT-REF-917182,16,0.0692
ENT-007271,ACCOUNT,Madhya Pradesh,ENT-REF-967322,61,0.2801
ENT-007272,BENEFICIARY,Uttar Pradesh,ENT-REF-461075,64,0.1077
ENT-007273,BENEFICIARY,Telangana,ENT-REF-543176,64,0.0406
ENT-007274,ACCOUNT,West Bengal,ENT-REF-892817,72,0.1182
ENT-007275,DEVICE,Madhya Pradesh,ENT-REF-629873,66,0.4388
ENT-007276,MERCHANT,Rajasthan,ENT-REF-769605,54,0.2199
ENT-007277,MERCHANT,Telangana,ENT-REF-311496,16,0.0479
ENT-007278,MERCHANT,Bihar,ENT-REF-305180,35,0.3415
ENT-007279,WALLET,Madhya Pradesh,ENT-REF-401203,47,0.0937
ENT-007280,ACCOUNT,Tamil Nadu,ENT-REF-815510,2,0.1966
ENT-007281,PHONE,Uttar Pradesh,ENT-REF-504840,46,0.0926
ENT-007282,MERCHANT,Rajasthan,ENT-REF-509395,58,0.1393
ENT-007283,PHONE,Madhya Pradesh,ENT-REF-165810,69,0.2236
ENT-007284,ACCOUNT,Madhya Pradesh,ENT-REF-816044,39,0.0297
ENT-007285,ACCOUNT,West Bengal,ENT-REF-949874,6,0.2927
ENT-007286,BENEFICIARY,Madhya Pradesh,ENT-REF-150021,62,0.035
ENT-007287,MERCHANT,Bihar,ENT-REF-430756,29,0.4396
ENT-007288,BENEFICIARY,Delhi,ENT-REF-613288,75,0.0811
ENT-007289,ACCOUNT,Tamil Nadu,ENT-REF-940715,44,0.211
ENT-007290,DEVICE,Maharashtra,ENT-REF-731601,68,0.331
ENT-007291,WALLET,Madhya Pradesh,ENT-REF-903443,48,0.1641
ENT-007292,MERCHANT,Karnataka,ENT-REF-259599,27,0.1116
ENT-007293,PHONE,Delhi,ENT-REF-350409,16,0.0341
ENT-007294,DEVICE,Uttar Pradesh,ENT-REF-429584,59,0.0528
ENT-007295,BENEFICIARY,Uttar Pradesh,ENT-REF-102747,27,0.1476
ENT-007296,WALLET,West Bengal,ENT-REF-839516,62,0.1428
ENT-007297,WALLET,Delhi,ENT-REF-639744,32,0.1862
ENT-007298,DEVICE,Maharashtra,ENT-REF-112171,60,0.0849
ENT-007299,MERCHANT,West Bengal,ENT-REF-777863,62,0.0581
ENT-007300,PHONE,Maharashtra,ENT-REF-373759,27,0.0496
ENT-007301,PHONE,Rajasthan,ENT-REF-408328,42,0.294
ENT-007302,BENEFICIARY,Madhya Pradesh,ENT-REF-589223,57,0.1484
ENT-007303,ACCOUNT,Delhi,ENT-REF-257763,41,0.2442
ENT-007304,WALLET,Telangana,ENT-REF-489879,9,0.044
ENT-007305,BENEFICIARY,Maharashtra,ENT-REF-666251,22,0.1206
ENT-007306,BENEFICIARY,Madhya Pradesh,ENT-REF-110862,45,0.0085
ENT-007307,BENEFICIARY,West Bengal,ENT-REF-297633,45,0.4177
ENT-007308,PHONE,Bihar,ENT-REF-962318,17,0.3029
ENT-007309,ACCOUNT,Karnataka,ENT-REF-694083,39,0.0622
ENT-007310,ACCOUNT,Karnataka,ENT-REF-319351,62,0.0924
ENT-007311,MERCHANT,Delhi,ENT-REF-128774,69,0.3097
ENT-007312,DEVICE,Madhya Pradesh,ENT-REF-445195,79,0.5102
ENT-007313,ACCOUNT,West Bengal,ENT-REF-218681,54,0.1486
ENT-007314,ACCOUNT,Rajasthan,ENT-REF-960904,49,0.1794
ENT-007315,MERCHANT,Uttar Pradesh,ENT-REF-692188,34,0.2218
ENT-007316,BENEFICIARY,Karnataka,ENT-REF-962611,19,0.0295
ENT-007317,MERCHANT,Delhi,ENT-REF-183020,14,0.1411
ENT-007318,PHONE,Rajasthan,ENT-REF-208667,34,0.179
ENT-007319,WALLET,West Bengal,ENT-REF-523957,48,0.2317
ENT-007320,PHONE,Karnataka,ENT-REF-596317,10,0.1782
ENT-007321,DEVICE,West Bengal,ENT-REF-688122,69,0.11
ENT-007322,DEVICE,Rajasthan,ENT-REF-742938,39,0.2008
ENT-007323,DEVICE,Karnataka,ENT-REF-103434,42,0.0386
ENT-007324,DEVICE,Tamil Nadu,ENT-REF-680421,50,0.1043
ENT-007325,WALLET,Maharashtra,ENT-REF-321115,49,0.308
ENT-007326,DEVICE,Rajasthan,ENT-REF-691492,34,0.0036
ENT-007327,MERCHANT,Telangana,ENT-REF-418757,25,0.054
ENT-007328,BENEFICIARY,Rajasthan,ENT-REF-165835,39,0.3875
ENT-007329,BENEFICIARY,West Bengal,ENT-REF-829087,29,0.1666
ENT-007330,DEVICE,Tamil Nadu,ENT-REF-693241,66,0.5907
ENT-007331,WALLET,Bihar,ENT-REF-698010,35,0.5124
ENT-007332,ACCOUNT,Maharashtra,ENT-REF-222700,64,0.2069
ENT-007333,PHONE,Madhya Pradesh,ENT-REF-469557,4,0.1555
ENT-007334,ACCOUNT,West Bengal,ENT-REF-540806,4,0.1385
ENT-007335,DEVICE,Bihar,ENT-REF-344056,56,0.1753
ENT-007336,ACCOUNT,Delhi,ENT-REF-772069,8,0.17
ENT-007337,WALLET,Maharashtra,ENT-REF-772078,52,0.1671
ENT-007338,PHONE,Bihar,ENT-REF-254510,57,0.2333
ENT-007339,WALLET,Bihar,ENT-REF-269910,78,0.0781
ENT-007340,BENEFICIARY,Telangana,ENT-REF-266441,40,0.0577
ENT-007341,ACCOUNT,Bihar,ENT-REF-469179,60,0.0771
ENT-007342,DEVICE,Madhya Pradesh,ENT-REF-184475,62,0.1496
ENT-007343,ACCOUNT,Rajasthan,ENT-REF-704099,57,0.2211
ENT-007344,ACCOUNT,Bihar,ENT-REF-183256,78,0.1957
ENT-007345,MERCHANT,Bihar,ENT-REF-761321,28,0.3711
ENT-007346,PHONE,Madhya Pradesh,ENT-REF-458147,70,0.06
ENT-007347,MERCHANT,Madhya Pradesh,ENT-REF-819342,25,0.1638
ENT-007348,ACCOUNT,Bihar,ENT-REF-964185,12,0.0548
ENT-007349,ACCOUNT,Delhi,ENT-REF-821056,67,0.3611
ENT-007350,ACCOUNT,Tamil Nadu,ENT-REF-886867,26,0.0042
ENT-007351,ACCOUNT,Maharashtra,ENT-REF-215868,68,0.105
ENT-007352,ACCOUNT,Rajasthan,ENT-REF-880317,13,0.37
ENT-007353,ACCOUNT,Maharashtra,ENT-REF-568894,70,0.0883
ENT-007354,MERCHANT,Uttar Pradesh,ENT-REF-249990,24,0.2057
ENT-007355,ACCOUNT,Telangana,ENT-REF-551056,22,0.1135
ENT-007356,DEVICE,Karnataka,ENT-REF-809009,38,0.0287
ENT-007357,ACCOUNT,Karnataka,ENT-REF-789029,61,0.0994
ENT-007358,PHONE,Maharashtra,ENT-REF-832141,66,0.2828
ENT-007359,BENEFICIARY,Maharashtra,ENT-REF-695153,52,0.144
ENT-007360,ACCOUNT,Bihar,ENT-REF-307915,65,0.5101
ENT-007361,ACCOUNT,Delhi,ENT-REF-538796,38,0.0431
ENT-007362,MERCHANT,Bihar,ENT-REF-659138,51,0.2852
ENT-007363,ACCOUNT,Karnataka,ENT-REF-515341,4,0.0788
ENT-007364,WALLET,Uttar Pradesh,ENT-REF-644424,2,0.0129
ENT-007365,DEVICE,Delhi,ENT-REF-646185,19,0.55
ENT-007366,DEVICE,Maharashtra,ENT-REF-936766,68,0.1365
ENT-007367,ACCOUNT,Telangana,ENT-REF-622416,40,0.1552
ENT-007368,PHONE,Uttar Pradesh,ENT-REF-675047,53,0.2066
ENT-007369,PHONE,West Bengal,ENT-REF-283235,50,0.1789
ENT-007370,PHONE,Tamil Nadu,ENT-REF-543842,74,0.2546
ENT-007371,DEVICE,Uttar Pradesh,ENT-REF-851041,26,0.1193
ENT-007372,MERCHANT,Delhi,ENT-REF-682087,62,0.0827
ENT-007373,ACCOUNT,Madhya Pradesh,ENT-REF-364065,71,0.1
ENT-007374,ACCOUNT,Maharashtra,ENT-REF-316704,72,0.2139
ENT-007375,ACCOUNT,Bihar,ENT-REF-385391,58,0.1889
ENT-007376,DEVICE,Madhya Pradesh,ENT-REF-722107,46,0.0981
ENT-007377,BENEFICIARY,Bihar,ENT-REF-382599,73,0.1106
ENT-007378,DEVICE,Delhi,ENT-REF-447326,36,0.0953
ENT-007379,DEVICE,Madhya Pradesh,ENT-REF-270845,41,0.1983
ENT-007380,DEVICE,Maharashtra,ENT-REF-338787,38,0.4228
ENT-007381,WALLET,Telangana,ENT-REF-734945,26,0.0831
ENT-007382,PHONE,Uttar Pradesh,ENT-REF-967728,69,0.1191
ENT-007383,DEVICE,Tamil Nadu,ENT-REF-144683,78,0.0823
ENT-007384,ACCOUNT,Karnataka,ENT-REF-251998,2,0.2622
ENT-007385,DEVICE,Maharashtra,ENT-REF-928265,79,0.2392
ENT-007386,ACCOUNT,West Bengal,ENT-REF-181847,17,0.4047
ENT-007387,WALLET,Maharashtra,ENT-REF-553846,51,0.2596
ENT-007388,ACCOUNT,Uttar Pradesh,ENT-REF-410550,20,0.0965
ENT-007389,DEVICE,Rajasthan,ENT-REF-636752,63,0.1927
ENT-007390,BENEFICIARY,Madhya Pradesh,ENT-REF-964742,35,0.2764
ENT-007391,BENEFICIARY,Bihar,ENT-REF-635864,71,0.1797
ENT-007392,WALLET,Rajasthan,ENT-REF-832118,41,0.1875
ENT-007393,PHONE,Uttar Pradesh,ENT-REF-836603,26,0.0855
ENT-007394,PHONE,Telangana,ENT-REF-534281,64,0.4056
ENT-007395,PHONE,Madhya Pradesh,ENT-REF-866100,17,0.189
ENT-007396,ACCOUNT,Madhya Pradesh,ENT-REF-516426,40,0.1389
ENT-007397,ACCOUNT,Madhya Pradesh,ENT-REF-326730,9,0.2988
ENT-007398,ACCOUNT,Tamil Nadu,ENT-REF-232974,61,0.0872
ENT-007399,DEVICE,Tamil Nadu,ENT-REF-783864,61,0.0754
ENT-007400,ACCOUNT,West Bengal,ENT-REF-223820,67,0.2407
ENT-007401,DEVICE,Rajasthan,ENT-REF-269509,37,0.2152
ENT-007402,BENEFICIARY,West Bengal,ENT-REF-298533,66,0.211
ENT-007403,PHONE,Madhya Pradesh,ENT-REF-654810,74,0.0666
ENT-007404,WALLET,Delhi,ENT-REF-348800,50,0.0946
ENT-007405,BENEFICIARY,Madhya Pradesh,ENT-REF-488758,9,0.4181
ENT-007406,ACCOUNT,Tamil Nadu,ENT-REF-988704,70,0.1855
ENT-007407,ACCOUNT,Rajasthan,ENT-REF-567714,8,0.0656
ENT-007408,PHONE,Rajasthan,ENT-REF-441784,76,0.3215
ENT-007409,PHONE,Rajasthan,ENT-REF-307074,75,0.402
ENT-007410,ACCOUNT,Rajasthan,ENT-REF-625224,37,0.0475
ENT-007411,PHONE,Telangana,ENT-REF-729732,33,0.1513
ENT-007412,DEVICE,Rajasthan,ENT-REF-391004,60,0.0914
ENT-007413,WALLET,Telangana,ENT-REF-706639,59,0.5009
ENT-007414,WALLET,Maharashtra,ENT-REF-571186,24,0.0438
ENT-007415,PHONE,Tamil Nadu,ENT-REF-830365,42,0.4631
ENT-007416,DEVICE,Delhi,ENT-REF-663939,55,0.1712
ENT-007417,ACCOUNT,Uttar Pradesh,ENT-REF-774655,36,0.1331
ENT-007418,DEVICE,Telangana,ENT-REF-395781,48,0.0128
ENT-007419,ACCOUNT,Rajasthan,ENT-REF-229973,42,0.2031
ENT-007420,BENEFICIARY,Tamil Nadu,ENT-REF-188699,55,0.0498
ENT-007421,PHONE,Madhya Pradesh,ENT-REF-420142,17,0.1976
ENT-007422,WALLET,Rajasthan,ENT-REF-214186,26,0.0588
ENT-007423,DEVICE,West Bengal,ENT-REF-528040,47,0.1233
ENT-007424,PHONE,Uttar Pradesh,ENT-REF-748815,41,0.4113
ENT-007425,DEVICE,Delhi,ENT-REF-759198,19,0.2357
ENT-007426,WALLET,Madhya Pradesh,ENT-REF-391469,61,0.2454
ENT-007427,PHONE,Bihar,ENT-REF-242905,50,0.171
ENT-007428,ACCOUNT,Uttar Pradesh,ENT-REF-320776,40,0.0379
ENT-007429,BENEFICIARY,Karnataka,ENT-REF-444871,79,0.2768
ENT-007430,DEVICE,Rajasthan,ENT-REF-367508,58,0.0306
ENT-007431,PHONE,Karnataka,ENT-REF-612478,27,0.0446
ENT-007432,BENEFICIARY,Maharashtra,ENT-REF-667650,40,0.107
ENT-007433,BENEFICIARY,Karnataka,ENT-REF-876996,1,0.2615
ENT-007434,ACCOUNT,Bihar,ENT-REF-512481,11,0.1132
ENT-007435,MERCHANT,Telangana,ENT-REF-196475,9,0.1977
ENT-007436,WALLET,Uttar Pradesh,ENT-REF-190427,30,0.0664
ENT-007437,MERCHANT,Uttar Pradesh,ENT-REF-906130,65,0.2659
ENT-007438,ACCOUNT,Tamil Nadu,ENT-REF-859196,8,0.0107
ENT-007439,ACCOUNT,Rajasthan,ENT-REF-121287,26,0.5924
ENT-007440,WALLET,Madhya Pradesh,ENT-REF-154326,27,0.1568
ENT-007441,ACCOUNT,Madhya Pradesh,ENT-REF-865103,50,0.2029
ENT-007442,DEVICE,Delhi,ENT-REF-508567,63,0.1557
ENT-007443,ACCOUNT,Telangana,ENT-REF-955361,34,0.0282
ENT-007444,ACCOUNT,Madhya Pradesh,ENT-REF-652871,64,0.1609
ENT-007445,PHONE,Karnataka,ENT-REF-750144,58,0.317
ENT-007446,PHONE,Madhya Pradesh,ENT-REF-570942,3,0.2324
ENT-007447,PHONE,Delhi,ENT-REF-117656,78,0.3716
ENT-007448,ACCOUNT,Rajasthan,ENT-REF-947257,70,0.2569
ENT-007449,DEVICE,Delhi,ENT-REF-613221,71,0.3339
ENT-007450,WALLET,Telangana,ENT-REF-156531,9,0.0857
ENT-007451,PHONE,Maharashtra,ENT-REF-448280,14,0.1106
ENT-007452,DEVICE,Tamil Nadu,ENT-REF-506640,25,0.0303
ENT-007453,PHONE,Karnataka,ENT-REF-418640,27,0.0431
ENT-007454,PHONE,West Bengal,ENT-REF-554668,41,0.157
ENT-007455,PHONE,Madhya Pradesh,ENT-REF-252961,9,0.0113
ENT-007456,PHONE,Rajasthan,ENT-REF-489148,59,0.3291
ENT-007457,ACCOUNT,Bihar,ENT-REF-576567,52,0.5463
ENT-007458,PHONE,Bihar,ENT-REF-213819,63,0.0915
ENT-007459,WALLET,Tamil Nadu,ENT-REF-727931,60,0.0487
ENT-007460,ACCOUNT,Madhya Pradesh,ENT-REF-364506,71,0.1721
ENT-007461,WALLET,Bihar,ENT-REF-755563,3,0.2066
ENT-007462,PHONE,Delhi,ENT-REF-654647,62,0.4022
ENT-007463,BENEFICIARY,Rajasthan,ENT-REF-829579,38,0.3792
ENT-007464,MERCHANT,West Bengal,ENT-REF-504059,68,0.2239
ENT-007465,ACCOUNT,West Bengal,ENT-REF-169907,17,0.1467
ENT-007466,PHONE,Telangana,ENT-REF-571259,75,0.3284
ENT-007467,MERCHANT,Delhi,ENT-REF-604174,33,0.4894
ENT-007468,ACCOUNT,Rajasthan,ENT-REF-274224,10,0.1651
ENT-007469,PHONE,Uttar Pradesh,ENT-REF-758065,49,0.3464
ENT-007470,PHONE,Maharashtra,ENT-REF-594207,60,0.2373
ENT-007471,DEVICE,Madhya Pradesh,ENT-REF-470247,67,0.13
ENT-007472,MERCHANT,Delhi,ENT-REF-471089,29,0.0672
ENT-007473,DEVICE,Tamil Nadu,ENT-REF-927376,18,0.3329
ENT-007474,BENEFICIARY,Maharashtra,ENT-REF-800737,53,0.0657
ENT-007475,ACCOUNT,Maharashtra,ENT-REF-165317,50,0.1718
ENT-007476,ACCOUNT,Maharashtra,ENT-REF-749752,57,0.1695
ENT-007477,MERCHANT,Karnataka,ENT-REF-319326,22,0.0667
ENT-007478,MERCHANT,West Bengal,ENT-REF-203616,68,0.3763
ENT-007479,PHONE,Uttar Pradesh,ENT-REF-258132,75,0.2724
ENT-007480,PHONE,Delhi,ENT-REF-638699,5,0.1538
ENT-007481,MERCHANT,Maharashtra,ENT-REF-527016,19,0.2015
ENT-007482,WALLET,Tamil Nadu,ENT-REF-967870,6,0.0376
ENT-007483,ACCOUNT,Telangana,ENT-REF-951286,64,0.1377
ENT-007484,BENEFICIARY,Maharashtra,ENT-REF-676850,18,0.0319
ENT-007485,MERCHANT,Madhya Pradesh,ENT-REF-904918,5,0.0464
ENT-007486,PHONE,Rajasthan,ENT-REF-998349,14,0.1078
ENT-007487,ACCOUNT,Delhi,ENT-REF-204565,54,0.2673
ENT-007488,WALLET,West Bengal,ENT-REF-694033,3,0.3725
ENT-007489,BENEFICIARY,West Bengal,ENT-REF-163553,48,0.0592
ENT-007490,DEVICE,Delhi,ENT-REF-520026,60,0.1402
ENT-007491,WALLET,Tamil Nadu,ENT-REF-404592,66,0.0938
ENT-007492,PHONE,Bihar,ENT-REF-449606,46,0.0216
ENT-007493,PHONE,Tamil Nadu,ENT-REF-522302,11,0.0625
ENT-007494,BENEFICIARY,Delhi,ENT-REF-868140,51,0.2108
ENT-007495,DEVICE,Karnataka,ENT-REF-847341,10,0.2367
ENT-007496,DEVICE,West Bengal,ENT-REF-531849,37,0.2168
ENT-007497,BENEFICIARY,West Bengal,ENT-REF-218574,4,0.0829
ENT-007498,MERCHANT,Karnataka,ENT-REF-525599,21,0.0242
ENT-007499,WALLET,Rajasthan,ENT-REF-611376,54,0.1487
ENT-007500,ACCOUNT,Tamil Nadu,ENT-REF-585515,38,0.0298
ENT-007501,ACCOUNT,Maharashtra,ENT-REF-417706,50,0.1057
ENT-007502,ACCOUNT,Karnataka,ENT-REF-111499,20,0.3038
ENT-007503,ACCOUNT,Telangana,ENT-REF-183599,40,0.0552
ENT-007504,PHONE,Delhi,ENT-REF-607841,5,0.099
ENT-007505,ACCOUNT,Rajasthan,ENT-REF-164519,4,0.3669
ENT-007506,ACCOUNT,Delhi,ENT-REF-373251,37,0.2354
ENT-007507,BENEFICIARY,Telangana,ENT-REF-719488,44,0.3551
ENT-007508,ACCOUNT,Delhi,ENT-REF-697356,6,0.0316
ENT-007509,PHONE,Telangana,ENT-REF-331245,71,0.4444
ENT-007510,DEVICE,Bihar,ENT-REF-831309,32,0.085
ENT-007511,WALLET,Maharashtra,ENT-REF-311644,13,0.0561
ENT-007512,ACCOUNT,West Bengal,ENT-REF-418937,46,0.2843
ENT-007513,MERCHANT,West Bengal,ENT-REF-877418,37,0.1671
ENT-007514,BENEFICIARY,Bihar,ENT-REF-888295,65,0.0187
ENT-007515,ACCOUNT,Delhi,ENT-REF-903840,22,0.2152
ENT-007516,BENEFICIARY,West Bengal,ENT-REF-587598,53,0.0641
ENT-007517,ACCOUNT,Uttar Pradesh,ENT-REF-951307,10,0.053
ENT-007518,MERCHANT,West Bengal,ENT-REF-576649,13,0.2522
ENT-007519,BENEFICIARY,Uttar Pradesh,ENT-REF-954809,33,0.2527
ENT-007520,PHONE,West Bengal,ENT-REF-694153,12,0.2526
ENT-007521,ACCOUNT,West Bengal,ENT-REF-603960,53,0.0403
ENT-007522,MERCHANT,West Bengal,ENT-REF-912479,45,0.17
ENT-007523,ACCOUNT,Madhya Pradesh,ENT-REF-832462,26,0.1839
ENT-007524,MERCHANT,Bihar,ENT-REF-170813,38,0.0531
ENT-007525,BENEFICIARY,Karnataka,ENT-REF-188664,52,0.1112
ENT-007526,MERCHANT,Karnataka,ENT-REF-668004,39,0.2207
ENT-007527,PHONE,Madhya Pradesh,ENT-REF-938410,16,0.249
ENT-007528,PHONE,Telangana,ENT-REF-771514,33,0.0997
ENT-007529,PHONE,Telangana,ENT-REF-638907,75,0.072
ENT-007530,PHONE,Madhya Pradesh,ENT-REF-491810,65,0.2258
ENT-007531,BENEFICIARY,Telangana,ENT-REF-938994,49,0.3296
ENT-007532,ACCOUNT,West Bengal,ENT-REF-942896,63,0.0825
ENT-007533,ACCOUNT,Bihar,ENT-REF-836021,15,0.1961
ENT-007534,ACCOUNT,Rajasthan,ENT-REF-395200,68,0.1315
ENT-007535,ACCOUNT,Telangana,ENT-REF-658834,53,0.1698
ENT-007536,ACCOUNT,Tamil Nadu,ENT-REF-235752,68,0.0386
ENT-007537,BENEFICIARY,Delhi,ENT-REF-953955,10,0.1328
ENT-007538,PHONE,Bihar,ENT-REF-273236,70,0.1312
ENT-007539,PHONE,Delhi,ENT-REF-311252,67,0.0627
ENT-007540,BENEFICIARY,West Bengal,ENT-REF-904594,46,0.4075
ENT-007541,PHONE,Uttar Pradesh,ENT-REF-549948,26,0.0447
ENT-007542,PHONE,Karnataka,ENT-REF-559769,44,0.266
ENT-007543,ACCOUNT,Telangana,ENT-REF-970827,56,0.0529
ENT-007544,DEVICE,West Bengal,ENT-REF-129866,31,0.0241
ENT-007545,PHONE,Delhi,ENT-REF-324701,58,0.1455
ENT-007546,DEVICE,Karnataka,ENT-REF-130011,24,0.0184
ENT-007547,BENEFICIARY,Bihar,ENT-REF-667196,75,0.1257
ENT-007548,MERCHANT,Maharashtra,ENT-REF-771373,50,0.148
ENT-007549,PHONE,Karnataka,ENT-REF-640796,37,0.0707
ENT-007550,ACCOUNT,Delhi,ENT-REF-226518,74,0.1182
ENT-007551,PHONE,Rajasthan,ENT-REF-759677,75,0.1675
ENT-007552,ACCOUNT,Tamil Nadu,ENT-REF-409393,69,0.0209
ENT-007553,DEVICE,Tamil Nadu,ENT-REF-859571,69,0.1983
ENT-007554,PHONE,Bihar,ENT-REF-416298,42,0.1747
ENT-007555,WALLET,Tamil Nadu,ENT-REF-246874,77,0.092
ENT-007556,ACCOUNT,Madhya Pradesh,ENT-REF-188645,3,0.07
ENT-007557,ACCOUNT,Madhya Pradesh,ENT-REF-895318,7,0.1521
ENT-007558,WALLET,Madhya Pradesh,ENT-REF-767200,17,0.1458
ENT-007559,ACCOUNT,Bihar,ENT-REF-155188,60,0.1247
ENT-007560,ACCOUNT,Tamil Nadu,ENT-REF-372003,37,0.0854
ENT-007561,BENEFICIARY,Telangana,ENT-REF-756189,45,0.066
ENT-007562,PHONE,Telangana,ENT-REF-921537,47,0.3627
ENT-007563,ACCOUNT,Rajasthan,ENT-REF-674073,23,0.0871
ENT-007564,ACCOUNT,Karnataka,ENT-REF-225162,7,0.0325
ENT-007565,PHONE,Maharashtra,ENT-REF-890088,34,0.1364
ENT-007566,DEVICE,Uttar Pradesh,ENT-REF-969360,54,0.2001
ENT-007567,ACCOUNT,Telangana,ENT-REF-510856,56,0.3253
ENT-007568,BENEFICIARY,Rajasthan,ENT-REF-725130,57,0.0646
ENT-007569,PHONE,Bihar,ENT-REF-811270,63,0.1288
ENT-007570,PHONE,Tamil Nadu,ENT-REF-825779,33,0.2377
ENT-007571,ACCOUNT,Uttar Pradesh,ENT-REF-404526,75,0.186
ENT-007572,ACCOUNT,Rajasthan,ENT-REF-552526,71,0.0889
ENT-007573,ACCOUNT,Rajasthan,ENT-REF-302079,8,0.2715
ENT-007574,PHONE,Delhi,ENT-REF-244788,75,0.6306
ENT-007575,WALLET,Tamil Nadu,ENT-REF-788435,62,0.1304
ENT-007576,PHONE,Telangana,ENT-REF-642752,77,0.1307
ENT-007577,PHONE,Rajasthan,ENT-REF-726354,45,0.1936
ENT-007578,PHONE,Bihar,ENT-REF-851389,16,0.2307
ENT-007579,BENEFICIARY,Uttar Pradesh,ENT-REF-593848,79,0.0537
ENT-007580,DEVICE,Delhi,ENT-REF-266223,51,0.0194
ENT-007581,PHONE,Rajasthan,ENT-REF-614439,66,0.1195
ENT-007582,ACCOUNT,West Bengal,ENT-REF-120340,31,0.0963
ENT-007583,DEVICE,Karnataka,ENT-REF-659495,60,0.2035
ENT-007584,PHONE,Uttar Pradesh,ENT-REF-101835,15,0.065
ENT-007585,DEVICE,West Bengal,ENT-REF-426313,62,0.3357
ENT-007586,ACCOUNT,Madhya Pradesh,ENT-REF-482468,22,0.2522
ENT-007587,DEVICE,Rajasthan,ENT-REF-613708,17,0.1191
ENT-007588,MERCHANT,Karnataka,ENT-REF-369104,18,0.0707
ENT-007589,ACCOUNT,West Bengal,ENT-REF-915582,11,0.0301
ENT-007590,PHONE,Uttar Pradesh,ENT-REF-767540,77,0.2197
ENT-007591,ACCOUNT,Rajasthan,ENT-REF-855341,13,0.1419
ENT-007592,PHONE,Rajasthan,ENT-REF-483004,16,0.2337
ENT-007593,PHONE,Rajasthan,ENT-REF-984316,58,0.0598
ENT-007594,ACCOUNT,Uttar Pradesh,ENT-REF-491196,47,0.0373
ENT-007595,PHONE,Rajasthan,ENT-REF-184606,30,0.1012
ENT-007596,MERCHANT,Telangana,ENT-REF-478325,78,0.1605
ENT-007597,ACCOUNT,Karnataka,ENT-REF-670440,57,0.189
ENT-007598,PHONE,Uttar Pradesh,ENT-REF-105562,42,0.1484
ENT-007599,PHONE,Uttar Pradesh,ENT-REF-859965,20,0.0714
ENT-007600,BENEFICIARY,West Bengal,ENT-REF-831129,3,0.2011
ENT-007601,ACCOUNT,Maharashtra,ENT-REF-160410,34,0.191
ENT-007602,PHONE,Telangana,ENT-REF-357701,64,0.044
ENT-007603,WALLET,Karnataka,ENT-REF-678811,23,0.1249
ENT-007604,ACCOUNT,Madhya Pradesh,ENT-REF-793986,75,0.0585
ENT-007605,ACCOUNT,Uttar Pradesh,ENT-REF-754054,79,0.0787
ENT-007606,BENEFICIARY,Karnataka,ENT-REF-340635,42,0.0887
ENT-007607,DEVICE,Bihar,ENT-REF-378487,56,0.4346
ENT-007608,ACCOUNT,Bihar,ENT-REF-346461,75,0.2562
ENT-007609,BENEFICIARY,Telangana,ENT-REF-126676,62,0.0905
ENT-007610,ACCOUNT,Madhya Pradesh,ENT-REF-262345,1,0.2707
ENT-007611,PHONE,Madhya Pradesh,ENT-REF-583621,18,0.0274
ENT-007612,ACCOUNT,Karnataka,ENT-REF-969273,79,0.4452
ENT-007613,ACCOUNT,Uttar Pradesh,ENT-REF-318371,15,0.3189
ENT-007614,DEVICE,Bihar,ENT-REF-606879,41,0.1786
ENT-007615,PHONE,Rajasthan,ENT-REF-475677,40,0.2091
ENT-007616,ACCOUNT,Karnataka,ENT-REF-500617,58,0.0101
ENT-007617,DEVICE,West Bengal,ENT-REF-594786,56,0.0207
ENT-007618,PHONE,Tamil Nadu,ENT-REF-201491,79,0.3148
ENT-007619,PHONE,Tamil Nadu,ENT-REF-517099,26,0.4137
ENT-007620,PHONE,Delhi,ENT-REF-865104,66,0.103
ENT-007621,DEVICE,Tamil Nadu,ENT-REF-555789,41,0.0265
ENT-007622,ACCOUNT,Madhya Pradesh,ENT-REF-112354,18,0.1909
ENT-007623,ACCOUNT,Rajasthan,ENT-REF-708511,5,0.1927
ENT-007624,ACCOUNT,Tamil Nadu,ENT-REF-187476,17,0.007
ENT-007625,DEVICE,Karnataka,ENT-REF-446563,43,0.0768
ENT-007626,BENEFICIARY,Tamil Nadu,ENT-REF-336635,59,0.1663
ENT-007627,ACCOUNT,Bihar,ENT-REF-240592,78,0.1789
ENT-007628,BENEFICIARY,West Bengal,ENT-REF-998116,73,0.1925
ENT-007629,PHONE,West Bengal,ENT-REF-944601,40,0.0308
ENT-007630,ACCOUNT,Bihar,ENT-REF-665406,8,0.055
ENT-007631,BENEFICIARY,Rajasthan,ENT-REF-222970,34,0.1357
ENT-007632,WALLET,Delhi,ENT-REF-331134,66,0.2458
ENT-007633,WALLET,Tamil Nadu,ENT-REF-334358,35,0.0884
ENT-007634,PHONE,West Bengal,ENT-REF-238472,26,0.2039
ENT-007635,ACCOUNT,Madhya Pradesh,ENT-REF-839585,36,0.2057
ENT-007636,MERCHANT,Madhya Pradesh,ENT-REF-681227,15,0.1055
ENT-007637,ACCOUNT,Maharashtra,ENT-REF-221358,68,0.2927
ENT-007638,WALLET,Uttar Pradesh,ENT-REF-258952,33,0.0228
ENT-007639,PHONE,Bihar,ENT-REF-989405,64,0.3043
ENT-007640,DEVICE,Maharashtra,ENT-REF-153903,51,0.023
ENT-007641,PHONE,Tamil Nadu,ENT-REF-725803,79,0.0855
ENT-007642,ACCOUNT,Delhi,ENT-REF-873725,69,0.107
ENT-007643,DEVICE,Delhi,ENT-REF-918223,41,0.0935
ENT-007644,PHONE,Madhya Pradesh,ENT-REF-199376,2,0.0875
ENT-007645,ACCOUNT,Tamil Nadu,ENT-REF-808044,41,0.0464
ENT-007646,BENEFICIARY,Madhya Pradesh,ENT-REF-794195,11,0.1292
ENT-007647,WALLET,Rajasthan,ENT-REF-810544,34,0.0627
ENT-007648,WALLET,Bihar,ENT-REF-438934,49,0.1459
ENT-007649,WALLET,West Bengal,ENT-REF-415907,31,0.2681
ENT-007650,ACCOUNT,Rajasthan,ENT-REF-519224,52,0.119
ENT-007651,ACCOUNT,Tamil Nadu,ENT-REF-565862,52,0.187
ENT-007652,DEVICE,Karnataka,ENT-REF-279244,75,0.1295
ENT-007653,PHONE,Madhya Pradesh,ENT-REF-346413,11,0.5772
ENT-007654,ACCOUNT,Bihar,ENT-REF-887506,76,0.1901
ENT-007655,DEVICE,Telangana,ENT-REF-818834,73,0.2541
ENT-007656,DEVICE,Uttar Pradesh,ENT-REF-895520,14,0.125
ENT-007657,PHONE,Telangana,ENT-REF-954093,27,0.0143
ENT-007658,PHONE,Rajasthan,ENT-REF-933997,41,0.0583
ENT-007659,PHONE,Uttar Pradesh,ENT-REF-428362,75,0.1357
ENT-007660,MERCHANT,West Bengal,ENT-REF-842597,37,0.2394
ENT-007661,DEVICE,Maharashtra,ENT-REF-794603,11,0.3044
ENT-007662,DEVICE,Karnataka,ENT-REF-681956,2,0.2177
ENT-007663,ACCOUNT,Delhi,ENT-REF-902976,78,0.0485
ENT-007664,WALLET,West Bengal,ENT-REF-948860,56,0.2059
ENT-007665,BENEFICIARY,West Bengal,ENT-REF-484410,20,0.0595
ENT-007666,ACCOUNT,Delhi,ENT-REF-947257,34,0.1013
ENT-007667,WALLET,Uttar Pradesh,ENT-REF-948559,75,0.5106
ENT-007668,DEVICE,Karnataka,ENT-REF-756531,47,0.0572
ENT-007669,DEVICE,Telangana,ENT-REF-388219,58,0.157
ENT-007670,ACCOUNT,Karnataka,ENT-REF-436545,38,0.2065
ENT-007671,ACCOUNT,West Bengal,ENT-REF-929864,68,0.2126
ENT-007672,BENEFICIARY,Tamil Nadu,ENT-REF-105637,64,0.1489
ENT-007673,PHONE,Rajasthan,ENT-REF-940223,4,0.1112
ENT-007674,BENEFICIARY,Telangana,ENT-REF-210383,35,0.2467
ENT-007675,PHONE,Rajasthan,ENT-REF-468174,55,0.2312
ENT-007676,WALLET,Rajasthan,ENT-REF-606634,33,0.0619
ENT-007677,PHONE,Rajasthan,ENT-REF-423121,46,0.1182
ENT-007678,MERCHANT,Rajasthan,ENT-REF-580006,29,0.0419
ENT-007679,WALLET,Telangana,ENT-REF-469917,3,0.3186
ENT-007680,PHONE,Bihar,ENT-REF-787456,23,0.2067
ENT-007681,DEVICE,Bihar,ENT-REF-958938,10,0.2075
ENT-007682,DEVICE,West Bengal,ENT-REF-841615,63,0.1094
ENT-007683,ACCOUNT,Uttar Pradesh,ENT-REF-491706,22,0.08
ENT-007684,WALLET,Rajasthan,ENT-REF-847397,16,0.0949
ENT-007685,PHONE,Uttar Pradesh,ENT-REF-422801,52,0.2202
ENT-007686,PHONE,Telangana,ENT-REF-986389,71,0.0598
ENT-007687,ACCOUNT,Delhi,ENT-REF-505124,71,0.1075
ENT-007688,WALLET,Telangana,ENT-REF-421212,26,0.0212
ENT-007689,MERCHANT,Telangana,ENT-REF-906745,34,0.1503
ENT-007690,ACCOUNT,Delhi,ENT-REF-179206,65,0.2522
ENT-007691,PHONE,Delhi,ENT-REF-193453,51,0.2034
ENT-007692,DEVICE,Uttar Pradesh,ENT-REF-680193,15,0.2272
ENT-007693,PHONE,Madhya Pradesh,ENT-REF-534396,76,0.1093
ENT-007694,MERCHANT,Uttar Pradesh,ENT-REF-502754,71,0.0532
ENT-007695,PHONE,Madhya Pradesh,ENT-REF-677931,27,0.0236
ENT-007696,PHONE,Bihar,ENT-REF-618969,63,0.283
ENT-007697,ACCOUNT,Delhi,ENT-REF-629172,23,0.4998
ENT-007698,ACCOUNT,Karnataka,ENT-REF-192094,54,0.1115
ENT-007699,MERCHANT,Uttar Pradesh,ENT-REF-931104,66,0.1141
ENT-007700,WALLET,Rajasthan,ENT-REF-670756,42,0.0242
ENT-007701,PHONE,Madhya Pradesh,ENT-REF-931290,72,0.1206
ENT-007702,MERCHANT,Bihar,ENT-REF-744376,41,0.0392
ENT-007703,WALLET,Tamil Nadu,ENT-REF-738765,27,0.1535
ENT-007704,BENEFICIARY,Karnataka,ENT-REF-390871,69,0.4277
ENT-007705,MERCHANT,Rajasthan,ENT-REF-702654,32,0.3503
ENT-007706,DEVICE,Rajasthan,ENT-REF-244353,32,0.1069
ENT-007707,DEVICE,West Bengal,ENT-REF-137936,1,0.0405
ENT-007708,WALLET,Telangana,ENT-REF-883546,45,0.0072
ENT-007709,MERCHANT,Telangana,ENT-REF-663797,44,0.2172
ENT-007710,ACCOUNT,Tamil Nadu,ENT-REF-409185,33,0.5995
ENT-007711,ACCOUNT,Karnataka,ENT-REF-940282,41,0.0392
ENT-007712,ACCOUNT,Tamil Nadu,ENT-REF-612378,2,0.066
ENT-007713,MERCHANT,Rajasthan,ENT-REF-763356,6,0.0964
ENT-007714,PHONE,Madhya Pradesh,ENT-REF-819434,65,0.4106
ENT-007715,PHONE,West Bengal,ENT-REF-223309,58,0.0252
ENT-007716,MERCHANT,Karnataka,ENT-REF-986059,64,0.4513
ENT-007717,DEVICE,Rajasthan,ENT-REF-263646,11,0.3474
ENT-007718,DEVICE,Telangana,ENT-REF-834370,66,0.0255
ENT-007719,MERCHANT,Tamil Nadu,ENT-REF-389281,32,0.1151
ENT-007720,DEVICE,Madhya Pradesh,ENT-REF-833394,58,0.3167
ENT-007721,ACCOUNT,Tamil Nadu,ENT-REF-354029,72,0.1196
ENT-007722,BENEFICIARY,Karnataka,ENT-REF-954008,73,0.0535
ENT-007723,MERCHANT,West Bengal,ENT-REF-267227,16,0.0631
ENT-007724,PHONE,Uttar Pradesh,ENT-REF-218535,14,0.3717
ENT-007725,MERCHANT,Rajasthan,ENT-REF-108497,8,0.0445
ENT-007726,WALLET,Karnataka,ENT-REF-358057,32,0.0235
ENT-007727,DEVICE,Maharashtra,ENT-REF-262330,40,0.0513
ENT-007728,PHONE,Karnataka,ENT-REF-180709,2,0.5705
ENT-007729,ACCOUNT,Karnataka,ENT-REF-643850,48,0.1318
ENT-007730,MERCHANT,Telangana,ENT-REF-890501,54,0.2082
ENT-007731,DEVICE,West Bengal,ENT-REF-579906,55,0.2028
ENT-007732,PHONE,Tamil Nadu,ENT-REF-219951,16,0.3515
ENT-007733,PHONE,Uttar Pradesh,ENT-REF-649234,17,0.1911
ENT-007734,ACCOUNT,Bihar,ENT-REF-926165,35,0.2599
ENT-007735,ACCOUNT,Karnataka,ENT-REF-598733,33,0.1037
ENT-007736,PHONE,Rajasthan,ENT-REF-383271,15,0.0519
ENT-007737,ACCOUNT,Tamil Nadu,ENT-REF-745945,5,0.2231
ENT-007738,WALLET,Rajasthan,ENT-REF-995169,5,0.1777
ENT-007739,BENEFICIARY,West Bengal,ENT-REF-464996,8,0.415
ENT-007740,WALLET,Delhi,ENT-REF-197934,28,0.3127
ENT-007741,ACCOUNT,Karnataka,ENT-REF-503703,49,0.1213
ENT-007742,ACCOUNT,Delhi,ENT-REF-527251,22,0.1567
ENT-007743,BENEFICIARY,Madhya Pradesh,ENT-REF-111841,43,0.2892
ENT-007744,PHONE,Tamil Nadu,ENT-REF-836181,71,0.2486
ENT-007745,WALLET,Telangana,ENT-REF-607186,57,0.0684
ENT-007746,PHONE,Tamil Nadu,ENT-REF-226988,50,0.2271
ENT-007747,ACCOUNT,Telangana,ENT-REF-611146,71,0.2692
ENT-007748,BENEFICIARY,Rajasthan,ENT-REF-730321,54,0.2217
ENT-007749,PHONE,Rajasthan,ENT-REF-174727,64,0.1354
ENT-007750,BENEFICIARY,Bihar,ENT-REF-961680,55,0.0764
ENT-007751,PHONE,Madhya Pradesh,ENT-REF-345658,54,0.1176
ENT-007752,DEVICE,West Bengal,ENT-REF-449847,19,0.003
ENT-007753,ACCOUNT,Uttar Pradesh,ENT-REF-784243,27,0.0968
ENT-007754,ACCOUNT,Rajasthan,ENT-REF-211538,68,0.168
ENT-007755,DEVICE,Madhya Pradesh,ENT-REF-176872,63,0.0956
ENT-007756,DEVICE,Rajasthan,ENT-REF-216467,64,0.1035
ENT-007757,MERCHANT,Rajasthan,ENT-REF-779781,62,0.1829
ENT-007758,DEVICE,Tamil Nadu,ENT-REF-234927,27,0.4116
ENT-007759,WALLET,Telangana,ENT-REF-630424,34,0.0518
ENT-007760,DEVICE,Karnataka,ENT-REF-986573,12,0.0406
ENT-007761,PHONE,Delhi,ENT-REF-497178,71,0.3561
ENT-007762,WALLET,West Bengal,ENT-REF-932169,37,0.2092
ENT-007763,WALLET,Rajasthan,ENT-REF-358036,11,0.3573
ENT-007764,DEVICE,Uttar Pradesh,ENT-REF-771508,42,0.1646
ENT-007765,PHONE,Telangana,ENT-REF-938041,58,0.2723
ENT-007766,PHONE,Telangana,ENT-REF-332385,45,0.2727
ENT-007767,PHONE,Rajasthan,ENT-REF-502080,27,0.1844
ENT-007768,ACCOUNT,Madhya Pradesh,ENT-REF-671365,20,0.0475
ENT-007769,PHONE,West Bengal,ENT-REF-581366,49,0.5033
ENT-007770,BENEFICIARY,Karnataka,ENT-REF-902031,60,0.2543
ENT-007771,PHONE,Bihar,ENT-REF-938770,74,0.0304
ENT-007772,PHONE,Telangana,ENT-REF-199832,77,0.074
ENT-007773,WALLET,West Bengal,ENT-REF-557720,45,0.2887
ENT-007774,DEVICE,Madhya Pradesh,ENT-REF-180368,43,0.0856
ENT-007775,WALLET,Rajasthan,ENT-REF-742179,79,0.2101
ENT-007776,ACCOUNT,West Bengal,ENT-REF-332228,54,0.1577
ENT-007777,MERCHANT,Bihar,ENT-REF-623748,70,0.0395
ENT-007778,ACCOUNT,Maharashtra,ENT-REF-825031,22,0.0737
ENT-007779,WALLET,Telangana,ENT-REF-842238,12,0.0516
ENT-007780,DEVICE,Karnataka,ENT-REF-549586,26,0.2134
ENT-007781,DEVICE,Maharashtra,ENT-REF-971000,20,0.2673
ENT-007782,DEVICE,Uttar Pradesh,ENT-REF-355342,27,0.3318
ENT-007783,ACCOUNT,Telangana,ENT-REF-613757,17,0.1228
ENT-007784,MERCHANT,Delhi,ENT-REF-874140,55,0.0922
ENT-007785,BENEFICIARY,Rajasthan,ENT-REF-309497,29,0.0065
ENT-007786,BENEFICIARY,Telangana,ENT-REF-779507,23,0.276
ENT-007787,PHONE,Bihar,ENT-REF-390786,66,0.0846
ENT-007788,BENEFICIARY,Madhya Pradesh,ENT-REF-852878,37,0.2851
ENT-007789,BENEFICIARY,West Bengal,ENT-REF-248769,8,0.1544
ENT-007790,PHONE,Maharashtra,ENT-REF-451261,72,0.2118
ENT-007791,PHONE,Maharashtra,ENT-REF-445167,75,0.0825
ENT-007792,BENEFICIARY,Rajasthan,ENT-REF-441910,35,0.274
ENT-007793,MERCHANT,Delhi,ENT-REF-111827,1,0.1176
ENT-007794,ACCOUNT,Karnataka,ENT-REF-843053,43,0.0952
ENT-007795,ACCOUNT,Rajasthan,ENT-REF-953710,23,0.5242
ENT-007796,MERCHANT,Delhi,ENT-REF-977756,2,0.1331
ENT-007797,ACCOUNT,West Bengal,ENT-REF-822772,7,0.1305
ENT-007798,WALLET,West Bengal,ENT-REF-101426,46,0.0533
ENT-007799,PHONE,Uttar Pradesh,ENT-REF-303029,57,0.1475
ENT-007800,MERCHANT,Delhi,ENT-REF-638208,34,0.1435
ENT-007801,ACCOUNT,Madhya Pradesh,ENT-REF-490543,6,0.178
ENT-007802,DEVICE,Telangana,ENT-REF-319693,62,0.0495
ENT-007803,MERCHANT,Maharashtra,ENT-REF-142767,4,0.2647
ENT-007804,MERCHANT,Madhya Pradesh,ENT-REF-655774,72,0.0781
ENT-007805,BENEFICIARY,Telangana,ENT-REF-780082,11,0.141
ENT-007806,PHONE,Rajasthan,ENT-REF-671210,35,0.3397
ENT-007807,ACCOUNT,Tamil Nadu,ENT-REF-325641,41,0.2249
ENT-007808,WALLET,Bihar,ENT-REF-968293,1,0.3462
ENT-007809,WALLET,Telangana,ENT-REF-804272,71,0.6631
ENT-007810,DEVICE,Madhya Pradesh,ENT-REF-372400,13,0.0722
ENT-007811,ACCOUNT,Maharashtra,ENT-REF-436818,15,0.345
ENT-007812,BENEFICIARY,Telangana,ENT-REF-529685,43,0.1378
ENT-007813,PHONE,Madhya Pradesh,ENT-REF-212671,6,0.1359
ENT-007814,PHONE,Delhi,ENT-REF-264808,28,0.2326
ENT-007815,ACCOUNT,Uttar Pradesh,ENT-REF-901803,67,0.2066
ENT-007816,ACCOUNT,Tamil Nadu,ENT-REF-884180,78,0.1625
ENT-007817,ACCOUNT,West Bengal,ENT-REF-422943,62,0.0903
ENT-007818,DEVICE,Karnataka,ENT-REF-730369,78,0.1621
ENT-007819,BENEFICIARY,Telangana,ENT-REF-586745,18,0.0959
ENT-007820,PHONE,Delhi,ENT-REF-886190,64,0.1396
ENT-007821,ACCOUNT,Uttar Pradesh,ENT-REF-703805,42,0.1035
ENT-007822,BENEFICIARY,Rajasthan,ENT-REF-397099,36,0.1368
ENT-007823,DEVICE,Karnataka,ENT-REF-669850,15,0.2523
ENT-007824,ACCOUNT,Bihar,ENT-REF-927739,23,0.3065
ENT-007825,DEVICE,Telangana,ENT-REF-592499,71,0.1594
ENT-007826,DEVICE,Rajasthan,ENT-REF-464111,43,0.1854
ENT-007827,ACCOUNT,Karnataka,ENT-REF-208314,39,0.0758
ENT-007828,MERCHANT,Karnataka,ENT-REF-593744,36,0.2004
ENT-007829,PHONE,Madhya Pradesh,ENT-REF-720858,33,0.0826
ENT-007830,MERCHANT,Delhi,ENT-REF-357266,63,0.083
ENT-007831,ACCOUNT,Tamil Nadu,ENT-REF-181624,2,0.1692
ENT-007832,WALLET,West Bengal,ENT-REF-194926,47,0.0548
ENT-007833,BENEFICIARY,Tamil Nadu,ENT-REF-330140,33,0.0291
ENT-007834,WALLET,Madhya Pradesh,ENT-REF-193755,40,0.0992
ENT-007835,DEVICE,Madhya Pradesh,ENT-REF-473315,47,0.2242
ENT-007836,DEVICE,Telangana,ENT-REF-149030,55,0.1084
ENT-007837,PHONE,Telangana,ENT-REF-675525,32,0.0996
ENT-007838,DEVICE,Karnataka,ENT-REF-323006,76,0.0865
ENT-007839,ACCOUNT,Madhya Pradesh,ENT-REF-237340,49,0.1714
ENT-007840,ACCOUNT,Telangana,ENT-REF-876471,50,0.0526
ENT-007841,PHONE,Bihar,ENT-REF-940885,71,0.277
ENT-007842,PHONE,Delhi,ENT-REF-846723,1,0.2153
ENT-007843,ACCOUNT,Bihar,ENT-REF-827582,25,0.0433
ENT-007844,PHONE,Maharashtra,ENT-REF-780896,70,0.1809
ENT-007845,ACCOUNT,Madhya Pradesh,ENT-REF-261305,64,0.2624
ENT-007846,ACCOUNT,Karnataka,ENT-REF-821848,2,0.0693
ENT-007847,ACCOUNT,Delhi,ENT-REF-386246,61,0.083
ENT-007848,PHONE,Telangana,ENT-REF-226258,35,0.0134
ENT-007849,BENEFICIARY,Telangana,ENT-REF-165811,74,0.0933
ENT-007850,MERCHANT,Karnataka,ENT-REF-153657,8,0.2312
ENT-007851,ACCOUNT,Delhi,ENT-REF-631376,1,0.1111
ENT-007852,DEVICE,Telangana,ENT-REF-372845,55,0.1043
ENT-007853,ACCOUNT,Maharashtra,ENT-REF-459247,79,0.2372
ENT-007854,PHONE,West Bengal,ENT-REF-651953,40,0.0823
ENT-007855,DEVICE,Madhya Pradesh,ENT-REF-686594,58,0.2657
ENT-007856,ACCOUNT,Karnataka,ENT-REF-693888,56,0.2995
ENT-007857,PHONE,Madhya Pradesh,ENT-REF-412438,50,0.3068
ENT-007858,ACCOUNT,Delhi,ENT-REF-637324,48,0.2685
ENT-007859,PHONE,Uttar Pradesh,ENT-REF-984341,28,0.1189
ENT-007860,ACCOUNT,Rajasthan,ENT-REF-970588,44,0.0388
ENT-007861,ACCOUNT,West Bengal,ENT-REF-551898,57,0.0499
ENT-007862,PHONE,Karnataka,ENT-REF-324597,31,0.1663
ENT-007863,ACCOUNT,Uttar Pradesh,ENT-REF-350501,38,0.2763
ENT-007864,WALLET,Delhi,ENT-REF-361955,73,0.186
ENT-007865,BENEFICIARY,West Bengal,ENT-REF-641437,11,0.1851
ENT-007866,BENEFICIARY,Delhi,ENT-REF-798165,53,0.0986
ENT-007867,PHONE,Uttar Pradesh,ENT-REF-127744,45,0.3296
ENT-007868,ACCOUNT,Madhya Pradesh,ENT-REF-765108,54,0.1396
ENT-007869,WALLET,West Bengal,ENT-REF-986824,12,0.1075
ENT-007870,WALLET,Tamil Nadu,ENT-REF-263034,68,0.2499
ENT-007871,ACCOUNT,Rajasthan,ENT-REF-909055,5,0.2917
ENT-007872,WALLET,Bihar,ENT-REF-736043,24,0.1753
ENT-007873,PHONE,Uttar Pradesh,ENT-REF-479974,3,0.4959
ENT-007874,DEVICE,Karnataka,ENT-REF-580750,22,0.1269
ENT-007875,PHONE,Madhya Pradesh,ENT-REF-510613,45,0.1099
ENT-007876,ACCOUNT,Rajasthan,ENT-REF-854867,75,0.3483
ENT-007877,WALLET,Delhi,ENT-REF-522134,74,0.3093
ENT-007878,ACCOUNT,Maharashtra,ENT-REF-288706,32,0.2256
ENT-007879,DEVICE,Delhi,ENT-REF-296324,33,0.2233
ENT-007880,MERCHANT,Maharashtra,ENT-REF-739181,3,0.1529
ENT-007881,ACCOUNT,Delhi,ENT-REF-843628,44,0.0814
ENT-007882,PHONE,Madhya Pradesh,ENT-REF-920856,16,0.2932
ENT-007883,DEVICE,Telangana,ENT-REF-373608,62,0.06
ENT-007884,WALLET,West Bengal,ENT-REF-446549,47,0.1133
ENT-007885,MERCHANT,Delhi,ENT-REF-847371,38,0.2442
ENT-007886,ACCOUNT,Delhi,ENT-REF-705841,56,0.3763
ENT-007887,DEVICE,Karnataka,ENT-REF-762495,38,0.1936
ENT-007888,ACCOUNT,West Bengal,ENT-REF-990694,63,0.298
ENT-007889,DEVICE,Telangana,ENT-REF-789267,71,0.0936
ENT-007890,BENEFICIARY,Bihar,ENT-REF-506204,34,0.1854
ENT-007891,WALLET,Telangana,ENT-REF-806614,11,0.289
ENT-007892,ACCOUNT,Karnataka,ENT-REF-408697,53,0.1159
ENT-007893,PHONE,West Bengal,ENT-REF-960180,38,0.0364
ENT-007894,ACCOUNT,Bihar,ENT-REF-122653,7,0.4237
ENT-007895,BENEFICIARY,Karnataka,ENT-REF-693111,12,0.1143
ENT-007896,WALLET,West Bengal,ENT-REF-225561,49,0.1949
ENT-007897,ACCOUNT,Maharashtra,ENT-REF-638718,33,0.2098
ENT-007898,DEVICE,Rajasthan,ENT-REF-547095,34,0.2369
ENT-007899,ACCOUNT,Uttar Pradesh,ENT-REF-253568,40,0.4721
ENT-007900,MERCHANT,Rajasthan,ENT-REF-965215,16,0.2265
ENT-007901,PHONE,West Bengal,ENT-REF-822155,79,0.0332
ENT-007902,ACCOUNT,West Bengal,ENT-REF-329151,22,0.0634
ENT-007903,ACCOUNT,Delhi,ENT-REF-369076,22,0.3306
ENT-007904,ACCOUNT,Telangana,ENT-REF-682859,19,0.1975
ENT-007905,PHONE,Madhya Pradesh,ENT-REF-254702,67,0.1624
ENT-007906,WALLET,Uttar Pradesh,ENT-REF-617914,7,0.1358
ENT-007907,BENEFICIARY,Karnataka,ENT-REF-277055,49,0.1186
ENT-007908,WALLET,Uttar Pradesh,ENT-REF-856883,40,0.3165
ENT-007909,ACCOUNT,Maharashtra,ENT-REF-525736,12,0.1646
ENT-007910,WALLET,Karnataka,ENT-REF-608279,43,0.0346
ENT-007911,ACCOUNT,Bihar,ENT-REF-177320,48,0.1474
ENT-007912,PHONE,Delhi,ENT-REF-753211,12,0.1816
ENT-007913,PHONE,West Bengal,ENT-REF-823582,74,0.0373
ENT-007914,DEVICE,Tamil Nadu,ENT-REF-594859,53,0.1964
ENT-007915,BENEFICIARY,Delhi,ENT-REF-508047,34,0.0663
ENT-007916,BENEFICIARY,Telangana,ENT-REF-561066,58,0.1471
ENT-007917,ACCOUNT,Tamil Nadu,ENT-REF-589073,25,0.1407
ENT-007918,DEVICE,Karnataka,ENT-REF-459727,44,0.1373
ENT-007919,MERCHANT,Bihar,ENT-REF-895748,40,0.158
ENT-007920,PHONE,Delhi,ENT-REF-570493,54,0.0989
ENT-007921,ACCOUNT,Bihar,ENT-REF-821003,31,0.3939
ENT-007922,ACCOUNT,Rajasthan,ENT-REF-669994,4,0.1441
ENT-007923,DEVICE,Karnataka,ENT-REF-423917,45,0.1537
ENT-007924,DEVICE,Delhi,ENT-REF-631565,6,0.1858
ENT-007925,PHONE,Maharashtra,ENT-REF-892721,78,0.31
ENT-007926,PHONE,Madhya Pradesh,ENT-REF-807909,36,0.1506
ENT-007927,BENEFICIARY,Telangana,ENT-REF-851586,36,0.1771
ENT-007928,ACCOUNT,Bihar,ENT-REF-429554,14,0.195
ENT-007929,PHONE,Telangana,ENT-REF-235092,31,0.2023
ENT-007930,ACCOUNT,West Bengal,ENT-REF-201735,64,0.1264
ENT-007931,PHONE,Rajasthan,ENT-REF-829471,65,0.2982
ENT-007932,ACCOUNT,Delhi,ENT-REF-164028,64,0.0665
ENT-007933,PHONE,Uttar Pradesh,ENT-REF-900810,45,0.1345
ENT-007934,ACCOUNT,Telangana,ENT-REF-423651,55,0.1819
ENT-007935,PHONE,Uttar Pradesh,ENT-REF-715478,14,0.0222
ENT-007936,BENEFICIARY,Madhya Pradesh,ENT-REF-435460,37,0.3214
ENT-007937,ACCOUNT,Maharashtra,ENT-REF-317122,19,0.106
ENT-007938,BENEFICIARY,Uttar Pradesh,ENT-REF-412000,45,0.0465
ENT-007939,PHONE,Uttar Pradesh,ENT-REF-432535,73,0.599
ENT-007940,ACCOUNT,Tamil Nadu,ENT-REF-427599,56,0.2752
ENT-007941,MERCHANT,West Bengal,ENT-REF-535603,16,0.1123
ENT-007942,BENEFICIARY,Telangana,ENT-REF-867428,1,0.1589
ENT-007943,DEVICE,Madhya Pradesh,ENT-REF-849189,21,0.194
ENT-007944,MERCHANT,Uttar Pradesh,ENT-REF-346470,72,0.2252
ENT-007945,DEVICE,Uttar Pradesh,ENT-REF-512100,31,0.1727
ENT-007946,BENEFICIARY,Maharashtra,ENT-REF-128236,52,0.1167
ENT-007947,MERCHANT,Delhi,ENT-REF-271998,20,0.3434
ENT-007948,PHONE,West Bengal,ENT-REF-950162,57,0.2956
ENT-007949,MERCHANT,Maharashtra,ENT-REF-418715,50,0.0222
ENT-007950,WALLET,Uttar Pradesh,ENT-REF-761995,8,0.2713
ENT-007951,PHONE,Delhi,ENT-REF-675697,73,0.1555
ENT-007952,MERCHANT,Uttar Pradesh,ENT-REF-689974,64,0.3681
ENT-007953,BENEFICIARY,Bihar,ENT-REF-298024,5,0.4008
ENT-007954,BENEFICIARY,Maharashtra,ENT-REF-997591,17,0.0357
ENT-007955,PHONE,Karnataka,ENT-REF-613508,36,0.0927
ENT-007956,WALLET,Rajasthan,ENT-REF-381808,20,0.1563
ENT-007957,PHONE,Tamil Nadu,ENT-REF-936253,12,0.1778
ENT-007958,PHONE,Bihar,ENT-REF-398499,16,0.0544
ENT-007959,WALLET,Uttar Pradesh,ENT-REF-218206,39,0.2539
ENT-007960,ACCOUNT,Madhya Pradesh,ENT-REF-185286,27,0.4464
ENT-007961,DEVICE,Tamil Nadu,ENT-REF-324924,59,0.1783
ENT-007962,PHONE,West Bengal,ENT-REF-906419,16,0.2387
ENT-007963,ACCOUNT,West Bengal,ENT-REF-849263,34,0.1644
ENT-007964,WALLET,Delhi,ENT-REF-516672,50,0.23
ENT-007965,ACCOUNT,West Bengal,ENT-REF-361794,24,0.0419
ENT-007966,ACCOUNT,West Bengal,ENT-REF-823275,34,0.1233
ENT-007967,DEVICE,Telangana,ENT-REF-445806,21,0.339
ENT-007968,ACCOUNT,West Bengal,ENT-REF-848231,26,0.0897
ENT-007969,WALLET,Rajasthan,ENT-REF-514081,67,0.0922
ENT-007970,WALLET,Delhi,ENT-REF-675709,30,0.3038
ENT-007971,ACCOUNT,Madhya Pradesh,ENT-REF-202820,29,0.028
ENT-007972,DEVICE,Delhi,ENT-REF-480412,27,0.237
ENT-007973,PHONE,Bihar,ENT-REF-692203,55,0.0926
ENT-007974,WALLET,Rajasthan,ENT-REF-885819,1,0.0672
ENT-007975,DEVICE,Rajasthan,ENT-REF-943203,38,0.0882
ENT-007976,WALLET,Madhya Pradesh,ENT-REF-257184,60,0.2237
ENT-007977,MERCHANT,Tamil Nadu,ENT-REF-221832,69,0.0745
ENT-007978,DEVICE,Maharashtra,ENT-REF-409593,56,0.1128
ENT-007979,BENEFICIARY,Delhi,ENT-REF-892699,37,0.1176
ENT-007980,WALLET,Karnataka,ENT-REF-712710,9,0.6001
ENT-007981,ACCOUNT,Rajasthan,ENT-REF-893708,22,0.127
ENT-007982,PHONE,Telangana,ENT-REF-422424,38,0.1973
ENT-007983,PHONE,Bihar,ENT-REF-511468,70,0.2568
ENT-007984,PHONE,Telangana,ENT-REF-374828,8,0.0517
ENT-007985,ACCOUNT,Karnataka,ENT-REF-994845,65,0.192
ENT-007986,WALLET,West Bengal,ENT-REF-619072,16,0.4954
ENT-007987,DEVICE,West Bengal,ENT-REF-600456,43,0.2338
ENT-007988,PHONE,Uttar Pradesh,ENT-REF-931734,77,0.2267
ENT-007989,PHONE,Karnataka,ENT-REF-645089,1,0.1031
ENT-007990,PHONE,Bihar,ENT-REF-455022,13,0.1628
ENT-007991,ACCOUNT,Madhya Pradesh,ENT-REF-255215,72,0.6023
ENT-007992,ACCOUNT,Telangana,ENT-REF-359025,10,0.2743
ENT-007993,ACCOUNT,Uttar Pradesh,ENT-REF-148771,17,0.1716
ENT-007994,ACCOUNT,Delhi,ENT-REF-806218,55,0.4086
ENT-007995,ACCOUNT,Tamil Nadu,ENT-REF-910832,12,0.1478
ENT-007996,ACCOUNT,Telangana,ENT-REF-427932,50,0.0541
ENT-007997,ACCOUNT,Telangana,ENT-REF-159484,4,0.3886
ENT-007998,PHONE,Bihar,ENT-REF-899511,3,0.034
ENT-007999,ACCOUNT,Uttar Pradesh,ENT-REF-175707,2,0.3181
ENT-008000,BENEFICIARY,Uttar Pradesh,ENT-REF-150029,31,0.0309
ENT-008001,MERCHANT,Delhi,ENT-REF-861916,11,0.1391
ENT-008002,ACCOUNT,Madhya Pradesh,ENT-REF-612267,20,0.46
ENT-008003,MERCHANT,Maharashtra,ENT-REF-843824,71,0.1051
ENT-008004,BENEFICIARY,Rajasthan,ENT-REF-271910,48,0.0605
ENT-008005,ACCOUNT,Tamil Nadu,ENT-REF-996990,7,0.1816
ENT-008006,DEVICE,Bihar,ENT-REF-166539,68,0.3561
ENT-008007,DEVICE,Rajasthan,ENT-REF-501190,19,0.2516
ENT-008008,PHONE,Madhya Pradesh,ENT-REF-933241,44,0.2456
ENT-008009,MERCHANT,Rajasthan,ENT-REF-380833,67,0.0312
ENT-008010,DEVICE,Karnataka,ENT-REF-492041,60,0.1371
ENT-008011,BENEFICIARY,Uttar Pradesh,ENT-REF-578163,46,0.1361
ENT-008012,WALLET,Bihar,ENT-REF-442442,11,0.0377
ENT-008013,PHONE,Karnataka,ENT-REF-900750,13,0.2155
ENT-008014,ACCOUNT,Karnataka,ENT-REF-898916,50,0.2694
ENT-008015,ACCOUNT,Uttar Pradesh,ENT-REF-293672,54,0.0925
ENT-008016,ACCOUNT,Karnataka,ENT-REF-652716,39,0.1567
ENT-008017,PHONE,Bihar,ENT-REF-127152,65,0.1993
ENT-008018,ACCOUNT,Uttar Pradesh,ENT-REF-529785,61,0.2278
ENT-008019,MERCHANT,Tamil Nadu,ENT-REF-599240,4,0.1085
ENT-008020,WALLET,West Bengal,ENT-REF-820085,48,0.215
ENT-008021,ACCOUNT,Karnataka,ENT-REF-136216,8,0.1423
ENT-008022,ACCOUNT,Uttar Pradesh,ENT-REF-912064,27,0.2148
ENT-008023,MERCHANT,Rajasthan,ENT-REF-984944,61,0.1864
ENT-008024,MERCHANT,Madhya Pradesh,ENT-REF-526552,67,0.2477
ENT-008025,DEVICE,Tamil Nadu,ENT-REF-856346,3,0.401
ENT-008026,MERCHANT,West Bengal,ENT-REF-397736,41,0.0913
ENT-008027,PHONE,Karnataka,ENT-REF-357259,5,0.0893
ENT-008028,ACCOUNT,West Bengal,ENT-REF-107699,70,0.0731
ENT-008029,ACCOUNT,Bihar,ENT-REF-454624,75,0.1657
ENT-008030,PHONE,Telangana,ENT-REF-147273,5,0.0673
ENT-008031,ACCOUNT,Delhi,ENT-REF-738232,39,0.3965
ENT-008032,WALLET,Delhi,ENT-REF-551855,67,0.4035
ENT-008033,BENEFICIARY,Rajasthan,ENT-REF-310454,17,0.1206
ENT-008034,PHONE,Telangana,ENT-REF-951061,5,0.215
ENT-008035,PHONE,Tamil Nadu,ENT-REF-399537,46,0.0966
ENT-008036,DEVICE,Uttar Pradesh,ENT-REF-924729,76,0.1482
ENT-008037,BENEFICIARY,Tamil Nadu,ENT-REF-670784,21,0.4967
ENT-008038,BENEFICIARY,Maharashtra,ENT-REF-480746,14,0.1517
ENT-008039,DEVICE,Karnataka,ENT-REF-667281,47,0.1244
ENT-008040,PHONE,Telangana,ENT-REF-613972,62,0.1089
ENT-008041,PHONE,West Bengal,ENT-REF-588689,48,0.413
ENT-008042,WALLET,Rajasthan,ENT-REF-298519,30,0.4597
ENT-008043,ACCOUNT,Telangana,ENT-REF-332624,5,0.4726
ENT-008044,MERCHANT,Uttar Pradesh,ENT-REF-208524,52,0.0596
ENT-008045,PHONE,Tamil Nadu,ENT-REF-250931,34,0.1313
ENT-008046,DEVICE,Rajasthan,ENT-REF-203259,65,0.2076
ENT-008047,DEVICE,Uttar Pradesh,ENT-REF-255711,39,0.1139
ENT-008048,ACCOUNT,Uttar Pradesh,ENT-REF-316547,37,0.0228
ENT-008049,BENEFICIARY,Madhya Pradesh,ENT-REF-777150,40,0.2578
ENT-008050,ACCOUNT,Tamil Nadu,ENT-REF-827674,56,0.1354
ENT-008051,DEVICE,Bihar,ENT-REF-351303,17,0.1726
ENT-008052,DEVICE,Uttar Pradesh,ENT-REF-115647,60,0.1127
ENT-008053,ACCOUNT,Telangana,ENT-REF-894290,26,0.0145
ENT-008054,PHONE,Karnataka,ENT-REF-686980,52,0.0393
ENT-008055,BENEFICIARY,Maharashtra,ENT-REF-670622,44,0.5676
ENT-008056,ACCOUNT,Telangana,ENT-REF-797931,79,0.2177
ENT-008057,DEVICE,Telangana,ENT-REF-709986,21,0.0114
ENT-008058,PHONE,Bihar,ENT-REF-404457,40,0.0581
ENT-008059,ACCOUNT,Tamil Nadu,ENT-REF-968933,45,0.142
ENT-008060,ACCOUNT,Uttar Pradesh,ENT-REF-942256,73,0.1233
ENT-008061,BENEFICIARY,Maharashtra,ENT-REF-852712,57,0.1153
ENT-008062,ACCOUNT,Uttar Pradesh,ENT-REF-942800,17,0.4464
ENT-008063,ACCOUNT,Uttar Pradesh,ENT-REF-654652,6,0.0538
ENT-008064,PHONE,Telangana,ENT-REF-923930,21,0.0215
ENT-008065,MERCHANT,Maharashtra,ENT-REF-589215,47,0.0134
ENT-008066,MERCHANT,Telangana,ENT-REF-265237,14,0.312
ENT-008067,DEVICE,Bihar,ENT-REF-973018,2,0.4905
ENT-008068,PHONE,Telangana,ENT-REF-594039,62,0.1827
ENT-008069,ACCOUNT,Rajasthan,ENT-REF-149125,43,0.2031
ENT-008070,BENEFICIARY,West Bengal,ENT-REF-770410,40,0.2191
ENT-008071,ACCOUNT,Telangana,ENT-REF-495004,19,0.224
ENT-008072,MERCHANT,Telangana,ENT-REF-665608,42,0.1738
ENT-008073,MERCHANT,Tamil Nadu,ENT-REF-872055,75,0.2339
ENT-008074,DEVICE,Uttar Pradesh,ENT-REF-737062,54,0.3283
ENT-008075,PHONE,Tamil Nadu,ENT-REF-514817,74,0.067
ENT-008076,WALLET,Delhi,ENT-REF-991785,50,0.1751
ENT-008077,ACCOUNT,Bihar,ENT-REF-288333,56,0.3001
ENT-008078,BENEFICIARY,Delhi,ENT-REF-164582,57,0.2667
ENT-008079,ACCOUNT,Karnataka,ENT-REF-809108,76,0.1461
ENT-008080,BENEFICIARY,Rajasthan,ENT-REF-893495,55,0.0358
ENT-008081,ACCOUNT,Telangana,ENT-REF-342411,74,0.259
ENT-008082,PHONE,Maharashtra,ENT-REF-600800,71,0.0256
ENT-008083,WALLET,Bihar,ENT-REF-386915,22,0.0564
ENT-008084,PHONE,Telangana,ENT-REF-521017,24,0.1846
ENT-008085,PHONE,Bihar,ENT-REF-503535,28,0.047
ENT-008086,PHONE,Madhya Pradesh,ENT-REF-611469,64,0.042
ENT-008087,PHONE,Tamil Nadu,ENT-REF-408619,61,0.2206
ENT-008088,PHONE,West Bengal,ENT-REF-221540,31,0.0427
ENT-008089,WALLET,Uttar Pradesh,ENT-REF-165269,43,0.1697
ENT-008090,ACCOUNT,Rajasthan,ENT-REF-835791,31,0.187
ENT-008091,ACCOUNT,Madhya Pradesh,ENT-REF-729032,58,0.2445
ENT-008092,PHONE,Karnataka,ENT-REF-567227,55,0.0839
ENT-008093,ACCOUNT,Karnataka,ENT-REF-298497,47,0.2067
ENT-008094,PHONE,Maharashtra,ENT-REF-378056,78,0.4495
ENT-008095,ACCOUNT,Madhya Pradesh,ENT-REF-225314,22,0.0815
ENT-008096,ACCOUNT,Tamil Nadu,ENT-REF-251580,76,0.444
ENT-008097,PHONE,Maharashtra,ENT-REF-742717,15,0.1443
ENT-008098,BENEFICIARY,West Bengal,ENT-REF-656911,17,0.0742
ENT-008099,WALLET,Rajasthan,ENT-REF-827142,18,0.0599
ENT-008100,MERCHANT,Uttar Pradesh,ENT-REF-588855,45,0.1264
ENT-008101,PHONE,Rajasthan,ENT-REF-807006,6,0.2761
ENT-008102,WALLET,Rajasthan,ENT-REF-525691,50,0.0491
ENT-008103,ACCOUNT,Uttar Pradesh,ENT-REF-187289,46,0.1523
ENT-008104,PHONE,Madhya Pradesh,ENT-REF-287088,49,0.0348
ENT-008105,PHONE,Bihar,ENT-REF-263461,14,0.1205
ENT-008106,ACCOUNT,Maharashtra,ENT-REF-411392,54,0.3381
ENT-008107,BENEFICIARY,Uttar Pradesh,ENT-REF-491147,22,0.0284
ENT-008108,ACCOUNT,Karnataka,ENT-REF-344244,40,0.0833
ENT-008109,ACCOUNT,Bihar,ENT-REF-718065,25,0.0509
ENT-008110,ACCOUNT,Delhi,ENT-REF-935626,57,0.3076
ENT-008111,ACCOUNT,Bihar,ENT-REF-200650,62,0.108
ENT-008112,BENEFICIARY,Bihar,ENT-REF-887512,79,0.2323
ENT-008113,BENEFICIARY,Maharashtra,ENT-REF-268274,1,0.341
ENT-008114,WALLET,West Bengal,ENT-REF-545238,54,0.1507
ENT-008115,MERCHANT,Madhya Pradesh,ENT-REF-366270,69,0.3663
ENT-008116,ACCOUNT,West Bengal,ENT-REF-131567,12,0.5133
ENT-008117,DEVICE,Telangana,ENT-REF-834192,49,0.2465
ENT-008118,ACCOUNT,Rajasthan,ENT-REF-887213,46,0.1934
ENT-008119,PHONE,Uttar Pradesh,ENT-REF-404312,28,0.2459
ENT-008120,PHONE,Tamil Nadu,ENT-REF-647266,19,0.0373
ENT-008121,MERCHANT,Rajasthan,ENT-REF-621352,3,0.2829
ENT-008122,PHONE,Maharashtra,ENT-REF-206750,43,0.1637
ENT-008123,PHONE,Bihar,ENT-REF-375985,71,0.0438
ENT-008124,PHONE,Rajasthan,ENT-REF-268051,49,0.1795
ENT-008125,PHONE,Telangana,ENT-REF-944854,49,0.2388
ENT-008126,WALLET,Delhi,ENT-REF-201731,12,0.0491
ENT-008127,ACCOUNT,Madhya Pradesh,ENT-REF-691997,31,0.0319
ENT-008128,DEVICE,Madhya Pradesh,ENT-REF-919422,37,0.1047
ENT-008129,ACCOUNT,Karnataka,ENT-REF-640789,71,0.1151
ENT-008130,PHONE,Bihar,ENT-REF-340890,75,0.1171
ENT-008131,PHONE,Uttar Pradesh,ENT-REF-579505,7,0.0798
ENT-008132,WALLET,Bihar,ENT-REF-266746,73,0.2639
ENT-008133,ACCOUNT,Karnataka,ENT-REF-962268,51,0.1476
ENT-008134,ACCOUNT,Delhi,ENT-REF-475357,18,0.1905
ENT-008135,ACCOUNT,Madhya Pradesh,ENT-REF-439127,55,0.2008
ENT-008136,ACCOUNT,Bihar,ENT-REF-815954,76,0.0432
ENT-008137,ACCOUNT,Tamil Nadu,ENT-REF-549174,30,0.0353
ENT-008138,ACCOUNT,West Bengal,ENT-REF-567329,51,0.3326
ENT-008139,BENEFICIARY,Tamil Nadu,ENT-REF-819433,41,0.4568
ENT-008140,ACCOUNT,Karnataka,ENT-REF-675764,25,0.2031
ENT-008141,PHONE,Madhya Pradesh,ENT-REF-144150,25,0.0916
ENT-008142,DEVICE,Rajasthan,ENT-REF-614655,76,0.2099
ENT-008143,WALLET,Uttar Pradesh,ENT-REF-444893,21,0.0421
ENT-008144,PHONE,Rajasthan,ENT-REF-205743,32,0.2756
ENT-008145,DEVICE,Madhya Pradesh,ENT-REF-198847,63,0.0092
ENT-008146,DEVICE,Karnataka,ENT-REF-645717,39,0.1619
ENT-008147,PHONE,Rajasthan,ENT-REF-278817,15,0.2206
ENT-008148,ACCOUNT,Telangana,ENT-REF-650116,29,0.0702
ENT-008149,DEVICE,Uttar Pradesh,ENT-REF-154715,49,0.3467
ENT-008150,PHONE,Rajasthan,ENT-REF-989455,32,0.0908
ENT-008151,ACCOUNT,Uttar Pradesh,ENT-REF-834461,10,0.2279
ENT-008152,PHONE,Delhi,ENT-REF-436511,34,0.1223
ENT-008153,ACCOUNT,Delhi,ENT-REF-423328,53,0.4471
ENT-008154,ACCOUNT,Karnataka,ENT-REF-278408,48,0.0647
ENT-008155,DEVICE,Tamil Nadu,ENT-REF-384062,74,0.2475
ENT-008156,MERCHANT,Madhya Pradesh,ENT-REF-224617,54,0.3975
ENT-008157,PHONE,Tamil Nadu,ENT-REF-453628,14,0.1273
ENT-008158,PHONE,Uttar Pradesh,ENT-REF-477992,42,0.2172
ENT-008159,PHONE,Karnataka,ENT-REF-811280,77,0.5103
ENT-008160,DEVICE,Rajasthan,ENT-REF-864356,30,0.2786
ENT-008161,PHONE,Tamil Nadu,ENT-REF-708395,6,0.1024
ENT-008162,WALLET,Maharashtra,ENT-REF-515297,46,0.1776
ENT-008163,PHONE,Tamil Nadu,ENT-REF-215029,31,0.2198
ENT-008164,BENEFICIARY,Tamil Nadu,ENT-REF-356420,77,0.508
ENT-008165,ACCOUNT,Maharashtra,ENT-REF-810503,51,0.0929
ENT-008166,BENEFICIARY,Delhi,ENT-REF-621492,2,0.062
ENT-008167,PHONE,Delhi,ENT-REF-292341,63,0.0295
ENT-008168,ACCOUNT,Tamil Nadu,ENT-REF-607279,33,0.065
ENT-008169,ACCOUNT,Karnataka,ENT-REF-286424,15,0.1978
ENT-008170,ACCOUNT,West Bengal,ENT-REF-363473,22,0.1874
ENT-008171,DEVICE,Uttar Pradesh,ENT-REF-813803,9,0.1349
ENT-008172,ACCOUNT,Tamil Nadu,ENT-REF-404125,33,0.1279
ENT-008173,MERCHANT,Maharashtra,ENT-REF-625623,21,0.205
ENT-008174,ACCOUNT,Karnataka,ENT-REF-243032,78,0.0969
ENT-008175,DEVICE,Rajasthan,ENT-REF-526284,33,0.1498
ENT-008176,ACCOUNT,Madhya Pradesh,ENT-REF-986798,77,0.0748
ENT-008177,WALLET,Delhi,ENT-REF-230974,16,0.2806
ENT-008178,ACCOUNT,Madhya Pradesh,ENT-REF-233506,57,0.1295
ENT-008179,ACCOUNT,Delhi,ENT-REF-295325,67,0.1608
ENT-008180,BENEFICIARY,Rajasthan,ENT-REF-921819,40,0.1632
ENT-008181,ACCOUNT,Bihar,ENT-REF-538444,10,0.2364
ENT-008182,PHONE,Delhi,ENT-REF-939725,42,0.0156
ENT-008183,ACCOUNT,Tamil Nadu,ENT-REF-332597,20,0.0548
ENT-008184,DEVICE,Madhya Pradesh,ENT-REF-106732,5,0.2073
ENT-008185,ACCOUNT,Tamil Nadu,ENT-REF-503627,19,0.1577
ENT-008186,PHONE,Tamil Nadu,ENT-REF-414291,27,0.1664
ENT-008187,ACCOUNT,Maharashtra,ENT-REF-298026,63,0.5356
ENT-008188,WALLET,Rajasthan,ENT-REF-797577,39,0.2617
ENT-008189,ACCOUNT,West Bengal,ENT-REF-745884,49,0.3191
ENT-008190,ACCOUNT,Bihar,ENT-REF-674409,10,0.1192
ENT-008191,ACCOUNT,Tamil Nadu,ENT-REF-546121,23,0.3228
ENT-008192,MERCHANT,Delhi,ENT-REF-576174,26,0.188
ENT-008193,PHONE,Karnataka,ENT-REF-567170,41,0.2827
ENT-008194,DEVICE,Madhya Pradesh,ENT-REF-595271,35,0.1955
ENT-008195,MERCHANT,Maharashtra,ENT-REF-360855,28,0.1072
ENT-008196,ACCOUNT,Madhya Pradesh,ENT-REF-763303,70,0.1764
ENT-008197,ACCOUNT,Uttar Pradesh,ENT-REF-453964,34,0.2147
ENT-008198,WALLET,Maharashtra,ENT-REF-817658,62,0.1252
ENT-008199,MERCHANT,Karnataka,ENT-REF-195427,69,0.3889
ENT-008200,WALLET,West Bengal,ENT-REF-808802,58,0.2742
ENT-008201,PHONE,Bihar,ENT-REF-758033,18,0.0615
ENT-008202,BENEFICIARY,Bihar,ENT-REF-415611,18,0.1042
ENT-008203,WALLET,Uttar Pradesh,ENT-REF-353456,58,0.3093
ENT-008204,BENEFICIARY,Telangana,ENT-REF-984282,2,0.3265
ENT-008205,ACCOUNT,Delhi,ENT-REF-528428,73,0.1825
ENT-008206,ACCOUNT,Rajasthan,ENT-REF-939603,33,0.0203
ENT-008207,ACCOUNT,Bihar,ENT-REF-733034,14,0.2085
ENT-008208,ACCOUNT,Rajasthan,ENT-REF-921081,58,0.4956
ENT-008209,PHONE,Uttar Pradesh,ENT-REF-974591,34,0.3432
ENT-008210,ACCOUNT,Uttar Pradesh,ENT-REF-826563,22,0.0658
ENT-008211,PHONE,Madhya Pradesh,ENT-REF-269898,32,0.172
ENT-008212,ACCOUNT,Delhi,ENT-REF-318923,34,0.2682
ENT-008213,ACCOUNT,Madhya Pradesh,ENT-REF-144625,5,0.0516
ENT-008214,WALLET,Maharashtra,ENT-REF-135996,31,0.125
ENT-008215,BENEFICIARY,Delhi,ENT-REF-401810,29,0.1426
ENT-008216,BENEFICIARY,Telangana,ENT-REF-430821,42,0.249
ENT-008217,PHONE,Maharashtra,ENT-REF-875287,6,0.3122
ENT-008218,ACCOUNT,Uttar Pradesh,ENT-REF-448093,29,0.558
ENT-008219,ACCOUNT,Delhi,ENT-REF-728054,64,0.0289
ENT-008220,ACCOUNT,Telangana,ENT-REF-220447,10,0.0323
ENT-008221,ACCOUNT,Uttar Pradesh,ENT-REF-634880,48,0.2671
ENT-008222,ACCOUNT,Rajasthan,ENT-REF-601007,62,0.1035
ENT-008223,ACCOUNT,Madhya Pradesh,ENT-REF-296035,60,0.1298
ENT-008224,ACCOUNT,Maharashtra,ENT-REF-825748,31,0.1012
ENT-008225,WALLET,Karnataka,ENT-REF-669714,54,0.0377
ENT-008226,WALLET,Bihar,ENT-REF-399651,9,0.1577
ENT-008227,DEVICE,Madhya Pradesh,ENT-REF-554934,25,0.3648
ENT-008228,PHONE,Madhya Pradesh,ENT-REF-587468,67,0.0111
ENT-008229,BENEFICIARY,Madhya Pradesh,ENT-REF-848775,35,0.196
ENT-008230,PHONE,Uttar Pradesh,ENT-REF-612927,23,0.0156
ENT-008231,ACCOUNT,Tamil Nadu,ENT-REF-232373,61,0.4467
ENT-008232,BENEFICIARY,West Bengal,ENT-REF-464330,55,0.2896
ENT-008233,PHONE,Telangana,ENT-REF-127649,31,0.1775
ENT-008234,ACCOUNT,Telangana,ENT-REF-170956,51,0.0936
ENT-008235,ACCOUNT,Bihar,ENT-REF-216650,14,0.174
ENT-008236,ACCOUNT,Karnataka,ENT-REF-458067,3,0.1788
ENT-008237,DEVICE,Delhi,ENT-REF-324617,43,0.0291
ENT-008238,PHONE,Karnataka,ENT-REF-438536,36,0.0375
ENT-008239,MERCHANT,Delhi,ENT-REF-753382,34,0.1385
ENT-008240,ACCOUNT,Karnataka,ENT-REF-709499,4,0.0526
ENT-008241,MERCHANT,Rajasthan,ENT-REF-927454,41,0.0493
ENT-008242,PHONE,Tamil Nadu,ENT-REF-661415,22,0.2087
ENT-008243,ACCOUNT,Madhya Pradesh,ENT-REF-749729,5,0.0413
ENT-008244,ACCOUNT,Bihar,ENT-REF-217214,66,0.2647
ENT-008245,PHONE,Tamil Nadu,ENT-REF-456885,21,0.0403
ENT-008246,ACCOUNT,Tamil Nadu,ENT-REF-320850,48,0.0387
ENT-008247,PHONE,Telangana,ENT-REF-212207,74,0.0905
ENT-008248,PHONE,Madhya Pradesh,ENT-REF-505922,68,0.0862
ENT-008249,WALLET,Maharashtra,ENT-REF-598582,19,0.0725
ENT-008250,ACCOUNT,Uttar Pradesh,ENT-REF-610739,49,0.2347
ENT-008251,WALLET,Bihar,ENT-REF-965959,67,0.342
ENT-008252,PHONE,Bihar,ENT-REF-312633,57,0.2414
ENT-008253,ACCOUNT,Bihar,ENT-REF-295903,67,0.1601
ENT-008254,DEVICE,Karnataka,ENT-REF-284718,75,0.3073
ENT-008255,ACCOUNT,Maharashtra,ENT-REF-938019,26,0.1767
ENT-008256,BENEFICIARY,Maharashtra,ENT-REF-360726,78,0.1415
ENT-008257,MERCHANT,Maharashtra,ENT-REF-342056,40,0.0705
ENT-008258,PHONE,Delhi,ENT-REF-238153,39,0.0344
ENT-008259,DEVICE,Uttar Pradesh,ENT-REF-590334,58,0.1479
ENT-008260,ACCOUNT,Tamil Nadu,ENT-REF-132726,6,0.0334
ENT-008261,MERCHANT,Madhya Pradesh,ENT-REF-591609,15,0.0308
ENT-008262,PHONE,Rajasthan,ENT-REF-818149,56,0.1133
ENT-008263,DEVICE,Karnataka,ENT-REF-410111,50,0.2707
ENT-008264,BENEFICIARY,Delhi,ENT-REF-242686,53,0.1666
ENT-008265,ACCOUNT,Tamil Nadu,ENT-REF-911226,18,0.0269
ENT-008266,ACCOUNT,Bihar,ENT-REF-922226,4,0.1333
ENT-008267,BENEFICIARY,Madhya Pradesh,ENT-REF-163747,7,0.2883
ENT-008268,BENEFICIARY,Karnataka,ENT-REF-167130,55,0.0744
ENT-008269,ACCOUNT,Maharashtra,ENT-REF-554861,74,0.1409
ENT-008270,ACCOUNT,Bihar,ENT-REF-260604,65,0.5198
ENT-008271,WALLET,Delhi,ENT-REF-355835,11,0.0568
ENT-008272,ACCOUNT,Rajasthan,ENT-REF-881322,38,0.2645
ENT-008273,DEVICE,Maharashtra,ENT-REF-249327,66,0.269
ENT-008274,DEVICE,Karnataka,ENT-REF-703715,40,0.176
ENT-008275,WALLET,Maharashtra,ENT-REF-288784,74,0.0507
ENT-008276,DEVICE,Karnataka,ENT-REF-808916,39,0.1438
ENT-008277,ACCOUNT,Rajasthan,ENT-REF-706541,79,0.0577
ENT-008278,WALLET,Madhya Pradesh,ENT-REF-277441,6,0.4393
ENT-008279,MERCHANT,Maharashtra,ENT-REF-869243,13,0.0829
ENT-008280,ACCOUNT,Delhi,ENT-REF-501471,25,0.26
ENT-008281,PHONE,Delhi,ENT-REF-602649,58,0.0618
ENT-008282,ACCOUNT,Rajasthan,ENT-REF-236558,36,0.103
ENT-008283,ACCOUNT,Madhya Pradesh,ENT-REF-750380,53,0.2195
ENT-008284,WALLET,Madhya Pradesh,ENT-REF-403650,54,0.0734
ENT-008285,ACCOUNT,Karnataka,ENT-REF-191148,3,0.0962
ENT-008286,ACCOUNT,Telangana,ENT-REF-563952,70,0.0541
ENT-008287,ACCOUNT,Rajasthan,ENT-REF-730271,18,0.0272
ENT-008288,ACCOUNT,Bihar,ENT-REF-850709,13,0.2505
ENT-008289,PHONE,Uttar Pradesh,ENT-REF-662784,25,0.1865
ENT-008290,ACCOUNT,Telangana,ENT-REF-399671,5,0.0426
ENT-008291,ACCOUNT,Madhya Pradesh,ENT-REF-164726,71,0.1076
ENT-008292,ACCOUNT,Bihar,ENT-REF-802911,14,0.0154
ENT-008293,PHONE,Delhi,ENT-REF-430884,71,0.1182
ENT-008294,ACCOUNT,Bihar,ENT-REF-764838,48,0.13
ENT-008295,DEVICE,Telangana,ENT-REF-595008,44,0.2142
ENT-008296,DEVICE,Uttar Pradesh,ENT-REF-125194,27,0.399
ENT-008297,WALLET,Madhya Pradesh,ENT-REF-187381,1,0.0921
ENT-008298,WALLET,Madhya Pradesh,ENT-REF-375669,38,0.3877
ENT-008299,MERCHANT,Uttar Pradesh,ENT-REF-659711,29,0.3673
ENT-008300,MERCHANT,Delhi,ENT-REF-400824,3,0.265
ENT-008301,PHONE,Delhi,ENT-REF-545732,56,0.3163
ENT-008302,ACCOUNT,Tamil Nadu,ENT-REF-532401,51,0.1065
ENT-008303,MERCHANT,Telangana,ENT-REF-973125,1,0.2044
ENT-008304,BENEFICIARY,Bihar,ENT-REF-374134,5,0.2665
ENT-008305,PHONE,Karnataka,ENT-REF-393318,66,0.0147
ENT-008306,PHONE,West Bengal,ENT-REF-504483,29,0.1092
ENT-008307,WALLET,Telangana,ENT-REF-629402,52,0.0556
ENT-008308,BENEFICIARY,Telangana,ENT-REF-516220,76,0.1977
ENT-008309,PHONE,West Bengal,ENT-REF-241886,13,0.0438
ENT-008310,PHONE,Karnataka,ENT-REF-545547,48,0.6334
ENT-008311,MERCHANT,Uttar Pradesh,ENT-REF-555874,72,0.1448
ENT-008312,WALLET,Maharashtra,ENT-REF-463150,45,0.1342
ENT-008313,PHONE,West Bengal,ENT-REF-121638,45,0.1349
ENT-008314,PHONE,Madhya Pradesh,ENT-REF-723315,72,0.1322
ENT-008315,WALLET,Tamil Nadu,ENT-REF-342791,37,0.4087
ENT-008316,BENEFICIARY,Maharashtra,ENT-REF-596604,71,0.146
ENT-008317,BENEFICIARY,Tamil Nadu,ENT-REF-445614,44,0.1678
ENT-008318,WALLET,Uttar Pradesh,ENT-REF-253452,14,0.0478
ENT-008319,DEVICE,Rajasthan,ENT-REF-642849,71,0.1023
ENT-008320,BENEFICIARY,Telangana,ENT-REF-134708,39,0.2095
ENT-008321,DEVICE,Delhi,ENT-REF-674660,65,0.0294
ENT-008322,DEVICE,West Bengal,ENT-REF-195513,67,0.1376
ENT-008323,DEVICE,Delhi,ENT-REF-393932,22,0.1196
ENT-008324,ACCOUNT,Rajasthan,ENT-REF-298314,29,0.3472
ENT-008325,MERCHANT,Madhya Pradesh,ENT-REF-410192,9,0.1341
ENT-008326,BENEFICIARY,Tamil Nadu,ENT-REF-135616,76,0.1426
ENT-008327,ACCOUNT,Tamil Nadu,ENT-REF-822051,11,0.1921
ENT-008328,PHONE,Madhya Pradesh,ENT-REF-227604,79,0.0175
ENT-008329,DEVICE,Rajasthan,ENT-REF-172840,62,0.0666
ENT-008330,WALLET,Delhi,ENT-REF-541418,63,0.2061
ENT-008331,MERCHANT,Telangana,ENT-REF-845121,54,0.031
ENT-008332,WALLET,Karnataka,ENT-REF-364076,1,0.078
ENT-008333,PHONE,Rajasthan,ENT-REF-148237,57,0.0553
ENT-008334,MERCHANT,Delhi,ENT-REF-732803,25,0.3277
ENT-008335,PHONE,Uttar Pradesh,ENT-REF-824376,63,0.2656
ENT-008336,PHONE,Tamil Nadu,ENT-REF-837998,7,0.3945
ENT-008337,PHONE,Karnataka,ENT-REF-283327,15,0.0218
ENT-008338,BENEFICIARY,Karnataka,ENT-REF-655723,49,0.0639
ENT-008339,PHONE,Telangana,ENT-REF-473346,9,0.1678
ENT-008340,WALLET,Telangana,ENT-REF-686656,67,0.2518
ENT-008341,ACCOUNT,Delhi,ENT-REF-289982,18,0.0415
ENT-008342,PHONE,Tamil Nadu,ENT-REF-274626,31,0.0325
ENT-008343,ACCOUNT,Uttar Pradesh,ENT-REF-616116,74,0.0926
ENT-008344,ACCOUNT,Telangana,ENT-REF-214130,19,0.4474
ENT-008345,BENEFICIARY,Uttar Pradesh,ENT-REF-236847,11,0.3785
ENT-008346,BENEFICIARY,Tamil Nadu,ENT-REF-761673,70,0.4075
ENT-008347,ACCOUNT,Delhi,ENT-REF-552884,72,0.109
ENT-008348,ACCOUNT,Tamil Nadu,ENT-REF-526990,55,0.074
ENT-008349,ACCOUNT,Karnataka,ENT-REF-201707,8,0.2102
ENT-008350,ACCOUNT,Telangana,ENT-REF-815717,22,0.0513
ENT-008351,PHONE,Tamil Nadu,ENT-REF-452814,10,0.1296
ENT-008352,ACCOUNT,Tamil Nadu,ENT-REF-705634,36,0.4829
ENT-008353,ACCOUNT,West Bengal,ENT-REF-944594,70,0.0315
ENT-008354,MERCHANT,Bihar,ENT-REF-374316,12,0.0481
ENT-008355,WALLET,Tamil Nadu,ENT-REF-850076,50,0.1124
ENT-008356,MERCHANT,Maharashtra,ENT-REF-977903,51,0.1987
ENT-008357,WALLET,Bihar,ENT-REF-827344,22,0.3299
ENT-008358,BENEFICIARY,Uttar Pradesh,ENT-REF-544167,31,0.1095
ENT-008359,PHONE,Telangana,ENT-REF-947613,27,0.223
ENT-008360,PHONE,Karnataka,ENT-REF-708618,72,0.2545
ENT-008361,DEVICE,Delhi,ENT-REF-910449,29,0.3405
ENT-008362,PHONE,Delhi,ENT-REF-422412,8,0.3048
ENT-008363,ACCOUNT,Bihar,ENT-REF-434538,24,0.0873
ENT-008364,WALLET,Tamil Nadu,ENT-REF-850970,68,0.2116
ENT-008365,WALLET,Bihar,ENT-REF-569463,67,0.2868
ENT-008366,MERCHANT,Tamil Nadu,ENT-REF-161441,53,0.2991
ENT-008367,MERCHANT,Bihar,ENT-REF-764005,77,0.1878
ENT-008368,DEVICE,Maharashtra,ENT-REF-203025,68,0.0582
ENT-008369,DEVICE,Delhi,ENT-REF-612053,62,0.2957
ENT-008370,ACCOUNT,Bihar,ENT-REF-600294,62,0.0532
ENT-008371,DEVICE,Delhi,ENT-REF-470397,53,0.0824
ENT-008372,ACCOUNT,Maharashtra,ENT-REF-273036,70,0.0933
ENT-008373,ACCOUNT,West Bengal,ENT-REF-938529,4,0.1243
ENT-008374,MERCHANT,Bihar,ENT-REF-785619,25,0.1813
ENT-008375,ACCOUNT,Maharashtra,ENT-REF-923969,69,0.1404
ENT-008376,PHONE,Maharashtra,ENT-REF-776395,61,0.3769
ENT-008377,ACCOUNT,Rajasthan,ENT-REF-392260,30,0.1646
ENT-008378,MERCHANT,Telangana,ENT-REF-828360,34,0.263
ENT-008379,ACCOUNT,Uttar Pradesh,ENT-REF-581028,69,0.0993
ENT-008380,BENEFICIARY,Maharashtra,ENT-REF-980209,79,0.0759
ENT-008381,WALLET,Rajasthan,ENT-REF-336162,59,0.2042
ENT-008382,DEVICE,Bihar,ENT-REF-350517,61,0.4398
ENT-008383,BENEFICIARY,Karnataka,ENT-REF-496643,7,0.0183
ENT-008384,PHONE,West Bengal,ENT-REF-187330,78,0.3072
ENT-008385,PHONE,Uttar Pradesh,ENT-REF-332436,50,0.1544
ENT-008386,ACCOUNT,West Bengal,ENT-REF-658836,6,0.198
ENT-008387,PHONE,Delhi,ENT-REF-623696,18,0.0107
ENT-008388,ACCOUNT,Telangana,ENT-REF-757729,57,0.0769
ENT-008389,ACCOUNT,West Bengal,ENT-REF-505933,55,0.1792
ENT-008390,PHONE,Bihar,ENT-REF-335779,31,0.1674
ENT-008391,ACCOUNT,Tamil Nadu,ENT-REF-363897,47,0.2576
ENT-008392,ACCOUNT,Madhya Pradesh,ENT-REF-520099,54,0.1162
ENT-008393,ACCOUNT,Madhya Pradesh,ENT-REF-430047,28,0.0763
ENT-008394,PHONE,West Bengal,ENT-REF-655973,34,0.05
ENT-008395,PHONE,Telangana,ENT-REF-702416,19,0.0166
ENT-008396,WALLET,Rajasthan,ENT-REF-521793,20,0.0095
ENT-008397,ACCOUNT,Karnataka,ENT-REF-363754,36,0.097
ENT-008398,MERCHANT,West Bengal,ENT-REF-437375,13,0.2216
ENT-008399,MERCHANT,Madhya Pradesh,ENT-REF-885820,63,0.1341
ENT-008400,MERCHANT,Karnataka,ENT-REF-289979,2,0.0481
ENT-008401,PHONE,Uttar Pradesh,ENT-REF-479786,66,0.1138
ENT-008402,PHONE,Karnataka,ENT-REF-182859,54,0.4875
ENT-008403,BENEFICIARY,Maharashtra,ENT-REF-118204,53,0.0931
ENT-008404,ACCOUNT,Rajasthan,ENT-REF-633641,54,0.0525
ENT-008405,PHONE,Maharashtra,ENT-REF-481274,45,0.0446
ENT-008406,ACCOUNT,West Bengal,ENT-REF-887645,51,0.0207
ENT-008407,PHONE,Delhi,ENT-REF-285092,69,0.1839
ENT-008408,PHONE,Rajasthan,ENT-REF-502342,49,0.257
ENT-008409,ACCOUNT,West Bengal,ENT-REF-389715,39,0.0437
ENT-008410,BENEFICIARY,Uttar Pradesh,ENT-REF-496274,29,0.1109
ENT-008411,WALLET,Telangana,ENT-REF-967157,34,0.4021
ENT-008412,WALLET,Uttar Pradesh,ENT-REF-513899,3,0.2509
ENT-008413,PHONE,Maharashtra,ENT-REF-677248,76,0.3614
ENT-008414,ACCOUNT,West Bengal,ENT-REF-781199,54,0.246
ENT-008415,PHONE,Tamil Nadu,ENT-REF-575523,17,0.1146
ENT-008416,DEVICE,Delhi,ENT-REF-683410,5,0.1548
ENT-008417,BENEFICIARY,Uttar Pradesh,ENT-REF-740039,50,0.1506
ENT-008418,PHONE,Uttar Pradesh,ENT-REF-984028,44,0.3657
ENT-008419,BENEFICIARY,Madhya Pradesh,ENT-REF-911630,12,0.0952
ENT-008420,ACCOUNT,Telangana,ENT-REF-735480,30,0.1028
ENT-008421,PHONE,West Bengal,ENT-REF-110438,36,0.6636
ENT-008422,DEVICE,Uttar Pradesh,ENT-REF-971095,32,0.2074
ENT-008423,PHONE,Telangana,ENT-REF-796350,73,0.2902
ENT-008424,MERCHANT,Tamil Nadu,ENT-REF-337884,65,0.3184
ENT-008425,MERCHANT,Bihar,ENT-REF-935417,68,0.1111
ENT-008426,DEVICE,Madhya Pradesh,ENT-REF-159997,22,0.2149
ENT-008427,DEVICE,West Bengal,ENT-REF-234414,39,0.1769
ENT-008428,PHONE,Tamil Nadu,ENT-REF-569871,8,0.2953
ENT-008429,ACCOUNT,Delhi,ENT-REF-733913,71,0.071
ENT-008430,ACCOUNT,Maharashtra,ENT-REF-910680,2,0.0553
ENT-008431,DEVICE,Tamil Nadu,ENT-REF-735554,3,0.3152
ENT-008432,BENEFICIARY,Rajasthan,ENT-REF-354881,40,0.3185
ENT-008433,ACCOUNT,Telangana,ENT-REF-353198,31,0.1614
ENT-008434,DEVICE,Tamil Nadu,ENT-REF-560853,5,0.1117
ENT-008435,ACCOUNT,Maharashtra,ENT-REF-333812,16,0.1963
ENT-008436,PHONE,Bihar,ENT-REF-403937,16,0.1262
ENT-008437,ACCOUNT,Bihar,ENT-REF-740769,45,0.1628
ENT-008438,ACCOUNT,Bihar,ENT-REF-723023,67,0.1555
ENT-008439,PHONE,Tamil Nadu,ENT-REF-309921,75,0.2246
ENT-008440,BENEFICIARY,Karnataka,ENT-REF-280417,28,0.1952
ENT-008441,MERCHANT,Uttar Pradesh,ENT-REF-569038,18,0.1707
ENT-008442,ACCOUNT,Madhya Pradesh,ENT-REF-750303,57,0.0391
ENT-008443,WALLET,Maharashtra,ENT-REF-416825,50,0.0274
ENT-008444,PHONE,Delhi,ENT-REF-424018,6,0.343
ENT-008445,ACCOUNT,Rajasthan,ENT-REF-644798,68,0.2071
ENT-008446,ACCOUNT,Delhi,ENT-REF-709912,73,0.1725
ENT-008447,DEVICE,Madhya Pradesh,ENT-REF-348782,41,0.1374
ENT-008448,WALLET,Uttar Pradesh,ENT-REF-569044,25,0.0878
ENT-008449,BENEFICIARY,West Bengal,ENT-REF-988779,78,0.144
ENT-008450,DEVICE,Delhi,ENT-REF-967636,21,0.1115
ENT-008451,ACCOUNT,Bihar,ENT-REF-645872,53,0.4749
ENT-008452,PHONE,Madhya Pradesh,ENT-REF-857110,42,0.432
ENT-008453,ACCOUNT,Maharashtra,ENT-REF-403096,55,0.1877
ENT-008454,ACCOUNT,Uttar Pradesh,ENT-REF-695661,77,0.1624
ENT-008455,ACCOUNT,Tamil Nadu,ENT-REF-588304,20,0.1943
ENT-008456,DEVICE,Bihar,ENT-REF-781784,78,0.6659
ENT-008457,PHONE,Delhi,ENT-REF-675521,58,0.2584
ENT-008458,ACCOUNT,Delhi,ENT-REF-295066,10,0.0051
ENT-008459,PHONE,West Bengal,ENT-REF-477426,3,0.3826
ENT-008460,ACCOUNT,Delhi,ENT-REF-270459,60,0.0976
ENT-008461,PHONE,Tamil Nadu,ENT-REF-642589,21,0.1095
ENT-008462,WALLET,Tamil Nadu,ENT-REF-987763,31,0.1973
ENT-008463,BENEFICIARY,Madhya Pradesh,ENT-REF-957151,65,0.0099
ENT-008464,ACCOUNT,Bihar,ENT-REF-428616,29,0.2699
ENT-008465,PHONE,Maharashtra,ENT-REF-763230,38,0.0812
ENT-008466,PHONE,Delhi,ENT-REF-902002,19,0.2467
ENT-008467,DEVICE,Madhya Pradesh,ENT-REF-538122,73,0.2335
ENT-008468,ACCOUNT,Bihar,ENT-REF-626063,68,0.3336
ENT-008469,WALLET,Tamil Nadu,ENT-REF-467218,48,0.1734
ENT-008470,ACCOUNT,Bihar,ENT-REF-880212,48,0.2497
ENT-008471,BENEFICIARY,West Bengal,ENT-REF-498314,17,0.136
ENT-008472,PHONE,Rajasthan,ENT-REF-317784,38,0.3649
ENT-008473,DEVICE,Madhya Pradesh,ENT-REF-451453,68,0.1049
ENT-008474,PHONE,Bihar,ENT-REF-353338,42,0.3378
ENT-008475,WALLET,Karnataka,ENT-REF-240626,57,0.241
ENT-008476,DEVICE,Bihar,ENT-REF-970812,31,0.32
ENT-008477,PHONE,Karnataka,ENT-REF-279094,45,0.1254
ENT-008478,WALLET,Telangana,ENT-REF-625626,78,0.1207
ENT-008479,ACCOUNT,Rajasthan,ENT-REF-403984,45,0.2224
ENT-008480,BENEFICIARY,Maharashtra,ENT-REF-175701,41,0.1624
ENT-008481,ACCOUNT,Telangana,ENT-REF-245822,49,0.1413
ENT-008482,PHONE,Karnataka,ENT-REF-451056,47,0.1955
ENT-008483,PHONE,Delhi,ENT-REF-248553,9,0.0485
ENT-008484,ACCOUNT,Telangana,ENT-REF-975064,20,0.1918
ENT-008485,WALLET,Maharashtra,ENT-REF-431784,22,0.32
ENT-008486,WALLET,Madhya Pradesh,ENT-REF-427942,40,0.0553
ENT-008487,PHONE,Madhya Pradesh,ENT-REF-708241,23,0.0565
ENT-008488,PHONE,Delhi,ENT-REF-195516,53,0.3643
ENT-008489,ACCOUNT,Uttar Pradesh,ENT-REF-192329,36,0.2907
ENT-008490,ACCOUNT,Tamil Nadu,ENT-REF-544092,2,0.136
ENT-008491,PHONE,Telangana,ENT-REF-533980,43,0.2967
ENT-008492,ACCOUNT,Madhya Pradesh,ENT-REF-553850,45,0.195
ENT-008493,MERCHANT,Tamil Nadu,ENT-REF-276269,33,0.1505
ENT-008494,PHONE,Karnataka,ENT-REF-889599,76,0.0499
ENT-008495,ACCOUNT,Bihar,ENT-REF-531697,56,0.224
ENT-008496,DEVICE,Uttar Pradesh,ENT-REF-648351,74,0.1159
ENT-008497,PHONE,Delhi,ENT-REF-579559,69,0.2659
ENT-008498,ACCOUNT,Karnataka,ENT-REF-289621,35,0.3005
ENT-008499,ACCOUNT,Bihar,ENT-REF-883027,48,0.2072
ENT-008500,PHONE,Tamil Nadu,ENT-REF-944417,64,0.3942
ENT-008501,DEVICE,Bihar,ENT-REF-942334,31,0.2794
ENT-008502,ACCOUNT,Bihar,ENT-REF-207339,12,0.1048
ENT-008503,MERCHANT,Telangana,ENT-REF-262270,53,0.0462
ENT-008504,DEVICE,Tamil Nadu,ENT-REF-514990,24,0.1356
ENT-008505,ACCOUNT,Telangana,ENT-REF-673133,30,0.4178
ENT-008506,MERCHANT,Madhya Pradesh,ENT-REF-672346,55,0.1074
ENT-008507,MERCHANT,Bihar,ENT-REF-463495,30,0.1612
ENT-008508,ACCOUNT,Bihar,ENT-REF-140578,71,0.1654
ENT-008509,ACCOUNT,West Bengal,ENT-REF-699245,59,0.0606
ENT-008510,DEVICE,Bihar,ENT-REF-108315,63,0.826
ENT-008511,WALLET,Telangana,ENT-REF-929393,35,0.042
ENT-008512,BENEFICIARY,Madhya Pradesh,ENT-REF-218918,58,0.0421
ENT-008513,ACCOUNT,Bihar,ENT-REF-254687,44,0.1267
ENT-008514,MERCHANT,Bihar,ENT-REF-267648,10,0.1456
ENT-008515,ACCOUNT,West Bengal,ENT-REF-956399,58,0.1626
ENT-008516,BENEFICIARY,Rajasthan,ENT-REF-418031,28,0.4019
ENT-008517,ACCOUNT,Karnataka,ENT-REF-378207,3,0.0562
ENT-008518,BENEFICIARY,Uttar Pradesh,ENT-REF-645934,31,0.1595
ENT-008519,ACCOUNT,Uttar Pradesh,ENT-REF-625259,75,0.3809
ENT-008520,PHONE,Maharashtra,ENT-REF-394534,66,0.4172
ENT-008521,DEVICE,Telangana,ENT-REF-907188,33,0.149
ENT-008522,PHONE,Uttar Pradesh,ENT-REF-808125,4,0.335
ENT-008523,ACCOUNT,Bihar,ENT-REF-271123,37,0.0555
ENT-008524,BENEFICIARY,Madhya Pradesh,ENT-REF-716332,72,0.1297
ENT-008525,PHONE,West Bengal,ENT-REF-151787,62,0.0548
ENT-008526,ACCOUNT,Delhi,ENT-REF-112009,23,0.0354
ENT-008527,BENEFICIARY,Rajasthan,ENT-REF-878203,73,0.1218
ENT-008528,ACCOUNT,Telangana,ENT-REF-790822,27,0.4026
ENT-008529,ACCOUNT,Tamil Nadu,ENT-REF-217538,53,0.0428
ENT-008530,WALLET,Maharashtra,ENT-REF-717774,27,0.3148
ENT-008531,ACCOUNT,Bihar,ENT-REF-480686,6,0.1941
ENT-008532,PHONE,West Bengal,ENT-REF-678994,59,0.2449
ENT-008533,WALLET,Bihar,ENT-REF-329682,25,0.1369
ENT-008534,DEVICE,Madhya Pradesh,ENT-REF-523496,45,0.2136
ENT-008535,WALLET,Delhi,ENT-REF-513626,30,0.1982
ENT-008536,MERCHANT,Madhya Pradesh,ENT-REF-743888,21,0.1824
ENT-008537,ACCOUNT,Telangana,ENT-REF-154992,15,0.215
ENT-008538,ACCOUNT,Karnataka,ENT-REF-812868,10,0.2815
ENT-008539,ACCOUNT,Uttar Pradesh,ENT-REF-674170,57,0.2039
ENT-008540,BENEFICIARY,West Bengal,ENT-REF-349237,26,0.0237
ENT-008541,ACCOUNT,West Bengal,ENT-REF-859689,60,0.1405
ENT-008542,MERCHANT,West Bengal,ENT-REF-595983,26,0.2794
ENT-008543,ACCOUNT,Maharashtra,ENT-REF-119223,28,0.0964
ENT-008544,WALLET,West Bengal,ENT-REF-295111,79,0.4127
ENT-008545,ACCOUNT,Maharashtra,ENT-REF-464914,43,0.1446
ENT-008546,ACCOUNT,West Bengal,ENT-REF-352610,16,0.0538
ENT-008547,ACCOUNT,Uttar Pradesh,ENT-REF-783143,30,0.6263
ENT-008548,MERCHANT,Delhi,ENT-REF-485225,35,0.3111
ENT-008549,MERCHANT,Tamil Nadu,ENT-REF-377113,71,0.2438
ENT-008550,BENEFICIARY,Uttar Pradesh,ENT-REF-203045,39,0.304
ENT-008551,PHONE,Bihar,ENT-REF-741333,13,0.1413
ENT-008552,MERCHANT,Uttar Pradesh,ENT-REF-152727,53,0.2988
ENT-008553,ACCOUNT,Uttar Pradesh,ENT-REF-676761,69,0.1512
ENT-008554,DEVICE,Delhi,ENT-REF-586421,63,0.511
ENT-008555,PHONE,Bihar,ENT-REF-597032,30,0.0666
ENT-008556,PHONE,Madhya Pradesh,ENT-REF-581028,50,0.0332
ENT-008557,ACCOUNT,Madhya Pradesh,ENT-REF-292447,67,0.0435
ENT-008558,BENEFICIARY,Tamil Nadu,ENT-REF-559648,19,0.1133
ENT-008559,WALLET,West Bengal,ENT-REF-344728,23,0.1868
ENT-008560,MERCHANT,West Bengal,ENT-REF-188803,18,0.1578
ENT-008561,DEVICE,Uttar Pradesh,ENT-REF-515556,30,0.0083
ENT-008562,DEVICE,Uttar Pradesh,ENT-REF-332685,28,0.0789
ENT-008563,PHONE,Delhi,ENT-REF-611868,73,0.1175
ENT-008564,BENEFICIARY,Telangana,ENT-REF-391951,8,0.1938
ENT-008565,PHONE,West Bengal,ENT-REF-864559,9,0.0476
ENT-008566,PHONE,Uttar Pradesh,ENT-REF-354176,70,0.0789
ENT-008567,BENEFICIARY,Delhi,ENT-REF-380705,42,0.0415
ENT-008568,PHONE,Telangana,ENT-REF-544229,15,0.1331
ENT-008569,ACCOUNT,Telangana,ENT-REF-793336,9,0.0705
ENT-008570,PHONE,Karnataka,ENT-REF-949639,29,0.244
ENT-008571,ACCOUNT,Maharashtra,ENT-REF-144375,30,0.2467
ENT-008572,ACCOUNT,West Bengal,ENT-REF-240523,30,0.1148
ENT-008573,MERCHANT,West Bengal,ENT-REF-229435,13,0.1539
ENT-008574,WALLET,Maharashtra,ENT-REF-851662,76,0.1384
ENT-008575,PHONE,Telangana,ENT-REF-907906,70,0.279
ENT-008576,DEVICE,Rajasthan,ENT-REF-437210,57,0.1995
ENT-008577,PHONE,Telangana,ENT-REF-228623,66,0.1488
ENT-008578,ACCOUNT,Delhi,ENT-REF-634848,21,0.1164
ENT-008579,ACCOUNT,Madhya Pradesh,ENT-REF-368868,42,0.154
ENT-008580,DEVICE,Tamil Nadu,ENT-REF-532473,78,0.1992
ENT-008581,WALLET,Maharashtra,ENT-REF-396444,43,0.065
ENT-008582,BENEFICIARY,Tamil Nadu,ENT-REF-306792,29,0.0103
ENT-008583,MERCHANT,Uttar Pradesh,ENT-REF-402735,73,0.2869
ENT-008584,ACCOUNT,Telangana,ENT-REF-946649,79,0.1231
ENT-008585,BENEFICIARY,Bihar,ENT-REF-997234,11,0.0663
ENT-008586,ACCOUNT,Bihar,ENT-REF-525516,77,0.1686
ENT-008587,ACCOUNT,Rajasthan,ENT-REF-141938,72,0.2364
ENT-008588,PHONE,West Bengal,ENT-REF-918195,8,0.1609
ENT-008589,DEVICE,West Bengal,ENT-REF-454059,10,0.4234
ENT-008590,WALLET,Maharashtra,ENT-REF-452499,55,0.2402
ENT-008591,ACCOUNT,Uttar Pradesh,ENT-REF-850195,75,0.3304
ENT-008592,ACCOUNT,Uttar Pradesh,ENT-REF-821711,15,0.0821
ENT-008593,PHONE,Telangana,ENT-REF-554643,27,0.0921
ENT-008594,ACCOUNT,Tamil Nadu,ENT-REF-778134,21,0.3066
ENT-008595,DEVICE,Delhi,ENT-REF-548276,54,0.4048
ENT-008596,ACCOUNT,Tamil Nadu,ENT-REF-844928,35,0.3719
ENT-008597,MERCHANT,Madhya Pradesh,ENT-REF-917703,69,0.1573
ENT-008598,PHONE,Madhya Pradesh,ENT-REF-391269,62,0.4575
ENT-008599,BENEFICIARY,Maharashtra,ENT-REF-151208,24,0.6116
ENT-008600,ACCOUNT,Rajasthan,ENT-REF-917273,77,0.1561
ENT-008601,ACCOUNT,Bihar,ENT-REF-309498,12,0.1454
ENT-008602,BENEFICIARY,Telangana,ENT-REF-628213,41,0.1647
ENT-008603,PHONE,Uttar Pradesh,ENT-REF-516451,77,0.0467
ENT-008604,WALLET,Rajasthan,ENT-REF-267595,63,0.1547
ENT-008605,ACCOUNT,West Bengal,ENT-REF-593444,12,0.1816
ENT-008606,ACCOUNT,Madhya Pradesh,ENT-REF-792878,68,0.1288
ENT-008607,ACCOUNT,Telangana,ENT-REF-144855,66,0.0428
ENT-008608,ACCOUNT,Rajasthan,ENT-REF-713594,47,0.1108
ENT-008609,MERCHANT,Karnataka,ENT-REF-113312,43,0.0836
ENT-008610,WALLET,Bihar,ENT-REF-851128,11,0.3626
ENT-008611,ACCOUNT,Telangana,ENT-REF-484506,5,0.146
ENT-008612,ACCOUNT,West Bengal,ENT-REF-803299,70,0.1176
ENT-008613,BENEFICIARY,Tamil Nadu,ENT-REF-983572,64,0.143
ENT-008614,ACCOUNT,Bihar,ENT-REF-861480,22,0.405
ENT-008615,BENEFICIARY,Maharashtra,ENT-REF-810371,43,0.1055
ENT-008616,ACCOUNT,West Bengal,ENT-REF-717505,35,0.0026
ENT-008617,PHONE,Telangana,ENT-REF-810114,73,0.2082
ENT-008618,DEVICE,Bihar,ENT-REF-847362,53,0.1373
ENT-008619,WALLET,Bihar,ENT-REF-678711,55,0.1776
ENT-008620,BENEFICIARY,Rajasthan,ENT-REF-946872,17,0.2648
ENT-008621,BENEFICIARY,West Bengal,ENT-REF-896745,22,0.1986
ENT-008622,ACCOUNT,Tamil Nadu,ENT-REF-855530,12,0.0915
ENT-008623,WALLET,Delhi,ENT-REF-344984,56,0.3074
ENT-008624,MERCHANT,Bihar,ENT-REF-149162,39,0.3562
ENT-008625,ACCOUNT,Tamil Nadu,ENT-REF-723830,57,0.2453
ENT-008626,MERCHANT,Maharashtra,ENT-REF-194902,77,0.1335
ENT-008627,BENEFICIARY,Madhya Pradesh,ENT-REF-819030,34,0.0555
ENT-008628,PHONE,Maharashtra,ENT-REF-824289,63,0.1091
ENT-008629,PHONE,West Bengal,ENT-REF-782930,77,0.0826
ENT-008630,WALLET,Rajasthan,ENT-REF-705780,69,0.1359
ENT-008631,WALLET,Telangana,ENT-REF-949539,17,0.2868
ENT-008632,ACCOUNT,Telangana,ENT-REF-745489,46,0.1325
ENT-008633,DEVICE,Madhya Pradesh,ENT-REF-901510,21,0.3369
ENT-008634,MERCHANT,Uttar Pradesh,ENT-REF-595933,19,0.0747
ENT-008635,ACCOUNT,Telangana,ENT-REF-547260,18,0.2185
ENT-008636,WALLET,Karnataka,ENT-REF-906765,9,0.3439
ENT-008637,PHONE,Karnataka,ENT-REF-932720,61,0.0561
ENT-008638,WALLET,Madhya Pradesh,ENT-REF-529037,4,0.0534
ENT-008639,DEVICE,Rajasthan,ENT-REF-394035,30,0.0882
ENT-008640,ACCOUNT,Bihar,ENT-REF-689268,40,0.0793
ENT-008641,BENEFICIARY,West Bengal,ENT-REF-482149,52,0.2393
ENT-008642,PHONE,Madhya Pradesh,ENT-REF-597949,23,0.3468
ENT-008643,WALLET,Telangana,ENT-REF-698965,9,0.1466
ENT-008644,ACCOUNT,Karnataka,ENT-REF-862584,23,0.0674
ENT-008645,ACCOUNT,Delhi,ENT-REF-693879,49,0.3575
ENT-008646,DEVICE,Tamil Nadu,ENT-REF-477524,68,0.2651
ENT-008647,ACCOUNT,Telangana,ENT-REF-721272,67,0.0225
ENT-008648,PHONE,Tamil Nadu,ENT-REF-593889,23,0.3352
ENT-008649,ACCOUNT,Telangana,ENT-REF-736059,55,0.2372
ENT-008650,ACCOUNT,Maharashtra,ENT-REF-635702,75,0.3343
ENT-008651,ACCOUNT,Telangana,ENT-REF-376218,11,0.2171
ENT-008652,DEVICE,Tamil Nadu,ENT-REF-927023,25,0.2552
ENT-008653,PHONE,Bihar,ENT-REF-813932,12,0.1154
ENT-008654,BENEFICIARY,Telangana,ENT-REF-993033,67,0.2312
ENT-008655,BENEFICIARY,Delhi,ENT-REF-221305,76,0.1605
ENT-008656,ACCOUNT,Maharashtra,ENT-REF-882242,55,0.1012
ENT-008657,BENEFICIARY,Karnataka,ENT-REF-452805,10,0.015
ENT-008658,WALLET,Rajasthan,ENT-REF-517103,21,0.123
ENT-008659,MERCHANT,West Bengal,ENT-REF-801940,58,0.2458
ENT-008660,BENEFICIARY,Karnataka,ENT-REF-399231,13,0.0625
ENT-008661,ACCOUNT,Rajasthan,ENT-REF-742116,54,0.2828
ENT-008662,BENEFICIARY,West Bengal,ENT-REF-300497,31,0.1788
ENT-008663,ACCOUNT,Maharashtra,ENT-REF-464622,65,0.0568
ENT-008664,ACCOUNT,Karnataka,ENT-REF-546870,54,0.3522
ENT-008665,ACCOUNT,West Bengal,ENT-REF-881060,56,0.1079
ENT-008666,PHONE,Maharashtra,ENT-REF-718115,24,0.0483
ENT-008667,MERCHANT,Karnataka,ENT-REF-867286,45,0.2021
ENT-008668,BENEFICIARY,Karnataka,ENT-REF-234636,9,0.1269
ENT-008669,WALLET,West Bengal,ENT-REF-385933,34,0.1178
ENT-008670,ACCOUNT,Telangana,ENT-REF-281497,65,0.1451
ENT-008671,PHONE,Uttar Pradesh,ENT-REF-325428,75,0.2414
ENT-008672,ACCOUNT,Uttar Pradesh,ENT-REF-220941,61,0.2145
ENT-008673,BENEFICIARY,Karnataka,ENT-REF-367801,25,0.2108
ENT-008674,PHONE,Tamil Nadu,ENT-REF-588819,65,0.0377
ENT-008675,BENEFICIARY,Delhi,ENT-REF-500203,12,0.259
ENT-008676,DEVICE,Karnataka,ENT-REF-949038,77,0.4041
ENT-008677,ACCOUNT,Madhya Pradesh,ENT-REF-956263,34,0.1187
ENT-008678,PHONE,Karnataka,ENT-REF-209598,6,0.1339
ENT-008679,ACCOUNT,Rajasthan,ENT-REF-419600,73,0.1248
ENT-008680,MERCHANT,Rajasthan,ENT-REF-747646,25,0.3043
ENT-008681,DEVICE,Rajasthan,ENT-REF-905123,15,0.0366
ENT-008682,BENEFICIARY,West Bengal,ENT-REF-533911,57,0.1624
ENT-008683,ACCOUNT,Uttar Pradesh,ENT-REF-600139,46,0.11
ENT-008684,ACCOUNT,Telangana,ENT-REF-885735,28,0.072
ENT-008685,MERCHANT,West Bengal,ENT-REF-184269,10,0.0888
ENT-008686,ACCOUNT,Bihar,ENT-REF-261764,43,0.4189
ENT-008687,WALLET,Delhi,ENT-REF-599885,2,0.0925
ENT-008688,ACCOUNT,West Bengal,ENT-REF-200369,73,0.3719
ENT-008689,ACCOUNT,West Bengal,ENT-REF-591756,65,0.2907
ENT-008690,DEVICE,West Bengal,ENT-REF-413403,50,0.2044
ENT-008691,ACCOUNT,Bihar,ENT-REF-856503,74,0.0117
ENT-008692,PHONE,Delhi,ENT-REF-355330,13,0.2349
ENT-008693,ACCOUNT,West Bengal,ENT-REF-554972,38,0.2174
ENT-008694,MERCHANT,Madhya Pradesh,ENT-REF-960095,34,0.2396
ENT-008695,ACCOUNT,Tamil Nadu,ENT-REF-541326,75,0.1515
ENT-008696,ACCOUNT,Telangana,ENT-REF-144440,26,0.174
ENT-008697,ACCOUNT,Tamil Nadu,ENT-REF-197389,48,0.0358
ENT-008698,MERCHANT,Delhi,ENT-REF-722347,23,0.0771
ENT-008699,PHONE,West Bengal,ENT-REF-408746,66,0.3455
ENT-008700,ACCOUNT,Rajasthan,ENT-REF-661888,49,0.3401
ENT-008701,DEVICE,Rajasthan,ENT-REF-931704,17,0.1876
ENT-008702,ACCOUNT,Uttar Pradesh,ENT-REF-921565,9,0.0192
ENT-008703,ACCOUNT,Uttar Pradesh,ENT-REF-365981,26,0.0483
ENT-008704,WALLET,Uttar Pradesh,ENT-REF-800604,70,0.4163
ENT-008705,DEVICE,Maharashtra,ENT-REF-376838,16,0.187
ENT-008706,ACCOUNT,Rajasthan,ENT-REF-356269,23,0.1082
ENT-008707,ACCOUNT,Tamil Nadu,ENT-REF-599995,7,0.2961
ENT-008708,BENEFICIARY,Madhya Pradesh,ENT-REF-989294,64,0.0527
ENT-008709,DEVICE,Rajasthan,ENT-REF-192528,58,0.2086
ENT-008710,PHONE,Maharashtra,ENT-REF-688893,2,0.1539
ENT-008711,DEVICE,Telangana,ENT-REF-253873,30,0.0769
ENT-008712,ACCOUNT,Delhi,ENT-REF-610038,46,0.1732
ENT-008713,ACCOUNT,Bihar,ENT-REF-600234,26,0.3482
ENT-008714,DEVICE,Bihar,ENT-REF-652260,29,0.2727
ENT-008715,DEVICE,Maharashtra,ENT-REF-868132,55,0.1413
ENT-008716,ACCOUNT,Karnataka,ENT-REF-878472,26,0.2801
ENT-008717,ACCOUNT,Tamil Nadu,ENT-REF-600274,48,0.2512
ENT-008718,DEVICE,Rajasthan,ENT-REF-925240,73,0.1295
ENT-008719,ACCOUNT,West Bengal,ENT-REF-440361,66,0.074
ENT-008720,MERCHANT,Rajasthan,ENT-REF-617034,44,0.1767
ENT-008721,MERCHANT,Karnataka,ENT-REF-734725,8,0.379
ENT-008722,ACCOUNT,Uttar Pradesh,ENT-REF-724276,76,0.031
ENT-008723,BENEFICIARY,Madhya Pradesh,ENT-REF-904147,31,0.2347
ENT-008724,PHONE,West Bengal,ENT-REF-855778,42,0.1512
ENT-008725,ACCOUNT,Rajasthan,ENT-REF-961277,37,0.1759
ENT-008726,BENEFICIARY,West Bengal,ENT-REF-902683,56,0.1818
ENT-008727,DEVICE,Maharashtra,ENT-REF-454126,60,0.296
ENT-008728,ACCOUNT,Tamil Nadu,ENT-REF-282219,9,0.2125
ENT-008729,ACCOUNT,Karnataka,ENT-REF-113537,52,0.2262
ENT-008730,ACCOUNT,Karnataka,ENT-REF-254803,13,0.042
ENT-008731,MERCHANT,Maharashtra,ENT-REF-880900,11,0.1853
ENT-008732,ACCOUNT,Telangana,ENT-REF-600466,75,0.1982
ENT-008733,ACCOUNT,Delhi,ENT-REF-890638,27,0.0916
ENT-008734,PHONE,Telangana,ENT-REF-394951,8,0.1795
ENT-008735,DEVICE,Uttar Pradesh,ENT-REF-353207,36,0.1312
ENT-008736,PHONE,Telangana,ENT-REF-367729,59,0.0121
ENT-008737,PHONE,Tamil Nadu,ENT-REF-782722,26,0.1992
ENT-008738,ACCOUNT,Delhi,ENT-REF-709474,54,0.0085
ENT-008739,ACCOUNT,Uttar Pradesh,ENT-REF-241482,39,0.2101
ENT-008740,MERCHANT,West Bengal,ENT-REF-490534,14,0.3011
ENT-008741,BENEFICIARY,Uttar Pradesh,ENT-REF-531219,64,0.1843
ENT-008742,ACCOUNT,Rajasthan,ENT-REF-780243,79,0.0516
ENT-008743,ACCOUNT,Karnataka,ENT-REF-202878,61,0.1737
ENT-008744,ACCOUNT,Tamil Nadu,ENT-REF-141445,43,0.2013
ENT-008745,PHONE,Delhi,ENT-REF-857867,64,0.1343
ENT-008746,ACCOUNT,Delhi,ENT-REF-469725,53,0.0894
ENT-008747,ACCOUNT,Tamil Nadu,ENT-REF-911736,30,0.2309
ENT-008748,PHONE,West Bengal,ENT-REF-755354,58,0.3216
ENT-008749,ACCOUNT,Madhya Pradesh,ENT-REF-274905,71,0.0188
ENT-008750,MERCHANT,Rajasthan,ENT-REF-739107,63,0.1039
ENT-008751,PHONE,Delhi,ENT-REF-798730,33,0.1727
ENT-008752,ACCOUNT,West Bengal,ENT-REF-490534,46,0.0608
ENT-008753,DEVICE,Bihar,ENT-REF-541573,12,0.0935
ENT-008754,BENEFICIARY,West Bengal,ENT-REF-783975,46,0.1324
ENT-008755,WALLET,Uttar Pradesh,ENT-REF-367149,29,0.2279
ENT-008756,BENEFICIARY,Rajasthan,ENT-REF-552547,32,0.162
ENT-008757,PHONE,West Bengal,ENT-REF-176695,49,0.2722
ENT-008758,MERCHANT,Rajasthan,ENT-REF-181464,20,0.0038
ENT-008759,MERCHANT,Madhya Pradesh,ENT-REF-776781,60,0.0747
ENT-008760,ACCOUNT,Delhi,ENT-REF-766365,47,0.2614
ENT-008761,ACCOUNT,Delhi,ENT-REF-740849,36,0.2477
ENT-008762,WALLET,Bihar,ENT-REF-274181,67,0.2916
ENT-008763,ACCOUNT,Maharashtra,ENT-REF-358085,31,0.1177
ENT-008764,ACCOUNT,Rajasthan,ENT-REF-215171,64,0.1221
ENT-008765,BENEFICIARY,Bihar,ENT-REF-893478,51,0.2555
ENT-008766,PHONE,Delhi,ENT-REF-994526,31,0.0526
ENT-008767,WALLET,Madhya Pradesh,ENT-REF-438829,66,0.2403
ENT-008768,BENEFICIARY,Bihar,ENT-REF-367805,75,0.1273
ENT-008769,DEVICE,Karnataka,ENT-REF-798178,4,0.0062
ENT-008770,MERCHANT,Bihar,ENT-REF-749150,1,0.3817
ENT-008771,MERCHANT,Uttar Pradesh,ENT-REF-315761,68,0.3056
ENT-008772,BENEFICIARY,Karnataka,ENT-REF-276408,76,0.2274
ENT-008773,BENEFICIARY,Telangana,ENT-REF-195358,40,0.3545
ENT-008774,DEVICE,Bihar,ENT-REF-208846,1,0.3331
ENT-008775,DEVICE,Bihar,ENT-REF-368431,40,0.1008
ENT-008776,DEVICE,Telangana,ENT-REF-549869,53,0.038
ENT-008777,ACCOUNT,Telangana,ENT-REF-672904,9,0.0425
ENT-008778,PHONE,Tamil Nadu,ENT-REF-791243,8,0.2047
ENT-008779,BENEFICIARY,Telangana,ENT-REF-798122,27,0.2136
ENT-008780,ACCOUNT,Tamil Nadu,ENT-REF-904988,33,0.0554
ENT-008781,PHONE,Delhi,ENT-REF-390470,12,0.1871
ENT-008782,ACCOUNT,Delhi,ENT-REF-329071,79,0.3749
ENT-008783,BENEFICIARY,Karnataka,ENT-REF-997483,59,0.1997
ENT-008784,BENEFICIARY,Telangana,ENT-REF-521284,24,0.2369
ENT-008785,ACCOUNT,Tamil Nadu,ENT-REF-506882,69,0.1467
ENT-008786,BENEFICIARY,Maharashtra,ENT-REF-559469,45,0.1922
ENT-008787,DEVICE,Maharashtra,ENT-REF-827529,34,0.309
ENT-008788,PHONE,Maharashtra,ENT-REF-170871,65,0.4397
ENT-008789,PHONE,West Bengal,ENT-REF-292094,26,0.0347
ENT-008790,ACCOUNT,Uttar Pradesh,ENT-REF-125099,36,0.0623
ENT-008791,BENEFICIARY,Telangana,ENT-REF-546499,8,0.0374
ENT-008792,PHONE,Maharashtra,ENT-REF-227473,43,0.2363
ENT-008793,PHONE,Bihar,ENT-REF-805768,9,0.3865
ENT-008794,BENEFICIARY,Madhya Pradesh,ENT-REF-983000,35,0.0519
ENT-008795,ACCOUNT,Rajasthan,ENT-REF-685018,17,0.27
ENT-008796,BENEFICIARY,Uttar Pradesh,ENT-REF-463372,8,0.4665
ENT-008797,ACCOUNT,Delhi,ENT-REF-356218,61,0.202
ENT-008798,ACCOUNT,Delhi,ENT-REF-295670,4,0.2834
ENT-008799,WALLET,Tamil Nadu,ENT-REF-610583,5,0.1541
ENT-008800,DEVICE,Madhya Pradesh,ENT-REF-261188,35,0.0628
ENT-008801,PHONE,Bihar,ENT-REF-237720,4,0.223
ENT-008802,ACCOUNT,Bihar,ENT-REF-261431,72,0.1606
ENT-008803,DEVICE,Tamil Nadu,ENT-REF-341210,39,0.0036
ENT-008804,WALLET,Delhi,ENT-REF-524396,10,0.1652
ENT-008805,BENEFICIARY,Delhi,ENT-REF-230573,25,0.2157
ENT-008806,BENEFICIARY,Delhi,ENT-REF-339029,7,0.2981
ENT-008807,PHONE,Bihar,ENT-REF-519159,47,0.1545
ENT-008808,ACCOUNT,Maharashtra,ENT-REF-728541,15,0.144
ENT-008809,WALLET,Karnataka,ENT-REF-726824,59,0.038
ENT-008810,ACCOUNT,Rajasthan,ENT-REF-797924,70,0.2006
ENT-008811,WALLET,West Bengal,ENT-REF-866592,54,0.205
ENT-008812,DEVICE,Bihar,ENT-REF-469753,11,0.1453
ENT-008813,ACCOUNT,Tamil Nadu,ENT-REF-362560,2,0.0941
ENT-008814,WALLET,Uttar Pradesh,ENT-REF-431926,43,0.2773
ENT-008815,MERCHANT,Maharashtra,ENT-REF-884461,5,0.1378
ENT-008816,ACCOUNT,Karnataka,ENT-REF-581341,25,0.1477
ENT-008817,ACCOUNT,Telangana,ENT-REF-985889,40,0.0509
ENT-008818,MERCHANT,Karnataka,ENT-REF-552130,10,0.0594
ENT-008819,ACCOUNT,Telangana,ENT-REF-120258,45,0.296
ENT-008820,ACCOUNT,Bihar,ENT-REF-804519,1,0.0552
ENT-008821,ACCOUNT,Bihar,ENT-REF-898829,73,0.193
ENT-008822,ACCOUNT,West Bengal,ENT-REF-870767,64,0.0639
ENT-008823,PHONE,Rajasthan,ENT-REF-849573,18,0.3371
ENT-008824,MERCHANT,Tamil Nadu,ENT-REF-555179,3,0.0509
ENT-008825,ACCOUNT,Telangana,ENT-REF-753125,45,0.3746
ENT-008826,WALLET,Tamil Nadu,ENT-REF-546216,52,0.0952
ENT-008827,WALLET,Bihar,ENT-REF-522422,18,0.1369
ENT-008828,PHONE,Karnataka,ENT-REF-961966,3,0.1416
ENT-008829,WALLET,Bihar,ENT-REF-361418,62,0.1412
ENT-008830,DEVICE,Bihar,ENT-REF-759638,68,0.2187
ENT-008831,DEVICE,Uttar Pradesh,ENT-REF-734949,9,0.2441
ENT-008832,PHONE,Uttar Pradesh,ENT-REF-620064,13,0.089
ENT-008833,PHONE,Uttar Pradesh,ENT-REF-968686,54,0.1536
ENT-008834,BENEFICIARY,Rajasthan,ENT-REF-624602,7,0.1848
ENT-008835,ACCOUNT,Bihar,ENT-REF-193107,57,0.0082
ENT-008836,ACCOUNT,Bihar,ENT-REF-907190,21,0.2343
ENT-008837,BENEFICIARY,Tamil Nadu,ENT-REF-112962,18,0.1588
ENT-008838,MERCHANT,Bihar,ENT-REF-680509,61,0.0361
ENT-008839,PHONE,Tamil Nadu,ENT-REF-520341,14,0.1015
ENT-008840,ACCOUNT,Bihar,ENT-REF-343762,54,0.057
ENT-008841,DEVICE,Madhya Pradesh,ENT-REF-665722,70,0.0956
ENT-008842,ACCOUNT,Madhya Pradesh,ENT-REF-797353,57,0.1924
ENT-008843,BENEFICIARY,Bihar,ENT-REF-125323,76,0.1479
ENT-008844,PHONE,Maharashtra,ENT-REF-833513,30,0.2909
ENT-008845,PHONE,Madhya Pradesh,ENT-REF-331290,29,0.2978
ENT-008846,MERCHANT,Rajasthan,ENT-REF-806757,12,0.0047
ENT-008847,ACCOUNT,Rajasthan,ENT-REF-726842,31,0.0169
ENT-008848,MERCHANT,Delhi,ENT-REF-267293,71,0.5628
ENT-008849,BENEFICIARY,Maharashtra,ENT-REF-922110,5,0.0474
ENT-008850,MERCHANT,Telangana,ENT-REF-926994,70,0.2057
ENT-008851,PHONE,Tamil Nadu,ENT-REF-899654,4,0.0763
ENT-008852,ACCOUNT,Uttar Pradesh,ENT-REF-882913,14,0.0439
ENT-008853,ACCOUNT,Madhya Pradesh,ENT-REF-108086,52,0.0775
ENT-008854,ACCOUNT,Rajasthan,ENT-REF-475231,39,0.0624
ENT-008855,MERCHANT,Uttar Pradesh,ENT-REF-925793,34,0.1664
ENT-008856,DEVICE,Rajasthan,ENT-REF-506955,33,0.0517
ENT-008857,ACCOUNT,West Bengal,ENT-REF-459112,72,0.147
ENT-008858,WALLET,Uttar Pradesh,ENT-REF-772316,2,0.2758
ENT-008859,ACCOUNT,Bihar,ENT-REF-240547,17,0.1975
ENT-008860,ACCOUNT,Madhya Pradesh,ENT-REF-426481,61,0.1601
ENT-008861,WALLET,Tamil Nadu,ENT-REF-412351,2,0.0658
ENT-008862,MERCHANT,Delhi,ENT-REF-208979,54,0.2698
ENT-008863,ACCOUNT,Karnataka,ENT-REF-902519,23,0.2966
ENT-008864,MERCHANT,Rajasthan,ENT-REF-466402,35,0.1974
ENT-008865,MERCHANT,Rajasthan,ENT-REF-610480,65,0.1093
ENT-008866,MERCHANT,Maharashtra,ENT-REF-954648,66,0.3661
ENT-008867,DEVICE,Uttar Pradesh,ENT-REF-499626,12,0.0641
ENT-008868,MERCHANT,Uttar Pradesh,ENT-REF-683496,19,0.2342
ENT-008869,BENEFICIARY,Karnataka,ENT-REF-195157,26,0.0845
ENT-008870,BENEFICIARY,Madhya Pradesh,ENT-REF-271291,4,0.0711
ENT-008871,BENEFICIARY,Bihar,ENT-REF-280420,56,0.1726
ENT-008872,BENEFICIARY,Maharashtra,ENT-REF-239944,44,0.0957
ENT-008873,ACCOUNT,Uttar Pradesh,ENT-REF-555788,73,0.3477
ENT-008874,PHONE,Madhya Pradesh,ENT-REF-204501,53,0.066
ENT-008875,ACCOUNT,Delhi,ENT-REF-493695,24,0.1467
ENT-008876,MERCHANT,Maharashtra,ENT-REF-282799,26,0.4881
ENT-008877,ACCOUNT,Telangana,ENT-REF-459142,55,0.2266
ENT-008878,ACCOUNT,Telangana,ENT-REF-224171,66,0.1746
ENT-008879,DEVICE,Tamil Nadu,ENT-REF-317102,72,0.1156
ENT-008880,ACCOUNT,Uttar Pradesh,ENT-REF-163095,23,0.1408
ENT-008881,ACCOUNT,Rajasthan,ENT-REF-450755,20,0.3928
ENT-008882,WALLET,Maharashtra,ENT-REF-114216,58,0.1214
ENT-008883,ACCOUNT,Uttar Pradesh,ENT-REF-509569,59,0.1228
ENT-008884,PHONE,Madhya Pradesh,ENT-REF-532856,31,0.2071
ENT-008885,ACCOUNT,Rajasthan,ENT-REF-285662,50,0.2123
ENT-008886,ACCOUNT,Tamil Nadu,ENT-REF-625718,5,0.0771
ENT-008887,PHONE,Karnataka,ENT-REF-974761,48,0.4032
ENT-008888,PHONE,Maharashtra,ENT-REF-771232,46,0.26
ENT-008889,PHONE,Telangana,ENT-REF-858786,31,0.2257
ENT-008890,MERCHANT,Bihar,ENT-REF-509763,61,0.0109
ENT-008891,ACCOUNT,Madhya Pradesh,ENT-REF-182533,63,0.1348
ENT-008892,WALLET,Bihar,ENT-REF-512290,51,0.2168
ENT-008893,DEVICE,West Bengal,ENT-REF-494856,72,0.3232
ENT-008894,MERCHANT,Karnataka,ENT-REF-797441,52,0.2316
ENT-008895,DEVICE,Uttar Pradesh,ENT-REF-482734,41,0.1187
ENT-008896,PHONE,Telangana,ENT-REF-679362,60,0.3924
ENT-008897,PHONE,Bihar,ENT-REF-423521,23,0.0833
ENT-008898,BENEFICIARY,Madhya Pradesh,ENT-REF-284986,52,0.1894
ENT-008899,DEVICE,Maharashtra,ENT-REF-888271,71,0.108
ENT-008900,WALLET,Karnataka,ENT-REF-995071,30,0.2606
ENT-008901,ACCOUNT,West Bengal,ENT-REF-247621,46,0.0137
ENT-008902,ACCOUNT,West Bengal,ENT-REF-166547,38,0.0279
ENT-008903,WALLET,West Bengal,ENT-REF-783686,32,0.0548
ENT-008904,PHONE,Telangana,ENT-REF-603739,33,0.038
ENT-008905,DEVICE,Telangana,ENT-REF-141846,34,0.1323
ENT-008906,ACCOUNT,Delhi,ENT-REF-449656,51,0.2897
ENT-008907,ACCOUNT,Telangana,ENT-REF-640337,48,0.0737
ENT-008908,WALLET,Rajasthan,ENT-REF-407239,74,0.31
ENT-008909,WALLET,Rajasthan,ENT-REF-121491,38,0.2544
ENT-008910,ACCOUNT,Delhi,ENT-REF-421170,22,0.3068
ENT-008911,MERCHANT,Karnataka,ENT-REF-395083,32,0.1649
ENT-008912,MERCHANT,Maharashtra,ENT-REF-285204,73,0.0262
ENT-008913,MERCHANT,Bihar,ENT-REF-454154,4,0.4293
ENT-008914,BENEFICIARY,Delhi,ENT-REF-349776,46,0.3512
ENT-008915,WALLET,Bihar,ENT-REF-537065,6,0.236
ENT-008916,WALLET,Telangana,ENT-REF-609783,57,0.0922
ENT-008917,ACCOUNT,Telangana,ENT-REF-901067,58,0.2619
ENT-008918,ACCOUNT,West Bengal,ENT-REF-906560,19,0.295
ENT-008919,ACCOUNT,Karnataka,ENT-REF-900263,19,0.127
ENT-008920,ACCOUNT,Madhya Pradesh,ENT-REF-654520,8,0.2783
ENT-008921,PHONE,Delhi,ENT-REF-562222,29,0.2039
ENT-008922,ACCOUNT,Tamil Nadu,ENT-REF-658915,63,0.2953
ENT-008923,MERCHANT,Telangana,ENT-REF-412641,70,0.2263
ENT-008924,PHONE,Tamil Nadu,ENT-REF-803629,26,0.0062
ENT-008925,ACCOUNT,Karnataka,ENT-REF-682258,21,0.2156
ENT-008926,ACCOUNT,Delhi,ENT-REF-306215,38,0.6802
ENT-008927,PHONE,Karnataka,ENT-REF-786871,72,0.075
ENT-008928,ACCOUNT,Madhya Pradesh,ENT-REF-949876,31,0.0382
ENT-008929,DEVICE,Telangana,ENT-REF-193263,43,0.1316
ENT-008930,ACCOUNT,Tamil Nadu,ENT-REF-267065,47,0.1828
ENT-008931,DEVICE,Telangana,ENT-REF-238578,71,0.5327
ENT-008932,ACCOUNT,Rajasthan,ENT-REF-479221,19,0.332
ENT-008933,WALLET,Madhya Pradesh,ENT-REF-482991,29,0.3818
ENT-008934,MERCHANT,Bihar,ENT-REF-936348,9,0.1889
ENT-008935,PHONE,Uttar Pradesh,ENT-REF-992558,73,0.2326
ENT-008936,ACCOUNT,Telangana,ENT-REF-416282,43,0.1461
ENT-008937,DEVICE,West Bengal,ENT-REF-297709,78,0.3058
ENT-008938,PHONE,Bihar,ENT-REF-833324,11,0.0385
ENT-008939,DEVICE,West Bengal,ENT-REF-768561,67,0.2027
ENT-008940,ACCOUNT,Bihar,ENT-REF-124093,15,0.2012
ENT-008941,BENEFICIARY,Madhya Pradesh,ENT-REF-461047,27,0.1292
ENT-008942,ACCOUNT,Tamil Nadu,ENT-REF-637447,29,0.1499
ENT-008943,ACCOUNT,Delhi,ENT-REF-958931,60,0.1487
ENT-008944,WALLET,Maharashtra,ENT-REF-654316,36,0.1024
ENT-008945,BENEFICIARY,Telangana,ENT-REF-642612,23,0.2542
ENT-008946,WALLET,Bihar,ENT-REF-903876,73,0.1845
ENT-008947,ACCOUNT,Bihar,ENT-REF-223194,40,0.0559
ENT-008948,ACCOUNT,Telangana,ENT-REF-944640,55,0.0994
ENT-008949,MERCHANT,Delhi,ENT-REF-407854,40,0.2459
ENT-008950,MERCHANT,Delhi,ENT-REF-452749,75,0.2837
ENT-008951,ACCOUNT,Delhi,ENT-REF-786404,56,0.067
ENT-008952,ACCOUNT,Uttar Pradesh,ENT-REF-567571,14,0.0341
ENT-008953,PHONE,Madhya Pradesh,ENT-REF-176810,30,0.206
ENT-008954,PHONE,West Bengal,ENT-REF-895634,45,0.582
ENT-008955,DEVICE,Delhi,ENT-REF-341987,52,0.1583
ENT-008956,PHONE,Maharashtra,ENT-REF-599467,25,0.4252
ENT-008957,ACCOUNT,West Bengal,ENT-REF-786242,60,0.152
ENT-008958,PHONE,Maharashtra,ENT-REF-988345,62,0.0088
ENT-008959,WALLET,Bihar,ENT-REF-843135,78,0.0203
ENT-008960,BENEFICIARY,Rajasthan,ENT-REF-313714,51,0.1093
ENT-008961,DEVICE,Tamil Nadu,ENT-REF-452938,28,0.0874
ENT-008962,PHONE,Maharashtra,ENT-REF-302429,25,0.1406
ENT-008963,DEVICE,Maharashtra,ENT-REF-587006,37,0.2471
ENT-008964,ACCOUNT,Tamil Nadu,ENT-REF-135595,61,0.2005
ENT-008965,WALLET,Uttar Pradesh,ENT-REF-856990,42,0.4001
ENT-008966,ACCOUNT,Uttar Pradesh,ENT-REF-381193,17,0.0455
ENT-008967,PHONE,Telangana,ENT-REF-276170,56,0.188
ENT-008968,PHONE,Maharashtra,ENT-REF-819139,46,0.24
ENT-008969,MERCHANT,Telangana,ENT-REF-908096,57,0.1306
ENT-008970,ACCOUNT,Uttar Pradesh,ENT-REF-888074,29,0.074
ENT-008971,BENEFICIARY,West Bengal,ENT-REF-153599,45,0.4493
ENT-008972,ACCOUNT,Madhya Pradesh,ENT-REF-672169,18,0.3711
ENT-008973,PHONE,Delhi,ENT-REF-761283,18,0.104
ENT-008974,PHONE,Rajasthan,ENT-REF-971494,45,0.1324
ENT-008975,WALLET,Uttar Pradesh,ENT-REF-961949,49,0.063
ENT-008976,WALLET,Tamil Nadu,ENT-REF-196845,70,0.1089
ENT-008977,ACCOUNT,Telangana,ENT-REF-503385,59,0.2595
ENT-008978,ACCOUNT,Tamil Nadu,ENT-REF-110067,35,0.0189
ENT-008979,DEVICE,Telangana,ENT-REF-532311,48,0.0628
ENT-008980,PHONE,Telangana,ENT-REF-113067,63,0.2204
ENT-008981,ACCOUNT,Madhya Pradesh,ENT-REF-530040,71,0.2156
ENT-008982,BENEFICIARY,West Bengal,ENT-REF-581390,61,0.1401
ENT-008983,PHONE,Maharashtra,ENT-REF-888363,55,0.2092
ENT-008984,DEVICE,Madhya Pradesh,ENT-REF-247309,2,0.0313
ENT-008985,PHONE,West Bengal,ENT-REF-946783,50,0.0449
ENT-008986,ACCOUNT,Telangana,ENT-REF-223873,39,0.1912
ENT-008987,ACCOUNT,Bihar,ENT-REF-618648,12,0.0664
ENT-008988,PHONE,Delhi,ENT-REF-350137,7,0.2003
ENT-008989,ACCOUNT,Maharashtra,ENT-REF-368488,41,0.1822
ENT-008990,MERCHANT,Maharashtra,ENT-REF-850919,28,0.108
ENT-008991,ACCOUNT,West Bengal,ENT-REF-684231,35,0.0869
ENT-008992,PHONE,Telangana,ENT-REF-244650,29,0.0191
ENT-008993,BENEFICIARY,Tamil Nadu,ENT-REF-539353,71,0.0808
ENT-008994,WALLET,Maharashtra,ENT-REF-283830,12,0.2428
ENT-008995,DEVICE,Delhi,ENT-REF-131760,68,0.368
ENT-008996,ACCOUNT,Tamil Nadu,ENT-REF-125085,48,0.0561
ENT-008997,DEVICE,Bihar,ENT-REF-623694,59,0.124
ENT-008998,ACCOUNT,Tamil Nadu,ENT-REF-677534,48,0.3299
ENT-008999,BENEFICIARY,Madhya Pradesh,ENT-REF-575730,70,0.201
ENT-009000,PHONE,Karnataka,ENT-REF-264436,55,0.0369
ENT-009001,ACCOUNT,Madhya Pradesh,ENT-REF-277204,22,0.3798
ENT-009002,BENEFICIARY,Tamil Nadu,ENT-REF-742890,4,0.1954
ENT-009003,DEVICE,Rajasthan,ENT-REF-506424,26,0.2019
ENT-009004,MERCHANT,Telangana,ENT-REF-981123,46,0.196
ENT-009005,BENEFICIARY,Karnataka,ENT-REF-864305,74,0.1601
ENT-009006,ACCOUNT,West Bengal,ENT-REF-590946,7,0.3208
ENT-009007,BENEFICIARY,Rajasthan,ENT-REF-573535,60,0.0292
ENT-009008,DEVICE,Maharashtra,ENT-REF-107043,38,0.104
ENT-009009,WALLET,Delhi,ENT-REF-397217,36,0.0782
ENT-009010,ACCOUNT,Telangana,ENT-REF-529671,29,0.2781
ENT-009011,ACCOUNT,Telangana,ENT-REF-869254,62,0.1613
ENT-009012,ACCOUNT,Bihar,ENT-REF-902183,73,0.3102
ENT-009013,WALLET,Telangana,ENT-REF-781204,72,0.1022
ENT-009014,ACCOUNT,Rajasthan,ENT-REF-652230,37,0.204
ENT-009015,ACCOUNT,Maharashtra,ENT-REF-319568,14,0.1061
ENT-009016,ACCOUNT,Maharashtra,ENT-REF-755912,65,0.1346
ENT-009017,ACCOUNT,Telangana,ENT-REF-504455,46,0.3599
ENT-009018,WALLET,Rajasthan,ENT-REF-605910,60,0.1238
ENT-009019,PHONE,Uttar Pradesh,ENT-REF-586521,31,0.1178
ENT-009020,MERCHANT,Bihar,ENT-REF-102127,35,0.055
ENT-009021,ACCOUNT,Bihar,ENT-REF-699297,55,0.1442
ENT-009022,PHONE,Uttar Pradesh,ENT-REF-420452,2,0.2843
ENT-009023,WALLET,Delhi,ENT-REF-950783,45,0.1022
ENT-009024,ACCOUNT,Tamil Nadu,ENT-REF-867709,74,0.3747
ENT-009025,MERCHANT,Madhya Pradesh,ENT-REF-630814,32,0.2806
ENT-009026,PHONE,Madhya Pradesh,ENT-REF-799247,7,0.0424
ENT-009027,MERCHANT,West Bengal,ENT-REF-952752,26,0.0709
ENT-009028,BENEFICIARY,Uttar Pradesh,ENT-REF-629023,20,0.3556
ENT-009029,MERCHANT,Karnataka,ENT-REF-299495,42,0.1728
ENT-009030,DEVICE,Tamil Nadu,ENT-REF-675243,55,0.1558
ENT-009031,WALLET,Telangana,ENT-REF-463708,31,0.3781
ENT-009032,PHONE,Tamil Nadu,ENT-REF-561768,8,0.1381
ENT-009033,PHONE,Karnataka,ENT-REF-934387,69,0.4933
ENT-009034,ACCOUNT,Karnataka,ENT-REF-551702,38,0.1121
ENT-009035,ACCOUNT,Madhya Pradesh,ENT-REF-262675,46,0.1754
ENT-009036,ACCOUNT,Bihar,ENT-REF-944908,76,0.1146
ENT-009037,DEVICE,Tamil Nadu,ENT-REF-321349,63,0.3305
ENT-009038,DEVICE,Telangana,ENT-REF-212246,27,0.2192
ENT-009039,DEVICE,Tamil Nadu,ENT-REF-668627,48,0.1087
ENT-009040,ACCOUNT,Bihar,ENT-REF-128914,39,0.1053
ENT-009041,PHONE,Delhi,ENT-REF-340391,47,0.4669
ENT-009042,PHONE,Madhya Pradesh,ENT-REF-625457,27,0.0419
ENT-009043,ACCOUNT,West Bengal,ENT-REF-947500,18,0.1383
ENT-009044,WALLET,Delhi,ENT-REF-469736,15,0.2307
ENT-009045,MERCHANT,Delhi,ENT-REF-423544,59,0.0909
ENT-009046,ACCOUNT,West Bengal,ENT-REF-181153,52,0.5048
ENT-009047,WALLET,Karnataka,ENT-REF-375059,46,0.1096
ENT-009048,ACCOUNT,Maharashtra,ENT-REF-634713,25,0.1155
ENT-009049,WALLET,Karnataka,ENT-REF-538894,71,0.233
ENT-009050,ACCOUNT,Madhya Pradesh,ENT-REF-880406,40,0.2495
ENT-009051,DEVICE,Rajasthan,ENT-REF-426210,17,0.0406
ENT-009052,BENEFICIARY,West Bengal,ENT-REF-482121,4,0.1884
ENT-009053,ACCOUNT,Karnataka,ENT-REF-433032,33,0.2255
ENT-009054,BENEFICIARY,Telangana,ENT-REF-942028,15,0.393
ENT-009055,PHONE,Rajasthan,ENT-REF-971458,4,0.1874
ENT-009056,ACCOUNT,Uttar Pradesh,ENT-REF-419655,2,0.0424
ENT-009057,ACCOUNT,Telangana,ENT-REF-875867,42,0.1939
ENT-009058,WALLET,Maharashtra,ENT-REF-674668,32,0.0786
ENT-009059,ACCOUNT,Maharashtra,ENT-REF-709416,23,0.3602
ENT-009060,ACCOUNT,Delhi,ENT-REF-848093,19,0.1576
ENT-009061,MERCHANT,Bihar,ENT-REF-789993,27,0.347
ENT-009062,ACCOUNT,Maharashtra,ENT-REF-297316,48,0.0021
ENT-009063,ACCOUNT,Uttar Pradesh,ENT-REF-442792,11,0.2689
ENT-009064,BENEFICIARY,Maharashtra,ENT-REF-662676,79,0.1686
ENT-009065,ACCOUNT,Uttar Pradesh,ENT-REF-639747,51,0.2234
ENT-009066,DEVICE,Rajasthan,ENT-REF-367081,6,0.1093
ENT-009067,ACCOUNT,Rajasthan,ENT-REF-665734,56,0.2448
ENT-009068,ACCOUNT,Bihar,ENT-REF-988264,38,0.0446
ENT-009069,BENEFICIARY,Madhya Pradesh,ENT-REF-754459,67,0.0484
ENT-009070,PHONE,Bihar,ENT-REF-567177,15,0.2475
ENT-009071,ACCOUNT,Delhi,ENT-REF-717667,65,0.1405
ENT-009072,PHONE,Rajasthan,ENT-REF-328642,76,0.1502
ENT-009073,BENEFICIARY,Tamil Nadu,ENT-REF-982086,79,0.0853
ENT-009074,ACCOUNT,Telangana,ENT-REF-857872,35,0.1617
ENT-009075,ACCOUNT,Madhya Pradesh,ENT-REF-467891,61,0.171
ENT-009076,PHONE,Karnataka,ENT-REF-777742,70,0.2673
ENT-009077,DEVICE,Madhya Pradesh,ENT-REF-118078,51,0.0989
ENT-009078,PHONE,Maharashtra,ENT-REF-245977,19,0.0236
ENT-009079,ACCOUNT,Tamil Nadu,ENT-REF-199819,68,0.1487
ENT-009080,PHONE,Telangana,ENT-REF-257871,60,0.1528
ENT-009081,ACCOUNT,Rajasthan,ENT-REF-190692,2,0.0492
ENT-009082,PHONE,Karnataka,ENT-REF-313635,74,0.3269
ENT-009083,MERCHANT,Rajasthan,ENT-REF-355760,75,0.1628
ENT-009084,PHONE,Maharashtra,ENT-REF-887874,48,0.4808
ENT-009085,ACCOUNT,Telangana,ENT-REF-333484,77,0.0601
ENT-009086,PHONE,Telangana,ENT-REF-448075,28,0.1912
ENT-009087,ACCOUNT,Rajasthan,ENT-REF-251633,5,0.0532
ENT-009088,ACCOUNT,Telangana,ENT-REF-576460,23,0.0075
ENT-009089,PHONE,Rajasthan,ENT-REF-933469,61,0.0723
ENT-009090,DEVICE,Bihar,ENT-REF-833195,46,0.1214
ENT-009091,MERCHANT,Karnataka,ENT-REF-416237,40,0.6615
ENT-009092,ACCOUNT,Karnataka,ENT-REF-752866,64,0.065
ENT-009093,DEVICE,Karnataka,ENT-REF-301637,26,0.1611
ENT-009094,ACCOUNT,Tamil Nadu,ENT-REF-260157,44,0.5726
ENT-009095,MERCHANT,Uttar Pradesh,ENT-REF-406472,44,0.0459
ENT-009096,BENEFICIARY,Bihar,ENT-REF-888519,46,0.2837
ENT-009097,MERCHANT,Uttar Pradesh,ENT-REF-413195,69,0.0681
ENT-009098,DEVICE,Bihar,ENT-REF-835780,35,0.0564
ENT-009099,PHONE,Maharashtra,ENT-REF-344472,71,0.264
ENT-009100,ACCOUNT,Maharashtra,ENT-REF-352285,46,0.2404
ENT-009101,PHONE,Bihar,ENT-REF-291575,75,0.2546
ENT-009102,MERCHANT,Uttar Pradesh,ENT-REF-431755,75,0.3321
ENT-009103,BENEFICIARY,Karnataka,ENT-REF-551228,28,0.2164
ENT-009104,BENEFICIARY,Telangana,ENT-REF-184145,32,0.0603
ENT-009105,DEVICE,Uttar Pradesh,ENT-REF-236062,71,0.5255
ENT-009106,PHONE,Telangana,ENT-REF-156428,30,0.2462
ENT-009107,PHONE,Bihar,ENT-REF-403707,6,0.3645
ENT-009108,ACCOUNT,Uttar Pradesh,ENT-REF-556058,21,0.5582
ENT-009109,DEVICE,Uttar Pradesh,ENT-REF-202896,32,0.3674
ENT-009110,BENEFICIARY,Delhi,ENT-REF-341995,1,0.1071
ENT-009111,PHONE,West Bengal,ENT-REF-541236,32,0.0265
ENT-009112,PHONE,Madhya Pradesh,ENT-REF-773449,34,0.1059
ENT-009113,ACCOUNT,Uttar Pradesh,ENT-REF-388177,68,0.3464
ENT-009114,ACCOUNT,Maharashtra,ENT-REF-157979,51,0.1295
ENT-009115,ACCOUNT,Telangana,ENT-REF-187821,78,0.1272
ENT-009116,MERCHANT,Uttar Pradesh,ENT-REF-711216,76,0.4329
ENT-009117,ACCOUNT,Maharashtra,ENT-REF-963281,55,0.1109
ENT-009118,MERCHANT,Rajasthan,ENT-REF-128303,61,0.1867
ENT-009119,ACCOUNT,West Bengal,ENT-REF-463529,16,0.0892
ENT-009120,PHONE,Uttar Pradesh,ENT-REF-906913,39,0.2221
ENT-009121,BENEFICIARY,Maharashtra,ENT-REF-339783,3,0.3072
ENT-009122,PHONE,West Bengal,ENT-REF-395829,9,0.0241
ENT-009123,WALLET,Bihar,ENT-REF-674406,41,0.1216
ENT-009124,ACCOUNT,Delhi,ENT-REF-293738,67,0.2688
ENT-009125,WALLET,West Bengal,ENT-REF-211156,64,0.0885
ENT-009126,WALLET,Tamil Nadu,ENT-REF-838674,56,0.0179
ENT-009127,ACCOUNT,Karnataka,ENT-REF-711776,40,0.0482
ENT-009128,PHONE,Tamil Nadu,ENT-REF-893391,38,0.412
ENT-009129,MERCHANT,Bihar,ENT-REF-714963,63,0.0294
ENT-009130,BENEFICIARY,Maharashtra,ENT-REF-265597,14,0.1811
ENT-009131,PHONE,West Bengal,ENT-REF-477744,68,0.2074
ENT-009132,ACCOUNT,West Bengal,ENT-REF-786876,66,0.4637
ENT-009133,ACCOUNT,Madhya Pradesh,ENT-REF-918817,18,0.0857
ENT-009134,PHONE,Bihar,ENT-REF-272800,6,0.1312
ENT-009135,MERCHANT,Tamil Nadu,ENT-REF-536800,41,0.2167
ENT-009136,BENEFICIARY,Rajasthan,ENT-REF-126410,70,0.0634
ENT-009137,PHONE,Karnataka,ENT-REF-789961,38,0.4305
ENT-009138,PHONE,Rajasthan,ENT-REF-939319,15,0.0932
ENT-009139,BENEFICIARY,Rajasthan,ENT-REF-572292,49,0.083
ENT-009140,ACCOUNT,Maharashtra,ENT-REF-966415,69,0.2228
ENT-009141,ACCOUNT,Delhi,ENT-REF-183971,41,0.2312
ENT-009142,WALLET,Tamil Nadu,ENT-REF-817599,42,0.2328
ENT-009143,PHONE,Madhya Pradesh,ENT-REF-373892,40,0.1968
ENT-009144,WALLET,West Bengal,ENT-REF-517783,15,0.0199
ENT-009145,PHONE,Madhya Pradesh,ENT-REF-450765,19,0.2522
ENT-009146,ACCOUNT,Telangana,ENT-REF-277053,35,0.1915
ENT-009147,PHONE,Delhi,ENT-REF-494522,42,0.2502
ENT-009148,MERCHANT,West Bengal,ENT-REF-656922,17,0.5483
ENT-009149,ACCOUNT,Bihar,ENT-REF-449743,16,0.1449
ENT-009150,ACCOUNT,Karnataka,ENT-REF-499645,26,0.1026
ENT-009151,BENEFICIARY,Karnataka,ENT-REF-520826,38,0.1355
ENT-009152,BENEFICIARY,Telangana,ENT-REF-186886,51,0.0491
ENT-009153,MERCHANT,Karnataka,ENT-REF-696285,42,0.3166
ENT-009154,ACCOUNT,Tamil Nadu,ENT-REF-823142,46,0.1024
ENT-009155,PHONE,Karnataka,ENT-REF-357284,34,0.2202
ENT-009156,PHONE,Rajasthan,ENT-REF-829752,70,0.1961
ENT-009157,MERCHANT,Delhi,ENT-REF-302455,21,0.3533
ENT-009158,DEVICE,West Bengal,ENT-REF-314752,66,0.1766
ENT-009159,BENEFICIARY,Bihar,ENT-REF-516910,54,0.2281
ENT-009160,DEVICE,West Bengal,ENT-REF-886360,74,0.604
ENT-009161,ACCOUNT,Uttar Pradesh,ENT-REF-420570,44,0.2589
ENT-009162,MERCHANT,Telangana,ENT-REF-375452,58,0.2302
ENT-009163,PHONE,Madhya Pradesh,ENT-REF-384829,26,0.1836
ENT-009164,BENEFICIARY,Telangana,ENT-REF-750153,70,0.0631
ENT-009165,MERCHANT,Karnataka,ENT-REF-225168,58,0.2412
ENT-009166,WALLET,Maharashtra,ENT-REF-261964,52,0.0467
ENT-009167,DEVICE,Tamil Nadu,ENT-REF-215775,39,0.5113
ENT-009168,PHONE,Maharashtra,ENT-REF-148814,9,0.2961
ENT-009169,PHONE,Tamil Nadu,ENT-REF-888378,50,0.1138
ENT-009170,ACCOUNT,Tamil Nadu,ENT-REF-503973,32,0.0583
ENT-009171,MERCHANT,Uttar Pradesh,ENT-REF-514140,27,0.1506
ENT-009172,ACCOUNT,Tamil Nadu,ENT-REF-716555,74,0.2194
ENT-009173,DEVICE,Maharashtra,ENT-REF-468694,59,0.2516
ENT-009174,DEVICE,Rajasthan,ENT-REF-732283,63,0.1104
ENT-009175,PHONE,Rajasthan,ENT-REF-433797,30,0.2449
ENT-009176,PHONE,Karnataka,ENT-REF-532179,58,0.2627
ENT-009177,BENEFICIARY,Maharashtra,ENT-REF-915593,34,0.1444
ENT-009178,PHONE,Delhi,ENT-REF-384146,51,0.0436
ENT-009179,BENEFICIARY,Tamil Nadu,ENT-REF-352086,57,0.3014
ENT-009180,ACCOUNT,Telangana,ENT-REF-819478,25,0.1523
ENT-009181,ACCOUNT,West Bengal,ENT-REF-435399,32,0.0458
ENT-009182,PHONE,Maharashtra,ENT-REF-847937,26,0.0604
ENT-009183,DEVICE,West Bengal,ENT-REF-667908,70,0.1408
ENT-009184,ACCOUNT,Rajasthan,ENT-REF-456891,17,0.0766
ENT-009185,WALLET,West Bengal,ENT-REF-393548,37,0.1331
ENT-009186,DEVICE,Delhi,ENT-REF-974218,15,0.1009
ENT-009187,ACCOUNT,Bihar,ENT-REF-367075,33,0.1768
ENT-009188,PHONE,Delhi,ENT-REF-786073,36,0.4988
ENT-009189,WALLET,Telangana,ENT-REF-532068,47,0.2149
ENT-009190,ACCOUNT,Tamil Nadu,ENT-REF-654128,34,0.1922
ENT-009191,ACCOUNT,Tamil Nadu,ENT-REF-770577,43,0.1228
ENT-009192,ACCOUNT,Karnataka,ENT-REF-465571,13,0.1919
ENT-009193,PHONE,Uttar Pradesh,ENT-REF-616381,69,0.1526
ENT-009194,DEVICE,Bihar,ENT-REF-292371,20,0.2993
ENT-009195,PHONE,Delhi,ENT-REF-906668,50,0.3081
ENT-009196,PHONE,Telangana,ENT-REF-655160,57,0.1275
ENT-009197,ACCOUNT,Bihar,ENT-REF-754174,45,0.2917
ENT-009198,PHONE,Karnataka,ENT-REF-141978,11,0.1487
ENT-009199,BENEFICIARY,Karnataka,ENT-REF-105372,15,0.0758
ENT-009200,MERCHANT,Rajasthan,ENT-REF-613592,50,0.1363
ENT-009201,DEVICE,Karnataka,ENT-REF-946269,56,0.0705
ENT-009202,DEVICE,Telangana,ENT-REF-365035,53,0.1889
ENT-009203,WALLET,Bihar,ENT-REF-457950,70,0.2002
ENT-009204,ACCOUNT,Uttar Pradesh,ENT-REF-419958,14,0.1261
ENT-009205,BENEFICIARY,Telangana,ENT-REF-290501,4,0.1553
ENT-009206,PHONE,Telangana,ENT-REF-252831,26,0.111
ENT-009207,ACCOUNT,Telangana,ENT-REF-842773,43,0.5019
ENT-009208,ACCOUNT,Delhi,ENT-REF-498934,54,0.2025
ENT-009209,ACCOUNT,Bihar,ENT-REF-788074,74,0.014
ENT-009210,BENEFICIARY,Rajasthan,ENT-REF-518098,30,0.4036
ENT-009211,DEVICE,Delhi,ENT-REF-647635,58,0.1669
ENT-009212,DEVICE,Rajasthan,ENT-REF-885465,76,0.349
ENT-009213,BENEFICIARY,Uttar Pradesh,ENT-REF-193487,58,0.2513
ENT-009214,PHONE,Madhya Pradesh,ENT-REF-828163,2,0.6004
ENT-009215,ACCOUNT,Karnataka,ENT-REF-382904,77,0.2944
ENT-009216,ACCOUNT,Maharashtra,ENT-REF-585676,66,0.0364
ENT-009217,ACCOUNT,Telangana,ENT-REF-509169,33,0.1305
ENT-009218,WALLET,Bihar,ENT-REF-616370,56,0.1009
ENT-009219,DEVICE,Bihar,ENT-REF-233622,34,0.3365
ENT-009220,MERCHANT,Bihar,ENT-REF-316309,12,0.2852
ENT-009221,ACCOUNT,Bihar,ENT-REF-112224,1,0.19
ENT-009222,BENEFICIARY,Telangana,ENT-REF-520583,72,0.2387
ENT-009223,PHONE,Bihar,ENT-REF-718477,58,0.247
ENT-009224,DEVICE,Bihar,ENT-REF-246198,47,0.3727
ENT-009225,ACCOUNT,Karnataka,ENT-REF-486129,71,0.2276
ENT-009226,PHONE,Rajasthan,ENT-REF-406650,16,0.0832
ENT-009227,ACCOUNT,West Bengal,ENT-REF-654401,27,0.2592
ENT-009228,BENEFICIARY,Maharashtra,ENT-REF-218526,76,0.3558
ENT-009229,PHONE,Madhya Pradesh,ENT-REF-342060,45,0.0739
ENT-009230,DEVICE,Telangana,ENT-REF-455598,18,0.2353
ENT-009231,BENEFICIARY,Uttar Pradesh,ENT-REF-998288,68,0.4186
ENT-009232,BENEFICIARY,Madhya Pradesh,ENT-REF-805279,25,0.2554
ENT-009233,MERCHANT,Uttar Pradesh,ENT-REF-841689,20,0.041
ENT-009234,WALLET,Madhya Pradesh,ENT-REF-303157,15,0.1618
ENT-009235,PHONE,Telangana,ENT-REF-851827,16,0.0902
ENT-009236,PHONE,Uttar Pradesh,ENT-REF-856753,52,0.2067
ENT-009237,MERCHANT,Tamil Nadu,ENT-REF-324947,19,0.0618
ENT-009238,ACCOUNT,Madhya Pradesh,ENT-REF-833977,60,0.1301
ENT-009239,DEVICE,Madhya Pradesh,ENT-REF-974535,25,0.2423
ENT-009240,ACCOUNT,Maharashtra,ENT-REF-857680,39,0.087
ENT-009241,ACCOUNT,Uttar Pradesh,ENT-REF-123070,31,0.2337
ENT-009242,ACCOUNT,Madhya Pradesh,ENT-REF-317679,12,0.1467
ENT-009243,WALLET,West Bengal,ENT-REF-568586,12,0.0357
ENT-009244,ACCOUNT,Delhi,ENT-REF-236950,60,0.2134
ENT-009245,ACCOUNT,Karnataka,ENT-REF-347788,14,0.2599
ENT-009246,DEVICE,Maharashtra,ENT-REF-857810,55,0.1218
ENT-009247,WALLET,Bihar,ENT-REF-129050,21,0.0617
ENT-009248,ACCOUNT,Rajasthan,ENT-REF-944171,6,0.284
ENT-009249,BENEFICIARY,Madhya Pradesh,ENT-REF-287630,61,0.0959
ENT-009250,ACCOUNT,Maharashtra,ENT-REF-433185,49,0.4152
ENT-009251,MERCHANT,Rajasthan,ENT-REF-393667,45,0.053
ENT-009252,ACCOUNT,Maharashtra,ENT-REF-883651,27,0.1917
ENT-009253,ACCOUNT,Tamil Nadu,ENT-REF-573998,34,0.2834
ENT-009254,BENEFICIARY,Uttar Pradesh,ENT-REF-367139,14,0.0791
ENT-009255,BENEFICIARY,Delhi,ENT-REF-771893,27,0.1575
ENT-009256,PHONE,West Bengal,ENT-REF-269974,67,0.0117
ENT-009257,MERCHANT,Telangana,ENT-REF-606250,69,0.0757
ENT-009258,PHONE,Bihar,ENT-REF-861842,2,0.0966
ENT-009259,ACCOUNT,Uttar Pradesh,ENT-REF-224877,13,0.3766
ENT-009260,BENEFICIARY,Uttar Pradesh,ENT-REF-837508,13,0.0685
ENT-009261,ACCOUNT,Uttar Pradesh,ENT-REF-669911,40,0.326
ENT-009262,PHONE,Delhi,ENT-REF-603155,12,0.1204
ENT-009263,WALLET,Tamil Nadu,ENT-REF-175816,55,0.1436
ENT-009264,PHONE,Delhi,ENT-REF-376488,61,0.1783
ENT-009265,MERCHANT,Maharashtra,ENT-REF-657787,46,0.4631
ENT-009266,BENEFICIARY,Maharashtra,ENT-REF-778889,38,0.2828
ENT-009267,ACCOUNT,Delhi,ENT-REF-550713,33,0.1021
ENT-009268,PHONE,Karnataka,ENT-REF-933177,10,0.1115
ENT-009269,ACCOUNT,Telangana,ENT-REF-120844,65,0.2687
ENT-009270,ACCOUNT,Telangana,ENT-REF-379568,26,0.0364
ENT-009271,BENEFICIARY,Maharashtra,ENT-REF-875214,3,0.2786
ENT-009272,BENEFICIARY,Karnataka,ENT-REF-876503,5,0.0666
ENT-009273,DEVICE,Karnataka,ENT-REF-346607,74,0.0475
ENT-009274,ACCOUNT,Rajasthan,ENT-REF-915944,45,0.1086
ENT-009275,BENEFICIARY,Delhi,ENT-REF-583246,36,0.1911
ENT-009276,PHONE,Delhi,ENT-REF-301073,47,0.0347
ENT-009277,BENEFICIARY,Bihar,ENT-REF-909695,21,0.0213
ENT-009278,WALLET,Maharashtra,ENT-REF-912879,60,0.3327
ENT-009279,MERCHANT,West Bengal,ENT-REF-150856,42,0.3379
ENT-009280,BENEFICIARY,Delhi,ENT-REF-299124,27,0.1353
ENT-009281,BENEFICIARY,West Bengal,ENT-REF-939934,78,0.0834
ENT-009282,ACCOUNT,West Bengal,ENT-REF-217946,18,0.2015
ENT-009283,DEVICE,Uttar Pradesh,ENT-REF-282130,23,0.6023
ENT-009284,MERCHANT,Delhi,ENT-REF-924780,61,0.1118
ENT-009285,PHONE,Delhi,ENT-REF-582954,44,0.0792
ENT-009286,DEVICE,Maharashtra,ENT-REF-310409,58,0.0669
ENT-009287,WALLET,Madhya Pradesh,ENT-REF-954075,20,0.008
ENT-009288,WALLET,Rajasthan,ENT-REF-926393,72,0.1487
ENT-009289,ACCOUNT,Madhya Pradesh,ENT-REF-124671,47,0.2912
ENT-009290,ACCOUNT,West Bengal,ENT-REF-287935,1,0.5432
ENT-009291,ACCOUNT,Karnataka,ENT-REF-612541,16,0.3864
ENT-009292,PHONE,Tamil Nadu,ENT-REF-513630,22,0.1909
ENT-009293,ACCOUNT,Bihar,ENT-REF-378468,33,0.1374
ENT-009294,WALLET,West Bengal,ENT-REF-608505,60,0.0268
ENT-009295,ACCOUNT,Madhya Pradesh,ENT-REF-876099,58,0.1523
ENT-009296,PHONE,Telangana,ENT-REF-566192,8,0.027
ENT-009297,PHONE,Delhi,ENT-REF-375733,17,0.0081
ENT-009298,ACCOUNT,Karnataka,ENT-REF-824567,14,0.2081
ENT-009299,ACCOUNT,West Bengal,ENT-REF-478211,46,0.0441
ENT-009300,PHONE,Bihar,ENT-REF-291069,21,0.197
ENT-009301,WALLET,Maharashtra,ENT-REF-372486,72,0.1635
ENT-009302,DEVICE,Delhi,ENT-REF-834381,78,0.0614
ENT-009303,MERCHANT,Delhi,ENT-REF-899260,53,0.161
ENT-009304,ACCOUNT,Maharashtra,ENT-REF-244744,69,0.2213
ENT-009305,ACCOUNT,Delhi,ENT-REF-925591,22,0.0923
ENT-009306,MERCHANT,Maharashtra,ENT-REF-551323,18,0.1548
ENT-009307,WALLET,Karnataka,ENT-REF-246262,1,0.005
ENT-009308,ACCOUNT,Bihar,ENT-REF-312986,41,0.1104
ENT-009309,PHONE,Bihar,ENT-REF-264986,43,0.2057
ENT-009310,PHONE,Madhya Pradesh,ENT-REF-633704,61,0.3238
ENT-009311,ACCOUNT,Delhi,ENT-REF-145659,13,0.027
ENT-009312,ACCOUNT,Bihar,ENT-REF-932740,30,0.0008
ENT-009313,ACCOUNT,Delhi,ENT-REF-768479,36,0.2064
ENT-009314,MERCHANT,Madhya Pradesh,ENT-REF-325432,20,0.053
ENT-009315,BENEFICIARY,Uttar Pradesh,ENT-REF-573873,13,0.0398
ENT-009316,ACCOUNT,Madhya Pradesh,ENT-REF-575720,56,0.3406
ENT-009317,MERCHANT,West Bengal,ENT-REF-260857,10,0.4873
ENT-009318,ACCOUNT,Delhi,ENT-REF-595851,33,0.1547
ENT-009319,ACCOUNT,Telangana,ENT-REF-392830,10,0.0447
ENT-009320,PHONE,Delhi,ENT-REF-631911,58,0.1897
ENT-009321,ACCOUNT,Telangana,ENT-REF-962517,66,0.1517
ENT-009322,PHONE,Uttar Pradesh,ENT-REF-332315,21,0.1572
ENT-009323,ACCOUNT,Telangana,ENT-REF-769523,13,0.1433
ENT-009324,ACCOUNT,Karnataka,ENT-REF-453293,58,0.2143
ENT-009325,ACCOUNT,Bihar,ENT-REF-539047,19,0.1139
ENT-009326,PHONE,Delhi,ENT-REF-909923,17,0.1934
ENT-009327,BENEFICIARY,Karnataka,ENT-REF-736473,55,0.1673
ENT-009328,PHONE,Rajasthan,ENT-REF-413975,33,0.1842
ENT-009329,ACCOUNT,Rajasthan,ENT-REF-333874,30,0.1392
ENT-009330,ACCOUNT,Karnataka,ENT-REF-100423,56,0.0956
ENT-009331,WALLET,Uttar Pradesh,ENT-REF-301826,24,0.1276
ENT-009332,PHONE,Delhi,ENT-REF-467810,75,0.3073
ENT-009333,ACCOUNT,Bihar,ENT-REF-491886,71,0.1764
ENT-009334,ACCOUNT,Rajasthan,ENT-REF-106619,2,0.3003
ENT-009335,ACCOUNT,Telangana,ENT-REF-806190,54,0.1965
ENT-009336,BENEFICIARY,Madhya Pradesh,ENT-REF-881282,45,0.1539
ENT-009337,PHONE,Karnataka,ENT-REF-215195,67,0.0331
ENT-009338,BENEFICIARY,Delhi,ENT-REF-110070,18,0.0833
ENT-009339,DEVICE,Uttar Pradesh,ENT-REF-193205,7,0.1325
ENT-009340,ACCOUNT,Delhi,ENT-REF-646076,33,0.0471
ENT-009341,DEVICE,Rajasthan,ENT-REF-156359,23,0.3506
ENT-009342,ACCOUNT,Uttar Pradesh,ENT-REF-536740,38,0.124
ENT-009343,ACCOUNT,Telangana,ENT-REF-360088,76,0.245
ENT-009344,ACCOUNT,Uttar Pradesh,ENT-REF-715872,75,0.1072
ENT-009345,WALLET,Tamil Nadu,ENT-REF-499256,1,0.1306
ENT-009346,ACCOUNT,Tamil Nadu,ENT-REF-655990,58,0.3239
ENT-009347,PHONE,Rajasthan,ENT-REF-396445,67,0.0627
ENT-009348,BENEFICIARY,Telangana,ENT-REF-719812,54,0.1378
ENT-009349,WALLET,Delhi,ENT-REF-464297,50,0.1958
ENT-009350,ACCOUNT,Tamil Nadu,ENT-REF-821695,29,0.1929
ENT-009351,BENEFICIARY,Maharashtra,ENT-REF-561587,7,0.1244
ENT-009352,DEVICE,Tamil Nadu,ENT-REF-415023,39,0.2109
ENT-009353,WALLET,Delhi,ENT-REF-390757,15,0.0607
ENT-009354,ACCOUNT,Delhi,ENT-REF-729832,76,0.0952
ENT-009355,BENEFICIARY,Bihar,ENT-REF-339853,53,0.1697
ENT-009356,WALLET,Telangana,ENT-REF-133076,38,0.1538
ENT-009357,WALLET,Madhya Pradesh,ENT-REF-153798,52,0.1324
ENT-009358,ACCOUNT,Bihar,ENT-REF-983302,17,0.0654
ENT-009359,WALLET,Tamil Nadu,ENT-REF-881635,55,0.1598
ENT-009360,MERCHANT,Telangana,ENT-REF-149991,42,0.2083
ENT-009361,ACCOUNT,Tamil Nadu,ENT-REF-630478,71,0.0608
ENT-009362,PHONE,Bihar,ENT-REF-571340,40,0.1862
ENT-009363,ACCOUNT,Madhya Pradesh,ENT-REF-401855,50,0.1531
ENT-009364,ACCOUNT,West Bengal,ENT-REF-826776,10,0.0799
ENT-009365,BENEFICIARY,Telangana,ENT-REF-137307,59,0.3325
ENT-009366,ACCOUNT,Maharashtra,ENT-REF-978571,54,0.0586
ENT-009367,BENEFICIARY,Uttar Pradesh,ENT-REF-429090,2,0.1133
ENT-009368,MERCHANT,Bihar,ENT-REF-526786,38,0.3439
ENT-009369,BENEFICIARY,Delhi,ENT-REF-473206,24,0.0911
ENT-009370,PHONE,Tamil Nadu,ENT-REF-481625,48,0.314
ENT-009371,MERCHANT,Madhya Pradesh,ENT-REF-851481,19,0.3856
ENT-009372,PHONE,Telangana,ENT-REF-563970,55,0.2684
ENT-009373,WALLET,West Bengal,ENT-REF-599734,45,0.4644
ENT-009374,DEVICE,Madhya Pradesh,ENT-REF-342522,50,0.1346
ENT-009375,PHONE,Uttar Pradesh,ENT-REF-826322,1,0.1497
ENT-009376,PHONE,Maharashtra,ENT-REF-761377,73,0.033
ENT-009377,PHONE,Maharashtra,ENT-REF-858765,15,0.1977
ENT-009378,DEVICE,Karnataka,ENT-REF-144850,33,0.2249
ENT-009379,PHONE,Delhi,ENT-REF-909179,61,0.1037
ENT-009380,WALLET,Rajasthan,ENT-REF-335409,30,0.0069
ENT-009381,BENEFICIARY,Tamil Nadu,ENT-REF-682462,30,0.0167
ENT-009382,ACCOUNT,Madhya Pradesh,ENT-REF-284721,55,0.5437
ENT-009383,PHONE,Bihar,ENT-REF-190939,34,0.1453
ENT-009384,ACCOUNT,Bihar,ENT-REF-694649,71,0.2773
ENT-009385,ACCOUNT,Rajasthan,ENT-REF-513165,67,0.1223
ENT-009386,WALLET,Rajasthan,ENT-REF-161750,65,0.0534
ENT-009387,DEVICE,Uttar Pradesh,ENT-REF-676152,54,0.31
ENT-009388,ACCOUNT,Tamil Nadu,ENT-REF-732660,50,0.1274
ENT-009389,WALLET,Uttar Pradesh,ENT-REF-607336,79,0.1636
ENT-009390,ACCOUNT,Uttar Pradesh,ENT-REF-862732,45,0.1901
ENT-009391,ACCOUNT,Delhi,ENT-REF-890161,26,0.074
ENT-009392,PHONE,Delhi,ENT-REF-149927,72,0.3218
ENT-009393,ACCOUNT,West Bengal,ENT-REF-926217,51,0.0867
ENT-009394,ACCOUNT,Tamil Nadu,ENT-REF-213992,62,0.2325
ENT-009395,DEVICE,Rajasthan,ENT-REF-222514,67,0.0262
ENT-009396,ACCOUNT,Uttar Pradesh,ENT-REF-474683,47,0.1026
ENT-009397,PHONE,West Bengal,ENT-REF-935934,33,0.3135
ENT-009398,WALLET,Maharashtra,ENT-REF-632700,32,0.0605
ENT-009399,DEVICE,Uttar Pradesh,ENT-REF-629225,53,0.62
ENT-009400,WALLET,Tamil Nadu,ENT-REF-298052,65,0.1124
ENT-009401,PHONE,Karnataka,ENT-REF-552985,58,0.4479
ENT-009402,MERCHANT,Karnataka,ENT-REF-879218,68,0.2262
ENT-009403,MERCHANT,Rajasthan,ENT-REF-296007,9,0.2738
ENT-009404,PHONE,West Bengal,ENT-REF-778018,63,0.4749
ENT-009405,MERCHANT,Karnataka,ENT-REF-999422,9,0.0676
ENT-009406,ACCOUNT,West Bengal,ENT-REF-589325,19,0.3522
ENT-009407,ACCOUNT,Tamil Nadu,ENT-REF-123349,58,0.0218
ENT-009408,BENEFICIARY,Rajasthan,ENT-REF-746419,6,0.2769
ENT-009409,PHONE,Tamil Nadu,ENT-REF-296262,13,0.1221
ENT-009410,ACCOUNT,Bihar,ENT-REF-860600,78,0.1666
ENT-009411,ACCOUNT,Maharashtra,ENT-REF-810441,22,0.191
ENT-009412,MERCHANT,Delhi,ENT-REF-145411,29,0.1895
ENT-009413,BENEFICIARY,Rajasthan,ENT-REF-968080,64,0.1288
ENT-009414,PHONE,Maharashtra,ENT-REF-764125,42,0.108
ENT-009415,PHONE,West Bengal,ENT-REF-905752,39,0.2099
ENT-009416,PHONE,Uttar Pradesh,ENT-REF-390570,55,0.1689
ENT-009417,PHONE,Rajasthan,ENT-REF-266544,21,0.1989
ENT-009418,ACCOUNT,Uttar Pradesh,ENT-REF-718033,50,0.1555
ENT-009419,WALLET,Bihar,ENT-REF-721303,4,0.1738
ENT-009420,ACCOUNT,Bihar,ENT-REF-873938,22,0.0221
ENT-009421,ACCOUNT,Karnataka,ENT-REF-963815,68,0.1182
ENT-009422,PHONE,Tamil Nadu,ENT-REF-288192,61,0.3291
ENT-009423,PHONE,Bihar,ENT-REF-189910,67,0.3016
ENT-009424,DEVICE,Bihar,ENT-REF-743490,3,0.0923
ENT-009425,BENEFICIARY,West Bengal,ENT-REF-424907,75,0.2275
ENT-009426,ACCOUNT,Uttar Pradesh,ENT-REF-752357,63,0.1258
ENT-009427,WALLET,Telangana,ENT-REF-356860,21,0.0648
ENT-009428,ACCOUNT,Uttar Pradesh,ENT-REF-505047,70,0.197
ENT-009429,MERCHANT,Uttar Pradesh,ENT-REF-122414,28,0.1329
ENT-009430,PHONE,Karnataka,ENT-REF-913434,59,0.1755
ENT-009431,MERCHANT,Maharashtra,ENT-REF-143183,66,0.0573
ENT-009432,ACCOUNT,Maharashtra,ENT-REF-796333,27,0.5425
ENT-009433,PHONE,Madhya Pradesh,ENT-REF-118666,27,0.3459
ENT-009434,DEVICE,Madhya Pradesh,ENT-REF-532787,30,0.1949
ENT-009435,PHONE,Bihar,ENT-REF-983693,39,0.3326
ENT-009436,PHONE,Uttar Pradesh,ENT-REF-718718,21,0.0683
ENT-009437,ACCOUNT,Telangana,ENT-REF-885088,65,0.1288
ENT-009438,PHONE,Tamil Nadu,ENT-REF-208070,54,0.0791
ENT-009439,PHONE,Karnataka,ENT-REF-856868,8,0.1374
ENT-009440,ACCOUNT,West Bengal,ENT-REF-935249,23,0.0374
ENT-009441,MERCHANT,Karnataka,ENT-REF-943785,32,0.2139
ENT-009442,ACCOUNT,Bihar,ENT-REF-774668,10,0.1406
ENT-009443,WALLET,Maharashtra,ENT-REF-468223,55,0.3679
ENT-009444,PHONE,Madhya Pradesh,ENT-REF-400863,39,0.1112
ENT-009445,ACCOUNT,Delhi,ENT-REF-787951,13,0.2096
ENT-009446,MERCHANT,Uttar Pradesh,ENT-REF-841880,17,0.293
ENT-009447,BENEFICIARY,Karnataka,ENT-REF-839912,50,0.1148
ENT-009448,DEVICE,West Bengal,ENT-REF-413607,29,0.2144
ENT-009449,ACCOUNT,Madhya Pradesh,ENT-REF-898012,4,0.0737
ENT-009450,ACCOUNT,Karnataka,ENT-REF-367234,29,0.1898
ENT-009451,MERCHANT,Maharashtra,ENT-REF-119938,46,0.1078
ENT-009452,BENEFICIARY,Tamil Nadu,ENT-REF-465207,29,0.0846
ENT-009453,ACCOUNT,West Bengal,ENT-REF-422113,60,0.2244
ENT-009454,ACCOUNT,Madhya Pradesh,ENT-REF-537427,9,0.0859
ENT-009455,BENEFICIARY,Madhya Pradesh,ENT-REF-217911,53,0.1224
ENT-009456,DEVICE,Uttar Pradesh,ENT-REF-215564,20,0.0282
ENT-009457,WALLET,Maharashtra,ENT-REF-532199,34,0.2492
ENT-009458,ACCOUNT,Delhi,ENT-REF-836438,33,0.0287
ENT-009459,PHONE,Tamil Nadu,ENT-REF-884757,34,0.0908
ENT-009460,MERCHANT,Telangana,ENT-REF-510107,25,0.3128
ENT-009461,PHONE,Karnataka,ENT-REF-590404,74,0.253
ENT-009462,WALLET,Delhi,ENT-REF-148887,50,0.1978
ENT-009463,WALLET,Rajasthan,ENT-REF-684018,13,0.1525
ENT-009464,BENEFICIARY,Rajasthan,ENT-REF-729749,78,0.0407
ENT-009465,WALLET,Tamil Nadu,ENT-REF-131113,8,0.055
ENT-009466,DEVICE,Maharashtra,ENT-REF-777186,66,0.1641
ENT-009467,ACCOUNT,Maharashtra,ENT-REF-234704,9,0.0485
ENT-009468,ACCOUNT,Tamil Nadu,ENT-REF-407661,77,0.1534
ENT-009469,BENEFICIARY,Telangana,ENT-REF-416533,40,0.2461
ENT-009470,BENEFICIARY,Delhi,ENT-REF-403848,36,0.0943
ENT-009471,ACCOUNT,Delhi,ENT-REF-684724,16,0.2376
ENT-009472,ACCOUNT,Maharashtra,ENT-REF-431072,70,0.0405
ENT-009473,ACCOUNT,Rajasthan,ENT-REF-420349,57,0.411
ENT-009474,WALLET,Bihar,ENT-REF-436399,36,0.107
ENT-009475,PHONE,Uttar Pradesh,ENT-REF-882863,79,0.2412
ENT-009476,ACCOUNT,Maharashtra,ENT-REF-140175,5,0.1066
ENT-009477,BENEFICIARY,Delhi,ENT-REF-948497,69,0.0894
ENT-009478,WALLET,Madhya Pradesh,ENT-REF-743742,7,0.0964
ENT-009479,ACCOUNT,Telangana,ENT-REF-535835,41,0.1878
ENT-009480,WALLET,West Bengal,ENT-REF-904019,8,0.2905
ENT-009481,BENEFICIARY,Rajasthan,ENT-REF-389891,58,0.3456
ENT-009482,ACCOUNT,Tamil Nadu,ENT-REF-824119,8,0.1149
ENT-009483,ACCOUNT,Tamil Nadu,ENT-REF-777042,58,0.3956
ENT-009484,PHONE,Rajasthan,ENT-REF-963086,3,0.4897
ENT-009485,MERCHANT,Rajasthan,ENT-REF-894688,62,0.2521
ENT-009486,WALLET,Delhi,ENT-REF-458385,71,0.1893
ENT-009487,ACCOUNT,Madhya Pradesh,ENT-REF-769740,14,0.2832
ENT-009488,DEVICE,West Bengal,ENT-REF-497583,61,0.2747
ENT-009489,BENEFICIARY,Rajasthan,ENT-REF-753805,36,0.0843
ENT-009490,PHONE,Karnataka,ENT-REF-955570,4,0.2217
ENT-009491,ACCOUNT,Maharashtra,ENT-REF-770295,10,0.222
ENT-009492,MERCHANT,Telangana,ENT-REF-551703,26,0.1181
ENT-009493,BENEFICIARY,Karnataka,ENT-REF-849945,25,0.1002
ENT-009494,DEVICE,Rajasthan,ENT-REF-520077,60,0.0499
ENT-009495,PHONE,Maharashtra,ENT-REF-413762,61,0.3237
ENT-009496,ACCOUNT,Uttar Pradesh,ENT-REF-645348,47,0.0556
ENT-009497,DEVICE,Maharashtra,ENT-REF-871319,32,0.2046
ENT-009498,PHONE,Rajasthan,ENT-REF-848454,27,0.2849
ENT-009499,BENEFICIARY,Karnataka,ENT-REF-965668,62,0.0755
ENT-009500,DEVICE,Delhi,ENT-REF-638906,7,0.1911
ENT-009501,WALLET,Madhya Pradesh,ENT-REF-562209,23,0.125
ENT-009502,MERCHANT,Karnataka,ENT-REF-847271,14,0.0555
ENT-009503,MERCHANT,Telangana,ENT-REF-207109,47,0.1302
ENT-009504,BENEFICIARY,Tamil Nadu,ENT-REF-750443,5,0.3079
ENT-009505,BENEFICIARY,Rajasthan,ENT-REF-981474,24,0.204
ENT-009506,DEVICE,Bihar,ENT-REF-726337,29,0.0277
ENT-009507,ACCOUNT,West Bengal,ENT-REF-760506,55,0.2501
ENT-009508,BENEFICIARY,Uttar Pradesh,ENT-REF-326796,23,0.0653
ENT-009509,PHONE,Karnataka,ENT-REF-324178,23,0.2746
ENT-009510,PHONE,Madhya Pradesh,ENT-REF-411631,79,0.1464
ENT-009511,ACCOUNT,Madhya Pradesh,ENT-REF-619576,51,0.2271
ENT-009512,PHONE,Karnataka,ENT-REF-558116,53,0.0241
ENT-009513,MERCHANT,West Bengal,ENT-REF-491845,42,0.025
ENT-009514,ACCOUNT,Rajasthan,ENT-REF-391160,13,0.1994
ENT-009515,BENEFICIARY,Telangana,ENT-REF-812424,8,0.0673
ENT-009516,PHONE,Rajasthan,ENT-REF-216822,73,0.1
ENT-009517,BENEFICIARY,Rajasthan,ENT-REF-487145,65,0.0475
ENT-009518,MERCHANT,Tamil Nadu,ENT-REF-747941,70,0.0631
ENT-009519,BENEFICIARY,Madhya Pradesh,ENT-REF-367985,40,0.1838
ENT-009520,PHONE,Madhya Pradesh,ENT-REF-619311,78,0.1502
ENT-009521,DEVICE,West Bengal,ENT-REF-544370,49,0.379
ENT-009522,BENEFICIARY,Uttar Pradesh,ENT-REF-599717,3,0.1384
ENT-009523,PHONE,West Bengal,ENT-REF-679914,13,0.4153
ENT-009524,PHONE,Tamil Nadu,ENT-REF-676774,71,0.1559
ENT-009525,ACCOUNT,Maharashtra,ENT-REF-258874,39,0.113
ENT-009526,DEVICE,Rajasthan,ENT-REF-574513,63,0.1392
ENT-009527,ACCOUNT,Telangana,ENT-REF-478973,60,0.2259
ENT-009528,PHONE,Madhya Pradesh,ENT-REF-510894,18,0.1405
ENT-009529,DEVICE,West Bengal,ENT-REF-719801,60,0.1354
ENT-009530,PHONE,Maharashtra,ENT-REF-948350,75,0.1911
ENT-009531,WALLET,Maharashtra,ENT-REF-409749,68,0.0467
ENT-009532,DEVICE,Delhi,ENT-REF-745504,39,0.4656
ENT-009533,WALLET,Delhi,ENT-REF-813936,2,0.1716
ENT-009534,PHONE,West Bengal,ENT-REF-438487,26,0.2732
ENT-009535,ACCOUNT,Tamil Nadu,ENT-REF-459307,54,0.0873
ENT-009536,PHONE,Tamil Nadu,ENT-REF-615512,15,0.2438
ENT-009537,PHONE,West Bengal,ENT-REF-755772,12,0.031
ENT-009538,PHONE,Maharashtra,ENT-REF-573248,20,0.0505
ENT-009539,ACCOUNT,Karnataka,ENT-REF-939721,41,0.2509
ENT-009540,BENEFICIARY,Maharashtra,ENT-REF-959173,65,0.0057
ENT-009541,ACCOUNT,Maharashtra,ENT-REF-493010,64,0.1346
ENT-009542,ACCOUNT,Uttar Pradesh,ENT-REF-219832,39,0.1941
ENT-009543,WALLET,Maharashtra,ENT-REF-935434,17,0.1702
ENT-009544,BENEFICIARY,Maharashtra,ENT-REF-105793,66,0.4114
ENT-009545,WALLET,Delhi,ENT-REF-821905,6,0.2826
ENT-009546,BENEFICIARY,Madhya Pradesh,ENT-REF-281707,22,0.2606
ENT-009547,ACCOUNT,Rajasthan,ENT-REF-126841,33,0.6066
ENT-009548,PHONE,Tamil Nadu,ENT-REF-341430,62,0.0444
ENT-009549,MERCHANT,Uttar Pradesh,ENT-REF-749873,17,0.0552
ENT-009550,DEVICE,Delhi,ENT-REF-711671,45,0.3853
ENT-009551,BENEFICIARY,Madhya Pradesh,ENT-REF-364471,48,0.0855
ENT-009552,MERCHANT,Tamil Nadu,ENT-REF-230028,1,0.0589
ENT-009553,DEVICE,Bihar,ENT-REF-584995,44,0.3716
ENT-009554,BENEFICIARY,Tamil Nadu,ENT-REF-848637,10,0.2607
ENT-009555,MERCHANT,West Bengal,ENT-REF-942290,33,0.0259
ENT-009556,ACCOUNT,Delhi,ENT-REF-923088,38,0.1207
ENT-009557,PHONE,Telangana,ENT-REF-571096,28,0.3657
ENT-009558,ACCOUNT,Madhya Pradesh,ENT-REF-466300,23,0.26
ENT-009559,WALLET,West Bengal,ENT-REF-695021,42,0.1155
ENT-009560,ACCOUNT,Karnataka,ENT-REF-564677,29,0.1824
ENT-009561,PHONE,Delhi,ENT-REF-144192,76,0.1274
ENT-009562,DEVICE,Uttar Pradesh,ENT-REF-701139,52,0.2416
ENT-009563,PHONE,Telangana,ENT-REF-917118,34,0.1889
ENT-009564,ACCOUNT,Rajasthan,ENT-REF-543516,34,0.2294
ENT-009565,ACCOUNT,Tamil Nadu,ENT-REF-744174,78,0.0157
ENT-009566,BENEFICIARY,Tamil Nadu,ENT-REF-453004,10,0.0884
ENT-009567,ACCOUNT,Delhi,ENT-REF-434588,15,0.1339
ENT-009568,MERCHANT,Telangana,ENT-REF-467809,20,0.2879
ENT-009569,ACCOUNT,Madhya Pradesh,ENT-REF-177964,43,0.521
ENT-009570,DEVICE,Tamil Nadu,ENT-REF-368100,62,0.1468
ENT-009571,ACCOUNT,Rajasthan,ENT-REF-429265,5,0.3021
ENT-009572,BENEFICIARY,Tamil Nadu,ENT-REF-837231,11,0.2199
ENT-009573,PHONE,Telangana,ENT-REF-584535,2,0.3088
ENT-009574,PHONE,Bihar,ENT-REF-851460,73,0.289
ENT-009575,BENEFICIARY,Bihar,ENT-REF-239573,7,0.4897
ENT-009576,ACCOUNT,Madhya Pradesh,ENT-REF-624267,8,0.0566
ENT-009577,ACCOUNT,Bihar,ENT-REF-976659,2,0.1387
ENT-009578,DEVICE,West Bengal,ENT-REF-210118,11,0.2993
ENT-009579,PHONE,Delhi,ENT-REF-832118,27,0.0321
ENT-009580,ACCOUNT,Bihar,ENT-REF-865899,4,0.1509
ENT-009581,DEVICE,Rajasthan,ENT-REF-936535,21,0.1607
ENT-009582,WALLET,West Bengal,ENT-REF-765521,45,0.3259
ENT-009583,BENEFICIARY,Delhi,ENT-REF-551074,6,0.0685
ENT-009584,ACCOUNT,Maharashtra,ENT-REF-724408,56,0.0502
ENT-009585,WALLET,Uttar Pradesh,ENT-REF-529961,33,0.1904
ENT-009586,MERCHANT,Telangana,ENT-REF-223831,35,0.0419
ENT-009587,PHONE,Tamil Nadu,ENT-REF-833792,46,0.2323
ENT-009588,DEVICE,Delhi,ENT-REF-727738,46,0.1287
ENT-009589,BENEFICIARY,Telangana,ENT-REF-751931,30,0.2755
ENT-009590,BENEFICIARY,Bihar,ENT-REF-847527,49,0.078
ENT-009591,MERCHANT,Karnataka,ENT-REF-356691,37,0.0039
ENT-009592,WALLET,Maharashtra,ENT-REF-261280,25,0.0246
ENT-009593,PHONE,Rajasthan,ENT-REF-518082,24,0.1991
ENT-009594,ACCOUNT,Tamil Nadu,ENT-REF-223717,3,0.3396
ENT-009595,PHONE,Bihar,ENT-REF-920490,24,0.0658
ENT-009596,BENEFICIARY,Karnataka,ENT-REF-851624,75,0.1041
ENT-009597,MERCHANT,Karnataka,ENT-REF-546666,39,0.2093
ENT-009598,PHONE,West Bengal,ENT-REF-651409,54,0.1357
ENT-009599,PHONE,Delhi,ENT-REF-488933,73,0.1068
ENT-009600,ACCOUNT,Madhya Pradesh,ENT-REF-561478,16,0.255
ENT-009601,WALLET,Bihar,ENT-REF-812007,4,0.2163
ENT-009602,MERCHANT,Tamil Nadu,ENT-REF-898722,65,0.0898
ENT-009603,BENEFICIARY,Maharashtra,ENT-REF-507575,26,0.0729
ENT-009604,MERCHANT,Bihar,ENT-REF-123039,1,0.5393
ENT-009605,ACCOUNT,Rajasthan,ENT-REF-591990,58,0.1827
ENT-009606,MERCHANT,West Bengal,ENT-REF-325834,17,0.1012
ENT-009607,DEVICE,Uttar Pradesh,ENT-REF-564662,55,0.2942
ENT-009608,MERCHANT,Uttar Pradesh,ENT-REF-763840,47,0.1524
ENT-009609,ACCOUNT,Uttar Pradesh,ENT-REF-258746,20,0.1629
ENT-009610,ACCOUNT,Delhi,ENT-REF-904964,76,0.2812
ENT-009611,BENEFICIARY,Rajasthan,ENT-REF-335035,54,0.2372
ENT-009612,PHONE,Maharashtra,ENT-REF-579904,54,0.1168
ENT-009613,BENEFICIARY,Karnataka,ENT-REF-891157,38,0.0947
ENT-009614,PHONE,Telangana,ENT-REF-840315,49,0.1433
ENT-009615,ACCOUNT,Maharashtra,ENT-REF-738764,6,0.1279
ENT-009616,DEVICE,Uttar Pradesh,ENT-REF-635935,65,0.1668
ENT-009617,DEVICE,Madhya Pradesh,ENT-REF-139632,59,0.1991
ENT-009618,ACCOUNT,Maharashtra,ENT-REF-770654,48,0.0328
ENT-009619,MERCHANT,Uttar Pradesh,ENT-REF-326187,5,0.128
ENT-009620,DEVICE,Uttar Pradesh,ENT-REF-187224,62,0.1239
ENT-009621,PHONE,Uttar Pradesh,ENT-REF-409817,22,0.0757
ENT-009622,ACCOUNT,Telangana,ENT-REF-780733,54,0.2889
ENT-009623,ACCOUNT,Tamil Nadu,ENT-REF-674019,51,0.1233
ENT-009624,BENEFICIARY,West Bengal,ENT-REF-236623,78,0.3203
ENT-009625,BENEFICIARY,Delhi,ENT-REF-706576,61,0.1189
ENT-009626,DEVICE,Rajasthan,ENT-REF-701623,24,0.0921
ENT-009627,ACCOUNT,Tamil Nadu,ENT-REF-450316,4,0.0845
ENT-009628,PHONE,Madhya Pradesh,ENT-REF-255817,9,0.172
ENT-009629,PHONE,West Bengal,ENT-REF-592409,66,0.0168
ENT-009630,MERCHANT,Uttar Pradesh,ENT-REF-209190,15,0.1282
ENT-009631,ACCOUNT,Uttar Pradesh,ENT-REF-740511,25,0.0613
ENT-009632,PHONE,Maharashtra,ENT-REF-245020,77,0.336
ENT-009633,MERCHANT,Karnataka,ENT-REF-818911,48,0.2237
ENT-009634,ACCOUNT,Delhi,ENT-REF-152936,23,0.1402
ENT-009635,MERCHANT,Tamil Nadu,ENT-REF-684607,1,0.2529
ENT-009636,ACCOUNT,Telangana,ENT-REF-685829,25,0.2785
ENT-009637,ACCOUNT,Telangana,ENT-REF-605846,51,0.1702
ENT-009638,WALLET,Uttar Pradesh,ENT-REF-946955,43,0.2851
ENT-009639,ACCOUNT,Madhya Pradesh,ENT-REF-321356,64,0.2447
ENT-009640,DEVICE,Rajasthan,ENT-REF-638162,69,0.0412
ENT-009641,WALLET,Tamil Nadu,ENT-REF-794620,2,0.3817
ENT-009642,BENEFICIARY,Uttar Pradesh,ENT-REF-412511,68,0.0684
ENT-009643,DEVICE,Rajasthan,ENT-REF-529414,38,0.1881
ENT-009644,BENEFICIARY,Delhi,ENT-REF-959503,52,0.2528
ENT-009645,PHONE,Karnataka,ENT-REF-268343,38,0.0416
ENT-009646,MERCHANT,Rajasthan,ENT-REF-365123,53,0.3411
ENT-009647,ACCOUNT,West Bengal,ENT-REF-784651,44,0.3197
ENT-009648,ACCOUNT,Karnataka,ENT-REF-798715,44,0.1974
ENT-009649,DEVICE,West Bengal,ENT-REF-856526,51,0.0791
ENT-009650,PHONE,Madhya Pradesh,ENT-REF-938136,50,0.0988
ENT-009651,ACCOUNT,Maharashtra,ENT-REF-946609,41,0.1125
ENT-009652,ACCOUNT,Bihar,ENT-REF-376037,4,0.3664
ENT-009653,ACCOUNT,Tamil Nadu,ENT-REF-957362,44,0.0598
ENT-009654,MERCHANT,Maharashtra,ENT-REF-330884,68,0.1659
ENT-009655,PHONE,Uttar Pradesh,ENT-REF-807938,54,0.1174
ENT-009656,PHONE,Telangana,ENT-REF-612940,38,0.1298
ENT-009657,ACCOUNT,Telangana,ENT-REF-509422,48,0.0499
ENT-009658,PHONE,Karnataka,ENT-REF-920692,26,0.5115
ENT-009659,ACCOUNT,Tamil Nadu,ENT-REF-281234,72,0.0953
ENT-009660,BENEFICIARY,Delhi,ENT-REF-396351,1,0.5022
ENT-009661,ACCOUNT,Bihar,ENT-REF-276237,8,0.0426
ENT-009662,BENEFICIARY,West Bengal,ENT-REF-279443,9,0.5255
ENT-009663,PHONE,Rajasthan,ENT-REF-658365,76,0.387
ENT-009664,PHONE,West Bengal,ENT-REF-348296,20,0.3213
ENT-009665,DEVICE,Karnataka,ENT-REF-647040,74,0.1224
ENT-009666,DEVICE,Rajasthan,ENT-REF-788370,31,0.3376
ENT-009667,PHONE,Tamil Nadu,ENT-REF-520141,15,0.1283
ENT-009668,ACCOUNT,Tamil Nadu,ENT-REF-882163,3,0.1468
ENT-009669,PHONE,Tamil Nadu,ENT-REF-682246,73,0.1421
ENT-009670,BENEFICIARY,Uttar Pradesh,ENT-REF-391448,6,0.1242
ENT-009671,WALLET,Maharashtra,ENT-REF-652382,35,0.0425
ENT-009672,BENEFICIARY,Rajasthan,ENT-REF-110692,31,0.1272
ENT-009673,DEVICE,Karnataka,ENT-REF-992675,18,0.1446
ENT-009674,BENEFICIARY,Uttar Pradesh,ENT-REF-605300,34,0.0803
ENT-009675,ACCOUNT,Tamil Nadu,ENT-REF-680001,75,0.1604
ENT-009676,ACCOUNT,Maharashtra,ENT-REF-762193,41,0.3638
ENT-009677,ACCOUNT,West Bengal,ENT-REF-836648,32,0.5102
ENT-009678,ACCOUNT,Maharashtra,ENT-REF-972343,53,0.2958
ENT-009679,ACCOUNT,Telangana,ENT-REF-243911,25,0.0656
ENT-009680,ACCOUNT,Telangana,ENT-REF-528390,57,0.1237
ENT-009681,MERCHANT,Bihar,ENT-REF-752258,55,0.2364
ENT-009682,ACCOUNT,Madhya Pradesh,ENT-REF-753486,13,0.3665
ENT-009683,DEVICE,Rajasthan,ENT-REF-475998,63,0.1126
ENT-009684,WALLET,West Bengal,ENT-REF-661205,64,0.2227
ENT-009685,PHONE,Telangana,ENT-REF-751745,49,0.0718
ENT-009686,BENEFICIARY,Karnataka,ENT-REF-251695,51,0.1063
ENT-009687,BENEFICIARY,Maharashtra,ENT-REF-771045,71,0.2537
ENT-009688,PHONE,Telangana,ENT-REF-573249,19,0.0713
ENT-009689,ACCOUNT,Uttar Pradesh,ENT-REF-928532,10,0.2546
ENT-009690,MERCHANT,West Bengal,ENT-REF-285226,67,0.0142
ENT-009691,BENEFICIARY,West Bengal,ENT-REF-132679,15,0.0988
ENT-009692,ACCOUNT,Telangana,ENT-REF-305075,79,0.1527
ENT-009693,BENEFICIARY,Delhi,ENT-REF-268737,48,0.0858
ENT-009694,MERCHANT,Bihar,ENT-REF-563983,35,0.0115
ENT-009695,ACCOUNT,Karnataka,ENT-REF-177359,59,0.0348
ENT-009696,ACCOUNT,Uttar Pradesh,ENT-REF-890909,47,0.2616
ENT-009697,ACCOUNT,Madhya Pradesh,ENT-REF-425297,52,0.2911
ENT-009698,ACCOUNT,Maharashtra,ENT-REF-487501,65,0.2889
ENT-009699,PHONE,West Bengal,ENT-REF-161378,47,0.0591
ENT-009700,DEVICE,Karnataka,ENT-REF-480961,8,0.2256
ENT-009701,ACCOUNT,Delhi,ENT-REF-751067,79,0.302
ENT-009702,MERCHANT,Telangana,ENT-REF-711086,3,0.0773
ENT-009703,PHONE,Rajasthan,ENT-REF-276337,43,0.1362
ENT-009704,MERCHANT,West Bengal,ENT-REF-367697,79,0.2443
ENT-009705,BENEFICIARY,Maharashtra,ENT-REF-546930,18,0.0443
ENT-009706,MERCHANT,Delhi,ENT-REF-101431,58,0.1063
ENT-009707,PHONE,Maharashtra,ENT-REF-918937,60,0.0459
ENT-009708,WALLET,West Bengal,ENT-REF-864455,44,0.3021
ENT-009709,BENEFICIARY,Telangana,ENT-REF-150419,73,0.0816
ENT-009710,PHONE,Telangana,ENT-REF-924873,51,0.0645
ENT-009711,BENEFICIARY,Maharashtra,ENT-REF-489398,70,0.5154
ENT-009712,PHONE,Uttar Pradesh,ENT-REF-979176,61,0.3022
ENT-009713,WALLET,Delhi,ENT-REF-718766,26,0.138
ENT-009714,BENEFICIARY,Telangana,ENT-REF-949339,13,0.3335
ENT-009715,PHONE,Karnataka,ENT-REF-774346,53,0.1167
ENT-009716,ACCOUNT,Telangana,ENT-REF-815302,30,0.1493
ENT-009717,DEVICE,Bihar,ENT-REF-439203,76,0.063
ENT-009718,DEVICE,Delhi,ENT-REF-657975,47,0.1203
ENT-009719,ACCOUNT,Telangana,ENT-REF-681902,54,0.0523
ENT-009720,MERCHANT,West Bengal,ENT-REF-216137,31,0.1439
ENT-009721,PHONE,Maharashtra,ENT-REF-419678,21,0.2311
ENT-009722,DEVICE,Tamil Nadu,ENT-REF-580022,17,0.2434
ENT-009723,PHONE,Tamil Nadu,ENT-REF-901011,41,0.2253
ENT-009724,ACCOUNT,Tamil Nadu,ENT-REF-571548,77,0.117
ENT-009725,WALLET,Tamil Nadu,ENT-REF-524966,29,0.1649
ENT-009726,WALLET,Karnataka,ENT-REF-512800,77,0.1971
ENT-009727,PHONE,Uttar Pradesh,ENT-REF-627555,40,0.2182
ENT-009728,PHONE,Maharashtra,ENT-REF-371141,22,0.3442
ENT-009729,MERCHANT,Telangana,ENT-REF-503882,78,0.1765
ENT-009730,BENEFICIARY,Tamil Nadu,ENT-REF-969215,20,0.078
ENT-009731,ACCOUNT,Rajasthan,ENT-REF-927806,38,0.358
ENT-009732,DEVICE,West Bengal,ENT-REF-252847,12,0.1946
ENT-009733,WALLET,Uttar Pradesh,ENT-REF-192834,63,0.2231
ENT-009734,DEVICE,Karnataka,ENT-REF-390388,44,0.0633
ENT-009735,PHONE,Telangana,ENT-REF-569315,50,0.2548
ENT-009736,MERCHANT,Delhi,ENT-REF-467136,57,0.2175
ENT-009737,BENEFICIARY,Madhya Pradesh,ENT-REF-373335,39,0.0456
ENT-009738,PHONE,Madhya Pradesh,ENT-REF-531580,50,0.2584
ENT-009739,ACCOUNT,Karnataka,ENT-REF-965622,4,0.1094
ENT-009740,ACCOUNT,Telangana,ENT-REF-784883,73,0.0087
ENT-009741,PHONE,Delhi,ENT-REF-138460,61,0.1769
ENT-009742,BENEFICIARY,Uttar Pradesh,ENT-REF-298449,66,0.2038
ENT-009743,BENEFICIARY,Karnataka,ENT-REF-279324,57,0.3511
ENT-009744,MERCHANT,Maharashtra,ENT-REF-220576,16,0.2736
ENT-009745,MERCHANT,Tamil Nadu,ENT-REF-143563,43,0.1363
ENT-009746,PHONE,Bihar,ENT-REF-755854,54,0.1644
ENT-009747,ACCOUNT,Telangana,ENT-REF-932902,71,0.1363
ENT-009748,WALLET,Karnataka,ENT-REF-169802,2,0.1931
ENT-009749,DEVICE,Madhya Pradesh,ENT-REF-643556,76,0.0727
ENT-009750,ACCOUNT,Madhya Pradesh,ENT-REF-517747,18,0.0672
ENT-009751,PHONE,Delhi,ENT-REF-131006,55,0.0341
ENT-009752,PHONE,Madhya Pradesh,ENT-REF-438732,31,0.2944
ENT-009753,WALLET,Rajasthan,ENT-REF-230533,64,0.2073
ENT-009754,ACCOUNT,Maharashtra,ENT-REF-449818,39,0.0935
ENT-009755,ACCOUNT,Karnataka,ENT-REF-165645,27,0.1579
ENT-009756,MERCHANT,Karnataka,ENT-REF-268928,40,0.1191
ENT-009757,ACCOUNT,West Bengal,ENT-REF-427801,2,0.2674
ENT-009758,ACCOUNT,West Bengal,ENT-REF-319592,8,0.1611
ENT-009759,BENEFICIARY,Maharashtra,ENT-REF-829397,64,0.1301
ENT-009760,PHONE,Tamil Nadu,ENT-REF-833271,65,0.1188
ENT-009761,ACCOUNT,Karnataka,ENT-REF-303891,16,0.0999
ENT-009762,ACCOUNT,Maharashtra,ENT-REF-751595,5,0.0983
ENT-009763,MERCHANT,Uttar Pradesh,ENT-REF-596602,7,0.3525
ENT-009764,MERCHANT,Madhya Pradesh,ENT-REF-320154,37,0.0666
ENT-009765,WALLET,Delhi,ENT-REF-270616,36,0.1318
ENT-009766,BENEFICIARY,Rajasthan,ENT-REF-952645,63,0.1442
ENT-009767,BENEFICIARY,Delhi,ENT-REF-267620,18,0.1336
ENT-009768,MERCHANT,West Bengal,ENT-REF-275413,71,0.1142
ENT-009769,ACCOUNT,Madhya Pradesh,ENT-REF-180431,75,0.2332
ENT-009770,PHONE,West Bengal,ENT-REF-770456,52,0.205
ENT-009771,WALLET,Tamil Nadu,ENT-REF-370653,21,0.1711
ENT-009772,ACCOUNT,West Bengal,ENT-REF-284435,27,0.129
ENT-009773,PHONE,Delhi,ENT-REF-781649,61,0.1296
ENT-009774,BENEFICIARY,Tamil Nadu,ENT-REF-829753,8,0.0571
ENT-009775,BENEFICIARY,Delhi,ENT-REF-818315,61,0.0465
ENT-009776,BENEFICIARY,Uttar Pradesh,ENT-REF-254748,3,0.1709
ENT-009777,WALLET,Tamil Nadu,ENT-REF-333884,70,0.1243
ENT-009778,ACCOUNT,Madhya Pradesh,ENT-REF-552152,61,0.126
ENT-009779,MERCHANT,Telangana,ENT-REF-760040,59,0.1941
ENT-009780,ACCOUNT,Maharashtra,ENT-REF-967719,13,0.0472
ENT-009781,MERCHANT,Uttar Pradesh,ENT-REF-795432,10,0.1548
ENT-009782,BENEFICIARY,Madhya Pradesh,ENT-REF-356698,30,0.0215
ENT-009783,PHONE,Maharashtra,ENT-REF-402001,55,0.2807
ENT-009784,WALLET,Madhya Pradesh,ENT-REF-397703,42,0.4222
ENT-009785,ACCOUNT,Madhya Pradesh,ENT-REF-180678,60,0.1541
ENT-009786,PHONE,Tamil Nadu,ENT-REF-912945,38,0.2217
ENT-009787,MERCHANT,Karnataka,ENT-REF-886338,35,0.1203
ENT-009788,PHONE,Uttar Pradesh,ENT-REF-962305,2,0.2593
ENT-009789,ACCOUNT,Maharashtra,ENT-REF-604446,49,0.1802
ENT-009790,PHONE,Tamil Nadu,ENT-REF-247102,50,0.0054
ENT-009791,PHONE,Tamil Nadu,ENT-REF-525867,62,0.113
ENT-009792,WALLET,Maharashtra,ENT-REF-603200,41,0.1367
ENT-009793,DEVICE,West Bengal,ENT-REF-331300,59,0.1711
ENT-009794,ACCOUNT,Rajasthan,ENT-REF-746896,3,0.1223
ENT-009795,ACCOUNT,Karnataka,ENT-REF-433251,43,0.3157
ENT-009796,PHONE,Delhi,ENT-REF-534174,60,0.2691
ENT-009797,ACCOUNT,Madhya Pradesh,ENT-REF-585457,10,0.2862
ENT-009798,DEVICE,Delhi,ENT-REF-822569,77,0.175
ENT-009799,ACCOUNT,Telangana,ENT-REF-473522,73,0.1427
ENT-009800,WALLET,Telangana,ENT-REF-261238,37,0.0883
ENT-009801,BENEFICIARY,Maharashtra,ENT-REF-813718,34,0.2706
ENT-009802,DEVICE,Madhya Pradesh,ENT-REF-702767,34,0.0564
ENT-009803,DEVICE,Uttar Pradesh,ENT-REF-728641,58,0.1494
ENT-009804,ACCOUNT,Uttar Pradesh,ENT-REF-846585,68,0.0082
ENT-009805,ACCOUNT,Tamil Nadu,ENT-REF-234931,14,0.1016
ENT-009806,DEVICE,Maharashtra,ENT-REF-351838,28,0.0692
ENT-009807,MERCHANT,Karnataka,ENT-REF-902632,47,0.1436
ENT-009808,BENEFICIARY,Madhya Pradesh,ENT-REF-689550,55,0.493
ENT-009809,DEVICE,Karnataka,ENT-REF-151384,53,0.098
ENT-009810,ACCOUNT,Maharashtra,ENT-REF-472273,33,0.2781
ENT-009811,ACCOUNT,Telangana,ENT-REF-326800,28,0.3187
ENT-009812,DEVICE,Maharashtra,ENT-REF-207897,39,0.1108
ENT-009813,ACCOUNT,Madhya Pradesh,ENT-REF-881853,32,0.3926
ENT-009814,BENEFICIARY,Uttar Pradesh,ENT-REF-646471,63,0.1401
ENT-009815,BENEFICIARY,Rajasthan,ENT-REF-765262,16,0.2975
ENT-009816,ACCOUNT,Delhi,ENT-REF-788524,21,0.2671
ENT-009817,PHONE,Delhi,ENT-REF-793203,9,0.209
ENT-009818,BENEFICIARY,Telangana,ENT-REF-951136,48,0.1424
ENT-009819,ACCOUNT,Telangana,ENT-REF-938419,15,0.1079
ENT-009820,MERCHANT,Madhya Pradesh,ENT-REF-722380,55,0.1588
ENT-009821,PHONE,West Bengal,ENT-REF-526411,4,0.1837
ENT-009822,BENEFICIARY,Uttar Pradesh,ENT-REF-330691,21,0.13
ENT-009823,PHONE,Delhi,ENT-REF-868576,42,0.1138
ENT-009824,BENEFICIARY,Tamil Nadu,ENT-REF-439035,55,0.3545
ENT-009825,ACCOUNT,Delhi,ENT-REF-731705,42,0.0848
ENT-009826,WALLET,Karnataka,ENT-REF-284233,44,0.0525
ENT-009827,ACCOUNT,Madhya Pradesh,ENT-REF-651539,21,0.2016
ENT-009828,DEVICE,Madhya Pradesh,ENT-REF-209794,40,0.1228
ENT-009829,MERCHANT,Bihar,ENT-REF-353553,32,0.058
ENT-009830,ACCOUNT,Delhi,ENT-REF-572693,39,0.1637
ENT-009831,MERCHANT,Uttar Pradesh,ENT-REF-690266,40,0.0173
ENT-009832,ACCOUNT,Tamil Nadu,ENT-REF-119663,47,0.0251
ENT-009833,PHONE,Telangana,ENT-REF-718491,59,0.0706
ENT-009834,WALLET,Delhi,ENT-REF-940279,26,0.1721
ENT-009835,ACCOUNT,Rajasthan,ENT-REF-898447,40,0.4975
ENT-009836,DEVICE,Rajasthan,ENT-REF-283142,78,0.6346
ENT-009837,BENEFICIARY,Bihar,ENT-REF-935119,62,0.0724
ENT-009838,MERCHANT,West Bengal,ENT-REF-206789,50,0.08
ENT-009839,PHONE,Maharashtra,ENT-REF-469339,66,0.4769
ENT-009840,MERCHANT,Tamil Nadu,ENT-REF-656673,46,0.3212
ENT-009841,BENEFICIARY,West Bengal,ENT-REF-790493,30,0.0879
ENT-009842,MERCHANT,Maharashtra,ENT-REF-625362,50,0.1803
ENT-009843,MERCHANT,Maharashtra,ENT-REF-824544,57,0.1192
ENT-009844,PHONE,Karnataka,ENT-REF-966115,40,0.5404
ENT-009845,DEVICE,Maharashtra,ENT-REF-457939,70,0.0941
ENT-009846,ACCOUNT,Karnataka,ENT-REF-453245,25,0.2075
ENT-009847,PHONE,Tamil Nadu,ENT-REF-697519,3,0.1568
ENT-009848,DEVICE,Rajasthan,ENT-REF-833945,43,0.3107
ENT-009849,ACCOUNT,Maharashtra,ENT-REF-958888,42,0.2859
ENT-009850,ACCOUNT,Karnataka,ENT-REF-172669,21,0.1764
ENT-009851,PHONE,Tamil Nadu,ENT-REF-445130,73,0.0345
ENT-009852,PHONE,Tamil Nadu,ENT-REF-828457,79,0.1388
ENT-009853,MERCHANT,Madhya Pradesh,ENT-REF-149622,3,0.041
ENT-009854,PHONE,Delhi,ENT-REF-526430,5,0.4559
ENT-009855,PHONE,Telangana,ENT-REF-554149,22,0.1993
ENT-009856,ACCOUNT,Madhya Pradesh,ENT-REF-363248,59,0.3016
ENT-009857,BENEFICIARY,Telangana,ENT-REF-239374,65,0.275
ENT-009858,ACCOUNT,Rajasthan,ENT-REF-946438,76,0.1834
ENT-009859,PHONE,Tamil Nadu,ENT-REF-618448,52,0.4094
ENT-009860,ACCOUNT,Rajasthan,ENT-REF-356622,62,0.1407
ENT-009861,MERCHANT,Delhi,ENT-REF-237964,17,0.0772
ENT-009862,ACCOUNT,Madhya Pradesh,ENT-REF-512808,69,0.0381
ENT-009863,PHONE,Maharashtra,ENT-REF-558845,31,0.2174
ENT-009864,WALLET,Maharashtra,ENT-REF-650219,46,0.2506
ENT-009865,ACCOUNT,Telangana,ENT-REF-114754,27,0.3858
ENT-009866,ACCOUNT,Rajasthan,ENT-REF-758583,72,0.0879
ENT-009867,ACCOUNT,Uttar Pradesh,ENT-REF-640823,76,0.107
ENT-009868,PHONE,Bihar,ENT-REF-772193,79,0.1698
ENT-009869,PHONE,West Bengal,ENT-REF-564511,37,0.2648
ENT-009870,ACCOUNT,Bihar,ENT-REF-552459,70,0.0973
ENT-009871,PHONE,West Bengal,ENT-REF-731882,31,0.0237
ENT-009872,PHONE,Uttar Pradesh,ENT-REF-267465,22,0.0904
ENT-009873,PHONE,Karnataka,ENT-REF-457261,59,0.2604
ENT-009874,MERCHANT,Uttar Pradesh,ENT-REF-968666,17,0.283
ENT-009875,ACCOUNT,Bihar,ENT-REF-762361,73,0.1701
ENT-009876,MERCHANT,Bihar,ENT-REF-964395,15,0.1455
ENT-009877,ACCOUNT,Rajasthan,ENT-REF-660530,62,0.1829
ENT-009878,PHONE,Karnataka,ENT-REF-668374,53,0.0082
ENT-009879,MERCHANT,Karnataka,ENT-REF-206629,26,0.0669
ENT-009880,PHONE,Tamil Nadu,ENT-REF-318549,66,0.0313
ENT-009881,ACCOUNT,Rajasthan,ENT-REF-743850,45,0.1219
ENT-009882,MERCHANT,Tamil Nadu,ENT-REF-596779,28,0.4381
ENT-009883,DEVICE,Bihar,ENT-REF-345074,39,0.1242
ENT-009884,PHONE,Telangana,ENT-REF-672830,72,0.2771
ENT-009885,ACCOUNT,West Bengal,ENT-REF-386296,18,0.278
ENT-009886,MERCHANT,Madhya Pradesh,ENT-REF-942223,55,0.2696
ENT-009887,BENEFICIARY,Tamil Nadu,ENT-REF-579485,48,0.094
ENT-009888,PHONE,Maharashtra,ENT-REF-185505,47,0.0024
ENT-009889,ACCOUNT,Madhya Pradesh,ENT-REF-533598,40,0.5839
ENT-009890,MERCHANT,Bihar,ENT-REF-673213,60,0.1304
ENT-009891,PHONE,Uttar Pradesh,ENT-REF-801693,63,0.3634
ENT-009892,PHONE,Telangana,ENT-REF-809458,73,0.4733
ENT-009893,ACCOUNT,Uttar Pradesh,ENT-REF-268905,40,0.0327
ENT-009894,PHONE,Delhi,ENT-REF-673597,5,0.1785
ENT-009895,ACCOUNT,Delhi,ENT-REF-760598,71,0.3381
ENT-009896,ACCOUNT,Telangana,ENT-REF-625480,17,0.0093
ENT-009897,ACCOUNT,Maharashtra,ENT-REF-270369,5,0.1026
ENT-009898,DEVICE,Rajasthan,ENT-REF-467107,24,0.0893
ENT-009899,PHONE,Madhya Pradesh,ENT-REF-140553,71,0.017
ENT-009900,DEVICE,Bihar,ENT-REF-485552,37,0.1577
ENT-009901,ACCOUNT,Bihar,ENT-REF-119361,54,0.3609
ENT-009902,ACCOUNT,Telangana,ENT-REF-850493,64,0.6005
ENT-009903,PHONE,Telangana,ENT-REF-891627,67,0.2626
ENT-009904,WALLET,Madhya Pradesh,ENT-REF-468794,47,0.3026
ENT-009905,PHONE,Karnataka,ENT-REF-163861,56,0.279
ENT-009906,ACCOUNT,Uttar Pradesh,ENT-REF-192231,14,0.2058
ENT-009907,BENEFICIARY,Rajasthan,ENT-REF-764739,66,0.2367
ENT-009908,BENEFICIARY,Tamil Nadu,ENT-REF-506203,74,0.2182
ENT-009909,WALLET,West Bengal,ENT-REF-200986,34,0.1626
ENT-009910,ACCOUNT,Maharashtra,ENT-REF-332933,9,0.1444
ENT-009911,ACCOUNT,Tamil Nadu,ENT-REF-830317,15,0.4599
ENT-009912,WALLET,Rajasthan,ENT-REF-629683,28,0.3946
ENT-009913,ACCOUNT,Bihar,ENT-REF-662019,72,0.278
ENT-009914,BENEFICIARY,Uttar Pradesh,ENT-REF-706263,14,0.3085
ENT-009915,BENEFICIARY,Maharashtra,ENT-REF-227572,17,0.2603
ENT-009916,PHONE,Madhya Pradesh,ENT-REF-886605,9,0.3528
ENT-009917,PHONE,Bihar,ENT-REF-899104,72,0.2234
ENT-009918,DEVICE,Telangana,ENT-REF-852132,8,0.0255
ENT-009919,MERCHANT,Bihar,ENT-REF-161181,50,0.1093
ENT-009920,MERCHANT,Maharashtra,ENT-REF-816943,72,0.1364
ENT-009921,WALLET,Maharashtra,ENT-REF-744804,43,0.1164
ENT-009922,ACCOUNT,Rajasthan,ENT-REF-394660,70,0.0669
ENT-009923,PHONE,Madhya Pradesh,ENT-REF-174544,5,0.3596
ENT-009924,PHONE,Delhi,ENT-REF-732492,35,0.055
ENT-009925,DEVICE,Telangana,ENT-REF-500917,10,0.0171
ENT-009926,ACCOUNT,Uttar Pradesh,ENT-REF-155141,26,0.4229
ENT-009927,ACCOUNT,Karnataka,ENT-REF-812726,40,0.2562
ENT-009928,DEVICE,Maharashtra,ENT-REF-993562,15,0.2299
ENT-009929,MERCHANT,Karnataka,ENT-REF-273806,52,0.3612
ENT-009930,PHONE,Bihar,ENT-REF-225985,57,0.1215
ENT-009931,PHONE,Delhi,ENT-REF-509006,56,0.2261
ENT-009932,WALLET,Uttar Pradesh,ENT-REF-111598,32,0.4941
ENT-009933,ACCOUNT,Bihar,ENT-REF-466483,29,0.4569
ENT-009934,DEVICE,Tamil Nadu,ENT-REF-818658,14,0.0683
ENT-009935,PHONE,Delhi,ENT-REF-715638,52,0.0934
ENT-009936,PHONE,Rajasthan,ENT-REF-547171,45,0.2923
ENT-009937,BENEFICIARY,West Bengal,ENT-REF-186363,77,0.3975
ENT-009938,DEVICE,Uttar Pradesh,ENT-REF-525906,3,0.2656
ENT-009939,WALLET,Bihar,ENT-REF-647794,25,0.1319
ENT-009940,ACCOUNT,West Bengal,ENT-REF-360913,27,0.0817
ENT-009941,ACCOUNT,Telangana,ENT-REF-141411,39,0.1331
ENT-009942,BENEFICIARY,Uttar Pradesh,ENT-REF-489435,37,0.0814
ENT-009943,ACCOUNT,West Bengal,ENT-REF-382119,79,0.2458
ENT-009944,MERCHANT,Bihar,ENT-REF-479933,39,0.0706
ENT-009945,BENEFICIARY,Delhi,ENT-REF-474984,29,0.5836
ENT-009946,WALLET,Maharashtra,ENT-REF-401359,3,0.1667
ENT-009947,ACCOUNT,Karnataka,ENT-REF-350930,4,0.2943
ENT-009948,PHONE,Karnataka,ENT-REF-478267,22,0.1461
ENT-009949,MERCHANT,West Bengal,ENT-REF-253798,45,0.1689
ENT-009950,ACCOUNT,Madhya Pradesh,ENT-REF-918394,48,0.349
ENT-009951,BENEFICIARY,Maharashtra,ENT-REF-866852,65,0.1386
ENT-009952,BENEFICIARY,Telangana,ENT-REF-724667,68,0.1542
ENT-009953,ACCOUNT,Rajasthan,ENT-REF-328268,17,0.1203
ENT-009954,PHONE,Rajasthan,ENT-REF-994863,62,0.1391
ENT-009955,PHONE,Maharashtra,ENT-REF-239710,18,0.1491
ENT-009956,WALLET,Uttar Pradesh,ENT-REF-177120,22,0.1426
ENT-009957,PHONE,Maharashtra,ENT-REF-257785,22,0.0708
ENT-009958,MERCHANT,Rajasthan,ENT-REF-908631,27,0.2218
ENT-009959,ACCOUNT,West Bengal,ENT-REF-375700,77,0.0896
ENT-009960,ACCOUNT,Madhya Pradesh,ENT-REF-885028,20,0.1437
ENT-009961,PHONE,Bihar,ENT-REF-697360,67,0.0138
ENT-009962,WALLET,Madhya Pradesh,ENT-REF-898382,79,0.2801
ENT-009963,BENEFICIARY,Maharashtra,ENT-REF-119540,12,0.0534
ENT-009964,PHONE,Bihar,ENT-REF-585624,13,0.3061
ENT-009965,DEVICE,Rajasthan,ENT-REF-814801,69,0.0991
ENT-009966,WALLET,Madhya Pradesh,ENT-REF-909568,65,0.531
ENT-009967,BENEFICIARY,Uttar Pradesh,ENT-REF-838640,34,0.0972
ENT-009968,ACCOUNT,Karnataka,ENT-REF-109017,23,0.0564
ENT-009969,DEVICE,Delhi,ENT-REF-478243,14,0.0991
ENT-009970,PHONE,Bihar,ENT-REF-792360,2,0.4096
ENT-009971,MERCHANT,Telangana,ENT-REF-860238,23,0.0316
ENT-009972,DEVICE,Telangana,ENT-REF-991067,8,0.1259
ENT-009973,BENEFICIARY,Delhi,ENT-REF-140483,21,0.3809
ENT-009974,PHONE,Tamil Nadu,ENT-REF-730637,46,0.3166
ENT-009975,ACCOUNT,West Bengal,ENT-REF-298745,2,0.4062
ENT-009976,ACCOUNT,West Bengal,ENT-REF-139773,47,0.0556
ENT-009977,PHONE,Uttar Pradesh,ENT-REF-281533,27,0.251
ENT-009978,PHONE,Rajasthan,ENT-REF-983427,40,0.0629
ENT-009979,MERCHANT,Uttar Pradesh,ENT-REF-115201,62,0.1548
ENT-009980,ACCOUNT,Delhi,ENT-REF-362203,32,0.231
ENT-009981,ACCOUNT,Tamil Nadu,ENT-REF-445015,46,0.0653
ENT-009982,ACCOUNT,Madhya Pradesh,ENT-REF-549738,45,0.0592
ENT-009983,BENEFICIARY,West Bengal,ENT-REF-622002,64,0.1619
ENT-009984,WALLET,Telangana,ENT-REF-646050,35,0.0269
ENT-009985,WALLET,Tamil Nadu,ENT-REF-209182,43,0.1642
ENT-009986,DEVICE,Uttar Pradesh,ENT-REF-870439,15,0.0821
ENT-009987,MERCHANT,Karnataka,ENT-REF-938699,38,0.0494
ENT-009988,ACCOUNT,Karnataka,ENT-REF-520471,38,0.133
ENT-009989,DEVICE,Uttar Pradesh,ENT-REF-709951,24,0.373
ENT-009990,ACCOUNT,Bihar,ENT-REF-863215,25,0.2631
ENT-009991,WALLET,Madhya Pradesh,ENT-REF-137206,75,0.0637
ENT-009992,ACCOUNT,Rajasthan,ENT-REF-618453,76,0.0382
ENT-009993,ACCOUNT,West Bengal,ENT-REF-694155,21,0.1866
ENT-009994,BENEFICIARY,Telangana,ENT-REF-713723,72,0.0116
ENT-009995,DEVICE,Bihar,ENT-REF-314673,27,0.0989
ENT-009996,ACCOUNT,Karnataka,ENT-REF-945210,36,0.1959
ENT-009997,BENEFICIARY,Karnataka,ENT-REF-541263,71,0.0805
ENT-009998,PHONE,Tamil Nadu,ENT-REF-649364,5,0.1976
ENT-009999,ACCOUNT,West Bengal,ENT-REF-866247,24,0.251
ENT-010000,WALLET,Delhi,ENT-REF-423422,12,0.4089
ENT-010001,ACCOUNT,Rajasthan,ENT-REF-920151,21,0.2037
ENT-010002,ACCOUNT,Telangana,ENT-REF-885184,8,0.036
ENT-010003,MERCHANT,Karnataka,ENT-REF-379127,30,0.0643
ENT-010004,ACCOUNT,Tamil Nadu,ENT-REF-686800,25,0.1918
ENT-010005,ACCOUNT,Uttar Pradesh,ENT-REF-200406,47,0.3811
ENT-010006,ACCOUNT,Karnataka,ENT-REF-564495,6,0.0627
ENT-010007,MERCHANT,Delhi,ENT-REF-558493,70,0.4693
ENT-010008,PHONE,Madhya Pradesh,ENT-REF-112424,26,0.1119
ENT-010009,MERCHANT,Telangana,ENT-REF-118102,5,0.0541
ENT-010010,BENEFICIARY,Uttar Pradesh,ENT-REF-822322,37,0.0515
ENT-010011,PHONE,Bihar,ENT-REF-190345,68,0.1854
ENT-010012,ACCOUNT,Delhi,ENT-REF-184681,78,0.0843
ENT-010013,BENEFICIARY,Maharashtra,ENT-REF-753808,44,0.1563
ENT-010014,PHONE,Madhya Pradesh,ENT-REF-380244,36,0.224
ENT-010015,ACCOUNT,West Bengal,ENT-REF-597226,8,0.0076
ENT-010016,ACCOUNT,Tamil Nadu,ENT-REF-138064,36,0.054
ENT-010017,ACCOUNT,Delhi,ENT-REF-760439,52,0.1217
ENT-010018,BENEFICIARY,Bihar,ENT-REF-913636,19,0.236
ENT-010019,BENEFICIARY,Uttar Pradesh,ENT-REF-739752,43,0.2011
ENT-010020,WALLET,Karnataka,ENT-REF-829587,34,0.1096
ENT-010021,PHONE,Madhya Pradesh,ENT-REF-596937,71,0.2025
ENT-010022,MERCHANT,Telangana,ENT-REF-406042,15,0.059
ENT-010023,DEVICE,West Bengal,ENT-REF-293414,55,0.0612
ENT-010024,ACCOUNT,Madhya Pradesh,ENT-REF-632552,16,0.1135
ENT-010025,ACCOUNT,Madhya Pradesh,ENT-REF-802060,21,0.4039
ENT-010026,PHONE,Bihar,ENT-REF-710090,2,0.1258
ENT-010027,ACCOUNT,Rajasthan,ENT-REF-953307,54,0.2537
ENT-010028,ACCOUNT,Telangana,ENT-REF-182990,24,0.1019
ENT-010029,WALLET,Rajasthan,ENT-REF-864265,44,0.1625
ENT-010030,ACCOUNT,Uttar Pradesh,ENT-REF-619189,12,0.1296
ENT-010031,PHONE,Telangana,ENT-REF-763481,37,0.1625
ENT-010032,DEVICE,Uttar Pradesh,ENT-REF-112205,63,0.1509
ENT-010033,PHONE,Bihar,ENT-REF-165730,10,0.313
ENT-010034,ACCOUNT,Maharashtra,ENT-REF-320647,30,0.3581
ENT-010035,WALLET,Tamil Nadu,ENT-REF-196153,57,0.0614
ENT-010036,WALLET,Rajasthan,ENT-REF-884822,37,0.0419
ENT-010037,BENEFICIARY,Maharashtra,ENT-REF-186341,57,0.2076
ENT-010038,DEVICE,Delhi,ENT-REF-439937,61,0.0686
ENT-010039,ACCOUNT,Karnataka,ENT-REF-662313,53,0.2042
ENT-010040,BENEFICIARY,West Bengal,ENT-REF-817912,24,0.4312
ENT-010041,BENEFICIARY,Bihar,ENT-REF-331241,57,0.1605
ENT-010042,MERCHANT,Telangana,ENT-REF-266569,41,0.4131
ENT-010043,DEVICE,Bihar,ENT-REF-770090,5,0.2151
ENT-010044,PHONE,Bihar,ENT-REF-250870,51,0.1445
ENT-010045,ACCOUNT,Karnataka,ENT-REF-853737,7,0.0857
ENT-010046,DEVICE,Karnataka,ENT-REF-418102,56,0.0847
ENT-010047,BENEFICIARY,Maharashtra,ENT-REF-735800,4,0.2794
ENT-010048,ACCOUNT,Telangana,ENT-REF-559835,50,0.0567
ENT-010049,MERCHANT,Bihar,ENT-REF-330210,43,0.0164
ENT-010050,DEVICE,Karnataka,ENT-REF-681604,59,0.2628
ENT-010051,DEVICE,Madhya Pradesh,ENT-REF-829673,36,0.1963
ENT-010052,ACCOUNT,Maharashtra,ENT-REF-262656,4,0.4258
ENT-010053,MERCHANT,Rajasthan,ENT-REF-909542,15,0.1694
ENT-010054,PHONE,Maharashtra,ENT-REF-355436,79,0.0794
ENT-010055,ACCOUNT,West Bengal,ENT-REF-862762,54,0.1972
ENT-010056,MERCHANT,Uttar Pradesh,ENT-REF-172151,23,0.1966
ENT-010057,PHONE,Bihar,ENT-REF-971562,69,0.3535
ENT-010058,WALLET,Rajasthan,ENT-REF-398990,10,0.0947
ENT-010059,MERCHANT,Telangana,ENT-REF-956549,4,0.3291
ENT-010060,ACCOUNT,Rajasthan,ENT-REF-627506,72,0.1593
ENT-010061,DEVICE,Telangana,ENT-REF-611473,53,0.2778
ENT-010062,ACCOUNT,Maharashtra,ENT-REF-105421,68,0.1995
ENT-010063,DEVICE,Tamil Nadu,ENT-REF-336039,67,0.1519
ENT-010064,PHONE,Tamil Nadu,ENT-REF-899080,33,0.3489
ENT-010065,PHONE,Bihar,ENT-REF-771746,51,0.1477
ENT-010066,PHONE,Karnataka,ENT-REF-469275,23,0.2794
ENT-010067,ACCOUNT,Telangana,ENT-REF-745169,61,0.2527
ENT-010068,DEVICE,West Bengal,ENT-REF-673534,43,0.1298
ENT-010069,ACCOUNT,Karnataka,ENT-REF-338472,64,0.0586
ENT-010070,MERCHANT,Telangana,ENT-REF-367620,12,0.1499
ENT-010071,ACCOUNT,Madhya Pradesh,ENT-REF-666196,77,0.0778
ENT-010072,PHONE,Madhya Pradesh,ENT-REF-812126,65,0.3946
ENT-010073,ACCOUNT,Telangana,ENT-REF-575648,67,0.1823
ENT-010074,BENEFICIARY,Karnataka,ENT-REF-329163,38,0.016
ENT-010075,ACCOUNT,Bihar,ENT-REF-285628,45,0.3503
ENT-010076,WALLET,Tamil Nadu,ENT-REF-578698,63,0.0309
ENT-010077,PHONE,Karnataka,ENT-REF-593103,46,0.0634
ENT-010078,WALLET,Telangana,ENT-REF-786925,37,0.4566
ENT-010079,MERCHANT,Madhya Pradesh,ENT-REF-328366,12,0.2061
ENT-010080,BENEFICIARY,Madhya Pradesh,ENT-REF-842299,18,0.1
ENT-010081,BENEFICIARY,Telangana,ENT-REF-420575,23,0.4795
ENT-010082,ACCOUNT,Delhi,ENT-REF-229853,79,0.2521
ENT-010083,DEVICE,Rajasthan,ENT-REF-718138,16,0.1804
ENT-010084,PHONE,Maharashtra,ENT-REF-721782,21,0.3302
ENT-010085,MERCHANT,Tamil Nadu,ENT-REF-589738,66,0.0601
ENT-010086,PHONE,Uttar Pradesh,ENT-REF-376061,18,0.3587
ENT-010087,ACCOUNT,West Bengal,ENT-REF-539373,15,0.4985
ENT-010088,ACCOUNT,Telangana,ENT-REF-799106,65,0.0694
ENT-010089,MERCHANT,West Bengal,ENT-REF-704778,21,0.2514
ENT-010090,MERCHANT,Rajasthan,ENT-REF-799536,29,0.1757
ENT-010091,ACCOUNT,Karnataka,ENT-REF-730444,79,0.3268
ENT-010092,PHONE,Bihar,ENT-REF-185059,68,0.227
ENT-010093,ACCOUNT,Delhi,ENT-REF-829516,60,0.2084
ENT-010094,MERCHANT,Madhya Pradesh,ENT-REF-988212,22,0.1805
ENT-010095,ACCOUNT,Rajasthan,ENT-REF-880647,50,0.0519
ENT-010096,ACCOUNT,Uttar Pradesh,ENT-REF-252280,43,0.3444
ENT-010097,PHONE,Tamil Nadu,ENT-REF-861006,69,0.1718
ENT-010098,MERCHANT,Karnataka,ENT-REF-344104,15,0.3171
ENT-010099,PHONE,Rajasthan,ENT-REF-384368,76,0.087
ENT-010100,ACCOUNT,Maharashtra,ENT-REF-101445,65,0.1442
ENT-010101,PHONE,West Bengal,ENT-REF-687459,79,0.0329
ENT-010102,ACCOUNT,Telangana,ENT-REF-298567,21,0.3029
ENT-010103,ACCOUNT,Karnataka,ENT-REF-397229,48,0.254
ENT-010104,BENEFICIARY,West Bengal,ENT-REF-582080,38,0.0846
ENT-010105,PHONE,Madhya Pradesh,ENT-REF-773466,62,0.0903
ENT-010106,ACCOUNT,Maharashtra,ENT-REF-653432,42,0.4038
ENT-010107,PHONE,Rajasthan,ENT-REF-525864,13,0.1051
ENT-010108,PHONE,Tamil Nadu,ENT-REF-375232,73,0.2517
ENT-010109,MERCHANT,Tamil Nadu,ENT-REF-933407,18,0.2363
ENT-010110,PHONE,Madhya Pradesh,ENT-REF-453878,59,0.1634
ENT-010111,ACCOUNT,Rajasthan,ENT-REF-944857,57,0.3111
ENT-010112,MERCHANT,Karnataka,ENT-REF-929362,72,0.1331
ENT-010113,PHONE,Madhya Pradesh,ENT-REF-654773,22,0.1671
ENT-010114,ACCOUNT,Delhi,ENT-REF-938839,9,0.4508
ENT-010115,PHONE,Rajasthan,ENT-REF-557253,72,0.1694
ENT-010116,PHONE,Karnataka,ENT-REF-615507,46,0.0196
ENT-010117,MERCHANT,Delhi,ENT-REF-864868,17,0.1481
ENT-010118,DEVICE,West Bengal,ENT-REF-769316,63,0.116
ENT-010119,WALLET,Maharashtra,ENT-REF-253942,79,0.0274
ENT-010120,DEVICE,Uttar Pradesh,ENT-REF-371244,68,0.3734
ENT-010121,DEVICE,Uttar Pradesh,ENT-REF-464151,25,0.2391
ENT-010122,ACCOUNT,Telangana,ENT-REF-727879,51,0.1762
ENT-010123,WALLET,Uttar Pradesh,ENT-REF-752625,20,0.009
ENT-010124,ACCOUNT,Rajasthan,ENT-REF-468990,46,0.255
ENT-010125,PHONE,Madhya Pradesh,ENT-REF-173374,75,0.0339
ENT-010126,WALLET,Uttar Pradesh,ENT-REF-270404,75,0.1205
ENT-010127,ACCOUNT,Rajasthan,ENT-REF-160678,13,0.0297
ENT-010128,DEVICE,Tamil Nadu,ENT-REF-369437,54,0.2609
ENT-010129,DEVICE,Maharashtra,ENT-REF-455448,24,0.0895
ENT-010130,ACCOUNT,Rajasthan,ENT-REF-388373,50,0.2487
ENT-010131,ACCOUNT,Uttar Pradesh,ENT-REF-677890,41,0.2711
ENT-010132,DEVICE,Madhya Pradesh,ENT-REF-105618,55,0.0446
ENT-010133,WALLET,Tamil Nadu,ENT-REF-211463,37,0.5639
ENT-010134,BENEFICIARY,West Bengal,ENT-REF-781351,75,0.1062
ENT-010135,WALLET,Tamil Nadu,ENT-REF-976832,60,0.0608
ENT-010136,ACCOUNT,Bihar,ENT-REF-511288,45,0.2556
ENT-010137,DEVICE,Delhi,ENT-REF-815216,21,0.1175
ENT-010138,BENEFICIARY,Madhya Pradesh,ENT-REF-929594,19,0.1926
ENT-010139,PHONE,Telangana,ENT-REF-268560,11,0.1916
ENT-010140,DEVICE,Tamil Nadu,ENT-REF-580602,19,0.1239
ENT-010141,BENEFICIARY,Uttar Pradesh,ENT-REF-308858,45,0.2937
ENT-010142,ACCOUNT,Rajasthan,ENT-REF-930527,38,0.2132
ENT-010143,DEVICE,Telangana,ENT-REF-227118,4,0.2494
ENT-010144,DEVICE,Delhi,ENT-REF-423290,38,0.2071
ENT-010145,DEVICE,Tamil Nadu,ENT-REF-950529,75,0.0608
ENT-010146,PHONE,Madhya Pradesh,ENT-REF-938445,33,0.0808
ENT-010147,PHONE,Maharashtra,ENT-REF-994927,30,0.0406
ENT-010148,PHONE,Maharashtra,ENT-REF-704105,40,0.4205
ENT-010149,DEVICE,Rajasthan,ENT-REF-936653,77,0.1051
ENT-010150,PHONE,Bihar,ENT-REF-979027,79,0.0421
ENT-010151,WALLET,West Bengal,ENT-REF-180152,74,0.0557
ENT-010152,WALLET,Rajasthan,ENT-REF-590277,2,0.2417
ENT-010153,DEVICE,Bihar,ENT-REF-815411,44,0.1138
ENT-010154,PHONE,Delhi,ENT-REF-884602,18,0.1707
ENT-010155,ACCOUNT,Tamil Nadu,ENT-REF-698404,41,0.172
ENT-010156,ACCOUNT,Bihar,ENT-REF-912172,3,0.2309
ENT-010157,PHONE,West Bengal,ENT-REF-954341,22,0.2228
ENT-010158,PHONE,Maharashtra,ENT-REF-663398,46,0.1691
ENT-010159,DEVICE,Uttar Pradesh,ENT-REF-344925,57,0.34
ENT-010160,ACCOUNT,Maharashtra,ENT-REF-722120,17,0.4202
ENT-010161,BENEFICIARY,Delhi,ENT-REF-569297,50,0.0811
ENT-010162,PHONE,Uttar Pradesh,ENT-REF-822767,15,0.2712
ENT-010163,DEVICE,Madhya Pradesh,ENT-REF-272737,58,0.4849
ENT-010164,BENEFICIARY,Telangana,ENT-REF-987868,41,0.653
ENT-010165,ACCOUNT,Telangana,ENT-REF-769665,61,0.2355
ENT-010166,ACCOUNT,Karnataka,ENT-REF-470342,40,0.127
ENT-010167,DEVICE,West Bengal,ENT-REF-565281,77,0.4184
ENT-010168,PHONE,Tamil Nadu,ENT-REF-635858,63,0.2634
ENT-010169,BENEFICIARY,Madhya Pradesh,ENT-REF-878764,11,0.0286
ENT-010170,DEVICE,Tamil Nadu,ENT-REF-602521,60,0.2764
ENT-010171,ACCOUNT,Karnataka,ENT-REF-987661,22,0.3479
ENT-010172,ACCOUNT,West Bengal,ENT-REF-610629,68,0.2346
ENT-010173,BENEFICIARY,Maharashtra,ENT-REF-392620,73,0.1213
ENT-010174,ACCOUNT,Tamil Nadu,ENT-REF-735410,48,0.389
ENT-010175,BENEFICIARY,Delhi,ENT-REF-736089,33,0.1465
ENT-010176,PHONE,Madhya Pradesh,ENT-REF-123917,28,0.2862
ENT-010177,BENEFICIARY,Bihar,ENT-REF-941133,47,0.028
ENT-010178,BENEFICIARY,Karnataka,ENT-REF-350071,67,0.1927
ENT-010179,BENEFICIARY,Madhya Pradesh,ENT-REF-367967,48,0.4648
ENT-010180,DEVICE,Delhi,ENT-REF-894491,14,0.1032
ENT-010181,DEVICE,Bihar,ENT-REF-360541,57,0.4207
ENT-010182,ACCOUNT,Telangana,ENT-REF-548253,21,0.1316
ENT-010183,BENEFICIARY,Tamil Nadu,ENT-REF-213397,29,0.2199
ENT-010184,PHONE,Delhi,ENT-REF-303091,55,0.0411
ENT-010185,ACCOUNT,Uttar Pradesh,ENT-REF-943275,33,0.2096
ENT-010186,BENEFICIARY,Karnataka,ENT-REF-983996,4,0.1336
ENT-010187,ACCOUNT,Karnataka,ENT-REF-281467,12,0.0869
ENT-010188,BENEFICIARY,Karnataka,ENT-REF-954909,55,0.1773
ENT-010189,PHONE,Madhya Pradesh,ENT-REF-613486,13,0.3197
ENT-010190,PHONE,Madhya Pradesh,ENT-REF-384021,49,0.1886
ENT-010191,MERCHANT,Delhi,ENT-REF-243790,44,0.1572
ENT-010192,ACCOUNT,West Bengal,ENT-REF-235525,66,0.1817
ENT-010193,BENEFICIARY,Maharashtra,ENT-REF-375022,77,0.0563
ENT-010194,ACCOUNT,Tamil Nadu,ENT-REF-912872,57,0.2337
ENT-010195,WALLET,Delhi,ENT-REF-975903,51,0.1958
ENT-010196,DEVICE,Madhya Pradesh,ENT-REF-401752,12,0.0408
ENT-010197,PHONE,Uttar Pradesh,ENT-REF-511490,63,0.1811
ENT-010198,ACCOUNT,Rajasthan,ENT-REF-900677,23,0.14
ENT-010199,PHONE,Bihar,ENT-REF-857965,13,0.11
ENT-010200,WALLET,Tamil Nadu,ENT-REF-463293,69,0.3141
ENT-010201,WALLET,Bihar,ENT-REF-789507,49,0.1737
ENT-010202,ACCOUNT,Maharashtra,ENT-REF-334332,51,0.3879
ENT-010203,PHONE,Telangana,ENT-REF-186400,57,0.0451
ENT-010204,DEVICE,Bihar,ENT-REF-643205,71,0.0568
ENT-010205,WALLET,West Bengal,ENT-REF-619965,47,0.0654
ENT-010206,WALLET,Delhi,ENT-REF-752521,7,0.0909
ENT-010207,ACCOUNT,Delhi,ENT-REF-357926,34,0.1881
ENT-010208,MERCHANT,Telangana,ENT-REF-973276,47,0.245
ENT-010209,ACCOUNT,Delhi,ENT-REF-895703,17,0.0072
ENT-010210,DEVICE,Karnataka,ENT-REF-743525,18,0.2222
ENT-010211,WALLET,Maharashtra,ENT-REF-793828,19,0.2848
ENT-010212,ACCOUNT,Telangana,ENT-REF-662009,45,0.0514
ENT-010213,DEVICE,Karnataka,ENT-REF-768578,43,0.2977
ENT-010214,PHONE,Maharashtra,ENT-REF-311741,57,0.3084
ENT-010215,PHONE,Telangana,ENT-REF-266618,12,0.1182
ENT-010216,ACCOUNT,West Bengal,ENT-REF-855100,20,0.1085
ENT-010217,BENEFICIARY,Tamil Nadu,ENT-REF-170171,8,0.3834
ENT-010218,PHONE,Telangana,ENT-REF-355281,42,0.3754
ENT-010219,WALLET,Tamil Nadu,ENT-REF-968872,20,0.122
ENT-010220,PHONE,Telangana,ENT-REF-419946,1,0.0589
ENT-010221,PHONE,Telangana,ENT-REF-130025,76,0.2538
ENT-010222,MERCHANT,Rajasthan,ENT-REF-235819,63,0.2327
ENT-010223,ACCOUNT,Uttar Pradesh,ENT-REF-672038,22,0.2459
ENT-010224,ACCOUNT,Uttar Pradesh,ENT-REF-401886,26,0.0321
ENT-010225,ACCOUNT,Uttar Pradesh,ENT-REF-545608,57,0.1777
ENT-010226,ACCOUNT,Tamil Nadu,ENT-REF-473450,15,0.2296
ENT-010227,PHONE,Madhya Pradesh,ENT-REF-780543,39,0.2571
ENT-010228,BENEFICIARY,Maharashtra,ENT-REF-781571,30,0.2685
ENT-010229,PHONE,Telangana,ENT-REF-280082,70,0.3491
ENT-010230,DEVICE,Uttar Pradesh,ENT-REF-706885,34,0.2259
ENT-010231,ACCOUNT,Madhya Pradesh,ENT-REF-396227,55,0.1986
ENT-010232,BENEFICIARY,Delhi,ENT-REF-485473,24,0.0475
ENT-010233,ACCOUNT,Rajasthan,ENT-REF-256392,68,0.0521
ENT-010234,PHONE,Maharashtra,ENT-REF-575055,38,0.0714
ENT-010235,PHONE,Maharashtra,ENT-REF-270363,12,0.6172
ENT-010236,WALLET,Madhya Pradesh,ENT-REF-585456,59,0.1683
ENT-010237,ACCOUNT,Madhya Pradesh,ENT-REF-647834,53,0.3971
ENT-010238,MERCHANT,Tamil Nadu,ENT-REF-347875,43,0.2076
ENT-010239,PHONE,Maharashtra,ENT-REF-118691,44,0.0657
ENT-010240,DEVICE,Maharashtra,ENT-REF-761621,20,0.0805
ENT-010241,PHONE,Madhya Pradesh,ENT-REF-581699,38,0.0588
ENT-010242,ACCOUNT,West Bengal,ENT-REF-673427,29,0.1573
ENT-010243,DEVICE,Maharashtra,ENT-REF-515575,44,0.0747
ENT-010244,DEVICE,Tamil Nadu,ENT-REF-661701,47,0.3177
ENT-010245,WALLET,Rajasthan,ENT-REF-880776,70,0.0937
ENT-010246,ACCOUNT,Maharashtra,ENT-REF-964258,65,0.0541
ENT-010247,PHONE,Rajasthan,ENT-REF-845238,34,0.1288
ENT-010248,ACCOUNT,Rajasthan,ENT-REF-565830,27,0.0758
ENT-010249,PHONE,Madhya Pradesh,ENT-REF-625650,37,0.3669
ENT-010250,PHONE,West Bengal,ENT-REF-370012,24,0.175
ENT-010251,ACCOUNT,West Bengal,ENT-REF-776317,75,0.1221
ENT-010252,WALLET,Madhya Pradesh,ENT-REF-737358,66,0.1381
ENT-010253,ACCOUNT,West Bengal,ENT-REF-845260,13,0.1359
ENT-010254,BENEFICIARY,Karnataka,ENT-REF-404298,25,0.4734
ENT-010255,ACCOUNT,Tamil Nadu,ENT-REF-785508,46,0.3762
ENT-010256,ACCOUNT,Uttar Pradesh,ENT-REF-502184,10,0.2711
ENT-010257,ACCOUNT,Bihar,ENT-REF-122478,32,0.0247
ENT-010258,BENEFICIARY,Delhi,ENT-REF-502713,32,0.2272
ENT-010259,MERCHANT,Bihar,ENT-REF-717513,73,0.493
ENT-010260,DEVICE,West Bengal,ENT-REF-779108,22,0.0864
ENT-010261,PHONE,Madhya Pradesh,ENT-REF-437619,13,0.4527
ENT-010262,BENEFICIARY,Uttar Pradesh,ENT-REF-986292,21,0.1363
ENT-010263,WALLET,West Bengal,ENT-REF-874954,23,0.0563
ENT-010264,BENEFICIARY,Madhya Pradesh,ENT-REF-119697,26,0.2605
ENT-010265,MERCHANT,Karnataka,ENT-REF-119831,58,0.0135
ENT-010266,BENEFICIARY,Telangana,ENT-REF-856581,63,0.0677
ENT-010267,ACCOUNT,Telangana,ENT-REF-600429,64,0.0886
ENT-010268,ACCOUNT,Rajasthan,ENT-REF-323830,13,0.2684
ENT-010269,PHONE,West Bengal,ENT-REF-547956,58,0.0569
ENT-010270,PHONE,Karnataka,ENT-REF-419633,55,0.1753
ENT-010271,DEVICE,Telangana,ENT-REF-311354,65,0.1332
ENT-010272,PHONE,Bihar,ENT-REF-724713,58,0.1207
ENT-010273,ACCOUNT,Karnataka,ENT-REF-360226,74,0.2137
ENT-010274,PHONE,Maharashtra,ENT-REF-211656,20,0.0463
ENT-010275,ACCOUNT,Tamil Nadu,ENT-REF-691035,79,0.0175
ENT-010276,ACCOUNT,Maharashtra,ENT-REF-509007,77,0.1832
ENT-010277,WALLET,Rajasthan,ENT-REF-316505,52,0.1509
ENT-010278,ACCOUNT,Telangana,ENT-REF-431941,79,0.0613
ENT-010279,WALLET,Madhya Pradesh,ENT-REF-614405,56,0.2316
ENT-010280,ACCOUNT,West Bengal,ENT-REF-300744,7,0.463
ENT-010281,PHONE,Bihar,ENT-REF-489510,7,0.0324
ENT-010282,DEVICE,Madhya Pradesh,ENT-REF-699822,54,0.0591
ENT-010283,WALLET,Bihar,ENT-REF-646238,66,0.0512
ENT-010284,PHONE,Rajasthan,ENT-REF-314682,37,0.0525
ENT-010285,ACCOUNT,Delhi,ENT-REF-381539,23,0.1907
ENT-010286,MERCHANT,Rajasthan,ENT-REF-923655,12,0.2763
ENT-010287,MERCHANT,Maharashtra,ENT-REF-533663,39,0.0342
ENT-010288,ACCOUNT,Maharashtra,ENT-REF-586872,44,0.0441
ENT-010289,DEVICE,Delhi,ENT-REF-384873,73,0.1253
ENT-010290,BENEFICIARY,Tamil Nadu,ENT-REF-948036,58,0.4867
ENT-010291,WALLET,Madhya Pradesh,ENT-REF-694384,55,0.0071
ENT-010292,WALLET,Bihar,ENT-REF-960304,14,0.1158
ENT-010293,ACCOUNT,Maharashtra,ENT-REF-163600,2,0.0208
ENT-010294,DEVICE,Madhya Pradesh,ENT-REF-848494,25,0.2436
ENT-010295,PHONE,Rajasthan,ENT-REF-216299,21,0.1149
ENT-010296,PHONE,Delhi,ENT-REF-486468,35,0.2084
ENT-010297,WALLET,Karnataka,ENT-REF-412891,53,0.1064
ENT-010298,ACCOUNT,Madhya Pradesh,ENT-REF-453481,55,0.1026
ENT-010299,DEVICE,Delhi,ENT-REF-879944,47,0.2083
ENT-010300,WALLET,Maharashtra,ENT-REF-698308,33,0.3001
ENT-010301,PHONE,Bihar,ENT-REF-787693,71,0.0739
ENT-010302,DEVICE,Tamil Nadu,ENT-REF-231696,48,0.3072
ENT-010303,BENEFICIARY,West Bengal,ENT-REF-609307,49,0.592
ENT-010304,ACCOUNT,Karnataka,ENT-REF-423602,29,0.0741
ENT-010305,ACCOUNT,Tamil Nadu,ENT-REF-139126,11,0.2028
ENT-010306,PHONE,Bihar,ENT-REF-800930,32,0.3055
ENT-010307,WALLET,Karnataka,ENT-REF-892906,39,0.0157
ENT-010308,ACCOUNT,Madhya Pradesh,ENT-REF-333719,50,0.2831
ENT-010309,PHONE,West Bengal,ENT-REF-956762,61,0.4543
ENT-010310,BENEFICIARY,Telangana,ENT-REF-597633,64,0.2668
ENT-010311,WALLET,Karnataka,ENT-REF-269241,72,0.2691
ENT-010312,MERCHANT,Bihar,ENT-REF-283255,64,0.0673
ENT-010313,ACCOUNT,Tamil Nadu,ENT-REF-793040,28,0.4019
ENT-010314,DEVICE,Tamil Nadu,ENT-REF-351460,41,0.2542
ENT-010315,MERCHANT,Telangana,ENT-REF-898838,12,0.0145
ENT-010316,PHONE,Uttar Pradesh,ENT-REF-257345,31,0.0976
ENT-010317,BENEFICIARY,Bihar,ENT-REF-663880,55,0.0529
ENT-010318,ACCOUNT,Delhi,ENT-REF-239849,1,0.1637
ENT-010319,PHONE,Rajasthan,ENT-REF-191880,47,0.3211
ENT-010320,BENEFICIARY,Delhi,ENT-REF-436168,1,0.1085
ENT-010321,ACCOUNT,Maharashtra,ENT-REF-281573,18,0.3018
ENT-010322,ACCOUNT,Rajasthan,ENT-REF-907726,60,0.199
ENT-010323,ACCOUNT,Karnataka,ENT-REF-479720,69,0.043
ENT-010324,ACCOUNT,Tamil Nadu,ENT-REF-341667,50,0.0156
ENT-010325,MERCHANT,Uttar Pradesh,ENT-REF-463584,75,0.2177
ENT-010326,ACCOUNT,Delhi,ENT-REF-881429,18,0.2868
ENT-010327,ACCOUNT,Telangana,ENT-REF-365869,73,0.1502
ENT-010328,ACCOUNT,Uttar Pradesh,ENT-REF-951394,69,0.1413
ENT-010329,ACCOUNT,West Bengal,ENT-REF-715493,14,0.0871
ENT-010330,WALLET,West Bengal,ENT-REF-195520,53,0.3049
ENT-010331,DEVICE,Maharashtra,ENT-REF-410389,5,0.2501
ENT-010332,MERCHANT,Madhya Pradesh,ENT-REF-968445,57,0.1537
ENT-010333,DEVICE,Maharashtra,ENT-REF-183434,42,0.015
ENT-010334,BENEFICIARY,Telangana,ENT-REF-139931,38,0.1615
ENT-010335,BENEFICIARY,Telangana,ENT-REF-159836,41,0.277
ENT-010336,MERCHANT,Tamil Nadu,ENT-REF-796856,29,0.1345
ENT-010337,ACCOUNT,Bihar,ENT-REF-590748,67,0.1916
ENT-010338,BENEFICIARY,West Bengal,ENT-REF-975762,1,0.052
ENT-010339,BENEFICIARY,Rajasthan,ENT-REF-511067,7,0.1401
ENT-010340,WALLET,Bihar,ENT-REF-657414,42,0.1834
ENT-010341,MERCHANT,Rajasthan,ENT-REF-766991,69,0.5206
ENT-010342,PHONE,Madhya Pradesh,ENT-REF-178938,55,0.2053
ENT-010343,ACCOUNT,Madhya Pradesh,ENT-REF-276871,29,0.1821
ENT-010344,ACCOUNT,Tamil Nadu,ENT-REF-191627,27,0.0883
ENT-010345,WALLET,Madhya Pradesh,ENT-REF-526241,20,0.3313
ENT-010346,ACCOUNT,Bihar,ENT-REF-757887,48,0.1348
ENT-010347,WALLET,Uttar Pradesh,ENT-REF-377648,62,0.235
ENT-010348,DEVICE,Karnataka,ENT-REF-411360,39,0.0398
ENT-010349,PHONE,Delhi,ENT-REF-695666,67,0.0192
ENT-010350,BENEFICIARY,Karnataka,ENT-REF-573919,63,0.1208
ENT-010351,BENEFICIARY,Uttar Pradesh,ENT-REF-434175,61,0.1073
ENT-010352,PHONE,Bihar,ENT-REF-937643,45,0.3222
ENT-010353,ACCOUNT,Madhya Pradesh,ENT-REF-953187,26,0.1155
ENT-010354,ACCOUNT,Karnataka,ENT-REF-901377,59,0.1551
ENT-010355,WALLET,Tamil Nadu,ENT-REF-893062,25,0.1616
ENT-010356,PHONE,Karnataka,ENT-REF-261920,68,0.1602
ENT-010357,PHONE,Maharashtra,ENT-REF-594267,41,0.0834
ENT-010358,MERCHANT,Karnataka,ENT-REF-416441,69,0.3197
ENT-010359,ACCOUNT,Rajasthan,ENT-REF-274816,65,0.0697
ENT-010360,DEVICE,Rajasthan,ENT-REF-777609,76,0.0147
ENT-010361,PHONE,Karnataka,ENT-REF-684782,30,0.3337
ENT-010362,DEVICE,Bihar,ENT-REF-835604,17,0.1563
ENT-010363,DEVICE,Rajasthan,ENT-REF-687251,10,0.001
ENT-010364,DEVICE,Madhya Pradesh,ENT-REF-549828,5,0.5172
ENT-010365,ACCOUNT,Delhi,ENT-REF-165216,75,0.0486
ENT-010366,MERCHANT,Madhya Pradesh,ENT-REF-823550,34,0.121
ENT-010367,MERCHANT,Madhya Pradesh,ENT-REF-769309,2,0.2037
ENT-010368,ACCOUNT,Telangana,ENT-REF-225423,59,0.1019
ENT-010369,ACCOUNT,Uttar Pradesh,ENT-REF-587424,46,0.273
ENT-010370,PHONE,Delhi,ENT-REF-228353,71,0.1146
ENT-010371,ACCOUNT,Bihar,ENT-REF-674624,35,0.1021
ENT-010372,PHONE,Rajasthan,ENT-REF-497525,26,0.3642
ENT-010373,BENEFICIARY,Tamil Nadu,ENT-REF-553449,12,0.2665
ENT-010374,PHONE,Rajasthan,ENT-REF-535393,58,0.0043
ENT-010375,BENEFICIARY,Karnataka,ENT-REF-460568,14,0.1625
ENT-010376,BENEFICIARY,Rajasthan,ENT-REF-257983,11,0.2776
ENT-010377,ACCOUNT,Madhya Pradesh,ENT-REF-385717,34,0.2169
ENT-010378,MERCHANT,Delhi,ENT-REF-622476,17,0.1877
ENT-010379,MERCHANT,Uttar Pradesh,ENT-REF-307592,72,0.2237
ENT-010380,ACCOUNT,Maharashtra,ENT-REF-925531,50,0.179
ENT-010381,WALLET,Madhya Pradesh,ENT-REF-620920,63,0.3385
ENT-010382,ACCOUNT,West Bengal,ENT-REF-835960,66,0.0769
ENT-010383,ACCOUNT,Bihar,ENT-REF-856977,76,0.2665
ENT-010384,WALLET,Bihar,ENT-REF-365885,40,0.0816
ENT-010385,ACCOUNT,Maharashtra,ENT-REF-791355,34,0.0825
ENT-010386,DEVICE,Maharashtra,ENT-REF-515071,8,0.3884
ENT-010387,PHONE,West Bengal,ENT-REF-909094,15,0.1971
ENT-010388,DEVICE,Tamil Nadu,ENT-REF-742263,16,0.615
ENT-010389,ACCOUNT,Maharashtra,ENT-REF-502422,62,0.0704
ENT-010390,PHONE,Bihar,ENT-REF-207317,75,0.0893
ENT-010391,ACCOUNT,Madhya Pradesh,ENT-REF-202366,38,0.0999
ENT-010392,ACCOUNT,Bihar,ENT-REF-667997,57,0.2568
ENT-010393,DEVICE,Karnataka,ENT-REF-249876,6,0.0336
ENT-010394,ACCOUNT,Rajasthan,ENT-REF-942498,74,0.0845
ENT-010395,BENEFICIARY,Telangana,ENT-REF-633880,59,0.2564
ENT-010396,PHONE,Uttar Pradesh,ENT-REF-767871,62,0.1733
ENT-010397,ACCOUNT,Bihar,ENT-REF-995711,59,0.1608
ENT-010398,DEVICE,Telangana,ENT-REF-591558,29,0.0895
ENT-010399,WALLET,Tamil Nadu,ENT-REF-682742,71,0.372
ENT-010400,WALLET,Delhi,ENT-REF-586004,25,0.1166
ENT-010401,ACCOUNT,Karnataka,ENT-REF-290883,39,0.3377
ENT-010402,ACCOUNT,Bihar,ENT-REF-350545,49,0.0508
ENT-010403,MERCHANT,Madhya Pradesh,ENT-REF-136056,22,0.4549
ENT-010404,PHONE,Uttar Pradesh,ENT-REF-678914,65,0.1141
ENT-010405,ACCOUNT,Tamil Nadu,ENT-REF-556472,8,0.0944
ENT-010406,BENEFICIARY,Rajasthan,ENT-REF-124642,18,0.1104
ENT-010407,DEVICE,Maharashtra,ENT-REF-162431,41,0.2734
ENT-010408,PHONE,West Bengal,ENT-REF-653138,47,0.0139
ENT-010409,PHONE,Delhi,ENT-REF-396668,58,0.1689
ENT-010410,ACCOUNT,Madhya Pradesh,ENT-REF-777922,12,0.0981
ENT-010411,ACCOUNT,Bihar,ENT-REF-219475,67,0.1156
ENT-010412,MERCHANT,Tamil Nadu,ENT-REF-364171,39,0.0516
ENT-010413,DEVICE,Tamil Nadu,ENT-REF-955989,48,0.2477
ENT-010414,ACCOUNT,Karnataka,ENT-REF-610140,45,0.1271
ENT-010415,MERCHANT,Tamil Nadu,ENT-REF-345803,58,0.1238
ENT-010416,DEVICE,Uttar Pradesh,ENT-REF-535489,62,0.1877
ENT-010417,ACCOUNT,Tamil Nadu,ENT-REF-591495,7,0.2014
ENT-010418,BENEFICIARY,Uttar Pradesh,ENT-REF-619065,47,0.2474
ENT-010419,DEVICE,Maharashtra,ENT-REF-391932,76,0.1676
ENT-010420,DEVICE,Telangana,ENT-REF-138242,14,0.1607
ENT-010421,ACCOUNT,West Bengal,ENT-REF-382764,7,0.3986
ENT-010422,PHONE,Madhya Pradesh,ENT-REF-254390,57,0.1716
ENT-010423,BENEFICIARY,Bihar,ENT-REF-946163,69,0.2594
ENT-010424,DEVICE,Delhi,ENT-REF-987438,14,0.0884
ENT-010425,PHONE,Delhi,ENT-REF-902536,26,0.1796
ENT-010426,DEVICE,Karnataka,ENT-REF-802022,51,0.2744
ENT-010427,ACCOUNT,West Bengal,ENT-REF-115885,33,0.1272
ENT-010428,ACCOUNT,West Bengal,ENT-REF-825521,71,0.2513
ENT-010429,ACCOUNT,Madhya Pradesh,ENT-REF-203857,59,0.2006
ENT-010430,ACCOUNT,West Bengal,ENT-REF-411770,74,0.1742
ENT-010431,PHONE,Delhi,ENT-REF-633742,8,0.2049
ENT-010432,BENEFICIARY,Tamil Nadu,ENT-REF-743114,3,0.0083
ENT-010433,BENEFICIARY,Madhya Pradesh,ENT-REF-358813,66,0.1285
ENT-010434,ACCOUNT,Uttar Pradesh,ENT-REF-621860,49,0.2549
ENT-010435,PHONE,Maharashtra,ENT-REF-154132,16,0.1564
ENT-010436,ACCOUNT,Karnataka,ENT-REF-252363,76,0.125
ENT-010437,MERCHANT,Delhi,ENT-REF-135992,27,0.1526
ENT-010438,BENEFICIARY,Tamil Nadu,ENT-REF-615860,17,0.2977
ENT-010439,PHONE,West Bengal,ENT-REF-241705,64,0.0433
ENT-010440,ACCOUNT,Maharashtra,ENT-REF-811688,17,0.108
ENT-010441,BENEFICIARY,Maharashtra,ENT-REF-547850,21,0.3776
ENT-010442,ACCOUNT,Madhya Pradesh,ENT-REF-423303,34,0.1834
ENT-010443,PHONE,West Bengal,ENT-REF-784000,48,0.019
ENT-010444,PHONE,Tamil Nadu,ENT-REF-883806,56,0.505
ENT-010445,BENEFICIARY,West Bengal,ENT-REF-398861,8,0.1045
ENT-010446,PHONE,Rajasthan,ENT-REF-372909,59,0.2576
ENT-010447,WALLET,Uttar Pradesh,ENT-REF-620946,46,0.2717
ENT-010448,BENEFICIARY,Rajasthan,ENT-REF-341889,75,0.0136
ENT-010449,WALLET,Bihar,ENT-REF-617053,78,0.2287
ENT-010450,ACCOUNT,Karnataka,ENT-REF-488348,21,0.0698
ENT-010451,MERCHANT,Bihar,ENT-REF-482900,15,0.1834
ENT-010452,BENEFICIARY,Madhya Pradesh,ENT-REF-788943,18,0.0888
ENT-010453,DEVICE,Rajasthan,ENT-REF-828728,60,0.0462
ENT-010454,MERCHANT,Delhi,ENT-REF-601219,72,0.0953
ENT-010455,WALLET,Telangana,ENT-REF-700835,9,0.077
ENT-010456,ACCOUNT,Madhya Pradesh,ENT-REF-916763,18,0.2791
ENT-010457,BENEFICIARY,Bihar,ENT-REF-100654,25,0.1713
ENT-010458,ACCOUNT,Bihar,ENT-REF-624860,58,0.1018
ENT-010459,DEVICE,Karnataka,ENT-REF-494489,6,0.1197
ENT-010460,PHONE,Maharashtra,ENT-REF-715337,65,0.0694
ENT-010461,DEVICE,Karnataka,ENT-REF-419190,60,0.0282
ENT-010462,ACCOUNT,Karnataka,ENT-REF-951140,76,0.2558
ENT-010463,ACCOUNT,Bihar,ENT-REF-512015,23,0.211
ENT-010464,ACCOUNT,Rajasthan,ENT-REF-814934,49,0.3253
ENT-010465,PHONE,Uttar Pradesh,ENT-REF-361737,3,0.1007
ENT-010466,PHONE,Tamil Nadu,ENT-REF-810698,56,0.2064
ENT-010467,ACCOUNT,West Bengal,ENT-REF-489270,32,0.1745
ENT-010468,ACCOUNT,Tamil Nadu,ENT-REF-332563,52,0.1596
ENT-010469,ACCOUNT,Maharashtra,ENT-REF-736073,8,0.2228
ENT-010470,ACCOUNT,Rajasthan,ENT-REF-864247,15,0.0823
ENT-010471,WALLET,Telangana,ENT-REF-245012,76,0.2075
ENT-010472,ACCOUNT,Madhya Pradesh,ENT-REF-274358,42,0.1546
ENT-010473,ACCOUNT,Delhi,ENT-REF-593080,39,0.0378
ENT-010474,DEVICE,Bihar,ENT-REF-486677,77,0.0515
ENT-010475,ACCOUNT,Rajasthan,ENT-REF-792840,67,0.0865
ENT-010476,ACCOUNT,Telangana,ENT-REF-366887,52,0.1175
ENT-010477,BENEFICIARY,Delhi,ENT-REF-456728,32,0.0696
ENT-010478,PHONE,Karnataka,ENT-REF-250966,28,0.1467
ENT-010479,ACCOUNT,Delhi,ENT-REF-483620,2,0.4077
ENT-010480,ACCOUNT,Telangana,ENT-REF-430111,46,0.1985
ENT-010481,PHONE,Bihar,ENT-REF-533802,57,0.058
ENT-010482,DEVICE,Telangana,ENT-REF-729752,64,0.3212
ENT-010483,PHONE,Maharashtra,ENT-REF-173390,10,0.4684
ENT-010484,ACCOUNT,Telangana,ENT-REF-174865,12,0.0735
ENT-010485,PHONE,Rajasthan,ENT-REF-614685,57,0.367
ENT-010486,ACCOUNT,Madhya Pradesh,ENT-REF-624526,57,0.065
ENT-010487,DEVICE,Karnataka,ENT-REF-974173,16,0.0932
ENT-010488,DEVICE,Maharashtra,ENT-REF-423951,11,0.0178
ENT-010489,BENEFICIARY,Bihar,ENT-REF-321828,13,0.3666
ENT-010490,WALLET,Karnataka,ENT-REF-446045,62,0.1447
ENT-010491,PHONE,Delhi,ENT-REF-121976,59,0.1629
ENT-010492,WALLET,Tamil Nadu,ENT-REF-955409,50,0.0795
ENT-010493,DEVICE,Rajasthan,ENT-REF-192628,4,0.01
ENT-010494,MERCHANT,Tamil Nadu,ENT-REF-425727,71,0.075
ENT-010495,PHONE,West Bengal,ENT-REF-538616,26,0.0288
ENT-010496,BENEFICIARY,Maharashtra,ENT-REF-321144,61,0.0259
ENT-010497,ACCOUNT,Telangana,ENT-REF-286667,74,0.2977
ENT-010498,BENEFICIARY,Madhya Pradesh,ENT-REF-993487,74,0.4361
ENT-010499,BENEFICIARY,Delhi,ENT-REF-391784,64,0.0404
ENT-010500,ACCOUNT,West Bengal,ENT-REF-293954,4,0.1356
ENT-010501,MERCHANT,Karnataka,ENT-REF-581166,7,0.0253
ENT-010502,BENEFICIARY,Madhya Pradesh,ENT-REF-405107,57,0.0475
ENT-010503,PHONE,Karnataka,ENT-REF-806414,65,0.1144
ENT-010504,ACCOUNT,West Bengal,ENT-REF-506245,12,0.0947
ENT-010505,DEVICE,Uttar Pradesh,ENT-REF-384619,42,0.0784
ENT-010506,DEVICE,Karnataka,ENT-REF-553258,30,0.1192
ENT-010507,MERCHANT,Madhya Pradesh,ENT-REF-225907,64,0.2575
ENT-010508,ACCOUNT,Maharashtra,ENT-REF-169752,30,0.226
ENT-010509,DEVICE,Karnataka,ENT-REF-329973,62,0.1716
ENT-010510,BENEFICIARY,Delhi,ENT-REF-399458,18,0.3758
ENT-010511,MERCHANT,Maharashtra,ENT-REF-469401,32,0.2981
ENT-010512,ACCOUNT,Rajasthan,ENT-REF-106794,13,0.1773
ENT-010513,ACCOUNT,Delhi,ENT-REF-401226,29,0.1917
ENT-010514,MERCHANT,West Bengal,ENT-REF-107745,14,0.4217
ENT-010515,ACCOUNT,Tamil Nadu,ENT-REF-327700,71,0.4557
ENT-010516,ACCOUNT,Telangana,ENT-REF-675858,32,0.3281
ENT-010517,MERCHANT,Uttar Pradesh,ENT-REF-171130,30,0.2114
ENT-010518,ACCOUNT,Maharashtra,ENT-REF-620059,5,0.125
ENT-010519,BENEFICIARY,Rajasthan,ENT-REF-899231,44,0.2714
ENT-010520,DEVICE,Maharashtra,ENT-REF-809742,45,0.1168
ENT-010521,DEVICE,Delhi,ENT-REF-241914,15,0.1911
ENT-010522,PHONE,West Bengal,ENT-REF-941258,38,0.1848
ENT-010523,BENEFICIARY,Bihar,ENT-REF-276741,2,0.2389
ENT-010524,ACCOUNT,West Bengal,ENT-REF-166550,24,0.0728
ENT-010525,WALLET,Tamil Nadu,ENT-REF-592935,42,0.0512
ENT-010526,ACCOUNT,Madhya Pradesh,ENT-REF-293364,29,0.1099
ENT-010527,MERCHANT,Rajasthan,ENT-REF-937573,70,0.1417
ENT-010528,ACCOUNT,Tamil Nadu,ENT-REF-943886,23,0.0893
ENT-010529,PHONE,Bihar,ENT-REF-923189,46,0.0512
ENT-010530,WALLET,West Bengal,ENT-REF-691040,72,0.0585
ENT-010531,WALLET,Madhya Pradesh,ENT-REF-712326,10,0.1914
ENT-010532,BENEFICIARY,Madhya Pradesh,ENT-REF-513439,5,0.0762
ENT-010533,PHONE,Karnataka,ENT-REF-520720,74,0.122
ENT-010534,MERCHANT,Tamil Nadu,ENT-REF-900278,47,0.1044
ENT-010535,PHONE,Madhya Pradesh,ENT-REF-440538,68,0.0736
ENT-010536,PHONE,Madhya Pradesh,ENT-REF-301339,76,0.0586
ENT-010537,BENEFICIARY,Tamil Nadu,ENT-REF-636087,25,0.5919
ENT-010538,PHONE,Tamil Nadu,ENT-REF-663957,6,0.3335
ENT-010539,PHONE,Maharashtra,ENT-REF-229306,46,0.5306
ENT-010540,ACCOUNT,Tamil Nadu,ENT-REF-779933,46,0.0618
ENT-010541,MERCHANT,Telangana,ENT-REF-979502,66,0.0811
ENT-010542,ACCOUNT,Rajasthan,ENT-REF-314990,8,0.4817
ENT-010543,PHONE,Maharashtra,ENT-REF-250786,18,0.2118
ENT-010544,ACCOUNT,Madhya Pradesh,ENT-REF-301637,53,0.1348
ENT-010545,BENEFICIARY,West Bengal,ENT-REF-402541,38,0.0663
ENT-010546,MERCHANT,Maharashtra,ENT-REF-153742,35,0.2188
ENT-010547,DEVICE,Maharashtra,ENT-REF-388475,47,0.1004
ENT-010548,PHONE,Delhi,ENT-REF-646008,63,0.2842
ENT-010549,ACCOUNT,Delhi,ENT-REF-961171,6,0.086
ENT-010550,BENEFICIARY,Karnataka,ENT-REF-240815,68,0.2395
ENT-010551,ACCOUNT,Tamil Nadu,ENT-REF-996595,6,0.0169
ENT-010552,ACCOUNT,Madhya Pradesh,ENT-REF-628794,76,0.0479
ENT-010553,PHONE,Telangana,ENT-REF-643911,65,0.0589
ENT-010554,DEVICE,Maharashtra,ENT-REF-487041,1,0.1985
ENT-010555,MERCHANT,Karnataka,ENT-REF-416858,36,0.0835
ENT-010556,ACCOUNT,Tamil Nadu,ENT-REF-524413,79,0.3132
ENT-010557,PHONE,Karnataka,ENT-REF-968593,13,0.2472
ENT-010558,PHONE,Maharashtra,ENT-REF-104783,43,0.1436
ENT-010559,DEVICE,Maharashtra,ENT-REF-311200,3,0.2162
ENT-010560,PHONE,Maharashtra,ENT-REF-558622,67,0.151
ENT-010561,MERCHANT,Bihar,ENT-REF-146087,35,0.1329
ENT-010562,PHONE,West Bengal,ENT-REF-384297,28,0.051
ENT-010563,DEVICE,Madhya Pradesh,ENT-REF-877703,14,0.139
ENT-010564,BENEFICIARY,Delhi,ENT-REF-921578,18,0.2126
ENT-010565,ACCOUNT,Bihar,ENT-REF-446253,22,0.3738
ENT-010566,ACCOUNT,Uttar Pradesh,ENT-REF-295653,78,0.2108
ENT-010567,DEVICE,Delhi,ENT-REF-193907,48,0.0416
ENT-010568,ACCOUNT,Delhi,ENT-REF-646992,25,0.3931
ENT-010569,BENEFICIARY,Tamil Nadu,ENT-REF-492161,19,0.1528
ENT-010570,ACCOUNT,Delhi,ENT-REF-900679,16,0.0591
ENT-010571,MERCHANT,Madhya Pradesh,ENT-REF-159029,1,0.0474
ENT-010572,DEVICE,Karnataka,ENT-REF-417179,54,0.1113
ENT-010573,ACCOUNT,Karnataka,ENT-REF-967827,34,0.1514
ENT-010574,ACCOUNT,West Bengal,ENT-REF-843817,79,0.2052
ENT-010575,MERCHANT,Delhi,ENT-REF-631744,32,0.2318
ENT-010576,ACCOUNT,Tamil Nadu,ENT-REF-822746,3,0.2644
ENT-010577,ACCOUNT,Tamil Nadu,ENT-REF-647456,78,0.1312
ENT-010578,ACCOUNT,Karnataka,ENT-REF-397063,23,0.2226
ENT-010579,BENEFICIARY,Karnataka,ENT-REF-790589,7,0.318
ENT-010580,BENEFICIARY,Uttar Pradesh,ENT-REF-835323,70,0.1086
ENT-010581,DEVICE,Bihar,ENT-REF-710789,30,0.0662
ENT-010582,WALLET,Karnataka,ENT-REF-771701,9,0.2803
ENT-010583,ACCOUNT,Bihar,ENT-REF-426940,2,0.2138
ENT-010584,DEVICE,Tamil Nadu,ENT-REF-451175,23,0.084
ENT-010585,ACCOUNT,Tamil Nadu,ENT-REF-103420,18,0.2448
ENT-010586,WALLET,West Bengal,ENT-REF-771440,67,0.2158
ENT-010587,PHONE,West Bengal,ENT-REF-560548,38,0.0517
ENT-010588,ACCOUNT,Karnataka,ENT-REF-780588,1,0.1554
ENT-010589,ACCOUNT,Tamil Nadu,ENT-REF-191713,28,0.1963
ENT-010590,PHONE,Karnataka,ENT-REF-613878,37,0.1228
ENT-010591,DEVICE,Delhi,ENT-REF-471657,33,0.2155
ENT-010592,BENEFICIARY,Delhi,ENT-REF-409273,24,0.1315
ENT-010593,PHONE,West Bengal,ENT-REF-470401,13,0.0759
ENT-010594,ACCOUNT,West Bengal,ENT-REF-370464,51,0.1708
ENT-010595,ACCOUNT,Uttar Pradesh,ENT-REF-795372,45,0.0078
ENT-010596,PHONE,West Bengal,ENT-REF-527760,34,0.0539
ENT-010597,WALLET,Tamil Nadu,ENT-REF-503897,16,0.3266
ENT-010598,PHONE,Rajasthan,ENT-REF-581493,73,0.2082
ENT-010599,MERCHANT,Bihar,ENT-REF-284791,62,0.2905
ENT-010600,BENEFICIARY,Madhya Pradesh,ENT-REF-155387,59,0.0643
ENT-010601,WALLET,Karnataka,ENT-REF-465211,21,0.0924
ENT-010602,WALLET,Madhya Pradesh,ENT-REF-763442,74,0.277
ENT-010603,WALLET,Karnataka,ENT-REF-893193,43,0.0902
ENT-010604,PHONE,Bihar,ENT-REF-298335,26,0.0657
ENT-010605,PHONE,Bihar,ENT-REF-772059,29,0.1642
ENT-010606,ACCOUNT,Uttar Pradesh,ENT-REF-723881,72,0.0293
ENT-010607,PHONE,Tamil Nadu,ENT-REF-745167,9,0.0356
ENT-010608,BENEFICIARY,Maharashtra,ENT-REF-968466,43,0.0297
ENT-010609,ACCOUNT,Maharashtra,ENT-REF-105381,40,0.0116
ENT-010610,ACCOUNT,Rajasthan,ENT-REF-867793,3,0.054
ENT-010611,ACCOUNT,Madhya Pradesh,ENT-REF-563940,70,0.4544
ENT-010612,BENEFICIARY,Madhya Pradesh,ENT-REF-343947,31,0.2547
ENT-010613,MERCHANT,Tamil Nadu,ENT-REF-961178,27,0.1746
ENT-010614,DEVICE,Madhya Pradesh,ENT-REF-149695,6,0.0656
ENT-010615,PHONE,Delhi,ENT-REF-331863,57,0.3175
ENT-010616,ACCOUNT,Tamil Nadu,ENT-REF-651187,59,0.2988
ENT-010617,ACCOUNT,Bihar,ENT-REF-104381,37,0.0694
ENT-010618,ACCOUNT,Madhya Pradesh,ENT-REF-632784,51,0.1288
ENT-010619,WALLET,Madhya Pradesh,ENT-REF-826346,49,0.235
ENT-010620,ACCOUNT,Delhi,ENT-REF-156704,40,0.2101
ENT-010621,DEVICE,Madhya Pradesh,ENT-REF-703292,62,0.1174
ENT-010622,BENEFICIARY,Tamil Nadu,ENT-REF-285671,71,0.0498
ENT-010623,ACCOUNT,Tamil Nadu,ENT-REF-893596,35,0.1487
ENT-010624,BENEFICIARY,Uttar Pradesh,ENT-REF-867895,59,0.0238
ENT-010625,DEVICE,Rajasthan,ENT-REF-319253,48,0.1447
ENT-010626,ACCOUNT,Tamil Nadu,ENT-REF-412081,71,0.0111
ENT-010627,BENEFICIARY,West Bengal,ENT-REF-607377,69,0.055
ENT-010628,WALLET,Bihar,ENT-REF-174824,45,0.1637
ENT-010629,MERCHANT,Telangana,ENT-REF-221664,3,0.2443
ENT-010630,ACCOUNT,Rajasthan,ENT-REF-815877,20,0.2506
ENT-010631,DEVICE,Madhya Pradesh,ENT-REF-608987,63,0.2135
ENT-010632,DEVICE,Rajasthan,ENT-REF-441693,33,0.0862
ENT-010633,BENEFICIARY,Delhi,ENT-REF-155462,42,0.1209
ENT-010634,ACCOUNT,Madhya Pradesh,ENT-REF-554161,32,0.0495
ENT-010635,DEVICE,Rajasthan,ENT-REF-435885,61,0.2201
ENT-010636,WALLET,Telangana,ENT-REF-700708,5,0.1847
ENT-010637,PHONE,West Bengal,ENT-REF-212028,51,0.3549
ENT-010638,ACCOUNT,Bihar,ENT-REF-260581,3,0.3327
ENT-010639,WALLET,Telangana,ENT-REF-279530,78,0.1339
ENT-010640,ACCOUNT,Uttar Pradesh,ENT-REF-297575,49,0.1245
ENT-010641,PHONE,Rajasthan,ENT-REF-743193,2,0.3298
ENT-010642,ACCOUNT,Karnataka,ENT-REF-803383,11,0.2002
ENT-010643,MERCHANT,Telangana,ENT-REF-582305,9,0.2064
ENT-010644,PHONE,Telangana,ENT-REF-781631,48,0.0183
ENT-010645,DEVICE,Karnataka,ENT-REF-315819,73,0.0208
ENT-010646,BENEFICIARY,Tamil Nadu,ENT-REF-892254,18,0.4979
ENT-010647,DEVICE,Bihar,ENT-REF-752060,33,0.1692
ENT-010648,BENEFICIARY,Delhi,ENT-REF-365184,54,0.14
ENT-010649,ACCOUNT,Rajasthan,ENT-REF-578828,17,0.0599
ENT-010650,BENEFICIARY,Rajasthan,ENT-REF-494327,46,0.1614
ENT-010651,ACCOUNT,Bihar,ENT-REF-917515,63,0.373
ENT-010652,ACCOUNT,Bihar,ENT-REF-757011,71,0.0536
ENT-010653,ACCOUNT,Telangana,ENT-REF-522879,16,0.3033
ENT-010654,ACCOUNT,Karnataka,ENT-REF-306229,16,0.1652
ENT-010655,ACCOUNT,Rajasthan,ENT-REF-877019,53,0.1317
ENT-010656,BENEFICIARY,Maharashtra,ENT-REF-220870,31,0.1508
ENT-010657,ACCOUNT,Madhya Pradesh,ENT-REF-920667,27,0.1407
ENT-010658,ACCOUNT,Uttar Pradesh,ENT-REF-238899,37,0.0453
ENT-010659,BENEFICIARY,Uttar Pradesh,ENT-REF-664575,15,0.2308
ENT-010660,DEVICE,Telangana,ENT-REF-294315,43,0.506
ENT-010661,MERCHANT,West Bengal,ENT-REF-701381,42,0.0364
ENT-010662,WALLET,Telangana,ENT-REF-684804,66,0.1218
ENT-010663,WALLET,West Bengal,ENT-REF-680977,72,0.1221
ENT-010664,DEVICE,Karnataka,ENT-REF-531806,11,0.1904
ENT-010665,MERCHANT,Madhya Pradesh,ENT-REF-214933,75,0.3393
ENT-010666,DEVICE,Uttar Pradesh,ENT-REF-830193,6,0.2222
ENT-010667,WALLET,Karnataka,ENT-REF-702541,60,0.1787
ENT-010668,PHONE,Uttar Pradesh,ENT-REF-104992,43,0.1345
ENT-010669,ACCOUNT,Tamil Nadu,ENT-REF-910126,74,0.1187
ENT-010670,DEVICE,Maharashtra,ENT-REF-194207,46,0.1432
ENT-010671,PHONE,Madhya Pradesh,ENT-REF-131427,33,0.0243
ENT-010672,DEVICE,Uttar Pradesh,ENT-REF-490828,18,0.3139
ENT-010673,PHONE,Delhi,ENT-REF-671427,34,0.1172
ENT-010674,ACCOUNT,Delhi,ENT-REF-480015,51,0.1556
ENT-010675,BENEFICIARY,Rajasthan,ENT-REF-914168,44,0.0292
ENT-010676,MERCHANT,Telangana,ENT-REF-994557,47,0.087
ENT-010677,MERCHANT,Telangana,ENT-REF-885680,20,0.1074
ENT-010678,ACCOUNT,Karnataka,ENT-REF-874820,78,0.0925
ENT-010679,ACCOUNT,Bihar,ENT-REF-859157,41,0.1762
ENT-010680,PHONE,Madhya Pradesh,ENT-REF-641167,19,0.064
ENT-010681,DEVICE,Karnataka,ENT-REF-407452,39,0.1599
ENT-010682,PHONE,West Bengal,ENT-REF-753762,39,0.0454
ENT-010683,ACCOUNT,West Bengal,ENT-REF-483277,9,0.2203
ENT-010684,BENEFICIARY,Maharashtra,ENT-REF-742258,55,0.1483
ENT-010685,PHONE,Delhi,ENT-REF-119071,60,0.4496
ENT-010686,WALLET,Delhi,ENT-REF-343651,51,0.0652
ENT-010687,WALLET,Tamil Nadu,ENT-REF-148452,63,0.0195
ENT-010688,MERCHANT,Bihar,ENT-REF-617989,34,0.3042
ENT-010689,PHONE,West Bengal,ENT-REF-621129,66,0.0847
ENT-010690,BENEFICIARY,Telangana,ENT-REF-106136,38,0.0364
ENT-010691,MERCHANT,Delhi,ENT-REF-513429,51,0.0685
ENT-010692,ACCOUNT,Tamil Nadu,ENT-REF-478133,70,0.14
ENT-010693,PHONE,Tamil Nadu,ENT-REF-588843,78,0.3476
ENT-010694,ACCOUNT,Tamil Nadu,ENT-REF-478504,78,0.1183
ENT-010695,PHONE,Delhi,ENT-REF-390148,47,0.2366
ENT-010696,ACCOUNT,Bihar,ENT-REF-616368,69,0.0682
ENT-010697,BENEFICIARY,Karnataka,ENT-REF-737313,52,0.1509
ENT-010698,PHONE,Maharashtra,ENT-REF-629272,59,0.5518
ENT-010699,PHONE,Uttar Pradesh,ENT-REF-420815,61,0.1168
ENT-010700,DEVICE,Telangana,ENT-REF-834886,52,0.0143
ENT-010701,ACCOUNT,Rajasthan,ENT-REF-730024,66,0.0719
ENT-010702,DEVICE,West Bengal,ENT-REF-126560,19,0.2198
ENT-010703,DEVICE,Telangana,ENT-REF-898533,30,0.1438
ENT-010704,DEVICE,Uttar Pradesh,ENT-REF-923351,4,0.3256
ENT-010705,MERCHANT,Rajasthan,ENT-REF-268737,74,0.1451
ENT-010706,MERCHANT,Telangana,ENT-REF-974262,39,0.0015
ENT-010707,WALLET,West Bengal,ENT-REF-842391,22,0.2917
ENT-010708,PHONE,Uttar Pradesh,ENT-REF-648758,15,0.1269
ENT-010709,WALLET,Tamil Nadu,ENT-REF-635277,42,0.1224
ENT-010710,MERCHANT,Delhi,ENT-REF-356944,4,0.4858
ENT-010711,ACCOUNT,Tamil Nadu,ENT-REF-815733,66,0.2933
ENT-010712,PHONE,Rajasthan,ENT-REF-169351,44,0.1675
ENT-010713,MERCHANT,Maharashtra,ENT-REF-505746,74,0.2332
ENT-010714,MERCHANT,Rajasthan,ENT-REF-543035,12,0.2875
ENT-010715,ACCOUNT,West Bengal,ENT-REF-733637,19,0.1453
ENT-010716,PHONE,Bihar,ENT-REF-169163,16,0.1021
ENT-010717,ACCOUNT,Karnataka,ENT-REF-606146,42,0.2492
ENT-010718,PHONE,Rajasthan,ENT-REF-569723,55,0.2313
ENT-010719,PHONE,Tamil Nadu,ENT-REF-770886,74,0.1873
ENT-010720,BENEFICIARY,Telangana,ENT-REF-107714,73,0.2445
ENT-010721,ACCOUNT,West Bengal,ENT-REF-803366,77,0.2309
ENT-010722,ACCOUNT,Bihar,ENT-REF-262627,26,0.1686
ENT-010723,ACCOUNT,Karnataka,ENT-REF-741035,55,0.483
ENT-010724,PHONE,Tamil Nadu,ENT-REF-815196,69,0.1286
ENT-010725,DEVICE,Madhya Pradesh,ENT-REF-641681,45,0.1159
ENT-010726,BENEFICIARY,Maharashtra,ENT-REF-572666,37,0.2437
ENT-010727,PHONE,Maharashtra,ENT-REF-247808,49,0.2719
ENT-010728,WALLET,Madhya Pradesh,ENT-REF-178348,71,0.1003
ENT-010729,MERCHANT,Maharashtra,ENT-REF-305078,62,0.1181
ENT-010730,MERCHANT,Madhya Pradesh,ENT-REF-425382,38,0.1226
ENT-010731,ACCOUNT,Delhi,ENT-REF-972226,79,0.143
ENT-010732,PHONE,Uttar Pradesh,ENT-REF-247270,74,0.174
ENT-010733,BENEFICIARY,Tamil Nadu,ENT-REF-401356,6,0.5251
ENT-010734,ACCOUNT,Telangana,ENT-REF-455298,30,0.0719
ENT-010735,ACCOUNT,Uttar Pradesh,ENT-REF-212197,6,0.4485
ENT-010736,ACCOUNT,Maharashtra,ENT-REF-434025,46,0.0851
ENT-010737,DEVICE,West Bengal,ENT-REF-417200,8,0.0481
ENT-010738,ACCOUNT,Maharashtra,ENT-REF-378134,28,0.2613
ENT-010739,ACCOUNT,West Bengal,ENT-REF-424033,8,0.0145
ENT-010740,DEVICE,Uttar Pradesh,ENT-REF-917291,19,0.0681
ENT-010741,ACCOUNT,Karnataka,ENT-REF-124587,19,0.1435
ENT-010742,PHONE,Tamil Nadu,ENT-REF-371521,60,0.2792
ENT-010743,ACCOUNT,West Bengal,ENT-REF-351076,79,0.2575
ENT-010744,PHONE,Tamil Nadu,ENT-REF-555299,45,0.298
ENT-010745,DEVICE,Tamil Nadu,ENT-REF-818683,28,0.079
ENT-010746,BENEFICIARY,Karnataka,ENT-REF-227792,21,0.3026
ENT-010747,MERCHANT,Bihar,ENT-REF-560154,6,0.1341
ENT-010748,PHONE,Delhi,ENT-REF-981538,39,0.1952
ENT-010749,PHONE,Delhi,ENT-REF-809790,52,0.0411
ENT-010750,BENEFICIARY,Madhya Pradesh,ENT-REF-110101,56,0.111
ENT-010751,MERCHANT,Madhya Pradesh,ENT-REF-344100,76,0.1555
ENT-010752,DEVICE,Rajasthan,ENT-REF-498296,2,0.0064
ENT-010753,MERCHANT,Maharashtra,ENT-REF-502235,50,0.0201
ENT-010754,BENEFICIARY,Delhi,ENT-REF-410987,73,0.1706
ENT-010755,WALLET,Uttar Pradesh,ENT-REF-316427,77,0.0988
ENT-010756,MERCHANT,Rajasthan,ENT-REF-926667,71,0.1128
ENT-010757,ACCOUNT,Karnataka,ENT-REF-799832,28,0.044
ENT-010758,BENEFICIARY,Bihar,ENT-REF-610097,40,0.3298
ENT-010759,BENEFICIARY,Karnataka,ENT-REF-243781,57,0.3245
ENT-010760,WALLET,Madhya Pradesh,ENT-REF-813522,15,0.0513
ENT-010761,WALLET,Tamil Nadu,ENT-REF-900258,43,0.2093
ENT-010762,DEVICE,Karnataka,ENT-REF-563990,36,0.072
ENT-010763,PHONE,Telangana,ENT-REF-209352,31,0.0707
ENT-010764,MERCHANT,Delhi,ENT-REF-570219,75,0.102
ENT-010765,WALLET,Tamil Nadu,ENT-REF-599038,67,0.2682
ENT-010766,DEVICE,Telangana,ENT-REF-173411,76,0.1053
ENT-010767,DEVICE,Telangana,ENT-REF-256899,54,0.1262
ENT-010768,ACCOUNT,Madhya Pradesh,ENT-REF-793959,3,0.0236
ENT-010769,ACCOUNT,Uttar Pradesh,ENT-REF-210046,29,0.0801
ENT-010770,ACCOUNT,Madhya Pradesh,ENT-REF-552986,50,0.391
ENT-010771,ACCOUNT,Karnataka,ENT-REF-800306,15,0.4109
ENT-010772,BENEFICIARY,Telangana,ENT-REF-308554,61,0.0804
ENT-010773,DEVICE,Delhi,ENT-REF-637831,67,0.3441
ENT-010774,DEVICE,Karnataka,ENT-REF-453521,3,0.1692
ENT-010775,DEVICE,Bihar,ENT-REF-545376,33,0.114
ENT-010776,ACCOUNT,Bihar,ENT-REF-610731,74,0.0859
ENT-010777,ACCOUNT,Maharashtra,ENT-REF-191368,72,0.1289
ENT-010778,DEVICE,Rajasthan,ENT-REF-359453,47,0.0693
ENT-010779,ACCOUNT,Madhya Pradesh,ENT-REF-748558,34,0.0651
ENT-010780,DEVICE,Bihar,ENT-REF-939935,34,0.0545
ENT-010781,WALLET,Delhi,ENT-REF-354009,3,0.2024
ENT-010782,MERCHANT,Madhya Pradesh,ENT-REF-891480,74,0.2762
ENT-010783,PHONE,Uttar Pradesh,ENT-REF-993453,52,0.1541
ENT-010784,DEVICE,West Bengal,ENT-REF-705119,78,0.1553
ENT-010785,DEVICE,Delhi,ENT-REF-553472,42,0.0203
ENT-010786,DEVICE,Madhya Pradesh,ENT-REF-478142,39,0.2168
ENT-010787,WALLET,Rajasthan,ENT-REF-678040,11,0.0664
ENT-010788,DEVICE,Maharashtra,ENT-REF-464259,79,0.3381
ENT-010789,ACCOUNT,Delhi,ENT-REF-536660,57,0.2719
ENT-010790,DEVICE,Delhi,ENT-REF-283707,2,0.0147
ENT-010791,MERCHANT,Karnataka,ENT-REF-253151,37,0.2398
ENT-010792,BENEFICIARY,Tamil Nadu,ENT-REF-237138,76,0.1417
ENT-010793,MERCHANT,Bihar,ENT-REF-661240,75,0.0124
ENT-010794,BENEFICIARY,Madhya Pradesh,ENT-REF-507309,64,0.1174
ENT-010795,PHONE,Telangana,ENT-REF-571283,74,0.0228
ENT-010796,ACCOUNT,Uttar Pradesh,ENT-REF-469279,7,0.0465
ENT-010797,ACCOUNT,West Bengal,ENT-REF-593023,17,0.1204
ENT-010798,ACCOUNT,Tamil Nadu,ENT-REF-885158,30,0.2458
ENT-010799,DEVICE,Karnataka,ENT-REF-849959,62,0.097
ENT-010800,PHONE,Madhya Pradesh,ENT-REF-259423,2,0.0113
ENT-010801,DEVICE,Tamil Nadu,ENT-REF-653378,8,0.2372
ENT-010802,DEVICE,Telangana,ENT-REF-395140,46,0.2029
ENT-010803,ACCOUNT,Delhi,ENT-REF-853855,1,0.2719
ENT-010804,ACCOUNT,Madhya Pradesh,ENT-REF-107754,66,0.1873
ENT-010805,ACCOUNT,Bihar,ENT-REF-342665,30,0.4097
ENT-010806,BENEFICIARY,Delhi,ENT-REF-903699,52,0.1784
ENT-010807,ACCOUNT,Madhya Pradesh,ENT-REF-274479,56,0.3203
ENT-010808,PHONE,Madhya Pradesh,ENT-REF-256521,30,0.1811
ENT-010809,MERCHANT,Telangana,ENT-REF-890351,76,0.3076
ENT-010810,DEVICE,Maharashtra,ENT-REF-530425,74,0.107
ENT-010811,WALLET,Tamil Nadu,ENT-REF-820605,6,0.0134
ENT-010812,MERCHANT,Tamil Nadu,ENT-REF-929549,40,0.0703
ENT-010813,PHONE,Madhya Pradesh,ENT-REF-784813,47,0.0772
ENT-010814,ACCOUNT,Tamil Nadu,ENT-REF-327164,20,0.3852
ENT-010815,PHONE,Telangana,ENT-REF-725496,67,0.3061
ENT-010816,BENEFICIARY,West Bengal,ENT-REF-753901,72,0.1116
ENT-010817,BENEFICIARY,Delhi,ENT-REF-384693,7,0.017
ENT-010818,ACCOUNT,Maharashtra,ENT-REF-831295,7,0.0629
ENT-010819,PHONE,Maharashtra,ENT-REF-123391,59,0.3121
ENT-010820,ACCOUNT,West Bengal,ENT-REF-679111,14,0.4568
ENT-010821,ACCOUNT,Karnataka,ENT-REF-517647,19,0.0525
ENT-010822,ACCOUNT,Delhi,ENT-REF-903753,66,0.078
ENT-010823,PHONE,Tamil Nadu,ENT-REF-762779,77,0.1321
ENT-010824,ACCOUNT,Rajasthan,ENT-REF-891475,63,0.2376
ENT-010825,BENEFICIARY,Bihar,ENT-REF-353771,75,0.0158
ENT-010826,WALLET,Telangana,ENT-REF-518132,11,0.1289
ENT-010827,MERCHANT,Madhya Pradesh,ENT-REF-907265,74,0.2348
ENT-010828,ACCOUNT,Telangana,ENT-REF-510101,65,0.3059
ENT-010829,ACCOUNT,Karnataka,ENT-REF-248626,26,0.246
ENT-010830,WALLET,West Bengal,ENT-REF-465818,24,0.5261
ENT-010831,WALLET,Telangana,ENT-REF-397539,3,0.0829
ENT-010832,ACCOUNT,West Bengal,ENT-REF-552751,5,0.1804
ENT-010833,ACCOUNT,Karnataka,ENT-REF-898718,16,0.0693
ENT-010834,WALLET,Maharashtra,ENT-REF-698305,78,0.0204
ENT-010835,ACCOUNT,Tamil Nadu,ENT-REF-101895,63,0.0385
ENT-010836,DEVICE,Karnataka,ENT-REF-844405,23,0.1301
ENT-010837,WALLET,Maharashtra,ENT-REF-215888,3,0.4383
ENT-010838,WALLET,Rajasthan,ENT-REF-596874,41,0.2477
ENT-010839,MERCHANT,Tamil Nadu,ENT-REF-691117,78,0.0678
ENT-010840,ACCOUNT,Madhya Pradesh,ENT-REF-454321,22,0.0781
ENT-010841,ACCOUNT,Bihar,ENT-REF-100062,24,0.2453
ENT-010842,WALLET,Telangana,ENT-REF-934934,59,0.0403
ENT-010843,DEVICE,Rajasthan,ENT-REF-472804,52,0.0724
ENT-010844,ACCOUNT,Karnataka,ENT-REF-399169,47,0.149
ENT-010845,MERCHANT,Madhya Pradesh,ENT-REF-846172,10,0.1289
ENT-010846,ACCOUNT,Maharashtra,ENT-REF-735749,73,0.0349
ENT-010847,BENEFICIARY,Bihar,ENT-REF-883665,39,0.2202
ENT-010848,ACCOUNT,Delhi,ENT-REF-785205,78,0.1836
ENT-010849,DEVICE,Uttar Pradesh,ENT-REF-535884,42,0.4014
ENT-010850,BENEFICIARY,West Bengal,ENT-REF-966370,11,0.0766
ENT-010851,ACCOUNT,Karnataka,ENT-REF-268758,19,0.4011
ENT-010852,ACCOUNT,Rajasthan,ENT-REF-371659,35,0.205
ENT-010853,DEVICE,Delhi,ENT-REF-869712,10,0.1514
ENT-010854,PHONE,Madhya Pradesh,ENT-REF-332323,16,0.3313
ENT-010855,BENEFICIARY,Madhya Pradesh,ENT-REF-269621,60,0.0895
ENT-010856,PHONE,Uttar Pradesh,ENT-REF-252650,31,0.3456
ENT-010857,WALLET,Rajasthan,ENT-REF-950234,44,0.3319
ENT-010858,BENEFICIARY,West Bengal,ENT-REF-671744,2,0.0117
ENT-010859,ACCOUNT,Uttar Pradesh,ENT-REF-853913,20,0.2768
ENT-010860,ACCOUNT,Bihar,ENT-REF-141737,9,0.018
ENT-010861,ACCOUNT,Maharashtra,ENT-REF-791269,56,0.026
ENT-010862,DEVICE,Telangana,ENT-REF-140355,57,0.2428
ENT-010863,MERCHANT,Delhi,ENT-REF-582211,3,0.325
ENT-010864,WALLET,Delhi,ENT-REF-997182,32,0.1573
ENT-010865,WALLET,Karnataka,ENT-REF-999671,79,0.2379
ENT-010866,PHONE,Karnataka,ENT-REF-953474,70,0.1831
ENT-010867,BENEFICIARY,Uttar Pradesh,ENT-REF-225960,57,0.2622
ENT-010868,BENEFICIARY,Maharashtra,ENT-REF-324701,12,0.2031
ENT-010869,BENEFICIARY,Tamil Nadu,ENT-REF-888683,69,0.0501
ENT-010870,DEVICE,Karnataka,ENT-REF-422365,53,0.3327
ENT-010871,ACCOUNT,Tamil Nadu,ENT-REF-490981,58,0.1898
ENT-010872,BENEFICIARY,Maharashtra,ENT-REF-662946,10,0.1062
ENT-010873,ACCOUNT,Rajasthan,ENT-REF-713662,63,0.3448
ENT-010874,ACCOUNT,Telangana,ENT-REF-997577,49,0.3982
ENT-010875,BENEFICIARY,Tamil Nadu,ENT-REF-632898,67,0.2146
ENT-010876,DEVICE,Maharashtra,ENT-REF-756050,54,0.1652
ENT-010877,DEVICE,Bihar,ENT-REF-446375,64,0.1883
ENT-010878,PHONE,Madhya Pradesh,ENT-REF-790250,1,0.1497
ENT-010879,BENEFICIARY,Tamil Nadu,ENT-REF-195850,47,0.2152
ENT-010880,DEVICE,West Bengal,ENT-REF-720848,61,0.2892
ENT-010881,PHONE,Madhya Pradesh,ENT-REF-489471,7,0.2427
ENT-010882,ACCOUNT,Tamil Nadu,ENT-REF-845172,1,0.1222
ENT-010883,PHONE,Maharashtra,ENT-REF-774003,23,0.0103
ENT-010884,PHONE,Tamil Nadu,ENT-REF-420085,65,0.1855
ENT-010885,BENEFICIARY,Telangana,ENT-REF-479631,46,0.0024
ENT-010886,BENEFICIARY,Rajasthan,ENT-REF-655117,1,0.3135
ENT-010887,ACCOUNT,Telangana,ENT-REF-168539,51,0.049
ENT-010888,BENEFICIARY,Karnataka,ENT-REF-275639,2,0.2314
ENT-010889,ACCOUNT,Karnataka,ENT-REF-596165,6,0.2202
ENT-010890,PHONE,Bihar,ENT-REF-310578,75,0.0074
ENT-010891,ACCOUNT,Maharashtra,ENT-REF-852344,22,0.0957
ENT-010892,PHONE,West Bengal,ENT-REF-943866,23,0.0584
ENT-010893,PHONE,Bihar,ENT-REF-909874,5,0.0659
ENT-010894,ACCOUNT,Bihar,ENT-REF-268474,37,0.2726
ENT-010895,DEVICE,Uttar Pradesh,ENT-REF-360267,45,0.177
ENT-010896,DEVICE,Madhya Pradesh,ENT-REF-536467,3,0.0434
ENT-010897,ACCOUNT,Maharashtra,ENT-REF-245046,65,0.0272
ENT-010898,PHONE,West Bengal,ENT-REF-426980,59,0.1141
ENT-010899,DEVICE,Maharashtra,ENT-REF-135677,19,0.1134
ENT-010900,PHONE,Delhi,ENT-REF-372511,71,0.3719
ENT-010901,BENEFICIARY,Bihar,ENT-REF-427778,3,0.3556
ENT-010902,MERCHANT,Rajasthan,ENT-REF-207184,24,0.238
ENT-010903,PHONE,Uttar Pradesh,ENT-REF-478767,19,0.1985
ENT-010904,DEVICE,Maharashtra,ENT-REF-998923,39,0.2981
ENT-010905,BENEFICIARY,Maharashtra,ENT-REF-288456,53,0.0682
ENT-010906,WALLET,Bihar,ENT-REF-187336,34,0.0621
ENT-010907,PHONE,West Bengal,ENT-REF-278118,6,0.0825
ENT-010908,ACCOUNT,West Bengal,ENT-REF-171398,6,0.2978
ENT-010909,BENEFICIARY,Telangana,ENT-REF-115163,36,0.0112
ENT-010910,WALLET,Karnataka,ENT-REF-198227,70,0.166
ENT-010911,DEVICE,Rajasthan,ENT-REF-285907,8,0.1605
ENT-010912,MERCHANT,Delhi,ENT-REF-300414,68,0.2048
ENT-010913,MERCHANT,Rajasthan,ENT-REF-418794,67,0.1726
ENT-010914,MERCHANT,Uttar Pradesh,ENT-REF-569880,11,0.2179
ENT-010915,PHONE,Karnataka,ENT-REF-272945,49,0.1646
ENT-010916,PHONE,Delhi,ENT-REF-553687,12,0.1173
ENT-010917,DEVICE,Telangana,ENT-REF-516348,41,0.1018
ENT-010918,WALLET,Uttar Pradesh,ENT-REF-771429,61,0.1566
ENT-010919,PHONE,Tamil Nadu,ENT-REF-370895,5,0.1305
ENT-010920,PHONE,Karnataka,ENT-REF-296641,16,0.258
ENT-010921,PHONE,Delhi,ENT-REF-620737,33,0.4208
ENT-010922,PHONE,Delhi,ENT-REF-363473,73,0.4218
ENT-010923,ACCOUNT,Delhi,ENT-REF-467707,3,0.096
ENT-010924,ACCOUNT,Telangana,ENT-REF-287198,62,0.3581
ENT-010925,ACCOUNT,Rajasthan,ENT-REF-560605,78,0.0337
ENT-010926,PHONE,Bihar,ENT-REF-286088,68,0.0884
ENT-010927,DEVICE,Telangana,ENT-REF-744301,29,0.3318
ENT-010928,PHONE,Rajasthan,ENT-REF-432651,15,0.019
ENT-010929,ACCOUNT,Uttar Pradesh,ENT-REF-532610,56,0.1718
ENT-010930,ACCOUNT,Madhya Pradesh,ENT-REF-820032,60,0.2289
ENT-010931,BENEFICIARY,Delhi,ENT-REF-467751,2,0.2512
ENT-010932,ACCOUNT,Uttar Pradesh,ENT-REF-576562,71,0.0471
ENT-010933,PHONE,Delhi,ENT-REF-718942,15,0.3598
ENT-010934,DEVICE,Delhi,ENT-REF-808718,35,0.1167
ENT-010935,ACCOUNT,Rajasthan,ENT-REF-907470,58,0.063
ENT-010936,MERCHANT,Madhya Pradesh,ENT-REF-191424,66,0.1956
ENT-010937,ACCOUNT,Delhi,ENT-REF-265541,78,0.1836
ENT-010938,WALLET,Maharashtra,ENT-REF-737336,33,0.0385
ENT-010939,WALLET,Rajasthan,ENT-REF-303422,55,0.3351
ENT-010940,WALLET,Madhya Pradesh,ENT-REF-612591,62,0.3931
ENT-010941,DEVICE,Telangana,ENT-REF-716320,28,0.2114
ENT-010942,MERCHANT,West Bengal,ENT-REF-228428,40,0.0518
ENT-010943,ACCOUNT,Rajasthan,ENT-REF-573192,29,0.3794
ENT-010944,DEVICE,Uttar Pradesh,ENT-REF-566157,32,0.2183
ENT-010945,DEVICE,Rajasthan,ENT-REF-880342,3,0.0992
ENT-010946,MERCHANT,Delhi,ENT-REF-471044,37,0.1801
ENT-010947,DEVICE,Uttar Pradesh,ENT-REF-327659,67,0.1357
ENT-010948,DEVICE,Telangana,ENT-REF-648101,49,0.0058
ENT-010949,MERCHANT,Uttar Pradesh,ENT-REF-226461,55,0.0795
ENT-010950,BENEFICIARY,Tamil Nadu,ENT-REF-875131,1,0.0576
ENT-010951,ACCOUNT,Delhi,ENT-REF-258467,18,0.1357
ENT-010952,ACCOUNT,Uttar Pradesh,ENT-REF-511350,63,0.0884
ENT-010953,PHONE,Uttar Pradesh,ENT-REF-209089,23,0.0261
ENT-010954,WALLET,West Bengal,ENT-REF-509683,4,0.1747
ENT-010955,DEVICE,Delhi,ENT-REF-397656,60,0.2841
ENT-010956,BENEFICIARY,Madhya Pradesh,ENT-REF-346742,64,0.1551
ENT-010957,MERCHANT,Maharashtra,ENT-REF-512294,71,0.2784
ENT-010958,DEVICE,Karnataka,ENT-REF-247190,78,0.0888
ENT-010959,DEVICE,Madhya Pradesh,ENT-REF-440320,15,0.2726
ENT-010960,ACCOUNT,Delhi,ENT-REF-670178,70,0.1793
ENT-010961,BENEFICIARY,Karnataka,ENT-REF-899144,65,0.0523
ENT-010962,BENEFICIARY,West Bengal,ENT-REF-641663,74,0.1667
ENT-010963,PHONE,Madhya Pradesh,ENT-REF-242524,44,0.117
ENT-010964,PHONE,Uttar Pradesh,ENT-REF-370814,77,0.124
ENT-010965,PHONE,Delhi,ENT-REF-465097,62,0.1997
ENT-010966,BENEFICIARY,Karnataka,ENT-REF-677485,75,0.2492
ENT-010967,BENEFICIARY,Maharashtra,ENT-REF-574831,6,0.4437
ENT-010968,BENEFICIARY,West Bengal,ENT-REF-783370,67,0.1642
ENT-010969,ACCOUNT,Maharashtra,ENT-REF-279610,62,0.0432
ENT-010970,ACCOUNT,West Bengal,ENT-REF-116623,45,0.0288
ENT-010971,ACCOUNT,Tamil Nadu,ENT-REF-958465,3,0.1543
ENT-010972,ACCOUNT,Delhi,ENT-REF-236792,59,0.1568
ENT-010973,ACCOUNT,Madhya Pradesh,ENT-REF-866348,42,0.0107
ENT-010974,DEVICE,Karnataka,ENT-REF-507607,15,0.0765
ENT-010975,DEVICE,Delhi,ENT-REF-719018,71,0.0466
ENT-010976,WALLET,Rajasthan,ENT-REF-269598,32,0.0127
ENT-010977,WALLET,Maharashtra,ENT-REF-852557,1,0.0213
ENT-010978,ACCOUNT,West Bengal,ENT-REF-254525,5,0.1775
ENT-010979,DEVICE,Delhi,ENT-REF-469433,47,0.1964
ENT-010980,PHONE,Uttar Pradesh,ENT-REF-853855,19,0.1538
ENT-010981,ACCOUNT,Karnataka,ENT-REF-243175,54,0.181
ENT-010982,ACCOUNT,Madhya Pradesh,ENT-REF-816644,10,0.069
ENT-010983,WALLET,Bihar,ENT-REF-933891,76,0.4294
ENT-010984,ACCOUNT,Maharashtra,ENT-REF-976842,36,0.422
ENT-010985,ACCOUNT,Bihar,ENT-REF-888700,27,0.4148
ENT-010986,PHONE,Maharashtra,ENT-REF-921775,18,0.59
ENT-010987,ACCOUNT,Maharashtra,ENT-REF-595929,70,0.0944
ENT-010988,DEVICE,Delhi,ENT-REF-182733,15,0.1865
ENT-010989,PHONE,West Bengal,ENT-REF-879544,69,0.0741
ENT-010990,PHONE,Bihar,ENT-REF-469953,72,0.1164
ENT-010991,ACCOUNT,Maharashtra,ENT-REF-687087,52,0.0971
ENT-010992,PHONE,Karnataka,ENT-REF-363718,52,0.2623
ENT-010993,PHONE,West Bengal,ENT-REF-968865,62,0.2442
ENT-010994,ACCOUNT,Telangana,ENT-REF-717394,64,0.0899
ENT-010995,BENEFICIARY,Karnataka,ENT-REF-140754,65,0.1559
ENT-010996,DEVICE,Bihar,ENT-REF-648960,10,0.2002
ENT-010997,ACCOUNT,West Bengal,ENT-REF-148582,44,0.0685
ENT-010998,PHONE,Bihar,ENT-REF-498834,43,0.1354
ENT-010999,PHONE,Karnataka,ENT-REF-949774,50,0.1252
ENT-011000,ACCOUNT,West Bengal,ENT-REF-155259,39,0.1184
ENT-011001,ACCOUNT,Telangana,ENT-REF-976385,41,0.5327
ENT-011002,BENEFICIARY,Rajasthan,ENT-REF-249243,45,0.3505
ENT-011003,MERCHANT,Karnataka,ENT-REF-794940,3,0.2398
ENT-011004,ACCOUNT,West Bengal,ENT-REF-828342,71,0.2867
ENT-011005,ACCOUNT,Karnataka,ENT-REF-840989,72,0.0043
ENT-011006,PHONE,Bihar,ENT-REF-249289,47,0.1026
ENT-011007,ACCOUNT,West Bengal,ENT-REF-641100,72,0.0347
ENT-011008,ACCOUNT,Bihar,ENT-REF-154676,31,0.2512
ENT-011009,ACCOUNT,Maharashtra,ENT-REF-753105,62,0.1145
ENT-011010,BENEFICIARY,Rajasthan,ENT-REF-952667,74,0.1054
ENT-011011,BENEFICIARY,Bihar,ENT-REF-469478,76,0.091
ENT-011012,ACCOUNT,Bihar,ENT-REF-771768,7,0.2397
ENT-011013,BENEFICIARY,West Bengal,ENT-REF-664132,18,0.5979
ENT-011014,ACCOUNT,Uttar Pradesh,ENT-REF-492159,31,0.245
ENT-011015,ACCOUNT,West Bengal,ENT-REF-317281,9,0.2976
ENT-011016,PHONE,Rajasthan,ENT-REF-252634,10,0.1179
ENT-011017,BENEFICIARY,Delhi,ENT-REF-770234,74,0.4657
ENT-011018,PHONE,Delhi,ENT-REF-903253,77,0.2022
ENT-011019,PHONE,Madhya Pradesh,ENT-REF-189886,20,0.033
ENT-011020,BENEFICIARY,Bihar,ENT-REF-277077,15,0.2498
ENT-011021,ACCOUNT,Rajasthan,ENT-REF-373461,64,0.1296
ENT-011022,PHONE,Tamil Nadu,ENT-REF-492941,5,0.1005
ENT-011023,ACCOUNT,Uttar Pradesh,ENT-REF-834942,16,0.0928
ENT-011024,ACCOUNT,Karnataka,ENT-REF-256786,66,0.1105
ENT-011025,ACCOUNT,Karnataka,ENT-REF-242460,22,0.4759
ENT-011026,DEVICE,Rajasthan,ENT-REF-853757,74,0.4339
ENT-011027,BENEFICIARY,Bihar,ENT-REF-669873,15,0.2999
ENT-011028,ACCOUNT,Uttar Pradesh,ENT-REF-963800,30,0.1517
ENT-011029,WALLET,West Bengal,ENT-REF-665970,57,0.0751
ENT-011030,PHONE,Uttar Pradesh,ENT-REF-288660,13,0.0499
ENT-011031,WALLET,Madhya Pradesh,ENT-REF-130343,3,0.1767
ENT-011032,PHONE,Maharashtra,ENT-REF-843497,20,0.3886
ENT-011033,BENEFICIARY,Maharashtra,ENT-REF-724964,2,0.0678
ENT-011034,ACCOUNT,Karnataka,ENT-REF-785928,4,0.2785
ENT-011035,BENEFICIARY,Tamil Nadu,ENT-REF-272173,2,0.1874
ENT-011036,DEVICE,Karnataka,ENT-REF-613579,46,0.105
ENT-011037,PHONE,Tamil Nadu,ENT-REF-829212,77,0.4403
ENT-011038,PHONE,Bihar,ENT-REF-100677,41,0.0768
ENT-011039,ACCOUNT,Tamil Nadu,ENT-REF-258848,53,0.0737
ENT-011040,MERCHANT,Madhya Pradesh,ENT-REF-463183,31,0.008
ENT-011041,ACCOUNT,Madhya Pradesh,ENT-REF-827357,17,0.0739
ENT-011042,PHONE,Madhya Pradesh,ENT-REF-536233,55,0.0778
ENT-011043,MERCHANT,Delhi,ENT-REF-669984,18,0.1259
ENT-011044,ACCOUNT,Tamil Nadu,ENT-REF-624335,1,0.2434
ENT-011045,DEVICE,West Bengal,ENT-REF-322289,6,0.1012
ENT-011046,ACCOUNT,Bihar,ENT-REF-555276,21,0.3436
ENT-011047,ACCOUNT,Madhya Pradesh,ENT-REF-448406,24,0.0764
ENT-011048,ACCOUNT,Madhya Pradesh,ENT-REF-768526,78,0.3622
ENT-011049,DEVICE,Telangana,ENT-REF-243431,71,0.0568
ENT-011050,ACCOUNT,Telangana,ENT-REF-525831,52,0.1279
ENT-011051,PHONE,Maharashtra,ENT-REF-854159,65,0.1702
ENT-011052,ACCOUNT,Maharashtra,ENT-REF-964676,38,0.2585
ENT-011053,MERCHANT,Uttar Pradesh,ENT-REF-216530,56,0.3015
ENT-011054,MERCHANT,Uttar Pradesh,ENT-REF-855031,69,0.1952
ENT-011055,WALLET,Karnataka,ENT-REF-352685,32,0.1739
ENT-011056,ACCOUNT,Bihar,ENT-REF-266502,17,0.1396
ENT-011057,ACCOUNT,Tamil Nadu,ENT-REF-719548,20,0.204
ENT-011058,PHONE,Delhi,ENT-REF-197494,24,0.1709
ENT-011059,PHONE,Rajasthan,ENT-REF-667975,77,0.0081
ENT-011060,ACCOUNT,Madhya Pradesh,ENT-REF-344751,12,0.4553
ENT-011061,MERCHANT,West Bengal,ENT-REF-491646,31,0.0741
ENT-011062,PHONE,Tamil Nadu,ENT-REF-384175,22,0.0698
ENT-011063,PHONE,Delhi,ENT-REF-663267,32,0.0241
ENT-011064,BENEFICIARY,Madhya Pradesh,ENT-REF-534622,60,0.3083
ENT-011065,ACCOUNT,Karnataka,ENT-REF-464397,54,0.3337
ENT-011066,MERCHANT,Maharashtra,ENT-REF-612212,72,0.3236
ENT-011067,MERCHANT,Bihar,ENT-REF-852277,53,0.3403
ENT-011068,ACCOUNT,Tamil Nadu,ENT-REF-206418,7,0.2232
ENT-011069,ACCOUNT,Bihar,ENT-REF-579126,36,0.117
ENT-011070,DEVICE,Telangana,ENT-REF-130740,15,0.2189
ENT-011071,ACCOUNT,Karnataka,ENT-REF-436460,72,0.1676
ENT-011072,ACCOUNT,West Bengal,ENT-REF-842465,59,0.4697
ENT-011073,MERCHANT,Bihar,ENT-REF-217730,56,0.4875
ENT-011074,ACCOUNT,West Bengal,ENT-REF-508548,71,0.0614
ENT-011075,MERCHANT,Bihar,ENT-REF-104168,55,0.0597
ENT-011076,WALLET,Delhi,ENT-REF-215278,50,0.2787
ENT-011077,DEVICE,Tamil Nadu,ENT-REF-976410,67,0.0963
ENT-011078,BENEFICIARY,Uttar Pradesh,ENT-REF-306169,34,0.3227
ENT-011079,DEVICE,Bihar,ENT-REF-754937,27,0.2014
ENT-011080,ACCOUNT,Tamil Nadu,ENT-REF-792709,38,0.0556
ENT-011081,DEVICE,Maharashtra,ENT-REF-684555,11,0.3327
ENT-011082,ACCOUNT,Maharashtra,ENT-REF-281533,46,0.1658
ENT-011083,ACCOUNT,Maharashtra,ENT-REF-364055,53,0.116
ENT-011084,DEVICE,Tamil Nadu,ENT-REF-952711,58,0.1988
ENT-011085,WALLET,Maharashtra,ENT-REF-568203,50,0.188
ENT-011086,PHONE,Telangana,ENT-REF-167217,66,0.0533
ENT-011087,ACCOUNT,Tamil Nadu,ENT-REF-590307,73,0.0719
ENT-011088,PHONE,Maharashtra,ENT-REF-429940,42,0.0776
ENT-011089,ACCOUNT,West Bengal,ENT-REF-827124,47,0.0827
ENT-011090,WALLET,Tamil Nadu,ENT-REF-833693,64,0.0303
ENT-011091,MERCHANT,Bihar,ENT-REF-361295,46,0.177
ENT-011092,PHONE,Delhi,ENT-REF-786233,11,0.3759
ENT-011093,BENEFICIARY,West Bengal,ENT-REF-479839,23,0.0361
ENT-011094,DEVICE,Karnataka,ENT-REF-933253,24,0.097
ENT-011095,ACCOUNT,West Bengal,ENT-REF-171208,36,0.14
ENT-011096,WALLET,Uttar Pradesh,ENT-REF-659182,44,0.0404
ENT-011097,MERCHANT,Delhi,ENT-REF-498365,47,0.0093
ENT-011098,ACCOUNT,Madhya Pradesh,ENT-REF-135220,59,0.2203
ENT-011099,ACCOUNT,Karnataka,ENT-REF-330338,76,0.1985
ENT-011100,BENEFICIARY,Karnataka,ENT-REF-790791,72,0.0236
ENT-011101,ACCOUNT,Tamil Nadu,ENT-REF-921213,73,0.1907
ENT-011102,WALLET,Rajasthan,ENT-REF-192760,48,0.1402
ENT-011103,WALLET,Telangana,ENT-REF-617749,66,0.2436
ENT-011104,ACCOUNT,West Bengal,ENT-REF-686388,46,0.2747
ENT-011105,DEVICE,Karnataka,ENT-REF-888735,72,0.3673
ENT-011106,ACCOUNT,Madhya Pradesh,ENT-REF-119577,37,0.2422
ENT-011107,MERCHANT,Maharashtra,ENT-REF-669773,39,0.2405
ENT-011108,ACCOUNT,West Bengal,ENT-REF-123881,9,0.0798
ENT-011109,PHONE,Delhi,ENT-REF-798764,42,0.0244
ENT-011110,DEVICE,Karnataka,ENT-REF-529421,10,0.1515
ENT-011111,PHONE,Delhi,ENT-REF-237524,69,0.2327
ENT-011112,ACCOUNT,Telangana,ENT-REF-887328,10,0.0712
ENT-011113,BENEFICIARY,Uttar Pradesh,ENT-REF-557444,78,0.0403
ENT-011114,PHONE,Uttar Pradesh,ENT-REF-838018,21,0.3468
ENT-011115,BENEFICIARY,Telangana,ENT-REF-348140,66,0.1775
ENT-011116,WALLET,Tamil Nadu,ENT-REF-417046,27,0.1079
ENT-011117,DEVICE,Uttar Pradesh,ENT-REF-384275,7,0.0546
ENT-011118,WALLET,Delhi,ENT-REF-432149,67,0.2747
ENT-011119,WALLET,Delhi,ENT-REF-486329,24,0.1476
ENT-011120,DEVICE,Maharashtra,ENT-REF-948437,32,0.0832
ENT-011121,ACCOUNT,West Bengal,ENT-REF-602989,7,0.0932
ENT-011122,ACCOUNT,Tamil Nadu,ENT-REF-167390,48,0.0412
ENT-011123,WALLET,Karnataka,ENT-REF-546633,42,0.2133
ENT-011124,BENEFICIARY,Maharashtra,ENT-REF-601641,40,0.3206
ENT-011125,WALLET,Maharashtra,ENT-REF-338469,70,0.3986
ENT-011126,BENEFICIARY,Uttar Pradesh,ENT-REF-148083,60,0.2764
ENT-011127,ACCOUNT,Telangana,ENT-REF-629485,11,0.0689
ENT-011128,ACCOUNT,West Bengal,ENT-REF-616294,32,0.0528
ENT-011129,PHONE,Madhya Pradesh,ENT-REF-288596,57,0.1536
ENT-011130,WALLET,Telangana,ENT-REF-246012,5,0.2593
ENT-011131,BENEFICIARY,Tamil Nadu,ENT-REF-550038,79,0.1184
ENT-011132,ACCOUNT,Rajasthan,ENT-REF-560925,44,0.3722
ENT-011133,ACCOUNT,Rajasthan,ENT-REF-597271,10,0.1456
ENT-011134,PHONE,Uttar Pradesh,ENT-REF-257832,20,0.1608
ENT-011135,PHONE,Rajasthan,ENT-REF-658510,78,0.0538
ENT-011136,ACCOUNT,Madhya Pradesh,ENT-REF-875436,11,0.2231
ENT-011137,BENEFICIARY,Delhi,ENT-REF-758310,72,0.1177
ENT-011138,BENEFICIARY,Maharashtra,ENT-REF-878269,44,0.4964
ENT-011139,MERCHANT,Uttar Pradesh,ENT-REF-481504,56,0.0902
ENT-011140,DEVICE,Madhya Pradesh,ENT-REF-511702,9,0.1148
ENT-011141,BENEFICIARY,Telangana,ENT-REF-355505,18,0.0843
ENT-011142,BENEFICIARY,Delhi,ENT-REF-589603,30,0.0593
ENT-011143,PHONE,Madhya Pradesh,ENT-REF-670076,39,0.5734
ENT-011144,ACCOUNT,Maharashtra,ENT-REF-341013,72,0.2365
ENT-011145,ACCOUNT,Telangana,ENT-REF-300128,3,0.0764
ENT-011146,DEVICE,Telangana,ENT-REF-914054,6,0.2211
ENT-011147,BENEFICIARY,West Bengal,ENT-REF-165167,23,0.3778
ENT-011148,DEVICE,Madhya Pradesh,ENT-REF-540147,8,0.1174
ENT-011149,BENEFICIARY,West Bengal,ENT-REF-765392,35,0.0205
ENT-011150,WALLET,West Bengal,ENT-REF-601262,48,0.2978
ENT-011151,ACCOUNT,Uttar Pradesh,ENT-REF-932897,44,0.3965
ENT-011152,MERCHANT,Uttar Pradesh,ENT-REF-224745,58,0.0967
ENT-011153,PHONE,Madhya Pradesh,ENT-REF-209796,14,0.0293
ENT-011154,MERCHANT,Telangana,ENT-REF-746073,51,0.296
ENT-011155,DEVICE,Madhya Pradesh,ENT-REF-250230,29,0.3309
ENT-011156,DEVICE,Madhya Pradesh,ENT-REF-220925,3,0.057
ENT-011157,ACCOUNT,Madhya Pradesh,ENT-REF-787576,56,0.0079
ENT-011158,ACCOUNT,Bihar,ENT-REF-243738,43,0.2161
ENT-011159,ACCOUNT,Karnataka,ENT-REF-452119,68,0.2094
ENT-011160,DEVICE,Madhya Pradesh,ENT-REF-657535,67,0.1639
ENT-011161,BENEFICIARY,Karnataka,ENT-REF-872548,47,0.0616
ENT-011162,PHONE,Bihar,ENT-REF-824126,49,0.141
ENT-011163,ACCOUNT,Rajasthan,ENT-REF-649085,37,0.1108
ENT-011164,MERCHANT,Madhya Pradesh,ENT-REF-748201,46,0.0869
ENT-011165,ACCOUNT,Rajasthan,ENT-REF-428537,9,0.2526
ENT-011166,ACCOUNT,Telangana,ENT-REF-449054,72,0.1662
ENT-011167,DEVICE,Bihar,ENT-REF-711807,18,0.125
ENT-011168,WALLET,Tamil Nadu,ENT-REF-675572,11,0.1466
ENT-011169,BENEFICIARY,Maharashtra,ENT-REF-945787,69,0.4663
ENT-011170,ACCOUNT,Uttar Pradesh,ENT-REF-802561,6,0.1002
ENT-011171,DEVICE,Tamil Nadu,ENT-REF-941209,8,0.2875
ENT-011172,WALLET,Maharashtra,ENT-REF-460355,11,0.0147
ENT-011173,ACCOUNT,Karnataka,ENT-REF-826848,79,0.0576
ENT-011174,BENEFICIARY,Delhi,ENT-REF-324991,49,0.3142
ENT-011175,ACCOUNT,Tamil Nadu,ENT-REF-286013,5,0.0788
ENT-011176,PHONE,Bihar,ENT-REF-385240,50,0.0154
ENT-011177,ACCOUNT,Madhya Pradesh,ENT-REF-309143,61,0.1608
ENT-011178,PHONE,Bihar,ENT-REF-992033,31,0.0291
ENT-011179,ACCOUNT,Maharashtra,ENT-REF-413413,67,0.4471
ENT-011180,BENEFICIARY,West Bengal,ENT-REF-193048,56,0.1035
ENT-011181,PHONE,Rajasthan,ENT-REF-127745,37,0.2
ENT-011182,ACCOUNT,Maharashtra,ENT-REF-977515,70,0.0283
ENT-011183,ACCOUNT,Telangana,ENT-REF-155255,18,0.1181
ENT-011184,PHONE,Uttar Pradesh,ENT-REF-237890,5,0.0111
ENT-011185,DEVICE,West Bengal,ENT-REF-910689,7,0.0617
ENT-011186,WALLET,Maharashtra,ENT-REF-792722,61,0.1008
ENT-011187,DEVICE,Delhi,ENT-REF-705338,57,0.1002
ENT-011188,ACCOUNT,Rajasthan,ENT-REF-187217,49,0.1757
ENT-011189,ACCOUNT,Delhi,ENT-REF-568422,26,0.3423
ENT-011190,DEVICE,Delhi,ENT-REF-671931,78,0.2073
ENT-011191,ACCOUNT,Karnataka,ENT-REF-133210,23,0.1333
ENT-011192,ACCOUNT,Karnataka,ENT-REF-355598,42,0.0007
ENT-011193,ACCOUNT,West Bengal,ENT-REF-572617,7,0.4004
ENT-011194,ACCOUNT,Telangana,ENT-REF-324537,68,0.0986
ENT-011195,ACCOUNT,West Bengal,ENT-REF-875912,21,0.5119
ENT-011196,WALLET,Telangana,ENT-REF-407099,12,0.1557
ENT-011197,ACCOUNT,Rajasthan,ENT-REF-807946,63,0.0495
ENT-011198,ACCOUNT,Karnataka,ENT-REF-115105,12,0.2551
ENT-011199,DEVICE,Bihar,ENT-REF-209100,33,0.2582
ENT-011200,WALLET,West Bengal,ENT-REF-999337,23,0.0956
ENT-011201,WALLET,Uttar Pradesh,ENT-REF-158880,72,0.0776
ENT-011202,ACCOUNT,Madhya Pradesh,ENT-REF-359636,47,0.0943
ENT-011203,PHONE,Madhya Pradesh,ENT-REF-619463,56,0.029
ENT-011204,MERCHANT,Delhi,ENT-REF-356750,8,0.1532
ENT-011205,MERCHANT,Karnataka,ENT-REF-471777,6,0.1089
ENT-011206,BENEFICIARY,Uttar Pradesh,ENT-REF-242561,70,0.1885
ENT-011207,BENEFICIARY,Tamil Nadu,ENT-REF-620920,58,0.2051
ENT-011208,ACCOUNT,Rajasthan,ENT-REF-839546,69,0.247
ENT-011209,ACCOUNT,Delhi,ENT-REF-247202,15,0.1151
ENT-011210,PHONE,Karnataka,ENT-REF-302420,73,0.073
ENT-011211,MERCHANT,Karnataka,ENT-REF-421632,13,0.2829
ENT-011212,MERCHANT,West Bengal,ENT-REF-928721,27,0.0911
ENT-011213,BENEFICIARY,Tamil Nadu,ENT-REF-214707,13,0.3186
ENT-011214,PHONE,Madhya Pradesh,ENT-REF-578360,44,0.2972
ENT-011215,ACCOUNT,Uttar Pradesh,ENT-REF-723340,35,0.0023
ENT-011216,ACCOUNT,Tamil Nadu,ENT-REF-338265,58,0.1445
ENT-011217,PHONE,Bihar,ENT-REF-442184,32,0.0268
ENT-011218,PHONE,Karnataka,ENT-REF-658511,54,0.3792
ENT-011219,PHONE,West Bengal,ENT-REF-809255,48,0.0859
ENT-011220,MERCHANT,West Bengal,ENT-REF-342353,61,0.1854
ENT-011221,WALLET,Tamil Nadu,ENT-REF-584021,23,0.1696
ENT-011222,PHONE,West Bengal,ENT-REF-528177,19,0.0659
ENT-011223,BENEFICIARY,Karnataka,ENT-REF-257852,45,0.1086
ENT-011224,PHONE,Madhya Pradesh,ENT-REF-535461,37,0.1426
ENT-011225,ACCOUNT,Uttar Pradesh,ENT-REF-398842,9,0.1298
ENT-011226,ACCOUNT,Telangana,ENT-REF-308048,69,0.1808
ENT-011227,ACCOUNT,Maharashtra,ENT-REF-679800,55,0.3218
ENT-011228,PHONE,West Bengal,ENT-REF-299043,6,0.3589
ENT-011229,ACCOUNT,Tamil Nadu,ENT-REF-708882,15,0.2443
ENT-011230,DEVICE,Maharashtra,ENT-REF-200023,50,0.0793
ENT-011231,PHONE,Uttar Pradesh,ENT-REF-397886,61,0.1644
ENT-011232,WALLET,Maharashtra,ENT-REF-416448,11,0.108
ENT-011233,BENEFICIARY,West Bengal,ENT-REF-800580,67,0.1679
ENT-011234,ACCOUNT,Maharashtra,ENT-REF-992227,21,0.0732
ENT-011235,DEVICE,Delhi,ENT-REF-738678,72,0.1653
ENT-011236,ACCOUNT,Delhi,ENT-REF-697582,47,0.1986
ENT-011237,DEVICE,Delhi,ENT-REF-783197,64,0.1346
ENT-011238,PHONE,Telangana,ENT-REF-608876,51,0.1643
ENT-011239,ACCOUNT,Telangana,ENT-REF-805404,69,0.1354
ENT-011240,ACCOUNT,Tamil Nadu,ENT-REF-102492,70,0.2746
ENT-011241,WALLET,Karnataka,ENT-REF-805602,22,0.5206
ENT-011242,MERCHANT,Uttar Pradesh,ENT-REF-174793,79,0.4016
ENT-011243,PHONE,Bihar,ENT-REF-627733,25,0.1104
ENT-011244,ACCOUNT,Delhi,ENT-REF-933845,25,0.0428
ENT-011245,ACCOUNT,Maharashtra,ENT-REF-861556,47,0.0608
ENT-011246,WALLET,Bihar,ENT-REF-676546,67,0.27
ENT-011247,BENEFICIARY,Madhya Pradesh,ENT-REF-460110,33,0.0225
ENT-011248,DEVICE,Telangana,ENT-REF-122413,61,0.0634
ENT-011249,WALLET,Telangana,ENT-REF-114559,72,0.1013
ENT-011250,DEVICE,West Bengal,ENT-REF-872896,53,0.2144
ENT-011251,DEVICE,West Bengal,ENT-REF-113250,68,0.2294
ENT-011252,WALLET,Madhya Pradesh,ENT-REF-196912,22,0.1237
ENT-011253,BENEFICIARY,Madhya Pradesh,ENT-REF-955721,32,0.1182
ENT-011254,MERCHANT,Telangana,ENT-REF-835205,70,0.1663
ENT-011255,PHONE,West Bengal,ENT-REF-860146,4,0.04
ENT-011256,BENEFICIARY,Delhi,ENT-REF-653091,21,0.0716
ENT-011257,MERCHANT,Tamil Nadu,ENT-REF-364406,9,0.6217
ENT-011258,ACCOUNT,West Bengal,ENT-REF-224395,22,0.2569
ENT-011259,ACCOUNT,Karnataka,ENT-REF-991117,51,0.0841
ENT-011260,ACCOUNT,Rajasthan,ENT-REF-725654,8,0.2329
ENT-011261,ACCOUNT,Bihar,ENT-REF-436025,60,0.2128
ENT-011262,BENEFICIARY,Uttar Pradesh,ENT-REF-199268,37,0.2398
ENT-011263,BENEFICIARY,West Bengal,ENT-REF-838748,58,0.4719
ENT-011264,WALLET,Maharashtra,ENT-REF-989986,69,0.2504
ENT-011265,ACCOUNT,Tamil Nadu,ENT-REF-289417,46,0.2946
ENT-011266,PHONE,Karnataka,ENT-REF-284519,62,0.0456
ENT-011267,BENEFICIARY,Uttar Pradesh,ENT-REF-867749,2,0.0989
ENT-011268,ACCOUNT,Madhya Pradesh,ENT-REF-830937,11,0.1235
ENT-011269,WALLET,West Bengal,ENT-REF-616341,55,0.0122
ENT-011270,BENEFICIARY,Tamil Nadu,ENT-REF-460874,22,0.1864
ENT-011271,MERCHANT,Bihar,ENT-REF-879515,12,0.164
ENT-011272,DEVICE,Delhi,ENT-REF-506176,22,0.0755
ENT-011273,WALLET,Karnataka,ENT-REF-640586,77,0.2508
ENT-011274,DEVICE,West Bengal,ENT-REF-740225,59,0.2718
ENT-011275,DEVICE,Tamil Nadu,ENT-REF-899260,53,0.1492
ENT-011276,ACCOUNT,Karnataka,ENT-REF-863255,36,0.1605
ENT-011277,ACCOUNT,Telangana,ENT-REF-476500,74,0.0299
ENT-011278,ACCOUNT,Madhya Pradesh,ENT-REF-106052,6,0.0852
ENT-011279,ACCOUNT,West Bengal,ENT-REF-258419,68,0.0644
ENT-011280,PHONE,Karnataka,ENT-REF-705807,48,0.1066
ENT-011281,BENEFICIARY,Uttar Pradesh,ENT-REF-224098,61,0.1317
ENT-011282,ACCOUNT,Rajasthan,ENT-REF-135453,53,0.7087
ENT-011283,ACCOUNT,Tamil Nadu,ENT-REF-307138,9,0.2078
ENT-011284,BENEFICIARY,Telangana,ENT-REF-973501,57,0.3344
ENT-011285,PHONE,Rajasthan,ENT-REF-892995,41,0.1475
ENT-011286,PHONE,Tamil Nadu,ENT-REF-862184,9,0.0865
ENT-011287,MERCHANT,Uttar Pradesh,ENT-REF-422794,61,0.2064
ENT-011288,BENEFICIARY,Madhya Pradesh,ENT-REF-816700,17,0.0338
ENT-011289,WALLET,Karnataka,ENT-REF-321189,18,0.1276
ENT-011290,PHONE,West Bengal,ENT-REF-957152,8,0.1168
ENT-011291,DEVICE,Uttar Pradesh,ENT-REF-806675,30,0.1308
ENT-011292,DEVICE,Tamil Nadu,ENT-REF-387312,35,0.1611
ENT-011293,MERCHANT,Madhya Pradesh,ENT-REF-735306,72,0.092
ENT-011294,ACCOUNT,Rajasthan,ENT-REF-893161,62,0.6112
ENT-011295,ACCOUNT,Telangana,ENT-REF-413095,1,0.0389
ENT-011296,DEVICE,Karnataka,ENT-REF-960155,9,0.1366
ENT-011297,DEVICE,Bihar,ENT-REF-426148,46,0.1006
ENT-011298,ACCOUNT,Telangana,ENT-REF-549015,49,0.3037
ENT-011299,DEVICE,Rajasthan,ENT-REF-608546,13,0.0989
ENT-011300,ACCOUNT,Maharashtra,ENT-REF-405607,64,0.482
ENT-011301,DEVICE,West Bengal,ENT-REF-801401,63,0.1511
ENT-011302,ACCOUNT,Rajasthan,ENT-REF-334898,24,0.3279
ENT-011303,ACCOUNT,West Bengal,ENT-REF-541464,60,0.0809
ENT-011304,DEVICE,Telangana,ENT-REF-119522,17,0.2216
ENT-011305,ACCOUNT,Karnataka,ENT-REF-202617,37,0.3781
ENT-011306,ACCOUNT,Telangana,ENT-REF-552342,30,0.2211
ENT-011307,BENEFICIARY,Tamil Nadu,ENT-REF-932516,72,0.0236
ENT-011308,MERCHANT,Uttar Pradesh,ENT-REF-590963,37,0.2191
ENT-011309,WALLET,Maharashtra,ENT-REF-371844,13,0.0919
ENT-011310,MERCHANT,Delhi,ENT-REF-319623,56,0.2116
ENT-011311,PHONE,Telangana,ENT-REF-611034,28,0.028
ENT-011312,MERCHANT,West Bengal,ENT-REF-512733,44,0.0241
ENT-011313,BENEFICIARY,Bihar,ENT-REF-252275,23,0.1293
ENT-011314,DEVICE,Telangana,ENT-REF-996520,49,0.2098
ENT-011315,ACCOUNT,Tamil Nadu,ENT-REF-714464,56,0.3156
ENT-011316,BENEFICIARY,Tamil Nadu,ENT-REF-560669,10,0.1713
ENT-011317,ACCOUNT,Karnataka,ENT-REF-829375,5,0.0755
ENT-011318,PHONE,Rajasthan,ENT-REF-419833,49,0.0886
ENT-011319,ACCOUNT,Uttar Pradesh,ENT-REF-201927,49,0.0268
ENT-011320,DEVICE,Telangana,ENT-REF-873431,52,0.282
ENT-011321,ACCOUNT,Madhya Pradesh,ENT-REF-717665,19,0.2623
ENT-011322,BENEFICIARY,Karnataka,ENT-REF-363699,37,0.0532
ENT-011323,BENEFICIARY,Rajasthan,ENT-REF-560347,13,0.2822
ENT-011324,DEVICE,Rajasthan,ENT-REF-268568,64,0.1502
ENT-011325,WALLET,Tamil Nadu,ENT-REF-778607,68,0.0242
ENT-011326,PHONE,Maharashtra,ENT-REF-636900,46,0.0479
ENT-011327,MERCHANT,Tamil Nadu,ENT-REF-109015,23,0.2686
ENT-011328,DEVICE,Delhi,ENT-REF-106912,23,0.482
ENT-011329,DEVICE,West Bengal,ENT-REF-489443,17,0.3182
ENT-011330,BENEFICIARY,Tamil Nadu,ENT-REF-876859,74,0.2743
ENT-011331,ACCOUNT,West Bengal,ENT-REF-920835,41,0.1815
ENT-011332,WALLET,Madhya Pradesh,ENT-REF-725182,22,0.5913
ENT-011333,DEVICE,Karnataka,ENT-REF-513115,67,0.2995
ENT-011334,PHONE,Maharashtra,ENT-REF-951540,29,0.0508
ENT-011335,ACCOUNT,Maharashtra,ENT-REF-198084,73,0.0623
ENT-011336,DEVICE,Tamil Nadu,ENT-REF-802209,52,0.1898
ENT-011337,MERCHANT,Maharashtra,ENT-REF-102963,23,0.1447
ENT-011338,DEVICE,Delhi,ENT-REF-108983,16,0.0733
ENT-011339,BENEFICIARY,Uttar Pradesh,ENT-REF-522784,29,0.0336
ENT-011340,MERCHANT,Telangana,ENT-REF-189032,9,0.1419
ENT-011341,PHONE,Tamil Nadu,ENT-REF-235739,39,0.1886
ENT-011342,ACCOUNT,Maharashtra,ENT-REF-472403,6,0.1356
ENT-011343,ACCOUNT,Rajasthan,ENT-REF-148810,27,0.0874
ENT-011344,PHONE,Bihar,ENT-REF-428447,10,0.1499
ENT-011345,ACCOUNT,Madhya Pradesh,ENT-REF-865167,79,0.1901
ENT-011346,WALLET,Delhi,ENT-REF-626165,23,0.1608
ENT-011347,ACCOUNT,Rajasthan,ENT-REF-762189,67,0.0513
ENT-011348,ACCOUNT,Rajasthan,ENT-REF-552063,78,0.0327
ENT-011349,PHONE,Delhi,ENT-REF-328969,15,0.3621
ENT-011350,DEVICE,Uttar Pradesh,ENT-REF-917053,74,0.0311
ENT-011351,PHONE,West Bengal,ENT-REF-232543,43,0.1022
ENT-011352,PHONE,Karnataka,ENT-REF-619087,42,0.4312
ENT-011353,PHONE,Bihar,ENT-REF-728931,12,0.5818
ENT-011354,PHONE,Delhi,ENT-REF-760450,15,0.1479
ENT-011355,ACCOUNT,Madhya Pradesh,ENT-REF-269028,30,0.0373
ENT-011356,ACCOUNT,Bihar,ENT-REF-113189,10,0.105
ENT-011357,MERCHANT,Delhi,ENT-REF-964861,65,0.1935
ENT-011358,PHONE,Delhi,ENT-REF-642383,30,0.1372
ENT-011359,WALLET,Rajasthan,ENT-REF-201666,10,0.1236
ENT-011360,WALLET,Uttar Pradesh,ENT-REF-958172,38,0.1796
ENT-011361,ACCOUNT,Madhya Pradesh,ENT-REF-901089,56,0.2362
ENT-011362,WALLET,Karnataka,ENT-REF-934159,73,0.1282
ENT-011363,WALLET,Tamil Nadu,ENT-REF-126485,24,0.1646
ENT-011364,PHONE,Delhi,ENT-REF-514003,57,0.0862
ENT-011365,PHONE,Bihar,ENT-REF-979998,15,0.4758
ENT-011366,ACCOUNT,Rajasthan,ENT-REF-917644,53,0.1441
ENT-011367,WALLET,Tamil Nadu,ENT-REF-911886,50,0.1818
ENT-011368,DEVICE,Maharashtra,ENT-REF-698326,66,0.2131
ENT-011369,WALLET,Rajasthan,ENT-REF-445031,61,0.0903
ENT-011370,PHONE,Telangana,ENT-REF-871057,7,0.1067
ENT-011371,ACCOUNT,Rajasthan,ENT-REF-835471,38,0.1274
ENT-011372,WALLET,Bihar,ENT-REF-927161,68,0.0215
ENT-011373,ACCOUNT,Maharashtra,ENT-REF-438583,72,0.2135
ENT-011374,ACCOUNT,Bihar,ENT-REF-811989,71,0.0655
ENT-011375,ACCOUNT,Madhya Pradesh,ENT-REF-475872,18,0.2791
ENT-011376,MERCHANT,Madhya Pradesh,ENT-REF-116619,8,0.0313
ENT-011377,ACCOUNT,Delhi,ENT-REF-811275,1,0.1149
ENT-011378,MERCHANT,Uttar Pradesh,ENT-REF-248805,57,0.2406
ENT-011379,DEVICE,Uttar Pradesh,ENT-REF-547987,28,0.155
ENT-011380,PHONE,Delhi,ENT-REF-976521,37,0.2583
ENT-011381,DEVICE,West Bengal,ENT-REF-380075,21,0.3316
ENT-011382,BENEFICIARY,West Bengal,ENT-REF-543354,48,0.1765
ENT-011383,WALLET,Uttar Pradesh,ENT-REF-222406,32,0.2133
ENT-011384,BENEFICIARY,Uttar Pradesh,ENT-REF-672102,6,0.0968
ENT-011385,PHONE,Uttar Pradesh,ENT-REF-239840,62,0.0559
ENT-011386,DEVICE,Madhya Pradesh,ENT-REF-741358,16,0.3327
ENT-011387,PHONE,Telangana,ENT-REF-311227,66,0.1447
ENT-011388,PHONE,Delhi,ENT-REF-954412,10,0.2726
ENT-011389,ACCOUNT,Bihar,ENT-REF-967321,10,0.1332
ENT-011390,ACCOUNT,Madhya Pradesh,ENT-REF-504394,13,0.2281
ENT-011391,BENEFICIARY,Karnataka,ENT-REF-759061,50,0.4201
ENT-011392,ACCOUNT,Rajasthan,ENT-REF-239796,31,0.0408
ENT-011393,PHONE,Maharashtra,ENT-REF-438628,53,0.3787
ENT-011394,PHONE,Bihar,ENT-REF-691911,31,0.08
ENT-011395,PHONE,Karnataka,ENT-REF-113903,6,0.235
ENT-011396,ACCOUNT,Bihar,ENT-REF-561916,59,0.008
ENT-011397,BENEFICIARY,Bihar,ENT-REF-684320,41,0.118
ENT-011398,ACCOUNT,Karnataka,ENT-REF-648911,5,0.057
ENT-011399,ACCOUNT,Tamil Nadu,ENT-REF-706465,12,0.0779
ENT-011400,DEVICE,Madhya Pradesh,ENT-REF-268246,14,0.3176
ENT-011401,DEVICE,West Bengal,ENT-REF-276680,26,0.1429
ENT-011402,MERCHANT,Rajasthan,ENT-REF-836880,71,0.0939
ENT-011403,ACCOUNT,Tamil Nadu,ENT-REF-675355,15,0.211
ENT-011404,ACCOUNT,Madhya Pradesh,ENT-REF-206768,4,0.065
ENT-011405,ACCOUNT,Rajasthan,ENT-REF-707292,48,0.3643
ENT-011406,ACCOUNT,Bihar,ENT-REF-151887,2,0.3601
ENT-011407,ACCOUNT,Rajasthan,ENT-REF-243815,48,0.0805
ENT-011408,PHONE,Rajasthan,ENT-REF-842412,78,0.2259
ENT-011409,WALLET,Rajasthan,ENT-REF-195490,39,0.5002
ENT-011410,WALLET,West Bengal,ENT-REF-869346,31,0.0452
ENT-011411,PHONE,Bihar,ENT-REF-699620,10,0.1087
ENT-011412,MERCHANT,Karnataka,ENT-REF-601739,28,0.1519
ENT-011413,PHONE,Bihar,ENT-REF-292495,73,0.1179
ENT-011414,DEVICE,Maharashtra,ENT-REF-752328,65,0.0953
ENT-011415,PHONE,Telangana,ENT-REF-703648,6,0.0977
ENT-011416,PHONE,Karnataka,ENT-REF-859893,67,0.2266
ENT-011417,PHONE,West Bengal,ENT-REF-567112,45,0.0825
ENT-011418,PHONE,Maharashtra,ENT-REF-851945,55,0.007
ENT-011419,ACCOUNT,Rajasthan,ENT-REF-456934,4,0.083
ENT-011420,PHONE,Madhya Pradesh,ENT-REF-929567,37,0.0094
ENT-011421,MERCHANT,Karnataka,ENT-REF-161365,39,0.1194
ENT-011422,BENEFICIARY,Bihar,ENT-REF-526113,53,0.0115
ENT-011423,DEVICE,Uttar Pradesh,ENT-REF-413369,45,0.1952
ENT-011424,DEVICE,Madhya Pradesh,ENT-REF-318687,74,0.0696
ENT-011425,ACCOUNT,Maharashtra,ENT-REF-334066,58,0.0215
ENT-011426,PHONE,Bihar,ENT-REF-420181,10,0.3568
ENT-011427,ACCOUNT,West Bengal,ENT-REF-976716,42,0.0355
ENT-011428,PHONE,Uttar Pradesh,ENT-REF-214632,14,0.1101
ENT-011429,BENEFICIARY,Maharashtra,ENT-REF-199303,27,0.0433
ENT-011430,ACCOUNT,West Bengal,ENT-REF-448518,22,0.2274
ENT-011431,ACCOUNT,Uttar Pradesh,ENT-REF-783609,28,0.1075
ENT-011432,ACCOUNT,Delhi,ENT-REF-744081,37,0.121
ENT-011433,ACCOUNT,Madhya Pradesh,ENT-REF-493564,39,0.0755
ENT-011434,WALLET,Madhya Pradesh,ENT-REF-476049,49,0.2648
ENT-011435,ACCOUNT,West Bengal,ENT-REF-115322,5,0.0313
ENT-011436,BENEFICIARY,Rajasthan,ENT-REF-960629,51,0.2533
ENT-011437,ACCOUNT,Telangana,ENT-REF-263365,10,0.0759
ENT-011438,MERCHANT,Madhya Pradesh,ENT-REF-457163,65,0.0321
ENT-011439,ACCOUNT,West Bengal,ENT-REF-916364,75,0.1748
ENT-011440,PHONE,Tamil Nadu,ENT-REF-807447,23,0.0345
ENT-011441,ACCOUNT,Delhi,ENT-REF-346628,11,0.4334
ENT-011442,BENEFICIARY,West Bengal,ENT-REF-885865,5,0.077
ENT-011443,ACCOUNT,Madhya Pradesh,ENT-REF-647349,30,0.0509
ENT-011444,WALLET,Bihar,ENT-REF-290131,37,0.1301
ENT-011445,WALLET,Maharashtra,ENT-REF-535793,21,0.1024
ENT-011446,ACCOUNT,Maharashtra,ENT-REF-497739,27,0.2161
ENT-011447,ACCOUNT,Uttar Pradesh,ENT-REF-216760,35,0.1136
ENT-011448,ACCOUNT,Karnataka,ENT-REF-907969,53,0.2611
ENT-011449,PHONE,West Bengal,ENT-REF-861980,5,0.1157
ENT-011450,PHONE,Tamil Nadu,ENT-REF-876046,25,0.0636
ENT-011451,PHONE,Rajasthan,ENT-REF-301520,28,0.1225
ENT-011452,BENEFICIARY,Telangana,ENT-REF-901333,59,0.1121
ENT-011453,BENEFICIARY,Telangana,ENT-REF-338486,15,0.0122
ENT-011454,ACCOUNT,Madhya Pradesh,ENT-REF-843930,28,0.2955
ENT-011455,MERCHANT,Rajasthan,ENT-REF-441402,44,0.134
ENT-011456,WALLET,Tamil Nadu,ENT-REF-416357,31,0.0402
ENT-011457,PHONE,Uttar Pradesh,ENT-REF-130549,18,0.0548
ENT-011458,WALLET,West Bengal,ENT-REF-119569,14,0.083
ENT-011459,ACCOUNT,Rajasthan,ENT-REF-852719,10,0.1823
ENT-011460,BENEFICIARY,Delhi,ENT-REF-749246,11,0.0703
ENT-011461,ACCOUNT,Tamil Nadu,ENT-REF-266237,58,0.3196
ENT-011462,PHONE,Karnataka,ENT-REF-973414,21,0.2018
ENT-011463,PHONE,Bihar,ENT-REF-754511,19,0.2363
ENT-011464,DEVICE,West Bengal,ENT-REF-986438,23,0.0898
ENT-011465,BENEFICIARY,Maharashtra,ENT-REF-496882,25,0.2039
ENT-011466,DEVICE,Maharashtra,ENT-REF-977376,61,0.275
ENT-011467,PHONE,Madhya Pradesh,ENT-REF-878794,19,0.2357
ENT-011468,ACCOUNT,Maharashtra,ENT-REF-761740,31,0.0333
ENT-011469,ACCOUNT,Telangana,ENT-REF-343526,66,0.063
ENT-011470,DEVICE,Maharashtra,ENT-REF-640081,67,0.0592
ENT-011471,PHONE,Tamil Nadu,ENT-REF-463281,67,0.1567
ENT-011472,WALLET,Telangana,ENT-REF-761493,75,0.2419
ENT-011473,ACCOUNT,Tamil Nadu,ENT-REF-359955,75,0.1201
ENT-011474,ACCOUNT,Karnataka,ENT-REF-241668,42,0.0497
ENT-011475,ACCOUNT,Rajasthan,ENT-REF-102761,46,0.145
ENT-011476,PHONE,Telangana,ENT-REF-390480,29,0.1642
ENT-011477,PHONE,Rajasthan,ENT-REF-751878,18,0.0694
ENT-011478,PHONE,Bihar,ENT-REF-212055,33,0.106
ENT-011479,DEVICE,Karnataka,ENT-REF-790183,16,0.1982
ENT-011480,DEVICE,Maharashtra,ENT-REF-483743,14,0.045
ENT-011481,DEVICE,Bihar,ENT-REF-559992,60,0.0943
ENT-011482,WALLET,West Bengal,ENT-REF-768903,47,0.0231
ENT-011483,DEVICE,Uttar Pradesh,ENT-REF-970274,24,0.0358
ENT-011484,BENEFICIARY,Maharashtra,ENT-REF-753175,14,0.131
ENT-011485,MERCHANT,Bihar,ENT-REF-120953,32,0.1495
ENT-011486,ACCOUNT,Karnataka,ENT-REF-867299,34,0.2464
ENT-011487,ACCOUNT,Karnataka,ENT-REF-339122,4,0.1377
ENT-011488,DEVICE,Maharashtra,ENT-REF-563797,31,0.1597
ENT-011489,DEVICE,Uttar Pradesh,ENT-REF-576641,34,0.4048
ENT-011490,WALLET,Maharashtra,ENT-REF-866275,42,0.1579
ENT-011491,PHONE,Delhi,ENT-REF-179455,74,0.1679
ENT-011492,ACCOUNT,Rajasthan,ENT-REF-295697,36,0.2209
ENT-011493,BENEFICIARY,Madhya Pradesh,ENT-REF-142201,53,0.052
ENT-011494,PHONE,Delhi,ENT-REF-524446,17,0.0529
ENT-011495,DEVICE,Uttar Pradesh,ENT-REF-866364,71,0.2158
ENT-011496,BENEFICIARY,Karnataka,ENT-REF-334111,31,0.3458
ENT-011497,DEVICE,Uttar Pradesh,ENT-REF-247741,18,0.1829
ENT-011498,MERCHANT,Bihar,ENT-REF-144713,3,0.1182
ENT-011499,PHONE,Delhi,ENT-REF-676536,50,0.0823
ENT-011500,MERCHANT,Bihar,ENT-REF-165285,7,0.0403
ENT-011501,PHONE,Uttar Pradesh,ENT-REF-722152,47,0.4941
ENT-011502,DEVICE,Telangana,ENT-REF-513237,65,0.331
ENT-011503,BENEFICIARY,Maharashtra,ENT-REF-209571,14,0.2327
ENT-011504,DEVICE,Rajasthan,ENT-REF-636370,35,0.2382
ENT-011505,PHONE,Rajasthan,ENT-REF-180149,75,0.0102
ENT-011506,ACCOUNT,Delhi,ENT-REF-529406,10,0.0806
ENT-011507,ACCOUNT,Telangana,ENT-REF-868764,77,0.0705
ENT-011508,DEVICE,Uttar Pradesh,ENT-REF-610447,21,0.0394
ENT-011509,DEVICE,Rajasthan,ENT-REF-793742,7,0.1201
ENT-011510,PHONE,Rajasthan,ENT-REF-442086,28,0.5846
ENT-011511,ACCOUNT,Uttar Pradesh,ENT-REF-939568,47,0.1088
ENT-011512,BENEFICIARY,West Bengal,ENT-REF-291455,60,0.242
ENT-011513,PHONE,Maharashtra,ENT-REF-601769,48,0.3689
ENT-011514,BENEFICIARY,Telangana,ENT-REF-466423,58,0.0685
ENT-011515,DEVICE,Maharashtra,ENT-REF-538129,79,0.6233
ENT-011516,BENEFICIARY,Madhya Pradesh,ENT-REF-593301,9,0.3705
ENT-011517,PHONE,Bihar,ENT-REF-175074,28,0.0966
ENT-011518,MERCHANT,Karnataka,ENT-REF-148610,52,0.14
ENT-011519,PHONE,West Bengal,ENT-REF-185018,47,0.1961
ENT-011520,DEVICE,Telangana,ENT-REF-703644,21,0.237
ENT-011521,PHONE,Delhi,ENT-REF-556105,34,0.0998
ENT-011522,PHONE,Karnataka,ENT-REF-612531,4,0.1185
ENT-011523,ACCOUNT,Maharashtra,ENT-REF-892562,11,0.0325
ENT-011524,DEVICE,Delhi,ENT-REF-672366,63,0.1157
ENT-011525,ACCOUNT,Bihar,ENT-REF-269851,15,0.3629
ENT-011526,ACCOUNT,Delhi,ENT-REF-289389,35,0.4179
ENT-011527,MERCHANT,Bihar,ENT-REF-286460,5,0.169
ENT-011528,ACCOUNT,Bihar,ENT-REF-944283,69,0.1356
ENT-011529,MERCHANT,Maharashtra,ENT-REF-182484,30,0.0416
ENT-011530,PHONE,Bihar,ENT-REF-271194,39,0.2242
ENT-011531,MERCHANT,Karnataka,ENT-REF-372188,42,0.1901
ENT-011532,PHONE,Telangana,ENT-REF-227790,3,0.3191
ENT-011533,ACCOUNT,Bihar,ENT-REF-888066,48,0.0844
ENT-011534,BENEFICIARY,Madhya Pradesh,ENT-REF-675442,30,0.1209
ENT-011535,BENEFICIARY,West Bengal,ENT-REF-639342,16,0.1063
ENT-011536,ACCOUNT,Tamil Nadu,ENT-REF-500559,39,0.0585
ENT-011537,ACCOUNT,West Bengal,ENT-REF-187573,58,0.3255
ENT-011538,PHONE,Delhi,ENT-REF-826162,53,0.074
ENT-011539,PHONE,West Bengal,ENT-REF-471936,49,0.0431
ENT-011540,PHONE,Uttar Pradesh,ENT-REF-688850,33,0.0332
ENT-011541,WALLET,Tamil Nadu,ENT-REF-844443,1,0.2972
ENT-011542,DEVICE,Maharashtra,ENT-REF-171097,19,0.0131
ENT-011543,BENEFICIARY,Uttar Pradesh,ENT-REF-431427,49,0.3248
ENT-011544,MERCHANT,Delhi,ENT-REF-336379,54,0.287
ENT-011545,DEVICE,Tamil Nadu,ENT-REF-805725,62,0.3254
ENT-011546,ACCOUNT,Maharashtra,ENT-REF-343647,58,0.081
ENT-011547,ACCOUNT,Karnataka,ENT-REF-477517,31,0.1268
ENT-011548,PHONE,Telangana,ENT-REF-385739,59,0.0668
ENT-011549,DEVICE,Maharashtra,ENT-REF-818937,37,0.0461
ENT-011550,ACCOUNT,Madhya Pradesh,ENT-REF-937507,21,0.23
ENT-011551,PHONE,Uttar Pradesh,ENT-REF-796799,64,0.0303
ENT-011552,WALLET,Madhya Pradesh,ENT-REF-179852,65,0.0407
ENT-011553,ACCOUNT,Tamil Nadu,ENT-REF-471469,1,0.0755
ENT-011554,PHONE,Uttar Pradesh,ENT-REF-675716,60,0.094
ENT-011555,ACCOUNT,Maharashtra,ENT-REF-793662,33,0.1333
ENT-011556,BENEFICIARY,Uttar Pradesh,ENT-REF-744049,37,0.0878
ENT-011557,WALLET,Delhi,ENT-REF-318058,37,0.2359
ENT-011558,PHONE,Bihar,ENT-REF-785157,26,0.176
ENT-011559,PHONE,Rajasthan,ENT-REF-824334,60,0.1391
ENT-011560,PHONE,Madhya Pradesh,ENT-REF-645607,38,0.1065
ENT-011561,ACCOUNT,Bihar,ENT-REF-771360,68,0.0191
ENT-011562,ACCOUNT,Telangana,ENT-REF-575925,23,0.2188
ENT-011563,BENEFICIARY,Tamil Nadu,ENT-REF-874702,34,0.2064
ENT-011564,ACCOUNT,Delhi,ENT-REF-966023,26,0.0934
ENT-011565,WALLET,Tamil Nadu,ENT-REF-419421,54,0.1283
ENT-011566,PHONE,Rajasthan,ENT-REF-780357,46,0.2393
ENT-011567,ACCOUNT,Madhya Pradesh,ENT-REF-210743,76,0.123
ENT-011568,MERCHANT,Maharashtra,ENT-REF-775593,42,0.25
ENT-011569,PHONE,Karnataka,ENT-REF-879404,11,0.0878
ENT-011570,BENEFICIARY,Tamil Nadu,ENT-REF-367110,51,0.0474
ENT-011571,PHONE,Tamil Nadu,ENT-REF-346298,23,0.1632
ENT-011572,BENEFICIARY,Uttar Pradesh,ENT-REF-292051,65,0.2006
ENT-011573,BENEFICIARY,West Bengal,ENT-REF-837366,41,0.088
ENT-011574,BENEFICIARY,Delhi,ENT-REF-279434,70,0.2067
ENT-011575,PHONE,Telangana,ENT-REF-770435,15,0.1223
ENT-011576,DEVICE,West Bengal,ENT-REF-711533,58,0.1367
ENT-011577,PHONE,Bihar,ENT-REF-102136,54,0.1252
ENT-011578,BENEFICIARY,West Bengal,ENT-REF-399743,14,0.2086
ENT-011579,BENEFICIARY,Telangana,ENT-REF-692552,10,0.0446
ENT-011580,PHONE,Delhi,ENT-REF-253635,30,0.1861
ENT-011581,WALLET,Uttar Pradesh,ENT-REF-761627,21,0.1534
ENT-011582,PHONE,Tamil Nadu,ENT-REF-875303,16,0.1199
ENT-011583,WALLET,Rajasthan,ENT-REF-829339,20,0.2279
ENT-011584,ACCOUNT,Rajasthan,ENT-REF-161253,41,0.2439
ENT-011585,ACCOUNT,Karnataka,ENT-REF-741481,74,0.0608
ENT-011586,BENEFICIARY,Maharashtra,ENT-REF-516872,59,0.1346
ENT-011587,PHONE,Telangana,ENT-REF-995216,48,0.0836
ENT-011588,WALLET,Delhi,ENT-REF-892611,68,0.1278
ENT-011589,WALLET,Uttar Pradesh,ENT-REF-940743,16,0.2938
ENT-011590,MERCHANT,Tamil Nadu,ENT-REF-593893,33,0.4899
ENT-011591,ACCOUNT,West Bengal,ENT-REF-132272,39,0.4252
ENT-011592,ACCOUNT,Tamil Nadu,ENT-REF-555654,32,0.1775
ENT-011593,PHONE,Uttar Pradesh,ENT-REF-341671,18,0.332
ENT-011594,DEVICE,Bihar,ENT-REF-769134,60,0.1471
ENT-011595,MERCHANT,Karnataka,ENT-REF-233981,78,0.0646
ENT-011596,ACCOUNT,Telangana,ENT-REF-926034,48,0.0555
ENT-011597,ACCOUNT,Delhi,ENT-REF-128941,29,0.2675
ENT-011598,PHONE,Rajasthan,ENT-REF-443866,3,0.0929
ENT-011599,WALLET,Telangana,ENT-REF-774414,47,0.1071
ENT-011600,ACCOUNT,Telangana,ENT-REF-752175,42,0.176
ENT-011601,ACCOUNT,Delhi,ENT-REF-724409,59,0.1274
ENT-011602,PHONE,Maharashtra,ENT-REF-977329,37,0.1843
ENT-011603,BENEFICIARY,Uttar Pradesh,ENT-REF-502077,52,0.2827
ENT-011604,PHONE,Tamil Nadu,ENT-REF-637863,18,0.315
ENT-011605,ACCOUNT,Bihar,ENT-REF-389484,60,0.1221
ENT-011606,DEVICE,Maharashtra,ENT-REF-744820,64,0.0651
ENT-011607,ACCOUNT,Uttar Pradesh,ENT-REF-910579,45,0.5474
ENT-011608,ACCOUNT,Maharashtra,ENT-REF-220470,74,0.1048
ENT-011609,PHONE,Delhi,ENT-REF-746470,78,0.1319
ENT-011610,BENEFICIARY,Madhya Pradesh,ENT-REF-728216,11,0.2128
ENT-011611,ACCOUNT,Telangana,ENT-REF-613596,73,0.103
ENT-011612,ACCOUNT,Telangana,ENT-REF-527187,79,0.32
ENT-011613,WALLET,Bihar,ENT-REF-478081,66,0.1552
ENT-011614,DEVICE,Madhya Pradesh,ENT-REF-909725,45,0.0662
ENT-011615,DEVICE,Maharashtra,ENT-REF-476685,71,0.1121
ENT-011616,MERCHANT,Telangana,ENT-REF-648893,24,0.2205
ENT-011617,ACCOUNT,West Bengal,ENT-REF-707096,67,0.098
ENT-011618,ACCOUNT,Madhya Pradesh,ENT-REF-413777,76,0.1499
ENT-011619,ACCOUNT,Tamil Nadu,ENT-REF-180436,9,0.0658
ENT-011620,ACCOUNT,Telangana,ENT-REF-511246,14,0.1606
ENT-011621,WALLET,Karnataka,ENT-REF-648103,68,0.243
ENT-011622,WALLET,Uttar Pradesh,ENT-REF-133760,34,0.1074
ENT-011623,BENEFICIARY,Uttar Pradesh,ENT-REF-145825,15,0.218
ENT-011624,DEVICE,West Bengal,ENT-REF-132409,44,0.0927
ENT-011625,PHONE,Madhya Pradesh,ENT-REF-741888,37,0.0474
ENT-011626,DEVICE,Tamil Nadu,ENT-REF-218714,12,0.2019
ENT-011627,PHONE,Telangana,ENT-REF-152412,61,0.2302
ENT-011628,ACCOUNT,West Bengal,ENT-REF-347224,71,0.0554
ENT-011629,PHONE,Madhya Pradesh,ENT-REF-962182,48,0.076
ENT-011630,MERCHANT,Uttar Pradesh,ENT-REF-541561,11,0.4131
ENT-011631,PHONE,West Bengal,ENT-REF-364950,66,0.1269
ENT-011632,BENEFICIARY,Rajasthan,ENT-REF-289427,32,0.3033
ENT-011633,WALLET,Delhi,ENT-REF-789579,18,0.1106
ENT-011634,ACCOUNT,Rajasthan,ENT-REF-768439,8,0.3231
ENT-011635,PHONE,Madhya Pradesh,ENT-REF-211027,21,0.2298
ENT-011636,BENEFICIARY,Karnataka,ENT-REF-540226,68,0.047
ENT-011637,PHONE,Tamil Nadu,ENT-REF-987712,39,0.2112
ENT-011638,PHONE,Tamil Nadu,ENT-REF-471755,52,0.2708
ENT-011639,MERCHANT,Telangana,ENT-REF-577457,50,0.3218
ENT-011640,DEVICE,Maharashtra,ENT-REF-597118,5,0.12
ENT-011641,PHONE,Uttar Pradesh,ENT-REF-486913,36,0.101
ENT-011642,ACCOUNT,Delhi,ENT-REF-133587,56,0.027
ENT-011643,ACCOUNT,Madhya Pradesh,ENT-REF-918660,66,0.3194
ENT-011644,ACCOUNT,Uttar Pradesh,ENT-REF-984821,79,0.1274
ENT-011645,ACCOUNT,Delhi,ENT-REF-869850,2,0.0781
ENT-011646,ACCOUNT,Karnataka,ENT-REF-352941,50,0.1915
ENT-011647,ACCOUNT,Uttar Pradesh,ENT-REF-585215,7,0.2697
ENT-011648,ACCOUNT,West Bengal,ENT-REF-443409,5,0.0257
ENT-011649,DEVICE,Maharashtra,ENT-REF-607866,19,0.0798
ENT-011650,DEVICE,West Bengal,ENT-REF-256873,19,0.2155
ENT-011651,ACCOUNT,Telangana,ENT-REF-723844,50,0.2483
ENT-011652,BENEFICIARY,West Bengal,ENT-REF-714951,43,0.1038
ENT-011653,DEVICE,Tamil Nadu,ENT-REF-766972,39,0.4076
ENT-011654,DEVICE,Telangana,ENT-REF-108182,33,0.0394
ENT-011655,WALLET,Maharashtra,ENT-REF-116067,39,0.012
ENT-011656,WALLET,Delhi,ENT-REF-277904,69,0.3495
ENT-011657,PHONE,Rajasthan,ENT-REF-364306,50,0.0524
ENT-011658,MERCHANT,Delhi,ENT-REF-134157,34,0.1745
ENT-011659,BENEFICIARY,Karnataka,ENT-REF-285145,54,0.4574
ENT-011660,WALLET,Bihar,ENT-REF-136936,66,0.3477
ENT-011661,PHONE,Karnataka,ENT-REF-257067,74,0.3935
ENT-011662,PHONE,Delhi,ENT-REF-540748,56,0.0443
ENT-011663,ACCOUNT,Karnataka,ENT-REF-364977,18,0.0945
ENT-011664,PHONE,Bihar,ENT-REF-333219,12,0.303
ENT-011665,BENEFICIARY,Rajasthan,ENT-REF-194535,39,0.2719
ENT-011666,PHONE,Tamil Nadu,ENT-REF-726218,6,0.1521
ENT-011667,PHONE,Tamil Nadu,ENT-REF-513667,9,0.0092
ENT-011668,BENEFICIARY,Delhi,ENT-REF-411978,21,0.0563
ENT-011669,PHONE,West Bengal,ENT-REF-891816,16,0.0831
ENT-011670,PHONE,Telangana,ENT-REF-207074,76,0.2195
ENT-011671,DEVICE,Maharashtra,ENT-REF-695458,34,0.1763
ENT-011672,ACCOUNT,Maharashtra,ENT-REF-480416,41,0.182
ENT-011673,BENEFICIARY,Maharashtra,ENT-REF-125592,10,0.0596
ENT-011674,ACCOUNT,Rajasthan,ENT-REF-763427,64,0.1217
ENT-011675,BENEFICIARY,Madhya Pradesh,ENT-REF-967869,69,0.1671
ENT-011676,BENEFICIARY,Rajasthan,ENT-REF-448281,3,0.1629
ENT-011677,DEVICE,Karnataka,ENT-REF-333280,5,0.2224
ENT-011678,DEVICE,Maharashtra,ENT-REF-121074,62,0.163
ENT-011679,PHONE,Maharashtra,ENT-REF-331599,50,0.1504
ENT-011680,ACCOUNT,Karnataka,ENT-REF-704558,3,0.1318
ENT-011681,DEVICE,West Bengal,ENT-REF-147684,5,0.0788
ENT-011682,WALLET,Maharashtra,ENT-REF-443451,7,0.2593
ENT-011683,ACCOUNT,Karnataka,ENT-REF-211070,16,0.1998
ENT-011684,PHONE,Maharashtra,ENT-REF-757976,32,0.0563
ENT-011685,PHONE,Delhi,ENT-REF-840602,65,0.2209
ENT-011686,PHONE,Maharashtra,ENT-REF-593702,33,0.0481
ENT-011687,PHONE,West Bengal,ENT-REF-383221,33,0.1605
ENT-011688,ACCOUNT,Madhya Pradesh,ENT-REF-319928,13,0.2629
ENT-011689,ACCOUNT,Madhya Pradesh,ENT-REF-185200,63,0.1278
ENT-011690,BENEFICIARY,Karnataka,ENT-REF-463271,26,0.1591
ENT-011691,WALLET,Delhi,ENT-REF-687855,9,0.171
ENT-011692,PHONE,Tamil Nadu,ENT-REF-879170,24,0.1254
ENT-011693,PHONE,Madhya Pradesh,ENT-REF-140727,14,0.1409
ENT-011694,PHONE,Karnataka,ENT-REF-648764,11,0.2233
ENT-011695,PHONE,Uttar Pradesh,ENT-REF-740424,58,0.2816
ENT-011696,ACCOUNT,Delhi,ENT-REF-678560,29,0.1424
ENT-011697,PHONE,Tamil Nadu,ENT-REF-130606,27,0.1791
ENT-011698,ACCOUNT,Madhya Pradesh,ENT-REF-985066,59,0.282
ENT-011699,ACCOUNT,Madhya Pradesh,ENT-REF-168655,68,0.2427
ENT-011700,ACCOUNT,Rajasthan,ENT-REF-405714,22,0.0442
ENT-011701,BENEFICIARY,Maharashtra,ENT-REF-836270,38,0.3135
ENT-011702,ACCOUNT,Telangana,ENT-REF-991538,1,0.1874
ENT-011703,PHONE,Uttar Pradesh,ENT-REF-186869,13,0.0771
ENT-011704,BENEFICIARY,Bihar,ENT-REF-846455,11,0.0247
ENT-011705,ACCOUNT,Maharashtra,ENT-REF-596997,21,0.5623
ENT-011706,PHONE,Maharashtra,ENT-REF-671663,64,0.1954
ENT-011707,DEVICE,West Bengal,ENT-REF-427784,2,0.0867
ENT-011708,DEVICE,Bihar,ENT-REF-753746,11,0.1233
ENT-011709,BENEFICIARY,Tamil Nadu,ENT-REF-349673,11,0.3123
ENT-011710,ACCOUNT,Tamil Nadu,ENT-REF-943854,11,0.3035
ENT-011711,PHONE,Delhi,ENT-REF-488594,13,0.02
ENT-011712,DEVICE,Bihar,ENT-REF-259445,36,0.0391
ENT-011713,DEVICE,Tamil Nadu,ENT-REF-529739,65,0.0915
ENT-011714,WALLET,Madhya Pradesh,ENT-REF-955843,41,0.2597
ENT-011715,WALLET,Karnataka,ENT-REF-643325,9,0.1779
ENT-011716,DEVICE,Madhya Pradesh,ENT-REF-721433,52,0.0185
ENT-011717,DEVICE,Rajasthan,ENT-REF-561729,2,0.1594
ENT-011718,MERCHANT,Telangana,ENT-REF-580197,9,0.0555
ENT-011719,BENEFICIARY,Karnataka,ENT-REF-396786,28,0.0825
ENT-011720,BENEFICIARY,Maharashtra,ENT-REF-522102,70,0.0476
ENT-011721,WALLET,Maharashtra,ENT-REF-513656,5,0.3886
ENT-011722,BENEFICIARY,Madhya Pradesh,ENT-REF-253496,3,0.1335
ENT-011723,PHONE,Tamil Nadu,ENT-REF-774780,74,0.1313
ENT-011724,ACCOUNT,Bihar,ENT-REF-844755,78,0.4117
ENT-011725,ACCOUNT,Karnataka,ENT-REF-617266,78,0.0218
ENT-011726,DEVICE,West Bengal,ENT-REF-894972,62,0.1658
ENT-011727,ACCOUNT,Karnataka,ENT-REF-133598,59,0.0628
ENT-011728,BENEFICIARY,West Bengal,ENT-REF-386351,12,0.1194
ENT-011729,MERCHANT,West Bengal,ENT-REF-478743,73,0.3159
ENT-011730,DEVICE,West Bengal,ENT-REF-542386,15,0.0879
ENT-011731,ACCOUNT,Rajasthan,ENT-REF-215643,76,0.0499
ENT-011732,WALLET,Telangana,ENT-REF-324420,65,0.2113
ENT-011733,BENEFICIARY,Delhi,ENT-REF-702633,54,0.1102
ENT-011734,ACCOUNT,Karnataka,ENT-REF-160788,42,0.0369
ENT-011735,ACCOUNT,Telangana,ENT-REF-379167,67,0.3202
ENT-011736,PHONE,Karnataka,ENT-REF-198943,14,0.4258
ENT-011737,BENEFICIARY,Uttar Pradesh,ENT-REF-182453,29,0.1355
ENT-011738,PHONE,Delhi,ENT-REF-795846,4,0.085
ENT-011739,PHONE,Bihar,ENT-REF-889619,60,0.2094
ENT-011740,BENEFICIARY,Maharashtra,ENT-REF-629590,79,0.1098
ENT-011741,BENEFICIARY,Karnataka,ENT-REF-869143,21,0.0317
ENT-011742,DEVICE,Uttar Pradesh,ENT-REF-379919,77,0.1709
ENT-011743,BENEFICIARY,Rajasthan,ENT-REF-977444,76,0.224
ENT-011744,ACCOUNT,Rajasthan,ENT-REF-174425,44,0.1995
ENT-011745,MERCHANT,Uttar Pradesh,ENT-REF-675816,46,0.0938
ENT-011746,ACCOUNT,Karnataka,ENT-REF-550526,51,0.0275
ENT-011747,WALLET,Maharashtra,ENT-REF-596448,16,0.1519
ENT-011748,BENEFICIARY,Telangana,ENT-REF-313251,69,0.2658
ENT-011749,ACCOUNT,Karnataka,ENT-REF-220025,24,0.1167
ENT-011750,BENEFICIARY,Karnataka,ENT-REF-308741,36,0.054
ENT-011751,BENEFICIARY,Delhi,ENT-REF-906056,27,0.1308
ENT-011752,WALLET,Uttar Pradesh,ENT-REF-921529,62,0.0401
ENT-011753,PHONE,West Bengal,ENT-REF-521000,62,0.3132
ENT-011754,ACCOUNT,Maharashtra,ENT-REF-205975,46,0.0972
ENT-011755,DEVICE,Tamil Nadu,ENT-REF-506665,16,0.4623
ENT-011756,ACCOUNT,Maharashtra,ENT-REF-636550,2,0.0333
ENT-011757,ACCOUNT,Bihar,ENT-REF-841867,53,0.349
ENT-011758,BENEFICIARY,Telangana,ENT-REF-766479,48,0.1499
ENT-011759,PHONE,Madhya Pradesh,ENT-REF-982877,69,0.0947
ENT-011760,DEVICE,Tamil Nadu,ENT-REF-278619,34,0.087
ENT-011761,MERCHANT,Tamil Nadu,ENT-REF-189525,76,0.0392
ENT-011762,ACCOUNT,Madhya Pradesh,ENT-REF-475472,66,0.2659
ENT-011763,PHONE,Madhya Pradesh,ENT-REF-629049,57,0.1268
ENT-011764,BENEFICIARY,Uttar Pradesh,ENT-REF-606133,12,0.0738
ENT-011765,ACCOUNT,Bihar,ENT-REF-597428,25,0.2617
ENT-011766,DEVICE,Delhi,ENT-REF-714891,17,0.4364
ENT-011767,ACCOUNT,Karnataka,ENT-REF-864748,13,0.3145
ENT-011768,MERCHANT,Karnataka,ENT-REF-569976,31,0.3497
ENT-011769,PHONE,Karnataka,ENT-REF-793397,67,0.2616
ENT-011770,BENEFICIARY,Tamil Nadu,ENT-REF-343222,4,0.2034
ENT-011771,ACCOUNT,Tamil Nadu,ENT-REF-875015,43,0.1921
ENT-011772,MERCHANT,Tamil Nadu,ENT-REF-882166,50,0.1126
ENT-011773,PHONE,West Bengal,ENT-REF-504344,64,0.4353
ENT-011774,MERCHANT,Karnataka,ENT-REF-144458,21,0.196
ENT-011775,ACCOUNT,Delhi,ENT-REF-402858,72,0.0402
ENT-011776,DEVICE,Maharashtra,ENT-REF-660936,32,0.2841
ENT-011777,ACCOUNT,Karnataka,ENT-REF-579480,6,0.1151
ENT-011778,WALLET,Rajasthan,ENT-REF-766075,19,0.0149
ENT-011779,ACCOUNT,Uttar Pradesh,ENT-REF-313629,75,0.0185
ENT-011780,DEVICE,Rajasthan,ENT-REF-394355,2,0.0742
ENT-011781,ACCOUNT,Rajasthan,ENT-REF-364721,67,0.1023
ENT-011782,DEVICE,Delhi,ENT-REF-904276,27,0.1252
ENT-011783,ACCOUNT,Uttar Pradesh,ENT-REF-325425,69,0.0293
ENT-011784,PHONE,Karnataka,ENT-REF-884565,10,0.0744
ENT-011785,BENEFICIARY,Rajasthan,ENT-REF-499302,19,0.1791
ENT-011786,ACCOUNT,Maharashtra,ENT-REF-444670,29,0.2139
ENT-011787,BENEFICIARY,Karnataka,ENT-REF-153769,47,0.1089
ENT-011788,ACCOUNT,Tamil Nadu,ENT-REF-767280,4,0.2661
ENT-011789,DEVICE,Karnataka,ENT-REF-903369,30,0.1144
ENT-011790,WALLET,Madhya Pradesh,ENT-REF-523640,18,0.0231
ENT-011791,BENEFICIARY,Telangana,ENT-REF-165591,21,0.279
ENT-011792,ACCOUNT,Bihar,ENT-REF-846948,71,0.1872
ENT-011793,PHONE,Uttar Pradesh,ENT-REF-153201,50,0.2059
ENT-011794,ACCOUNT,Delhi,ENT-REF-212635,58,0.0341
ENT-011795,BENEFICIARY,Uttar Pradesh,ENT-REF-926332,53,0.1129
ENT-011796,DEVICE,Delhi,ENT-REF-488698,57,0.0397
ENT-011797,DEVICE,Telangana,ENT-REF-336606,66,0.0296
ENT-011798,BENEFICIARY,Bihar,ENT-REF-877550,77,0.0775
ENT-011799,PHONE,Madhya Pradesh,ENT-REF-496531,66,0.0344
ENT-011800,WALLET,Karnataka,ENT-REF-168736,17,0.6381
ENT-011801,MERCHANT,Telangana,ENT-REF-151499,8,0.2088
ENT-011802,PHONE,Bihar,ENT-REF-205224,11,0.3189
ENT-011803,MERCHANT,Karnataka,ENT-REF-292355,30,0.1809
ENT-011804,ACCOUNT,Delhi,ENT-REF-358548,33,0.5096
ENT-011805,MERCHANT,Rajasthan,ENT-REF-664467,37,0.102
ENT-011806,PHONE,Rajasthan,ENT-REF-806884,68,0.0593
ENT-011807,BENEFICIARY,Rajasthan,ENT-REF-179775,10,0.133
ENT-011808,DEVICE,Karnataka,ENT-REF-517698,39,0.1059
ENT-011809,ACCOUNT,Maharashtra,ENT-REF-496675,68,0.1352
ENT-011810,DEVICE,Uttar Pradesh,ENT-REF-129058,23,0.1115
ENT-011811,ACCOUNT,Tamil Nadu,ENT-REF-699916,26,0.0933
ENT-011812,PHONE,Karnataka,ENT-REF-522268,57,0.2055
ENT-011813,ACCOUNT,Madhya Pradesh,ENT-REF-964200,43,0.2686
ENT-011814,DEVICE,Rajasthan,ENT-REF-804169,13,0.38
ENT-011815,DEVICE,Telangana,ENT-REF-499084,34,0.0363
ENT-011816,DEVICE,West Bengal,ENT-REF-105203,79,0.1583
ENT-011817,BENEFICIARY,Maharashtra,ENT-REF-540275,28,0.2372
ENT-011818,WALLET,Delhi,ENT-REF-237627,68,0.2382
ENT-011819,WALLET,Karnataka,ENT-REF-927551,28,0.1024
ENT-011820,BENEFICIARY,Delhi,ENT-REF-839605,15,0.0995
ENT-011821,BENEFICIARY,Delhi,ENT-REF-248959,19,0.2188
ENT-011822,DEVICE,Bihar,ENT-REF-494383,78,0.2554
ENT-011823,BENEFICIARY,Karnataka,ENT-REF-990331,33,0.0423
ENT-011824,BENEFICIARY,Madhya Pradesh,ENT-REF-971957,6,0.0501
ENT-011825,BENEFICIARY,Rajasthan,ENT-REF-795615,70,0.0237
ENT-011826,BENEFICIARY,Madhya Pradesh,ENT-REF-576994,61,0.4847
ENT-011827,MERCHANT,Uttar Pradesh,ENT-REF-838238,77,0.1036
ENT-011828,ACCOUNT,Maharashtra,ENT-REF-890836,10,0.1491
ENT-011829,PHONE,Madhya Pradesh,ENT-REF-594102,34,0.221
ENT-011830,BENEFICIARY,Karnataka,ENT-REF-480785,1,0.0275
ENT-011831,PHONE,Maharashtra,ENT-REF-708846,21,0.0771
ENT-011832,ACCOUNT,Madhya Pradesh,ENT-REF-429242,65,0.0987
ENT-011833,WALLET,Tamil Nadu,ENT-REF-444035,74,0.2591
ENT-011834,ACCOUNT,Telangana,ENT-REF-327987,76,0.0527
ENT-011835,PHONE,Tamil Nadu,ENT-REF-786183,34,0.1976
ENT-011836,DEVICE,Uttar Pradesh,ENT-REF-320064,47,0.3378
ENT-011837,DEVICE,Maharashtra,ENT-REF-885529,32,0.2001
ENT-011838,ACCOUNT,Rajasthan,ENT-REF-448090,63,0.0673
ENT-011839,PHONE,Bihar,ENT-REF-650177,70,0.0224
ENT-011840,WALLET,Delhi,ENT-REF-951482,4,0.1328
ENT-011841,BENEFICIARY,Telangana,ENT-REF-951259,46,0.2441
ENT-011842,ACCOUNT,Uttar Pradesh,ENT-REF-341144,40,0.0529
ENT-011843,DEVICE,Maharashtra,ENT-REF-270725,64,0.3564
ENT-011844,ACCOUNT,Madhya Pradesh,ENT-REF-543715,20,0.1964
ENT-011845,ACCOUNT,West Bengal,ENT-REF-449238,27,0.0862
ENT-011846,WALLET,Uttar Pradesh,ENT-REF-654596,19,0.1285
ENT-011847,WALLET,Delhi,ENT-REF-116261,73,0.1685
ENT-011848,PHONE,Madhya Pradesh,ENT-REF-293937,26,0.0958
ENT-011849,PHONE,Karnataka,ENT-REF-675692,11,0.4112
ENT-011850,BENEFICIARY,Delhi,ENT-REF-299421,39,0.1585
ENT-011851,DEVICE,Uttar Pradesh,ENT-REF-662512,78,0.0418
ENT-011852,ACCOUNT,Tamil Nadu,ENT-REF-922685,59,0.3801
ENT-011853,DEVICE,Delhi,ENT-REF-560193,42,0.1434
ENT-011854,BENEFICIARY,Karnataka,ENT-REF-379703,74,0.4527
ENT-011855,BENEFICIARY,Karnataka,ENT-REF-441077,63,0.2075
ENT-011856,ACCOUNT,Tamil Nadu,ENT-REF-736860,38,0.0948
ENT-011857,PHONE,Delhi,ENT-REF-584433,49,0.2478
ENT-011858,ACCOUNT,Maharashtra,ENT-REF-137089,59,0.4964
ENT-011859,ACCOUNT,Rajasthan,ENT-REF-548494,78,0.1364
ENT-011860,ACCOUNT,Maharashtra,ENT-REF-651638,3,0.1864
ENT-011861,PHONE,Uttar Pradesh,ENT-REF-101480,38,0.0742
ENT-011862,DEVICE,Bihar,ENT-REF-755224,70,0.1778
ENT-011863,DEVICE,Uttar Pradesh,ENT-REF-906840,62,0.1373
ENT-011864,MERCHANT,Bihar,ENT-REF-362630,49,0.0081
ENT-011865,MERCHANT,Bihar,ENT-REF-627564,51,0.452
ENT-011866,ACCOUNT,Karnataka,ENT-REF-703980,4,0.2449
ENT-011867,MERCHANT,Delhi,ENT-REF-303963,2,0.0375
ENT-011868,WALLET,Karnataka,ENT-REF-329256,14,0.4168
ENT-011869,WALLET,Tamil Nadu,ENT-REF-581186,62,0.3042
ENT-011870,DEVICE,Telangana,ENT-REF-902839,34,0.1465
ENT-011871,ACCOUNT,Uttar Pradesh,ENT-REF-929452,71,0.1095
ENT-011872,PHONE,Maharashtra,ENT-REF-429503,65,0.0919
ENT-011873,WALLET,Delhi,ENT-REF-437700,6,0.1744
ENT-011874,PHONE,Delhi,ENT-REF-675481,79,0.0377
ENT-011875,PHONE,Madhya Pradesh,ENT-REF-160375,58,0.0337
ENT-011876,ACCOUNT,Telangana,ENT-REF-478959,63,0.0876
ENT-011877,BENEFICIARY,Madhya Pradesh,ENT-REF-148807,40,0.0808
ENT-011878,ACCOUNT,Maharashtra,ENT-REF-975899,42,0.3754
ENT-011879,ACCOUNT,Delhi,ENT-REF-818236,71,0.2892
ENT-011880,BENEFICIARY,Madhya Pradesh,ENT-REF-976583,69,0.1326
ENT-011881,PHONE,Tamil Nadu,ENT-REF-886259,11,0.235
ENT-011882,ACCOUNT,Delhi,ENT-REF-121022,60,0.1224
ENT-011883,ACCOUNT,Bihar,ENT-REF-986868,54,0.1734
ENT-011884,BENEFICIARY,Madhya Pradesh,ENT-REF-336222,2,0.553
ENT-011885,WALLET,Bihar,ENT-REF-375112,39,0.0496
ENT-011886,PHONE,Uttar Pradesh,ENT-REF-684477,41,0.1213
ENT-011887,DEVICE,Maharashtra,ENT-REF-298319,29,0.1102
ENT-011888,PHONE,Telangana,ENT-REF-863369,52,0.0946
ENT-011889,MERCHANT,Rajasthan,ENT-REF-394531,39,0.3267
ENT-011890,ACCOUNT,Tamil Nadu,ENT-REF-384213,61,0.2818
ENT-011891,MERCHANT,Tamil Nadu,ENT-REF-605578,54,0.0907
ENT-011892,PHONE,Tamil Nadu,ENT-REF-124267,44,0.3421
ENT-011893,WALLET,Tamil Nadu,ENT-REF-191967,71,0.2215
ENT-011894,PHONE,Delhi,ENT-REF-550802,34,0.5071
ENT-011895,PHONE,Bihar,ENT-REF-369809,31,0.7144
ENT-011896,ACCOUNT,Madhya Pradesh,ENT-REF-839614,75,0.0159
ENT-011897,WALLET,Karnataka,ENT-REF-273185,48,0.0379
ENT-011898,PHONE,Madhya Pradesh,ENT-REF-146461,42,0.2194
ENT-011899,PHONE,Karnataka,ENT-REF-944009,43,0.336
ENT-011900,ACCOUNT,Karnataka,ENT-REF-471932,59,0.0257
ENT-011901,PHONE,Uttar Pradesh,ENT-REF-339316,54,0.0899
ENT-011902,MERCHANT,Delhi,ENT-REF-647592,62,0.1389
ENT-011903,PHONE,Tamil Nadu,ENT-REF-852026,26,0.0397
ENT-011904,ACCOUNT,Karnataka,ENT-REF-797847,4,0.07
ENT-011905,PHONE,Karnataka,ENT-REF-669628,60,0.1311
ENT-011906,ACCOUNT,Maharashtra,ENT-REF-119851,28,0.2001
ENT-011907,PHONE,Karnataka,ENT-REF-437284,25,0.2188
ENT-011908,PHONE,Delhi,ENT-REF-840936,18,0.1451
ENT-011909,MERCHANT,Rajasthan,ENT-REF-795741,27,0.0034
ENT-011910,DEVICE,Uttar Pradesh,ENT-REF-721466,65,0.1937
ENT-011911,DEVICE,Karnataka,ENT-REF-861344,60,0.0888
ENT-011912,WALLET,Delhi,ENT-REF-199927,55,0.0602
ENT-011913,MERCHANT,West Bengal,ENT-REF-176670,61,0.2712
ENT-011914,PHONE,Tamil Nadu,ENT-REF-923798,41,0.1821
ENT-011915,ACCOUNT,Madhya Pradesh,ENT-REF-291810,13,0.1526
ENT-011916,BENEFICIARY,Karnataka,ENT-REF-160816,70,0.1636
ENT-011917,ACCOUNT,Maharashtra,ENT-REF-814389,77,0.1995
ENT-011918,MERCHANT,Bihar,ENT-REF-873340,44,0.0036
ENT-011919,ACCOUNT,Madhya Pradesh,ENT-REF-354978,1,0.055
ENT-011920,BENEFICIARY,Maharashtra,ENT-REF-490607,78,0.0989
ENT-011921,PHONE,Madhya Pradesh,ENT-REF-189859,17,0.116
ENT-011922,ACCOUNT,Bihar,ENT-REF-121904,64,0.3133
ENT-011923,PHONE,Tamil Nadu,ENT-REF-677031,49,0.2877
ENT-011924,DEVICE,Telangana,ENT-REF-175820,33,0.1886
ENT-011925,DEVICE,Rajasthan,ENT-REF-300446,39,0.2905
ENT-011926,BENEFICIARY,Madhya Pradesh,ENT-REF-162519,36,0.2924
ENT-011927,BENEFICIARY,Uttar Pradesh,ENT-REF-597784,61,0.0289
ENT-011928,PHONE,Uttar Pradesh,ENT-REF-321488,29,0.1497
ENT-011929,BENEFICIARY,Rajasthan,ENT-REF-216272,45,0.1202
ENT-011930,BENEFICIARY,Maharashtra,ENT-REF-201405,50,0.0786
ENT-011931,PHONE,Karnataka,ENT-REF-819302,9,0.2424
ENT-011932,PHONE,Uttar Pradesh,ENT-REF-377746,66,0.1191
ENT-011933,BENEFICIARY,Madhya Pradesh,ENT-REF-511897,6,0.3539
ENT-011934,WALLET,Tamil Nadu,ENT-REF-893935,65,0.0039
ENT-011935,BENEFICIARY,Tamil Nadu,ENT-REF-473044,36,0.0159
ENT-011936,ACCOUNT,West Bengal,ENT-REF-983171,41,0.1057
ENT-011937,MERCHANT,Telangana,ENT-REF-406192,59,0.0177
ENT-011938,WALLET,Delhi,ENT-REF-536326,46,0.1666
ENT-011939,DEVICE,Uttar Pradesh,ENT-REF-130954,12,0.1291
ENT-011940,ACCOUNT,Tamil Nadu,ENT-REF-528796,3,0.3686
ENT-011941,ACCOUNT,Rajasthan,ENT-REF-296422,55,0.2212
ENT-011942,PHONE,Rajasthan,ENT-REF-333253,77,0.0533
ENT-011943,BENEFICIARY,Rajasthan,ENT-REF-623497,39,0.1305
ENT-011944,ACCOUNT,Bihar,ENT-REF-244766,41,0.2731
ENT-011945,DEVICE,Uttar Pradesh,ENT-REF-235207,60,0.3136
ENT-011946,WALLET,Uttar Pradesh,ENT-REF-604597,50,0.0441
ENT-011947,ACCOUNT,Tamil Nadu,ENT-REF-441024,73,0.2044
ENT-011948,DEVICE,Delhi,ENT-REF-530314,79,0.093
ENT-011949,WALLET,Karnataka,ENT-REF-120212,23,0.3242
ENT-011950,MERCHANT,Karnataka,ENT-REF-375617,47,0.2463
ENT-011951,ACCOUNT,Uttar Pradesh,ENT-REF-790209,64,0.0919
ENT-011952,MERCHANT,Telangana,ENT-REF-886574,4,0.1787
ENT-011953,MERCHANT,Karnataka,ENT-REF-871352,9,0.2196
ENT-011954,BENEFICIARY,Uttar Pradesh,ENT-REF-749695,4,0.0463
ENT-011955,BENEFICIARY,Delhi,ENT-REF-595073,27,0.3118
ENT-011956,ACCOUNT,Madhya Pradesh,ENT-REF-392512,79,0.0227
ENT-011957,WALLET,Rajasthan,ENT-REF-285272,3,0.1721
ENT-011958,WALLET,West Bengal,ENT-REF-487788,75,0.1149
ENT-011959,MERCHANT,Karnataka,ENT-REF-616436,40,0.0316
ENT-011960,WALLET,Uttar Pradesh,ENT-REF-471535,57,0.0294
ENT-011961,DEVICE,Bihar,ENT-REF-119910,8,0.2736
ENT-011962,DEVICE,Tamil Nadu,ENT-REF-815490,38,0.1325
ENT-011963,MERCHANT,Uttar Pradesh,ENT-REF-238563,73,0.2689
ENT-011964,MERCHANT,Rajasthan,ENT-REF-669392,79,0.1339
ENT-011965,DEVICE,West Bengal,ENT-REF-815582,77,0.3147
ENT-011966,DEVICE,Delhi,ENT-REF-238421,8,0.1268
ENT-011967,ACCOUNT,Karnataka,ENT-REF-730236,22,0.2304
ENT-011968,ACCOUNT,Tamil Nadu,ENT-REF-854591,76,0.0782
ENT-011969,DEVICE,Rajasthan,ENT-REF-146838,18,0.1996
ENT-011970,BENEFICIARY,Uttar Pradesh,ENT-REF-346490,19,0.1279
ENT-011971,BENEFICIARY,Tamil Nadu,ENT-REF-379849,42,0.0881
ENT-011972,ACCOUNT,Uttar Pradesh,ENT-REF-245252,42,0.4981
ENT-011973,BENEFICIARY,Uttar Pradesh,ENT-REF-490692,73,0.0366
ENT-011974,DEVICE,Rajasthan,ENT-REF-770629,41,0.1368
ENT-011975,PHONE,Telangana,ENT-REF-335442,8,0.1009
ENT-011976,PHONE,Delhi,ENT-REF-793064,12,0.0123
ENT-011977,WALLET,Madhya Pradesh,ENT-REF-205640,64,0.4215
ENT-011978,BENEFICIARY,West Bengal,ENT-REF-991214,30,0.1591
ENT-011979,MERCHANT,Karnataka,ENT-REF-430222,24,0.1406
ENT-011980,ACCOUNT,Telangana,ENT-REF-409332,63,0.1494
ENT-011981,ACCOUNT,Madhya Pradesh,ENT-REF-136642,47,0.0685
ENT-011982,PHONE,Maharashtra,ENT-REF-859010,48,0.0603
ENT-011983,MERCHANT,Telangana,ENT-REF-602144,27,0.3097
ENT-011984,PHONE,Bihar,ENT-REF-513292,46,0.1908
ENT-011985,ACCOUNT,Telangana,ENT-REF-782442,10,0.0532
ENT-011986,MERCHANT,Bihar,ENT-REF-743730,40,0.1421
ENT-011987,ACCOUNT,Delhi,ENT-REF-383046,18,0.2001
ENT-011988,ACCOUNT,Uttar Pradesh,ENT-REF-405575,42,0.0953
ENT-011989,ACCOUNT,Karnataka,ENT-REF-500123,10,0.081
ENT-011990,PHONE,West Bengal,ENT-REF-446260,18,0.4091
ENT-011991,WALLET,Delhi,ENT-REF-134146,40,0.178
ENT-011992,MERCHANT,Delhi,ENT-REF-351846,66,0.0188
ENT-011993,WALLET,Bihar,ENT-REF-480231,33,0.0467
ENT-011994,BENEFICIARY,Karnataka,ENT-REF-716529,26,0.3558
ENT-011995,ACCOUNT,Uttar Pradesh,ENT-REF-839278,65,0.1181
ENT-011996,DEVICE,Delhi,ENT-REF-732900,16,0.1548
ENT-011997,ACCOUNT,West Bengal,ENT-REF-578628,17,0.1327
ENT-011998,ACCOUNT,Madhya Pradesh,ENT-REF-271427,35,0.2554
ENT-011999,MERCHANT,Bihar,ENT-REF-202486,72,0.087
ENT-012000,MERCHANT,Maharashtra,ENT-REF-153298,55,0.1823
