intervention_id,complaint_id,intervention_type,outcome,time_to_action_hours,recipient_response
INT-000001,CMP-000001,NO_ACTION,SUCCESS,10.67,NOT_ACTED
INT-000002,CMP-000002,ENDPOINT_WATCH,NO_ACTION,18.24,ACTED
INT-000003,CMP-000003,JURISDICTION_HANDOFF,SUCCESS,36.36,ALREADY_ACTIONED
INT-000004,CMP-000004,ENDPOINT_WATCH,SUCCESS,35.33,ALREADY_ACTIONED
INT-000005,CMP-000005,NO_ACTION,SUCCESS,19.68,ACTED
INT-000006,CMP-000006,LIEN_MARK,NO_ACTION,35.54,OUT_OF_SCOPE
INT-000007,CMP-000007,ENDPOINT_WATCH,SUCCESS,11.74,OUT_OF_SCOPE
INT-000008,CMP-000008,ACCOUNT_FREEZE,SUCCESS,14.2,ACTED
INT-000009,CMP-000009,ENDPOINT_WATCH,SUCCESS,39.91,ACTED
INT-000010,CMP-000010,LIEN_MARK,PARTIAL,45.36,ACTED
INT-000011,CMP-000011,ACCOUNT_FREEZE,SUCCESS,15.02,ACTED
INT-000012,CMP-000012,JURISDICTION_HANDOFF,SUCCESS,39.62,OUT_OF_SCOPE
INT-000013,CMP-000013,LIEN_MARK,SUCCESS,35.51,ALREADY_ACTIONED
INT-000014,CMP-000014,NO_ACTION,PARTIAL,44.8,ACTED
INT-000015,CMP-000015,ACCOUNT_FREEZE,SUCCESS,35.87,ACTED
INT-000016,CMP-000016,ACCOUNT_FREEZE,SUCCESS,43.71,FALSE_POSITIVE
INT-000017,CMP-000017,ENDPOINT_WATCH,PARTIAL,35.65,ALREADY_ACTIONED
INT-000018,CMP-000018,ENDPOINT_WATCH,SUCCESS,47.06,ACTED
INT-000019,CMP-000019,ENDPOINT_WATCH,SUCCESS,42.92,ALREADY_ACTIONED
INT-000020,CMP-000020,JURISDICTION_HANDOFF,SUCCESS,40.3,ACTED
INT-000021,CMP-000021,LIEN_MARK,NO_ACTION,44.97,ACTED
INT-000022,CMP-000022,ACCOUNT_FREEZE,PARTIAL,24.26,ACTED
INT-000023,CMP-000023,LIEN_MARK,NO_ACTION,13.33,OUT_OF_SCOPE
INT-000024,CMP-000024,ACCOUNT_FREEZE,SUCCESS,13.03,ALREADY_ACTIONED
INT-000025,CMP-000025,ACCOUNT_FREEZE,NO_ACTION,17.4,NOT_ACTED
INT-000026,CMP-000026,LIEN_MARK,SUCCESS,33.0,ACTED
INT-000027,CMP-000027,ACCOUNT_FREEZE,NO_ACTION,5.89,ACTED
INT-000028,CMP-000028,ENDPOINT_WATCH,SUCCESS,21.53,ACTED
INT-000029,CMP-000029,NO_ACTION,NO_ACTION,17.13,NOT_ACTED
INT-000030,CMP-000030,ACCOUNT_FREEZE,SUCCESS,35.89,ACTED
INT-000031,CMP-000031,NO_ACTION,SUCCESS,41.54,ACTED
INT-000032,CMP-000032,LIEN_MARK,SUCCESS,43.7,NOT_ACTED
INT-000033,CMP-000033,JURISDICTION_HANDOFF,PARTIAL,43.69,OUT_OF_SCOPE
INT-000034,CMP-000034,LIEN_MARK,NO_ACTION,46.04,NOT_ACTED
INT-000035,CMP-000035,JURISDICTION_HANDOFF,PARTIAL,27.25,ACTED
INT-000036,CMP-000036,NO_ACTION,NO_ACTION,15.84,ACTED
INT-000037,CMP-000037,ACCOUNT_FREEZE,SUCCESS,37.0,ACTED
INT-000038,CMP-000038,NO_ACTION,SUCCESS,3.76,FALSE_POSITIVE
INT-000039,CMP-000039,ACCOUNT_FREEZE,PARTIAL,25.91,ALREADY_ACTIONED
INT-000040,CMP-000040,LIEN_MARK,SUCCESS,28.17,ALREADY_ACTIONED
INT-000041,CMP-000041,LIEN_MARK,NO_ACTION,43.81,NOT_ACTED
INT-000042,CMP-000042,JURISDICTION_HANDOFF,NO_ACTION,19.23,ACTED
INT-000043,CMP-000043,LIEN_MARK,SUCCESS,31.45,ACTED
INT-000044,CMP-000044,ACCOUNT_FREEZE,SUCCESS,33.66,ACTED
INT-000045,CMP-000045,JURISDICTION_HANDOFF,SUCCESS,30.42,ACTED
INT-000046,CMP-000046,NO_ACTION,SUCCESS,28.34,ALREADY_ACTIONED
INT-000047,CMP-000047,JURISDICTION_HANDOFF,SUCCESS,11.69,NOT_ACTED
INT-000048,CMP-000048,LIEN_MARK,SUCCESS,6.75,ACTED
INT-000049,CMP-000049,ACCOUNT_FREEZE,SUCCESS,47.99,ACTED
INT-000050,CMP-000050,NO_ACTION,SUCCESS,43.42,FALSE_POSITIVE
INT-000051,CMP-000051,JURISDICTION_HANDOFF,SUCCESS,36.62,NOT_ACTED
INT-000052,CMP-000052,ACCOUNT_FREEZE,SUCCESS,26.58,ACTED
INT-000053,CMP-000053,NO_ACTION,PARTIAL,35.34,FALSE_POSITIVE
INT-000054,CMP-000054,ACCOUNT_FREEZE,PARTIAL,10.21,ACTED
INT-000055,CMP-000055,NO_ACTION,SUCCESS,47.09,ACTED
INT-000056,CMP-000056,JURISDICTION_HANDOFF,PARTIAL,11.39,ALREADY_ACTIONED
INT-000057,CMP-000057,NO_ACTION,SUCCESS,43.6,ACTED
INT-000058,CMP-000058,NO_ACTION,NO_ACTION,22.03,NOT_ACTED
INT-000059,CMP-000059,NO_ACTION,PARTIAL,29.17,ACTED
INT-000060,CMP-000060,ACCOUNT_FREEZE,PARTIAL,28.59,ALREADY_ACTIONED
INT-000061,CMP-000061,LIEN_MARK,PARTIAL,38.75,FALSE_POSITIVE
INT-000062,CMP-000062,LIEN_MARK,PARTIAL,42.62,FALSE_POSITIVE
INT-000063,CMP-000063,LIEN_MARK,NO_ACTION,26.86,ACTED
INT-000064,CMP-000064,NO_ACTION,PARTIAL,18.81,ACTED
INT-000065,CMP-000065,LIEN_MARK,SUCCESS,7.34,ACTED
INT-000066,CMP-000066,NO_ACTION,SUCCESS,16.33,NOT_ACTED
INT-000067,CMP-000067,ENDPOINT_WATCH,SUCCESS,39.71,ACTED
INT-000068,CMP-000068,JURISDICTION_HANDOFF,SUCCESS,4.61,ACTED
INT-000069,CMP-000069,ACCOUNT_FREEZE,PARTIAL,23.62,NOT_ACTED
INT-000070,CMP-000070,LIEN_MARK,SUCCESS,26.56,FALSE_POSITIVE
INT-000071,CMP-000071,JURISDICTION_HANDOFF,PARTIAL,46.42,ALREADY_ACTIONED
INT-000072,CMP-000072,JURISDICTION_HANDOFF,SUCCESS,20.58,ACTED
INT-000073,CMP-000073,JURISDICTION_HANDOFF,NO_ACTION,7.91,FALSE_POSITIVE
INT-000074,CMP-000074,ACCOUNT_FREEZE,SUCCESS,19.42,FALSE_POSITIVE
INT-000075,CMP-000075,NO_ACTION,SUCCESS,41.49,ACTED
INT-000076,CMP-000076,LIEN_MARK,SUCCESS,41.36,ACTED
INT-000077,CMP-000077,JURISDICTION_HANDOFF,SUCCESS,19.03,NOT_ACTED
INT-000078,CMP-000078,ENDPOINT_WATCH,NO_ACTION,31.34,NOT_ACTED
INT-000079,CMP-000079,ACCOUNT_FREEZE,PARTIAL,22.5,ACTED
INT-000080,CMP-000080,JURISDICTION_HANDOFF,SUCCESS,9.08,FALSE_POSITIVE
INT-000081,CMP-000081,JURISDICTION_HANDOFF,NO_ACTION,41.35,OUT_OF_SCOPE
INT-000082,CMP-000082,ENDPOINT_WATCH,PARTIAL,26.04,NOT_ACTED
INT-000083,CMP-000083,ENDPOINT_WATCH,SUCCESS,19.26,FALSE_POSITIVE
INT-000084,CMP-000084,JURISDICTION_HANDOFF,SUCCESS,13.71,OUT_OF_SCOPE
INT-000085,CMP-000085,ENDPOINT_WATCH,SUCCESS,38.88,ALREADY_ACTIONED
INT-000086,CMP-000086,LIEN_MARK,SUCCESS,16.9,ALREADY_ACTIONED
INT-000087,CMP-000087,ACCOUNT_FREEZE,SUCCESS,26.67,NOT_ACTED
INT-000088,CMP-000088,ACCOUNT_FREEZE,PARTIAL,16.64,NOT_ACTED
INT-000089,CMP-000089,ACCOUNT_FREEZE,PARTIAL,34.54,ACTED
INT-000090,CMP-000090,ENDPOINT_WATCH,SUCCESS,19.18,ALREADY_ACTIONED
INT-000091,CMP-000091,JURISDICTION_HANDOFF,NO_ACTION,6.94,ALREADY_ACTIONED
INT-000092,CMP-000092,NO_ACTION,SUCCESS,40.7,NOT_ACTED
INT-000093,CMP-000093,JURISDICTION_HANDOFF,NO_ACTION,34.66,NOT_ACTED
INT-000094,CMP-000094,JURISDICTION_HANDOFF,SUCCESS,47.5,ALREADY_ACTIONED
INT-000095,CMP-000095,LIEN_MARK,PARTIAL,46.89,ALREADY_ACTIONED
INT-000096,CMP-000096,ACCOUNT_FREEZE,SUCCESS,27.6,FALSE_POSITIVE
INT-000097,CMP-000097,NO_ACTION,SUCCESS,6.93,ACTED
INT-000098,CMP-000098,LIEN_MARK,PARTIAL,23.9,NOT_ACTED
INT-000099,CMP-000099,NO_ACTION,NO_ACTION,19.55,NOT_ACTED
INT-000100,CMP-000100,ACCOUNT_FREEZE,SUCCESS,36.57,ACTED
INT-000101,CMP-000101,NO_ACTION,PARTIAL,8.89,ALREADY_ACTIONED
INT-000102,CMP-000102,LIEN_MARK,SUCCESS,36.66,FALSE_POSITIVE
INT-000103,CMP-000103,JURISDICTION_HANDOFF,SUCCESS,31.19,NOT_ACTED
INT-000104,CMP-000104,NO_ACTION,SUCCESS,34.18,NOT_ACTED
INT-000105,CMP-000105,LIEN_MARK,NO_ACTION,9.91,OUT_OF_SCOPE
INT-000106,CMP-000106,NO_ACTION,SUCCESS,41.55,ACTED
INT-000107,CMP-000107,JURISDICTION_HANDOFF,SUCCESS,15.73,ACTED
INT-000108,CMP-000108,ACCOUNT_FREEZE,NO_ACTION,42.11,ALREADY_ACTIONED
INT-000109,CMP-000109,ACCOUNT_FREEZE,SUCCESS,23.33,ALREADY_ACTIONED
INT-000110,CMP-000110,JURISDICTION_HANDOFF,NO_ACTION,14.25,ACTED
INT-000111,CMP-000111,ENDPOINT_WATCH,SUCCESS,5.27,FALSE_POSITIVE
INT-000112,CMP-000112,JURISDICTION_HANDOFF,SUCCESS,20.92,NOT_ACTED
INT-000113,CMP-000113,LIEN_MARK,NO_ACTION,30.03,FALSE_POSITIVE
INT-000114,CMP-000114,JURISDICTION_HANDOFF,SUCCESS,3.66,FALSE_POSITIVE
INT-000115,CMP-000115,JURISDICTION_HANDOFF,SUCCESS,21.14,FALSE_POSITIVE
INT-000116,CMP-000116,LIEN_MARK,NO_ACTION,24.93,FALSE_POSITIVE
INT-000117,CMP-000117,ENDPOINT_WATCH,NO_ACTION,47.04,FALSE_POSITIVE
INT-000118,CMP-000118,ACCOUNT_FREEZE,SUCCESS,43.63,NOT_ACTED
INT-000119,CMP-000119,JURISDICTION_HANDOFF,PARTIAL,28.7,ACTED
INT-000120,CMP-000120,JURISDICTION_HANDOFF,SUCCESS,9.94,ACTED
INT-000121,CMP-000121,LIEN_MARK,PARTIAL,20.6,NOT_ACTED
INT-000122,CMP-000122,ACCOUNT_FREEZE,SUCCESS,38.55,FALSE_POSITIVE
INT-000123,CMP-000123,LIEN_MARK,SUCCESS,26.51,NOT_ACTED
INT-000124,CMP-000124,LIEN_MARK,SUCCESS,19.45,ACTED
INT-000125,CMP-000125,ENDPOINT_WATCH,PARTIAL,19.42,ACTED
INT-000126,CMP-000126,LIEN_MARK,PARTIAL,42.49,ACTED
INT-000127,CMP-000127,ENDPOINT_WATCH,NO_ACTION,45.27,ACTED
INT-000128,CMP-000128,ENDPOINT_WATCH,SUCCESS,15.67,NOT_ACTED
INT-000129,CMP-000129,ACCOUNT_FREEZE,SUCCESS,25.12,FALSE_POSITIVE
INT-000130,CMP-000130,ENDPOINT_WATCH,SUCCESS,10.93,ACTED
INT-000131,CMP-000131,ACCOUNT_FREEZE,SUCCESS,35.02,ACTED
INT-000132,CMP-000132,LIEN_MARK,SUCCESS,7.12,OUT_OF_SCOPE
INT-000133,CMP-000133,NO_ACTION,SUCCESS,13.61,ACTED
INT-000134,CMP-000134,ACCOUNT_FREEZE,PARTIAL,30.07,ALREADY_ACTIONED
INT-000135,CMP-000135,LIEN_MARK,SUCCESS,32.25,ACTED
INT-000136,CMP-000136,NO_ACTION,SUCCESS,13.38,OUT_OF_SCOPE
INT-000137,CMP-000137,NO_ACTION,PARTIAL,6.25,ALREADY_ACTIONED
INT-000138,CMP-000138,ACCOUNT_FREEZE,NO_ACTION,39.75,ACTED
INT-000139,CMP-000139,LIEN_MARK,PARTIAL,12.82,ALREADY_ACTIONED
INT-000140,CMP-000140,LIEN_MARK,SUCCESS,20.46,ACTED
INT-000141,CMP-000141,ACCOUNT_FREEZE,SUCCESS,9.11,ALREADY_ACTIONED
INT-000142,CMP-000142,NO_ACTION,SUCCESS,39.03,ALREADY_ACTIONED
INT-000143,CMP-000143,ENDPOINT_WATCH,SUCCESS,34.46,NOT_ACTED
INT-000144,CMP-000144,ACCOUNT_FREEZE,SUCCESS,25.43,ACTED
INT-000145,CMP-000145,JURISDICTION_HANDOFF,SUCCESS,38.38,ACTED
INT-000146,CMP-000146,ENDPOINT_WATCH,SUCCESS,46.34,OUT_OF_SCOPE
INT-000147,CMP-000147,JURISDICTION_HANDOFF,NO_ACTION,3.32,ALREADY_ACTIONED
INT-000148,CMP-000148,ENDPOINT_WATCH,SUCCESS,42.9,ACTED
INT-000149,CMP-000149,NO_ACTION,SUCCESS,24.31,ACTED
INT-000150,CMP-000150,JURISDICTION_HANDOFF,SUCCESS,15.78,ACTED
INT-000151,CMP-000151,JURISDICTION_HANDOFF,PARTIAL,36.1,ACTED
INT-000152,CMP-000152,JURISDICTION_HANDOFF,PARTIAL,15.94,OUT_OF_SCOPE
INT-000153,CMP-000153,ACCOUNT_FREEZE,PARTIAL,27.76,NOT_ACTED
INT-000154,CMP-000154,ACCOUNT_FREEZE,PARTIAL,24.58,NOT_ACTED
INT-000155,CMP-000155,LIEN_MARK,PARTIAL,37.66,NOT_ACTED
INT-000156,CMP-000156,ACCOUNT_FREEZE,SUCCESS,35.59,FALSE_POSITIVE
INT-000157,CMP-000157,LIEN_MARK,NO_ACTION,10.2,ACTED
INT-000158,CMP-000158,ENDPOINT_WATCH,PARTIAL,37.26,ACTED
INT-000159,CMP-000159,NO_ACTION,NO_ACTION,42.3,ACTED
INT-000160,CMP-000160,JURISDICTION_HANDOFF,NO_ACTION,14.18,ACTED
INT-000161,CMP-000161,ENDPOINT_WATCH,SUCCESS,3.32,ACTED
INT-000162,CMP-000162,NO_ACTION,SUCCESS,43.41,ACTED
INT-000163,CMP-000163,LIEN_MARK,PARTIAL,34.84,NOT_ACTED
INT-000164,CMP-000164,ENDPOINT_WATCH,SUCCESS,33.51,ACTED
INT-000165,CMP-000165,LIEN_MARK,SUCCESS,26.53,ACTED
INT-000166,CMP-000166,JURISDICTION_HANDOFF,SUCCESS,3.28,ALREADY_ACTIONED
INT-000167,CMP-000167,JURISDICTION_HANDOFF,SUCCESS,29.13,OUT_OF_SCOPE
INT-000168,CMP-000168,NO_ACTION,SUCCESS,5.15,OUT_OF_SCOPE
INT-000169,CMP-000169,JURISDICTION_HANDOFF,SUCCESS,35.85,ACTED
INT-000170,CMP-000170,JURISDICTION_HANDOFF,SUCCESS,16.91,OUT_OF_SCOPE
INT-000171,CMP-000171,LIEN_MARK,SUCCESS,9.47,ACTED
INT-000172,CMP-000172,ENDPOINT_WATCH,SUCCESS,5.48,ACTED
INT-000173,CMP-000173,ACCOUNT_FREEZE,SUCCESS,27.19,NOT_ACTED
INT-000174,CMP-000174,ENDPOINT_WATCH,PARTIAL,43.84,NOT_ACTED
INT-000175,CMP-000175,ENDPOINT_WATCH,NO_ACTION,47.86,ACTED
INT-000176,CMP-000176,ENDPOINT_WATCH,SUCCESS,7.17,FALSE_POSITIVE
INT-000177,CMP-000177,ACCOUNT_FREEZE,PARTIAL,27.24,ALREADY_ACTIONED
INT-000178,CMP-000178,ACCOUNT_FREEZE,SUCCESS,19.45,ACTED
INT-000179,CMP-000179,JURISDICTION_HANDOFF,SUCCESS,6.19,ALREADY_ACTIONED
INT-000180,CMP-000180,JURISDICTION_HANDOFF,SUCCESS,46.42,ACTED
INT-000181,CMP-000181,JURISDICTION_HANDOFF,NO_ACTION,32.8,FALSE_POSITIVE
INT-000182,CMP-000182,ACCOUNT_FREEZE,NO_ACTION,45.61,ACTED
INT-000183,CMP-000183,JURISDICTION_HANDOFF,NO_ACTION,42.15,ACTED
INT-000184,CMP-000184,NO_ACTION,PARTIAL,10.68,ACTED
INT-000185,CMP-000185,LIEN_MARK,SUCCESS,36.47,NOT_ACTED
INT-000186,CMP-000186,ACCOUNT_FREEZE,SUCCESS,41.78,ACTED
INT-000187,CMP-000187,LIEN_MARK,SUCCESS,13.53,ACTED
INT-000188,CMP-000188,NO_ACTION,PARTIAL,8.76,ACTED
INT-000189,CMP-000189,NO_ACTION,SUCCESS,29.2,NOT_ACTED
INT-000190,CMP-000190,LIEN_MARK,SUCCESS,6.13,ALREADY_ACTIONED
INT-000191,CMP-000191,ENDPOINT_WATCH,PARTIAL,42.56,ACTED
INT-000192,CMP-000192,ACCOUNT_FREEZE,PARTIAL,40.14,ALREADY_ACTIONED
INT-000193,CMP-000193,NO_ACTION,NO_ACTION,34.41,FALSE_POSITIVE
INT-000194,CMP-000194,NO_ACTION,SUCCESS,13.34,OUT_OF_SCOPE
INT-000195,CMP-000195,LIEN_MARK,SUCCESS,45.56,NOT_ACTED
INT-000196,CMP-000196,JURISDICTION_HANDOFF,SUCCESS,35.51,NOT_ACTED
INT-000197,CMP-000197,ENDPOINT_WATCH,SUCCESS,11.95,FALSE_POSITIVE
INT-000198,CMP-000198,ENDPOINT_WATCH,SUCCESS,19.43,NOT_ACTED
INT-000199,CMP-000199,ENDPOINT_WATCH,SUCCESS,20.03,ACTED
INT-000200,CMP-000200,ACCOUNT_FREEZE,SUCCESS,23.51,ALREADY_ACTIONED
INT-000201,CMP-000201,JURISDICTION_HANDOFF,SUCCESS,18.71,OUT_OF_SCOPE
INT-000202,CMP-000202,JURISDICTION_HANDOFF,SUCCESS,20.23,FALSE_POSITIVE
INT-000203,CMP-000203,ENDPOINT_WATCH,SUCCESS,24.63,NOT_ACTED
INT-000204,CMP-000204,ACCOUNT_FREEZE,SUCCESS,13.01,OUT_OF_SCOPE
INT-000205,CMP-000205,ACCOUNT_FREEZE,PARTIAL,37.15,ALREADY_ACTIONED
INT-000206,CMP-000206,JURISDICTION_HANDOFF,PARTIAL,31.86,ACTED
INT-000207,CMP-000207,NO_ACTION,PARTIAL,22.09,ACTED
INT-000208,CMP-000208,ACCOUNT_FREEZE,NO_ACTION,46.43,ACTED
INT-000209,CMP-000209,JURISDICTION_HANDOFF,SUCCESS,15.19,FALSE_POSITIVE
INT-000210,CMP-000210,JURISDICTION_HANDOFF,NO_ACTION,9.12,ACTED
INT-000211,CMP-000211,JURISDICTION_HANDOFF,NO_ACTION,11.75,OUT_OF_SCOPE
INT-000212,CMP-000212,LIEN_MARK,PARTIAL,4.63,NOT_ACTED
INT-000213,CMP-000213,NO_ACTION,NO_ACTION,9.18,OUT_OF_SCOPE
INT-000214,CMP-000214,ENDPOINT_WATCH,SUCCESS,8.56,ACTED
INT-000215,CMP-000215,LIEN_MARK,NO_ACTION,40.12,ACTED
INT-000216,CMP-000216,NO_ACTION,NO_ACTION,29.16,ALREADY_ACTIONED
INT-000217,CMP-000217,ACCOUNT_FREEZE,SUCCESS,8.28,ACTED
INT-000218,CMP-000218,LIEN_MARK,PARTIAL,5.95,ALREADY_ACTIONED
INT-000219,CMP-000219,ACCOUNT_FREEZE,NO_ACTION,21.83,ACTED
INT-000220,CMP-000220,JURISDICTION_HANDOFF,NO_ACTION,11.76,ALREADY_ACTIONED
INT-000221,CMP-000221,JURISDICTION_HANDOFF,SUCCESS,33.51,NOT_ACTED
INT-000222,CMP-000222,ACCOUNT_FREEZE,NO_ACTION,10.57,NOT_ACTED
INT-000223,CMP-000223,LIEN_MARK,SUCCESS,3.81,ACTED
INT-000224,CMP-000224,ENDPOINT_WATCH,PARTIAL,13.96,ACTED
INT-000225,CMP-000225,LIEN_MARK,PARTIAL,40.26,ACTED
INT-000226,CMP-000226,ENDPOINT_WATCH,NO_ACTION,26.08,ACTED
INT-000227,CMP-000227,ACCOUNT_FREEZE,SUCCESS,43.08,NOT_ACTED
INT-000228,CMP-000228,LIEN_MARK,SUCCESS,47.78,NOT_ACTED
INT-000229,CMP-000229,ACCOUNT_FREEZE,NO_ACTION,12.51,ALREADY_ACTIONED
INT-000230,CMP-000230,ENDPOINT_WATCH,SUCCESS,34.51,NOT_ACTED
INT-000231,CMP-000231,JURISDICTION_HANDOFF,NO_ACTION,35.04,NOT_ACTED
INT-000232,CMP-000232,LIEN_MARK,PARTIAL,35.23,ALREADY_ACTIONED
INT-000233,CMP-000233,NO_ACTION,SUCCESS,17.74,NOT_ACTED
INT-000234,CMP-000234,LIEN_MARK,SUCCESS,36.8,NOT_ACTED
INT-000235,CMP-000235,LIEN_MARK,SUCCESS,36.54,NOT_ACTED
INT-000236,CMP-000236,NO_ACTION,NO_ACTION,20.27,NOT_ACTED
INT-000237,CMP-000237,ENDPOINT_WATCH,SUCCESS,19.59,OUT_OF_SCOPE
INT-000238,CMP-000238,JURISDICTION_HANDOFF,NO_ACTION,34.03,ALREADY_ACTIONED
INT-000239,CMP-000239,ENDPOINT_WATCH,PARTIAL,25.55,ACTED
INT-000240,CMP-000240,ENDPOINT_WATCH,SUCCESS,10.07,OUT_OF_SCOPE
INT-000241,CMP-000241,NO_ACTION,SUCCESS,43.86,NOT_ACTED
INT-000242,CMP-000242,NO_ACTION,NO_ACTION,41.9,ALREADY_ACTIONED
INT-000243,CMP-000243,ENDPOINT_WATCH,PARTIAL,10.0,ACTED
INT-000244,CMP-000244,JURISDICTION_HANDOFF,NO_ACTION,13.31,NOT_ACTED
INT-000245,CMP-000245,ACCOUNT_FREEZE,SUCCESS,14.31,ALREADY_ACTIONED
INT-000246,CMP-000246,JURISDICTION_HANDOFF,NO_ACTION,17.82,ACTED
INT-000247,CMP-000247,LIEN_MARK,NO_ACTION,8.86,ACTED
INT-000248,CMP-000248,NO_ACTION,PARTIAL,27.88,ACTED
INT-000249,CMP-000249,ENDPOINT_WATCH,SUCCESS,31.93,ALREADY_ACTIONED
INT-000250,CMP-000250,ENDPOINT_WATCH,PARTIAL,9.34,ACTED
INT-000251,CMP-000251,LIEN_MARK,SUCCESS,45.11,FALSE_POSITIVE
INT-000252,CMP-000252,JURISDICTION_HANDOFF,PARTIAL,14.02,FALSE_POSITIVE
INT-000253,CMP-000253,ENDPOINT_WATCH,SUCCESS,23.29,ACTED
INT-000254,CMP-000254,NO_ACTION,SUCCESS,24.58,ALREADY_ACTIONED
INT-000255,CMP-000255,LIEN_MARK,SUCCESS,38.77,ACTED
INT-000256,CMP-000256,JURISDICTION_HANDOFF,SUCCESS,17.88,ALREADY_ACTIONED
INT-000257,CMP-000257,ENDPOINT_WATCH,PARTIAL,42.65,ACTED
INT-000258,CMP-000258,NO_ACTION,SUCCESS,21.43,ACTED
INT-000259,CMP-000259,ENDPOINT_WATCH,SUCCESS,21.4,ACTED
INT-000260,CMP-000260,NO_ACTION,PARTIAL,5.25,NOT_ACTED
INT-000261,CMP-000261,NO_ACTION,SUCCESS,29.14,NOT_ACTED
INT-000262,CMP-000262,ENDPOINT_WATCH,NO_ACTION,9.4,NOT_ACTED
INT-000263,CMP-000263,NO_ACTION,PARTIAL,46.57,ACTED
INT-000264,CMP-000264,NO_ACTION,SUCCESS,5.75,ACTED
INT-000265,CMP-000265,NO_ACTION,SUCCESS,4.77,ACTED
INT-000266,CMP-000266,NO_ACTION,PARTIAL,47.25,ACTED
INT-000267,CMP-000267,ACCOUNT_FREEZE,SUCCESS,32.15,ACTED
INT-000268,CMP-000268,LIEN_MARK,SUCCESS,41.12,ACTED
INT-000269,CMP-000269,NO_ACTION,SUCCESS,21.16,NOT_ACTED
INT-000270,CMP-000270,JURISDICTION_HANDOFF,SUCCESS,13.18,ACTED
INT-000271,CMP-000271,ACCOUNT_FREEZE,PARTIAL,4.86,NOT_ACTED
INT-000272,CMP-000272,ENDPOINT_WATCH,SUCCESS,6.32,ACTED
INT-000273,CMP-000273,NO_ACTION,SUCCESS,19.06,ACTED
INT-000274,CMP-000274,NO_ACTION,NO_ACTION,8.22,ALREADY_ACTIONED
INT-000275,CMP-000275,LIEN_MARK,NO_ACTION,8.83,NOT_ACTED
INT-000276,CMP-000276,JURISDICTION_HANDOFF,NO_ACTION,34.89,ALREADY_ACTIONED
INT-000277,CMP-000277,JURISDICTION_HANDOFF,SUCCESS,21.98,NOT_ACTED
INT-000278,CMP-000278,ENDPOINT_WATCH,NO_ACTION,7.17,NOT_ACTED
INT-000279,CMP-000279,NO_ACTION,SUCCESS,5.91,ALREADY_ACTIONED
INT-000280,CMP-000280,LIEN_MARK,PARTIAL,25.07,OUT_OF_SCOPE
INT-000281,CMP-000281,ACCOUNT_FREEZE,SUCCESS,46.95,ACTED
INT-000282,CMP-000282,ACCOUNT_FREEZE,PARTIAL,25.33,NOT_ACTED
INT-000283,CMP-000283,ENDPOINT_WATCH,SUCCESS,45.45,ALREADY_ACTIONED
INT-000284,CMP-000284,LIEN_MARK,SUCCESS,25.62,ALREADY_ACTIONED
INT-000285,CMP-000285,JURISDICTION_HANDOFF,SUCCESS,32.89,NOT_ACTED
INT-000286,CMP-000286,JURISDICTION_HANDOFF,SUCCESS,16.02,ACTED
INT-000287,CMP-000287,ACCOUNT_FREEZE,SUCCESS,35.24,ALREADY_ACTIONED
INT-000288,CMP-000288,LIEN_MARK,NO_ACTION,35.33,OUT_OF_SCOPE
INT-000289,CMP-000289,LIEN_MARK,PARTIAL,37.7,ACTED
INT-000290,CMP-000290,LIEN_MARK,SUCCESS,19.8,ACTED
INT-000291,CMP-000291,ACCOUNT_FREEZE,SUCCESS,10.37,ALREADY_ACTIONED
INT-000292,CMP-000292,LIEN_MARK,NO_ACTION,24.55,ACTED
INT-000293,CMP-000293,ACCOUNT_FREEZE,NO_ACTION,25.35,ACTED
INT-000294,CMP-000294,LIEN_MARK,PARTIAL,37.66,NOT_ACTED
INT-000295,CMP-000295,NO_ACTION,SUCCESS,4.09,OUT_OF_SCOPE
INT-000296,CMP-000296,NO_ACTION,SUCCESS,31.01,ACTED
INT-000297,CMP-000297,JURISDICTION_HANDOFF,PARTIAL,24.32,ACTED
INT-000298,CMP-000298,ACCOUNT_FREEZE,SUCCESS,5.38,ACTED
INT-000299,CMP-000299,ENDPOINT_WATCH,PARTIAL,40.37,ALREADY_ACTIONED
INT-000300,CMP-000300,ENDPOINT_WATCH,SUCCESS,31.77,ALREADY_ACTIONED
INT-000301,CMP-000301,LIEN_MARK,SUCCESS,26.87,FALSE_POSITIVE
INT-000302,CMP-000302,NO_ACTION,NO_ACTION,35.57,OUT_OF_SCOPE
INT-000303,CMP-000303,ENDPOINT_WATCH,NO_ACTION,46.12,ACTED
INT-000304,CMP-000304,ACCOUNT_FREEZE,SUCCESS,43.75,ALREADY_ACTIONED
INT-000305,CMP-000305,NO_ACTION,SUCCESS,46.19,ALREADY_ACTIONED
INT-000306,CMP-000306,ENDPOINT_WATCH,SUCCESS,32.47,ACTED
INT-000307,CMP-000307,ACCOUNT_FREEZE,PARTIAL,32.4,NOT_ACTED
INT-000308,CMP-000308,ENDPOINT_WATCH,SUCCESS,14.97,NOT_ACTED
INT-000309,CMP-000309,NO_ACTION,PARTIAL,33.71,OUT_OF_SCOPE
INT-000310,CMP-000310,NO_ACTION,NO_ACTION,24.26,OUT_OF_SCOPE
INT-000311,CMP-000311,NO_ACTION,PARTIAL,17.07,FALSE_POSITIVE
INT-000312,CMP-000312,ENDPOINT_WATCH,SUCCESS,6.34,NOT_ACTED
INT-000313,CMP-000313,NO_ACTION,NO_ACTION,20.68,ACTED
INT-000314,CMP-000314,LIEN_MARK,SUCCESS,46.74,ALREADY_ACTIONED
INT-000315,CMP-000315,NO_ACTION,PARTIAL,16.13,ACTED
INT-000316,CMP-000316,ACCOUNT_FREEZE,SUCCESS,25.79,ACTED
INT-000317,CMP-000317,ACCOUNT_FREEZE,SUCCESS,18.55,ACTED
INT-000318,CMP-000318,LIEN_MARK,SUCCESS,5.25,ALREADY_ACTIONED
INT-000319,CMP-000319,NO_ACTION,SUCCESS,40.07,NOT_ACTED
INT-000320,CMP-000320,NO_ACTION,SUCCESS,8.12,NOT_ACTED
INT-000321,CMP-000321,ENDPOINT_WATCH,PARTIAL,3.31,NOT_ACTED
INT-000322,CMP-000322,ACCOUNT_FREEZE,PARTIAL,41.78,ACTED
INT-000323,CMP-000323,NO_ACTION,SUCCESS,10.33,OUT_OF_SCOPE
INT-000324,CMP-000324,ACCOUNT_FREEZE,SUCCESS,28.46,OUT_OF_SCOPE
INT-000325,CMP-000325,LIEN_MARK,SUCCESS,34.46,OUT_OF_SCOPE
INT-000326,CMP-000326,LIEN_MARK,NO_ACTION,35.65,FALSE_POSITIVE
INT-000327,CMP-000327,LIEN_MARK,PARTIAL,10.96,NOT_ACTED
INT-000328,CMP-000328,NO_ACTION,NO_ACTION,41.01,NOT_ACTED
INT-000329,CMP-000329,JURISDICTION_HANDOFF,SUCCESS,17.86,OUT_OF_SCOPE
INT-000330,CMP-000330,ENDPOINT_WATCH,PARTIAL,47.82,ACTED
INT-000331,CMP-000331,NO_ACTION,PARTIAL,34.07,OUT_OF_SCOPE
INT-000332,CMP-000332,ENDPOINT_WATCH,SUCCESS,43.0,ALREADY_ACTIONED
INT-000333,CMP-000333,LIEN_MARK,SUCCESS,35.92,FALSE_POSITIVE
INT-000334,CMP-000334,NO_ACTION,PARTIAL,39.02,ALREADY_ACTIONED
INT-000335,CMP-000335,ENDPOINT_WATCH,SUCCESS,47.76,NOT_ACTED
INT-000336,CMP-000336,NO_ACTION,SUCCESS,10.32,ALREADY_ACTIONED
INT-000337,CMP-000337,ENDPOINT_WATCH,SUCCESS,20.5,ACTED
INT-000338,CMP-000338,ENDPOINT_WATCH,PARTIAL,31.74,NOT_ACTED
INT-000339,CMP-000339,JURISDICTION_HANDOFF,SUCCESS,39.0,ALREADY_ACTIONED
INT-000340,CMP-000340,JURISDICTION_HANDOFF,SUCCESS,19.09,ACTED
INT-000341,CMP-000341,ACCOUNT_FREEZE,NO_ACTION,40.17,ALREADY_ACTIONED
INT-000342,CMP-000342,LIEN_MARK,NO_ACTION,25.85,NOT_ACTED
INT-000343,CMP-000343,NO_ACTION,SUCCESS,47.48,OUT_OF_SCOPE
INT-000344,CMP-000344,NO_ACTION,SUCCESS,7.53,ACTED
INT-000345,CMP-000345,LIEN_MARK,SUCCESS,19.27,OUT_OF_SCOPE
INT-000346,CMP-000346,JURISDICTION_HANDOFF,SUCCESS,14.76,ACTED
INT-000347,CMP-000347,JURISDICTION_HANDOFF,SUCCESS,27.46,ALREADY_ACTIONED
INT-000348,CMP-000348,JURISDICTION_HANDOFF,NO_ACTION,5.51,ACTED
INT-000349,CMP-000349,NO_ACTION,SUCCESS,9.26,NOT_ACTED
INT-000350,CMP-000350,LIEN_MARK,NO_ACTION,6.91,ACTED
INT-000351,CMP-000351,ENDPOINT_WATCH,SUCCESS,34.63,ACTED
INT-000352,CMP-000352,ACCOUNT_FREEZE,SUCCESS,5.45,ALREADY_ACTIONED
INT-000353,CMP-000353,ACCOUNT_FREEZE,PARTIAL,5.17,ACTED
INT-000354,CMP-000354,LIEN_MARK,SUCCESS,43.65,OUT_OF_SCOPE
INT-000355,CMP-000355,JURISDICTION_HANDOFF,SUCCESS,3.97,ACTED
INT-000356,CMP-000356,LIEN_MARK,NO_ACTION,40.05,NOT_ACTED
INT-000357,CMP-000357,LIEN_MARK,SUCCESS,13.1,OUT_OF_SCOPE
INT-000358,CMP-000358,NO_ACTION,SUCCESS,43.74,FALSE_POSITIVE
INT-000359,CMP-000359,JURISDICTION_HANDOFF,SUCCESS,18.64,ACTED
INT-000360,CMP-000360,JURISDICTION_HANDOFF,NO_ACTION,4.09,ALREADY_ACTIONED
INT-000361,CMP-000361,NO_ACTION,PARTIAL,35.18,ACTED
INT-000362,CMP-000362,JURISDICTION_HANDOFF,PARTIAL,5.7,NOT_ACTED
INT-000363,CMP-000363,NO_ACTION,SUCCESS,18.82,OUT_OF_SCOPE
INT-000364,CMP-000364,JURISDICTION_HANDOFF,SUCCESS,20.95,ACTED
INT-000365,CMP-000365,LIEN_MARK,SUCCESS,22.1,NOT_ACTED
INT-000366,CMP-000366,ACCOUNT_FREEZE,SUCCESS,31.35,OUT_OF_SCOPE
INT-000367,CMP-000367,JURISDICTION_HANDOFF,NO_ACTION,39.81,NOT_ACTED
INT-000368,CMP-000368,ACCOUNT_FREEZE,SUCCESS,16.86,ACTED
INT-000369,CMP-000369,JURISDICTION_HANDOFF,PARTIAL,40.67,OUT_OF_SCOPE
INT-000370,CMP-000370,ENDPOINT_WATCH,SUCCESS,17.02,ACTED
INT-000371,CMP-000371,ENDPOINT_WATCH,PARTIAL,30.9,ACTED
INT-000372,CMP-000372,LIEN_MARK,SUCCESS,47.54,NOT_ACTED
INT-000373,CMP-000373,ACCOUNT_FREEZE,SUCCESS,39.87,ACTED
INT-000374,CMP-000374,JURISDICTION_HANDOFF,SUCCESS,11.88,ALREADY_ACTIONED
INT-000375,CMP-000375,ENDPOINT_WATCH,SUCCESS,30.12,NOT_ACTED
INT-000376,CMP-000376,ACCOUNT_FREEZE,SUCCESS,23.28,OUT_OF_SCOPE
INT-000377,CMP-000377,NO_ACTION,SUCCESS,16.63,NOT_ACTED
INT-000378,CMP-000378,JURISDICTION_HANDOFF,PARTIAL,25.42,ACTED
INT-000379,CMP-000379,ACCOUNT_FREEZE,SUCCESS,3.09,NOT_ACTED
INT-000380,CMP-000380,ENDPOINT_WATCH,PARTIAL,38.5,NOT_ACTED
INT-000381,CMP-000381,NO_ACTION,SUCCESS,30.99,ALREADY_ACTIONED
INT-000382,CMP-000382,LIEN_MARK,SUCCESS,8.92,ACTED
INT-000383,CMP-000383,ACCOUNT_FREEZE,SUCCESS,13.2,NOT_ACTED
INT-000384,CMP-000384,JURISDICTION_HANDOFF,SUCCESS,22.35,ALREADY_ACTIONED
INT-000385,CMP-000385,LIEN_MARK,SUCCESS,24.1,ALREADY_ACTIONED
INT-000386,CMP-000386,LIEN_MARK,PARTIAL,33.0,ACTED
INT-000387,CMP-000387,NO_ACTION,NO_ACTION,44.13,FALSE_POSITIVE
INT-000388,CMP-000388,NO_ACTION,SUCCESS,46.74,FALSE_POSITIVE
INT-000389,CMP-000389,ENDPOINT_WATCH,PARTIAL,47.36,NOT_ACTED
INT-000390,CMP-000390,LIEN_MARK,PARTIAL,8.26,FALSE_POSITIVE
INT-000391,CMP-000391,NO_ACTION,NO_ACTION,47.15,FALSE_POSITIVE
INT-000392,CMP-000392,ACCOUNT_FREEZE,SUCCESS,18.06,ALREADY_ACTIONED
INT-000393,CMP-000393,ENDPOINT_WATCH,PARTIAL,28.1,NOT_ACTED
INT-000394,CMP-000394,ENDPOINT_WATCH,NO_ACTION,37.65,ACTED
INT-000395,CMP-000395,ACCOUNT_FREEZE,SUCCESS,10.06,ACTED
INT-000396,CMP-000396,LIEN_MARK,SUCCESS,35.76,NOT_ACTED
INT-000397,CMP-000397,JURISDICTION_HANDOFF,SUCCESS,25.31,ACTED
INT-000398,CMP-000398,NO_ACTION,PARTIAL,17.54,NOT_ACTED
INT-000399,CMP-000399,ENDPOINT_WATCH,NO_ACTION,34.48,ACTED
INT-000400,CMP-000400,JURISDICTION_HANDOFF,SUCCESS,8.62,ACTED
INT-000401,CMP-000401,JURISDICTION_HANDOFF,NO_ACTION,43.65,NOT_ACTED
INT-000402,CMP-000402,JURISDICTION_HANDOFF,SUCCESS,37.2,ACTED
INT-000403,CMP-000403,NO_ACTION,NO_ACTION,29.43,ACTED
INT-000404,CMP-000404,NO_ACTION,PARTIAL,34.63,ACTED
INT-000405,CMP-000405,NO_ACTION,SUCCESS,17.18,ACTED
INT-000406,CMP-000406,ACCOUNT_FREEZE,PARTIAL,9.85,OUT_OF_SCOPE
INT-000407,CMP-000407,JURISDICTION_HANDOFF,SUCCESS,23.8,NOT_ACTED
INT-000408,CMP-000408,ACCOUNT_FREEZE,PARTIAL,19.56,ALREADY_ACTIONED
INT-000409,CMP-000409,NO_ACTION,SUCCESS,23.14,ACTED
INT-000410,CMP-000410,ACCOUNT_FREEZE,NO_ACTION,4.96,ACTED
INT-000411,CMP-000411,LIEN_MARK,PARTIAL,33.5,FALSE_POSITIVE
INT-000412,CMP-000412,JURISDICTION_HANDOFF,SUCCESS,9.81,ACTED
INT-000413,CMP-000413,NO_ACTION,SUCCESS,10.51,NOT_ACTED
INT-000414,CMP-000414,LIEN_MARK,NO_ACTION,38.08,ACTED
INT-000415,CMP-000415,JURISDICTION_HANDOFF,SUCCESS,46.09,ACTED
INT-000416,CMP-000416,ACCOUNT_FREEZE,PARTIAL,41.31,ALREADY_ACTIONED
INT-000417,CMP-000417,ENDPOINT_WATCH,PARTIAL,21.44,ACTED
INT-000418,CMP-000418,NO_ACTION,SUCCESS,11.31,NOT_ACTED
INT-000419,CMP-000419,ACCOUNT_FREEZE,PARTIAL,42.9,ACTED
INT-000420,CMP-000420,ENDPOINT_WATCH,SUCCESS,6.11,ACTED
INT-000421,CMP-000421,ACCOUNT_FREEZE,SUCCESS,12.3,FALSE_POSITIVE
INT-000422,CMP-000422,JURISDICTION_HANDOFF,SUCCESS,45.73,FALSE_POSITIVE
INT-000423,CMP-000423,ACCOUNT_FREEZE,SUCCESS,20.2,ACTED
INT-000424,CMP-000424,JURISDICTION_HANDOFF,SUCCESS,29.39,ACTED
INT-000425,CMP-000425,ACCOUNT_FREEZE,SUCCESS,33.88,NOT_ACTED
INT-000426,CMP-000426,LIEN_MARK,PARTIAL,36.1,ACTED
INT-000427,CMP-000427,ACCOUNT_FREEZE,SUCCESS,4.77,FALSE_POSITIVE
INT-000428,CMP-000428,NO_ACTION,SUCCESS,43.22,ACTED
INT-000429,CMP-000429,ENDPOINT_WATCH,SUCCESS,40.9,NOT_ACTED
INT-000430,CMP-000430,LIEN_MARK,SUCCESS,35.06,ACTED
INT-000431,CMP-000431,JURISDICTION_HANDOFF,SUCCESS,42.37,FALSE_POSITIVE
INT-000432,CMP-000432,LIEN_MARK,SUCCESS,21.04,ACTED
INT-000433,CMP-000433,JURISDICTION_HANDOFF,NO_ACTION,31.57,ACTED
INT-000434,CMP-000434,JURISDICTION_HANDOFF,SUCCESS,16.49,ACTED
INT-000435,CMP-000435,ENDPOINT_WATCH,SUCCESS,30.95,ACTED
INT-000436,CMP-000436,JURISDICTION_HANDOFF,PARTIAL,31.72,ACTED
INT-000437,CMP-000437,LIEN_MARK,SUCCESS,16.63,OUT_OF_SCOPE
INT-000438,CMP-000438,ENDPOINT_WATCH,SUCCESS,17.16,OUT_OF_SCOPE
INT-000439,CMP-000439,ENDPOINT_WATCH,SUCCESS,41.49,FALSE_POSITIVE
INT-000440,CMP-000440,ENDPOINT_WATCH,NO_ACTION,20.03,NOT_ACTED
INT-000441,CMP-000441,ACCOUNT_FREEZE,SUCCESS,16.47,NOT_ACTED
INT-000442,CMP-000442,ACCOUNT_FREEZE,SUCCESS,40.39,ACTED
INT-000443,CMP-000443,JURISDICTION_HANDOFF,SUCCESS,23.28,ACTED
INT-000444,CMP-000444,ENDPOINT_WATCH,SUCCESS,16.24,OUT_OF_SCOPE
INT-000445,CMP-000445,LIEN_MARK,NO_ACTION,44.8,OUT_OF_SCOPE
INT-000446,CMP-000446,ENDPOINT_WATCH,NO_ACTION,9.82,ACTED
INT-000447,CMP-000447,ENDPOINT_WATCH,PARTIAL,25.5,ACTED
INT-000448,CMP-000448,NO_ACTION,SUCCESS,7.19,NOT_ACTED
INT-000449,CMP-000449,ACCOUNT_FREEZE,NO_ACTION,31.3,ACTED
INT-000450,CMP-000450,LIEN_MARK,SUCCESS,45.06,ALREADY_ACTIONED
INT-000451,CMP-000451,NO_ACTION,SUCCESS,38.1,OUT_OF_SCOPE
INT-000452,CMP-000452,NO_ACTION,SUCCESS,18.65,ACTED
INT-000453,CMP-000453,ENDPOINT_WATCH,SUCCESS,33.54,ACTED
INT-000454,CMP-000454,ACCOUNT_FREEZE,SUCCESS,16.42,FALSE_POSITIVE
INT-000455,CMP-000455,JURISDICTION_HANDOFF,NO_ACTION,17.77,ALREADY_ACTIONED
INT-000456,CMP-000456,LIEN_MARK,PARTIAL,3.54,ACTED
INT-000457,CMP-000457,ACCOUNT_FREEZE,SUCCESS,9.71,ACTED
INT-000458,CMP-000458,LIEN_MARK,SUCCESS,31.8,NOT_ACTED
INT-000459,CMP-000459,JURISDICTION_HANDOFF,SUCCESS,8.34,ALREADY_ACTIONED
INT-000460,CMP-000460,LIEN_MARK,SUCCESS,29.45,ALREADY_ACTIONED
INT-000461,CMP-000461,NO_ACTION,SUCCESS,25.95,OUT_OF_SCOPE
INT-000462,CMP-000462,JURISDICTION_HANDOFF,PARTIAL,24.37,FALSE_POSITIVE
INT-000463,CMP-000463,JURISDICTION_HANDOFF,SUCCESS,16.43,ALREADY_ACTIONED
INT-000464,CMP-000464,NO_ACTION,SUCCESS,18.39,ACTED
INT-000465,CMP-000465,ENDPOINT_WATCH,NO_ACTION,29.09,FALSE_POSITIVE
INT-000466,CMP-000466,ACCOUNT_FREEZE,SUCCESS,20.51,NOT_ACTED
INT-000467,CMP-000467,ENDPOINT_WATCH,SUCCESS,19.06,ACTED
INT-000468,CMP-000468,NO_ACTION,SUCCESS,4.45,ALREADY_ACTIONED
INT-000469,CMP-000469,ENDPOINT_WATCH,PARTIAL,21.46,ACTED
INT-000470,CMP-000470,JURISDICTION_HANDOFF,SUCCESS,45.2,ACTED
INT-000471,CMP-000471,LIEN_MARK,SUCCESS,7.68,ACTED
INT-000472,CMP-000472,ACCOUNT_FREEZE,PARTIAL,44.69,NOT_ACTED
INT-000473,CMP-000473,JURISDICTION_HANDOFF,SUCCESS,47.77,ACTED
INT-000474,CMP-000474,NO_ACTION,PARTIAL,9.33,ALREADY_ACTIONED
INT-000475,CMP-000475,NO_ACTION,SUCCESS,43.04,ACTED
INT-000476,CMP-000476,ENDPOINT_WATCH,SUCCESS,5.9,FALSE_POSITIVE
INT-000477,CMP-000477,LIEN_MARK,NO_ACTION,4.96,ACTED
INT-000478,CMP-000478,ENDPOINT_WATCH,SUCCESS,46.13,NOT_ACTED
INT-000479,CMP-000479,JURISDICTION_HANDOFF,NO_ACTION,28.41,ACTED
INT-000480,CMP-000480,NO_ACTION,NO_ACTION,36.49,ALREADY_ACTIONED
INT-000481,CMP-000481,ENDPOINT_WATCH,SUCCESS,45.08,NOT_ACTED
INT-000482,CMP-000482,ACCOUNT_FREEZE,SUCCESS,24.94,NOT_ACTED
INT-000483,CMP-000483,ACCOUNT_FREEZE,SUCCESS,18.33,ACTED
INT-000484,CMP-000484,NO_ACTION,SUCCESS,33.53,ALREADY_ACTIONED
INT-000485,CMP-000485,JURISDICTION_HANDOFF,PARTIAL,43.52,ACTED
INT-000486,CMP-000486,LIEN_MARK,SUCCESS,23.19,OUT_OF_SCOPE
INT-000487,CMP-000487,LIEN_MARK,SUCCESS,44.82,ACTED
INT-000488,CMP-000488,JURISDICTION_HANDOFF,SUCCESS,37.41,ACTED
INT-000489,CMP-000489,LIEN_MARK,NO_ACTION,47.45,ACTED
INT-000490,CMP-000490,JURISDICTION_HANDOFF,NO_ACTION,6.87,ALREADY_ACTIONED
INT-000491,CMP-000491,JURISDICTION_HANDOFF,NO_ACTION,30.27,OUT_OF_SCOPE
INT-000492,CMP-000492,NO_ACTION,PARTIAL,37.52,ALREADY_ACTIONED
INT-000493,CMP-000493,JURISDICTION_HANDOFF,SUCCESS,3.06,ACTED
INT-000494,CMP-000494,ENDPOINT_WATCH,SUCCESS,6.73,ALREADY_ACTIONED
INT-000495,CMP-000495,NO_ACTION,SUCCESS,23.24,ALREADY_ACTIONED
INT-000496,CMP-000496,JURISDICTION_HANDOFF,SUCCESS,37.23,ACTED
INT-000497,CMP-000497,ENDPOINT_WATCH,PARTIAL,12.89,ALREADY_ACTIONED
INT-000498,CMP-000498,JURISDICTION_HANDOFF,SUCCESS,13.06,ACTED
INT-000499,CMP-000499,JURISDICTION_HANDOFF,PARTIAL,45.63,ALREADY_ACTIONED
INT-000500,CMP-000500,ACCOUNT_FREEZE,NO_ACTION,36.63,ACTED
INT-000501,CMP-000501,LIEN_MARK,PARTIAL,6.83,ACTED
INT-000502,CMP-000502,ACCOUNT_FREEZE,PARTIAL,30.8,ACTED
INT-000503,CMP-000503,NO_ACTION,PARTIAL,39.64,FALSE_POSITIVE
INT-000504,CMP-000504,ENDPOINT_WATCH,NO_ACTION,12.07,FALSE_POSITIVE
INT-000505,CMP-000505,NO_ACTION,SUCCESS,37.37,NOT_ACTED
INT-000506,CMP-000506,LIEN_MARK,SUCCESS,8.31,OUT_OF_SCOPE
INT-000507,CMP-000507,LIEN_MARK,SUCCESS,39.55,ACTED
INT-000508,CMP-000508,LIEN_MARK,NO_ACTION,14.94,NOT_ACTED
INT-000509,CMP-000509,NO_ACTION,SUCCESS,27.28,FALSE_POSITIVE
INT-000510,CMP-000510,JURISDICTION_HANDOFF,SUCCESS,25.1,ACTED
INT-000511,CMP-000511,NO_ACTION,SUCCESS,33.32,ACTED
INT-000512,CMP-000512,NO_ACTION,NO_ACTION,35.46,ALREADY_ACTIONED
INT-000513,CMP-000513,JURISDICTION_HANDOFF,SUCCESS,34.44,ALREADY_ACTIONED
INT-000514,CMP-000514,JURISDICTION_HANDOFF,NO_ACTION,18.27,FALSE_POSITIVE
INT-000515,CMP-000515,JURISDICTION_HANDOFF,SUCCESS,33.26,NOT_ACTED
INT-000516,CMP-000516,ACCOUNT_FREEZE,SUCCESS,9.3,ALREADY_ACTIONED
INT-000517,CMP-000517,LIEN_MARK,NO_ACTION,11.55,NOT_ACTED
INT-000518,CMP-000518,ACCOUNT_FREEZE,SUCCESS,15.4,ACTED
INT-000519,CMP-000519,JURISDICTION_HANDOFF,PARTIAL,16.97,ACTED
INT-000520,CMP-000520,JURISDICTION_HANDOFF,SUCCESS,13.07,ACTED
INT-000521,CMP-000521,JURISDICTION_HANDOFF,SUCCESS,27.52,ALREADY_ACTIONED
INT-000522,CMP-000522,LIEN_MARK,SUCCESS,13.07,NOT_ACTED
INT-000523,CMP-000523,LIEN_MARK,SUCCESS,4.3,ACTED
INT-000524,CMP-000524,ENDPOINT_WATCH,SUCCESS,43.03,ALREADY_ACTIONED
INT-000525,CMP-000525,ACCOUNT_FREEZE,NO_ACTION,35.83,ACTED
INT-000526,CMP-000526,JURISDICTION_HANDOFF,NO_ACTION,28.02,ALREADY_ACTIONED
INT-000527,CMP-000527,ACCOUNT_FREEZE,NO_ACTION,11.94,NOT_ACTED
INT-000528,CMP-000528,ENDPOINT_WATCH,PARTIAL,3.54,ACTED
INT-000529,CMP-000529,LIEN_MARK,SUCCESS,26.51,NOT_ACTED
INT-000530,CMP-000530,LIEN_MARK,SUCCESS,11.06,ACTED
INT-000531,CMP-000531,JURISDICTION_HANDOFF,NO_ACTION,39.38,ACTED
INT-000532,CMP-000532,LIEN_MARK,PARTIAL,3.19,ACTED
INT-000533,CMP-000533,JURISDICTION_HANDOFF,SUCCESS,34.5,NOT_ACTED
INT-000534,CMP-000534,ACCOUNT_FREEZE,PARTIAL,22.05,NOT_ACTED
INT-000535,CMP-000535,JURISDICTION_HANDOFF,SUCCESS,36.46,OUT_OF_SCOPE
INT-000536,CMP-000536,JURISDICTION_HANDOFF,SUCCESS,3.32,ACTED
INT-000537,CMP-000537,JURISDICTION_HANDOFF,NO_ACTION,35.09,NOT_ACTED
INT-000538,CMP-000538,NO_ACTION,SUCCESS,14.43,FALSE_POSITIVE
INT-000539,CMP-000539,ACCOUNT_FREEZE,SUCCESS,20.33,NOT_ACTED
INT-000540,CMP-000540,JURISDICTION_HANDOFF,PARTIAL,31.39,ALREADY_ACTIONED
INT-000541,CMP-000541,LIEN_MARK,SUCCESS,37.91,ACTED
INT-000542,CMP-000542,ENDPOINT_WATCH,SUCCESS,39.87,FALSE_POSITIVE
INT-000543,CMP-000543,JURISDICTION_HANDOFF,SUCCESS,14.73,NOT_ACTED
INT-000544,CMP-000544,ACCOUNT_FREEZE,SUCCESS,19.49,ACTED
INT-000545,CMP-000545,ACCOUNT_FREEZE,SUCCESS,13.05,ALREADY_ACTIONED
INT-000546,CMP-000546,ACCOUNT_FREEZE,SUCCESS,20.09,ALREADY_ACTIONED
INT-000547,CMP-000547,JURISDICTION_HANDOFF,SUCCESS,30.51,ALREADY_ACTIONED
INT-000548,CMP-000548,ENDPOINT_WATCH,PARTIAL,25.46,ALREADY_ACTIONED
INT-000549,CMP-000549,ENDPOINT_WATCH,SUCCESS,22.57,OUT_OF_SCOPE
INT-000550,CMP-000550,ENDPOINT_WATCH,SUCCESS,20.31,NOT_ACTED
INT-000551,CMP-000551,LIEN_MARK,NO_ACTION,22.23,NOT_ACTED
INT-000552,CMP-000552,ACCOUNT_FREEZE,PARTIAL,3.52,ACTED
INT-000553,CMP-000553,NO_ACTION,PARTIAL,26.99,NOT_ACTED
INT-000554,CMP-000554,NO_ACTION,PARTIAL,12.07,ACTED
INT-000555,CMP-000555,JURISDICTION_HANDOFF,SUCCESS,12.96,NOT_ACTED
INT-000556,CMP-000556,ACCOUNT_FREEZE,SUCCESS,23.29,FALSE_POSITIVE
INT-000557,CMP-000557,LIEN_MARK,SUCCESS,18.26,FALSE_POSITIVE
INT-000558,CMP-000558,ACCOUNT_FREEZE,SUCCESS,35.23,NOT_ACTED
INT-000559,CMP-000559,LIEN_MARK,SUCCESS,32.22,ACTED
INT-000560,CMP-000560,ACCOUNT_FREEZE,PARTIAL,45.25,ALREADY_ACTIONED
INT-000561,CMP-000561,ENDPOINT_WATCH,PARTIAL,5.57,ACTED
INT-000562,CMP-000562,JURISDICTION_HANDOFF,PARTIAL,18.51,NOT_ACTED
INT-000563,CMP-000563,JURISDICTION_HANDOFF,SUCCESS,19.97,NOT_ACTED
INT-000564,CMP-000564,NO_ACTION,PARTIAL,11.32,ALREADY_ACTIONED
INT-000565,CMP-000565,ENDPOINT_WATCH,NO_ACTION,9.03,NOT_ACTED
INT-000566,CMP-000566,LIEN_MARK,SUCCESS,16.59,NOT_ACTED
INT-000567,CMP-000567,LIEN_MARK,PARTIAL,14.35,OUT_OF_SCOPE
INT-000568,CMP-000568,ACCOUNT_FREEZE,SUCCESS,27.5,NOT_ACTED
INT-000569,CMP-000569,ACCOUNT_FREEZE,SUCCESS,10.61,ALREADY_ACTIONED
INT-000570,CMP-000570,LIEN_MARK,SUCCESS,40.03,ALREADY_ACTIONED
INT-000571,CMP-000571,NO_ACTION,PARTIAL,13.96,ACTED
INT-000572,CMP-000572,ACCOUNT_FREEZE,NO_ACTION,31.17,ACTED
INT-000573,CMP-000573,JURISDICTION_HANDOFF,SUCCESS,38.71,FALSE_POSITIVE
INT-000574,CMP-000574,NO_ACTION,PARTIAL,29.49,OUT_OF_SCOPE
INT-000575,CMP-000575,ACCOUNT_FREEZE,PARTIAL,5.47,ACTED
INT-000576,CMP-000576,ENDPOINT_WATCH,SUCCESS,22.41,NOT_ACTED
INT-000577,CMP-000577,LIEN_MARK,NO_ACTION,44.66,NOT_ACTED
INT-000578,CMP-000578,JURISDICTION_HANDOFF,PARTIAL,27.81,NOT_ACTED
INT-000579,CMP-000579,LIEN_MARK,PARTIAL,26.87,FALSE_POSITIVE
INT-000580,CMP-000580,JURISDICTION_HANDOFF,SUCCESS,9.48,OUT_OF_SCOPE
INT-000581,CMP-000581,LIEN_MARK,SUCCESS,41.49,ALREADY_ACTIONED
INT-000582,CMP-000582,ACCOUNT_FREEZE,SUCCESS,8.8,ACTED
INT-000583,CMP-000583,JURISDICTION_HANDOFF,NO_ACTION,7.13,OUT_OF_SCOPE
INT-000584,CMP-000584,JURISDICTION_HANDOFF,NO_ACTION,10.66,FALSE_POSITIVE
INT-000585,CMP-000585,JURISDICTION_HANDOFF,PARTIAL,17.95,ACTED
INT-000586,CMP-000586,JURISDICTION_HANDOFF,SUCCESS,22.27,NOT_ACTED
INT-000587,CMP-000587,ACCOUNT_FREEZE,SUCCESS,41.35,ALREADY_ACTIONED
INT-000588,CMP-000588,LIEN_MARK,PARTIAL,20.61,NOT_ACTED
INT-000589,CMP-000589,JURISDICTION_HANDOFF,SUCCESS,21.1,OUT_OF_SCOPE
INT-000590,CMP-000590,ENDPOINT_WATCH,PARTIAL,3.89,NOT_ACTED
INT-000591,CMP-000591,LIEN_MARK,SUCCESS,19.89,ACTED
INT-000592,CMP-000592,ENDPOINT_WATCH,PARTIAL,39.13,ACTED
INT-000593,CMP-000593,LIEN_MARK,SUCCESS,21.27,ALREADY_ACTIONED
INT-000594,CMP-000594,JURISDICTION_HANDOFF,PARTIAL,4.42,ALREADY_ACTIONED
INT-000595,CMP-000595,JURISDICTION_HANDOFF,PARTIAL,29.63,ACTED
INT-000596,CMP-000596,NO_ACTION,SUCCESS,40.93,NOT_ACTED
INT-000597,CMP-000597,NO_ACTION,SUCCESS,16.87,ACTED
INT-000598,CMP-000598,ACCOUNT_FREEZE,SUCCESS,15.08,ALREADY_ACTIONED
INT-000599,CMP-000599,NO_ACTION,NO_ACTION,26.22,NOT_ACTED
INT-000600,CMP-000600,LIEN_MARK,SUCCESS,45.48,ALREADY_ACTIONED
INT-000601,CMP-000601,ACCOUNT_FREEZE,PARTIAL,22.8,NOT_ACTED
INT-000602,CMP-000602,JURISDICTION_HANDOFF,SUCCESS,44.22,NOT_ACTED
INT-000603,CMP-000603,NO_ACTION,PARTIAL,10.48,ACTED
INT-000604,CMP-000604,JURISDICTION_HANDOFF,NO_ACTION,22.56,ALREADY_ACTIONED
INT-000605,CMP-000605,JURISDICTION_HANDOFF,PARTIAL,41.54,ACTED
INT-000606,CMP-000606,NO_ACTION,NO_ACTION,8.87,OUT_OF_SCOPE
INT-000607,CMP-000607,NO_ACTION,SUCCESS,42.87,ACTED
INT-000608,CMP-000608,JURISDICTION_HANDOFF,SUCCESS,16.78,ACTED
INT-000609,CMP-000609,LIEN_MARK,SUCCESS,17.14,ACTED
INT-000610,CMP-000610,LIEN_MARK,SUCCESS,42.04,ACTED
INT-000611,CMP-000611,NO_ACTION,SUCCESS,32.83,ACTED
INT-000612,CMP-000612,LIEN_MARK,PARTIAL,5.7,ALREADY_ACTIONED
INT-000613,CMP-000613,ENDPOINT_WATCH,SUCCESS,24.47,ACTED
INT-000614,CMP-000614,NO_ACTION,NO_ACTION,19.41,ACTED
INT-000615,CMP-000615,ACCOUNT_FREEZE,NO_ACTION,11.64,ALREADY_ACTIONED
INT-000616,CMP-000616,NO_ACTION,PARTIAL,17.76,ALREADY_ACTIONED
INT-000617,CMP-000617,NO_ACTION,SUCCESS,25.07,OUT_OF_SCOPE
INT-000618,CMP-000618,ENDPOINT_WATCH,NO_ACTION,42.9,OUT_OF_SCOPE
INT-000619,CMP-000619,LIEN_MARK,PARTIAL,6.87,ACTED
INT-000620,CMP-000620,JURISDICTION_HANDOFF,SUCCESS,4.85,ACTED
INT-000621,CMP-000621,NO_ACTION,SUCCESS,44.27,ALREADY_ACTIONED
INT-000622,CMP-000622,ENDPOINT_WATCH,SUCCESS,18.65,FALSE_POSITIVE
INT-000623,CMP-000623,ENDPOINT_WATCH,SUCCESS,37.0,ACTED
INT-000624,CMP-000624,LIEN_MARK,SUCCESS,31.99,ACTED
INT-000625,CMP-000625,JURISDICTION_HANDOFF,SUCCESS,26.23,ACTED
INT-000626,CMP-000626,NO_ACTION,NO_ACTION,15.11,FALSE_POSITIVE
INT-000627,CMP-000627,LIEN_MARK,PARTIAL,31.2,FALSE_POSITIVE
INT-000628,CMP-000628,JURISDICTION_HANDOFF,PARTIAL,16.69,ACTED
INT-000629,CMP-000629,JURISDICTION_HANDOFF,SUCCESS,37.81,ACTED
INT-000630,CMP-000630,ACCOUNT_FREEZE,NO_ACTION,10.57,ACTED
INT-000631,CMP-000631,ENDPOINT_WATCH,PARTIAL,7.64,NOT_ACTED
INT-000632,CMP-000632,ENDPOINT_WATCH,SUCCESS,32.43,ALREADY_ACTIONED
INT-000633,CMP-000633,LIEN_MARK,SUCCESS,13.09,ACTED
INT-000634,CMP-000634,NO_ACTION,NO_ACTION,25.31,ACTED
INT-000635,CMP-000635,ACCOUNT_FREEZE,NO_ACTION,12.46,ACTED
INT-000636,CMP-000636,JURISDICTION_HANDOFF,PARTIAL,41.5,ACTED
INT-000637,CMP-000637,ENDPOINT_WATCH,SUCCESS,41.31,NOT_ACTED
INT-000638,CMP-000638,ACCOUNT_FREEZE,SUCCESS,9.59,ALREADY_ACTIONED
INT-000639,CMP-000639,NO_ACTION,PARTIAL,41.29,ALREADY_ACTIONED
INT-000640,CMP-000640,ACCOUNT_FREEZE,SUCCESS,15.66,ALREADY_ACTIONED
INT-000641,CMP-000641,ENDPOINT_WATCH,PARTIAL,10.34,ACTED
INT-000642,CMP-000642,NO_ACTION,PARTIAL,41.38,FALSE_POSITIVE
INT-000643,CMP-000643,ENDPOINT_WATCH,SUCCESS,35.1,ALREADY_ACTIONED
INT-000644,CMP-000644,ACCOUNT_FREEZE,SUCCESS,13.73,ACTED
INT-000645,CMP-000645,JURISDICTION_HANDOFF,SUCCESS,26.79,ACTED
INT-000646,CMP-000646,ACCOUNT_FREEZE,SUCCESS,16.24,FALSE_POSITIVE
INT-000647,CMP-000647,LIEN_MARK,SUCCESS,13.78,ACTED
INT-000648,CMP-000648,ACCOUNT_FREEZE,PARTIAL,27.53,ACTED
INT-000649,CMP-000649,LIEN_MARK,PARTIAL,14.59,ACTED
INT-000650,CMP-000650,ACCOUNT_FREEZE,NO_ACTION,18.47,ACTED
INT-000651,CMP-000651,ACCOUNT_FREEZE,NO_ACTION,6.26,OUT_OF_SCOPE
INT-000652,CMP-000652,ENDPOINT_WATCH,SUCCESS,28.9,ACTED
INT-000653,CMP-000653,ACCOUNT_FREEZE,PARTIAL,37.73,ACTED
INT-000654,CMP-000654,LIEN_MARK,PARTIAL,12.75,ACTED
INT-000655,CMP-000655,LIEN_MARK,PARTIAL,37.31,ALREADY_ACTIONED
INT-000656,CMP-000656,LIEN_MARK,PARTIAL,40.47,ACTED
INT-000657,CMP-000657,JURISDICTION_HANDOFF,SUCCESS,38.77,FALSE_POSITIVE
INT-000658,CMP-000658,ACCOUNT_FREEZE,SUCCESS,18.73,ALREADY_ACTIONED
INT-000659,CMP-000659,ENDPOINT_WATCH,SUCCESS,44.96,ALREADY_ACTIONED
INT-000660,CMP-000660,NO_ACTION,SUCCESS,46.66,NOT_ACTED
INT-000661,CMP-000661,ENDPOINT_WATCH,SUCCESS,24.58,ACTED
INT-000662,CMP-000662,JURISDICTION_HANDOFF,NO_ACTION,36.23,NOT_ACTED
INT-000663,CMP-000663,JURISDICTION_HANDOFF,SUCCESS,31.39,ACTED
INT-000664,CMP-000664,ENDPOINT_WATCH,SUCCESS,26.97,ACTED
INT-000665,CMP-000665,LIEN_MARK,NO_ACTION,8.49,ACTED
INT-000666,CMP-000666,JURISDICTION_HANDOFF,SUCCESS,34.36,NOT_ACTED
INT-000667,CMP-000667,ENDPOINT_WATCH,PARTIAL,24.89,ACTED
INT-000668,CMP-000668,NO_ACTION,SUCCESS,36.91,OUT_OF_SCOPE
INT-000669,CMP-000669,NO_ACTION,SUCCESS,7.57,ACTED
INT-000670,CMP-000670,LIEN_MARK,PARTIAL,37.3,ACTED
INT-000671,CMP-000671,LIEN_MARK,NO_ACTION,23.0,ACTED
INT-000672,CMP-000672,ENDPOINT_WATCH,SUCCESS,22.03,ACTED
INT-000673,CMP-000673,NO_ACTION,SUCCESS,29.84,NOT_ACTED
INT-000674,CMP-000674,LIEN_MARK,SUCCESS,36.09,ACTED
INT-000675,CMP-000675,ENDPOINT_WATCH,NO_ACTION,25.18,FALSE_POSITIVE
INT-000676,CMP-000676,NO_ACTION,NO_ACTION,41.75,NOT_ACTED
INT-000677,CMP-000677,NO_ACTION,SUCCESS,3.09,ACTED
INT-000678,CMP-000678,JURISDICTION_HANDOFF,SUCCESS,6.47,NOT_ACTED
INT-000679,CMP-000679,LIEN_MARK,PARTIAL,45.68,ACTED
INT-000680,CMP-000680,LIEN_MARK,SUCCESS,28.61,ACTED
INT-000681,CMP-000681,JURISDICTION_HANDOFF,PARTIAL,13.88,ACTED
INT-000682,CMP-000682,ACCOUNT_FREEZE,SUCCESS,28.79,ACTED
INT-000683,CMP-000683,NO_ACTION,SUCCESS,42.4,ACTED
INT-000684,CMP-000684,LIEN_MARK,SUCCESS,26.89,NOT_ACTED
INT-000685,CMP-000685,JURISDICTION_HANDOFF,NO_ACTION,21.47,ACTED
INT-000686,CMP-000686,NO_ACTION,SUCCESS,5.43,ACTED
INT-000687,CMP-000687,ENDPOINT_WATCH,SUCCESS,38.93,NOT_ACTED
INT-000688,CMP-000688,ENDPOINT_WATCH,SUCCESS,11.02,ALREADY_ACTIONED
INT-000689,CMP-000689,JURISDICTION_HANDOFF,PARTIAL,28.55,ALREADY_ACTIONED
INT-000690,CMP-000690,ACCOUNT_FREEZE,PARTIAL,36.24,OUT_OF_SCOPE
INT-000691,CMP-000691,LIEN_MARK,SUCCESS,37.94,NOT_ACTED
INT-000692,CMP-000692,NO_ACTION,PARTIAL,45.94,OUT_OF_SCOPE
INT-000693,CMP-000693,ACCOUNT_FREEZE,SUCCESS,39.83,NOT_ACTED
INT-000694,CMP-000694,JURISDICTION_HANDOFF,NO_ACTION,23.71,FALSE_POSITIVE
INT-000695,CMP-000695,NO_ACTION,SUCCESS,46.37,ACTED
INT-000696,CMP-000696,ACCOUNT_FREEZE,SUCCESS,7.6,ACTED
INT-000697,CMP-000697,LIEN_MARK,SUCCESS,5.4,ACTED
INT-000698,CMP-000698,JURISDICTION_HANDOFF,SUCCESS,28.82,ACTED
INT-000699,CMP-000699,NO_ACTION,SUCCESS,4.84,OUT_OF_SCOPE
INT-000700,CMP-000700,LIEN_MARK,SUCCESS,17.27,OUT_OF_SCOPE
INT-000701,CMP-000701,NO_ACTION,SUCCESS,3.1,FALSE_POSITIVE
INT-000702,CMP-000702,NO_ACTION,SUCCESS,20.2,ACTED
INT-000703,CMP-000703,LIEN_MARK,SUCCESS,33.86,FALSE_POSITIVE
INT-000704,CMP-000704,NO_ACTION,SUCCESS,8.79,ACTED
INT-000705,CMP-000705,ENDPOINT_WATCH,SUCCESS,32.96,NOT_ACTED
INT-000706,CMP-000706,NO_ACTION,SUCCESS,9.22,ALREADY_ACTIONED
INT-000707,CMP-000707,NO_ACTION,SUCCESS,3.46,ACTED
INT-000708,CMP-000708,NO_ACTION,SUCCESS,28.17,ACTED
INT-000709,CMP-000709,NO_ACTION,NO_ACTION,38.14,ALREADY_ACTIONED
INT-000710,CMP-000710,ENDPOINT_WATCH,PARTIAL,11.73,ALREADY_ACTIONED
INT-000711,CMP-000711,LIEN_MARK,PARTIAL,12.64,ACTED
INT-000712,CMP-000712,ENDPOINT_WATCH,SUCCESS,27.02,ACTED
INT-000713,CMP-000713,NO_ACTION,SUCCESS,3.14,ACTED
INT-000714,CMP-000714,NO_ACTION,SUCCESS,47.68,FALSE_POSITIVE
INT-000715,CMP-000715,JURISDICTION_HANDOFF,SUCCESS,10.37,ACTED
INT-000716,CMP-000716,ENDPOINT_WATCH,NO_ACTION,16.58,ALREADY_ACTIONED
INT-000717,CMP-000717,ENDPOINT_WATCH,SUCCESS,35.74,NOT_ACTED
INT-000718,CMP-000718,ENDPOINT_WATCH,SUCCESS,32.09,ACTED
INT-000719,CMP-000719,LIEN_MARK,SUCCESS,12.73,NOT_ACTED
INT-000720,CMP-000720,NO_ACTION,SUCCESS,5.24,ACTED
INT-000721,CMP-000721,NO_ACTION,NO_ACTION,45.81,ACTED
INT-000722,CMP-000722,LIEN_MARK,SUCCESS,32.45,OUT_OF_SCOPE
INT-000723,CMP-000723,ENDPOINT_WATCH,PARTIAL,41.77,ACTED
INT-000724,CMP-000724,NO_ACTION,SUCCESS,14.97,ACTED
INT-000725,CMP-000725,ENDPOINT_WATCH,SUCCESS,3.19,ACTED
INT-000726,CMP-000726,JURISDICTION_HANDOFF,NO_ACTION,34.64,ACTED
INT-000727,CMP-000727,ACCOUNT_FREEZE,SUCCESS,22.11,FALSE_POSITIVE
INT-000728,CMP-000728,NO_ACTION,NO_ACTION,34.99,ACTED
INT-000729,CMP-000729,LIEN_MARK,SUCCESS,19.08,ACTED
INT-000730,CMP-000730,LIEN_MARK,SUCCESS,29.46,NOT_ACTED
INT-000731,CMP-000731,JURISDICTION_HANDOFF,NO_ACTION,22.94,ACTED
INT-000732,CMP-000732,ACCOUNT_FREEZE,PARTIAL,17.91,ACTED
INT-000733,CMP-000733,ENDPOINT_WATCH,SUCCESS,25.9,ACTED
INT-000734,CMP-000734,LIEN_MARK,SUCCESS,3.5,FALSE_POSITIVE
INT-000735,CMP-000735,ENDPOINT_WATCH,SUCCESS,41.4,FALSE_POSITIVE
INT-000736,CMP-000736,JURISDICTION_HANDOFF,SUCCESS,33.93,NOT_ACTED
INT-000737,CMP-000737,ACCOUNT_FREEZE,NO_ACTION,15.75,OUT_OF_SCOPE
INT-000738,CMP-000738,NO_ACTION,SUCCESS,29.27,OUT_OF_SCOPE
INT-000739,CMP-000739,NO_ACTION,SUCCESS,40.61,OUT_OF_SCOPE
INT-000740,CMP-000740,NO_ACTION,SUCCESS,21.08,OUT_OF_SCOPE
INT-000741,CMP-000741,NO_ACTION,SUCCESS,20.38,ACTED
INT-000742,CMP-000742,JURISDICTION_HANDOFF,SUCCESS,8.69,FALSE_POSITIVE
INT-000743,CMP-000743,JURISDICTION_HANDOFF,SUCCESS,44.95,OUT_OF_SCOPE
INT-000744,CMP-000744,LIEN_MARK,SUCCESS,10.77,NOT_ACTED
INT-000745,CMP-000745,ENDPOINT_WATCH,PARTIAL,34.69,ACTED
INT-000746,CMP-000746,LIEN_MARK,NO_ACTION,16.28,ACTED
INT-000747,CMP-000747,ENDPOINT_WATCH,SUCCESS,32.91,NOT_ACTED
INT-000748,CMP-000748,JURISDICTION_HANDOFF,SUCCESS,7.84,ACTED
INT-000749,CMP-000749,LIEN_MARK,SUCCESS,22.76,OUT_OF_SCOPE
INT-000750,CMP-000750,JURISDICTION_HANDOFF,PARTIAL,21.32,OUT_OF_SCOPE
INT-000751,CMP-000751,ENDPOINT_WATCH,NO_ACTION,4.18,ACTED
INT-000752,CMP-000752,JURISDICTION_HANDOFF,SUCCESS,4.37,FALSE_POSITIVE
INT-000753,CMP-000753,ENDPOINT_WATCH,SUCCESS,29.35,ACTED
INT-000754,CMP-000754,ENDPOINT_WATCH,SUCCESS,16.01,ALREADY_ACTIONED
INT-000755,CMP-000755,JURISDICTION_HANDOFF,SUCCESS,22.2,ALREADY_ACTIONED
INT-000756,CMP-000756,JURISDICTION_HANDOFF,SUCCESS,25.76,NOT_ACTED
INT-000757,CMP-000757,ACCOUNT_FREEZE,NO_ACTION,38.33,OUT_OF_SCOPE
INT-000758,CMP-000758,ENDPOINT_WATCH,NO_ACTION,21.11,ACTED
INT-000759,CMP-000759,LIEN_MARK,SUCCESS,27.97,NOT_ACTED
INT-000760,CMP-000760,LIEN_MARK,SUCCESS,22.08,NOT_ACTED
INT-000761,CMP-000761,ENDPOINT_WATCH,SUCCESS,16.43,ACTED
INT-000762,CMP-000762,LIEN_MARK,PARTIAL,24.67,OUT_OF_SCOPE
INT-000763,CMP-000763,JURISDICTION_HANDOFF,SUCCESS,13.67,ACTED
INT-000764,CMP-000764,LIEN_MARK,SUCCESS,7.9,ALREADY_ACTIONED
INT-000765,CMP-000765,ENDPOINT_WATCH,SUCCESS,24.4,ALREADY_ACTIONED
INT-000766,CMP-000766,ACCOUNT_FREEZE,SUCCESS,28.16,NOT_ACTED
INT-000767,CMP-000767,NO_ACTION,NO_ACTION,21.13,NOT_ACTED
INT-000768,CMP-000768,ACCOUNT_FREEZE,SUCCESS,10.16,ACTED
INT-000769,CMP-000769,JURISDICTION_HANDOFF,SUCCESS,10.36,ACTED
INT-000770,CMP-000770,JURISDICTION_HANDOFF,SUCCESS,27.4,NOT_ACTED
INT-000771,CMP-000771,ACCOUNT_FREEZE,PARTIAL,38.23,ACTED
INT-000772,CMP-000772,LIEN_MARK,PARTIAL,29.77,NOT_ACTED
INT-000773,CMP-000773,ENDPOINT_WATCH,PARTIAL,47.71,OUT_OF_SCOPE
INT-000774,CMP-000774,NO_ACTION,PARTIAL,21.04,ACTED
INT-000775,CMP-000775,JURISDICTION_HANDOFF,NO_ACTION,38.17,NOT_ACTED
INT-000776,CMP-000776,JURISDICTION_HANDOFF,PARTIAL,19.03,ACTED
INT-000777,CMP-000777,ACCOUNT_FREEZE,PARTIAL,20.63,ACTED
INT-000778,CMP-000778,LIEN_MARK,SUCCESS,27.09,ALREADY_ACTIONED
INT-000779,CMP-000779,ACCOUNT_FREEZE,SUCCESS,20.31,ACTED
INT-000780,CMP-000780,JURISDICTION_HANDOFF,NO_ACTION,9.26,ACTED
INT-000781,CMP-000781,JURISDICTION_HANDOFF,SUCCESS,12.11,FALSE_POSITIVE
INT-000782,CMP-000782,JURISDICTION_HANDOFF,PARTIAL,4.22,NOT_ACTED
INT-000783,CMP-000783,ACCOUNT_FREEZE,SUCCESS,30.95,ACTED
INT-000784,CMP-000784,ACCOUNT_FREEZE,SUCCESS,28.48,ACTED
INT-000785,CMP-000785,ACCOUNT_FREEZE,SUCCESS,8.89,FALSE_POSITIVE
INT-000786,CMP-000786,LIEN_MARK,NO_ACTION,6.47,ACTED
INT-000787,CMP-000787,LIEN_MARK,SUCCESS,31.08,ALREADY_ACTIONED
INT-000788,CMP-000788,LIEN_MARK,PARTIAL,30.44,ACTED
INT-000789,CMP-000789,JURISDICTION_HANDOFF,SUCCESS,19.41,ALREADY_ACTIONED
INT-000790,CMP-000790,NO_ACTION,SUCCESS,40.31,ACTED
INT-000791,CMP-000791,LIEN_MARK,NO_ACTION,18.0,ALREADY_ACTIONED
INT-000792,CMP-000792,LIEN_MARK,SUCCESS,39.73,FALSE_POSITIVE
INT-000793,CMP-000793,ACCOUNT_FREEZE,SUCCESS,19.23,ALREADY_ACTIONED
INT-000794,CMP-000794,LIEN_MARK,SUCCESS,33.34,OUT_OF_SCOPE
INT-000795,CMP-000795,NO_ACTION,NO_ACTION,26.17,NOT_ACTED
INT-000796,CMP-000796,ACCOUNT_FREEZE,SUCCESS,21.28,FALSE_POSITIVE
INT-000797,CMP-000797,ENDPOINT_WATCH,PARTIAL,10.05,ACTED
INT-000798,CMP-000798,ENDPOINT_WATCH,NO_ACTION,15.8,NOT_ACTED
INT-000799,CMP-000799,JURISDICTION_HANDOFF,SUCCESS,37.33,ACTED
INT-000800,CMP-000800,JURISDICTION_HANDOFF,PARTIAL,32.04,NOT_ACTED
INT-000801,CMP-000801,NO_ACTION,SUCCESS,26.63,ACTED
INT-000802,CMP-000802,JURISDICTION_HANDOFF,SUCCESS,13.91,OUT_OF_SCOPE
INT-000803,CMP-000803,ENDPOINT_WATCH,NO_ACTION,3.8,ACTED
INT-000804,CMP-000804,ACCOUNT_FREEZE,SUCCESS,46.12,NOT_ACTED
INT-000805,CMP-000805,ACCOUNT_FREEZE,SUCCESS,41.73,OUT_OF_SCOPE
INT-000806,CMP-000806,ENDPOINT_WATCH,PARTIAL,38.61,ACTED
INT-000807,CMP-000807,JURISDICTION_HANDOFF,SUCCESS,45.86,ACTED
INT-000808,CMP-000808,LIEN_MARK,SUCCESS,40.33,ALREADY_ACTIONED
INT-000809,CMP-000809,JURISDICTION_HANDOFF,SUCCESS,17.69,NOT_ACTED
INT-000810,CMP-000810,LIEN_MARK,PARTIAL,13.75,FALSE_POSITIVE
INT-000811,CMP-000811,JURISDICTION_HANDOFF,SUCCESS,29.46,ACTED
INT-000812,CMP-000812,NO_ACTION,PARTIAL,41.72,ACTED
INT-000813,CMP-000813,JURISDICTION_HANDOFF,SUCCESS,24.96,ACTED
INT-000814,CMP-000814,NO_ACTION,SUCCESS,31.4,ACTED
INT-000815,CMP-000815,LIEN_MARK,NO_ACTION,40.69,NOT_ACTED
INT-000816,CMP-000816,ACCOUNT_FREEZE,SUCCESS,22.1,ACTED
INT-000817,CMP-000817,NO_ACTION,NO_ACTION,32.81,ALREADY_ACTIONED
INT-000818,CMP-000818,NO_ACTION,NO_ACTION,43.84,NOT_ACTED
INT-000819,CMP-000819,ENDPOINT_WATCH,NO_ACTION,12.11,NOT_ACTED
INT-000820,CMP-000820,JURISDICTION_HANDOFF,NO_ACTION,33.49,ACTED
INT-000821,CMP-000821,LIEN_MARK,SUCCESS,47.74,NOT_ACTED
INT-000822,CMP-000822,ACCOUNT_FREEZE,SUCCESS,38.47,ACTED
INT-000823,CMP-000823,ENDPOINT_WATCH,PARTIAL,17.04,ACTED
INT-000824,CMP-000824,LIEN_MARK,SUCCESS,19.81,NOT_ACTED
INT-000825,CMP-000825,JURISDICTION_HANDOFF,NO_ACTION,25.68,ACTED
INT-000826,CMP-000826,ENDPOINT_WATCH,NO_ACTION,38.15,ACTED
INT-000827,CMP-000827,ENDPOINT_WATCH,SUCCESS,6.6,ACTED
INT-000828,CMP-000828,JURISDICTION_HANDOFF,PARTIAL,37.93,FALSE_POSITIVE
INT-000829,CMP-000829,ACCOUNT_FREEZE,SUCCESS,23.49,NOT_ACTED
INT-000830,CMP-000830,JURISDICTION_HANDOFF,SUCCESS,30.43,ACTED
INT-000831,CMP-000831,JURISDICTION_HANDOFF,SUCCESS,43.57,ACTED
INT-000832,CMP-000832,ACCOUNT_FREEZE,SUCCESS,12.87,ACTED
INT-000833,CMP-000833,NO_ACTION,SUCCESS,25.76,ACTED
INT-000834,CMP-000834,LIEN_MARK,NO_ACTION,45.06,NOT_ACTED
INT-000835,CMP-000835,ENDPOINT_WATCH,PARTIAL,44.98,NOT_ACTED
INT-000836,CMP-000836,JURISDICTION_HANDOFF,SUCCESS,41.22,ALREADY_ACTIONED
INT-000837,CMP-000837,ENDPOINT_WATCH,SUCCESS,17.3,ACTED
INT-000838,CMP-000838,ENDPOINT_WATCH,SUCCESS,35.12,ACTED
INT-000839,CMP-000839,ACCOUNT_FREEZE,SUCCESS,8.78,ALREADY_ACTIONED
INT-000840,CMP-000840,NO_ACTION,NO_ACTION,30.96,ALREADY_ACTIONED
INT-000841,CMP-000841,JURISDICTION_HANDOFF,SUCCESS,11.17,NOT_ACTED
INT-000842,CMP-000842,JURISDICTION_HANDOFF,SUCCESS,20.38,ACTED
INT-000843,CMP-000843,ACCOUNT_FREEZE,NO_ACTION,45.39,ACTED
INT-000844,CMP-000844,ENDPOINT_WATCH,NO_ACTION,25.66,ALREADY_ACTIONED
INT-000845,CMP-000845,JURISDICTION_HANDOFF,SUCCESS,9.17,OUT_OF_SCOPE
INT-000846,CMP-000846,ENDPOINT_WATCH,NO_ACTION,43.55,FALSE_POSITIVE
INT-000847,CMP-000847,LIEN_MARK,PARTIAL,17.61,ACTED
INT-000848,CMP-000848,LIEN_MARK,SUCCESS,34.0,ACTED
INT-000849,CMP-000849,JURISDICTION_HANDOFF,SUCCESS,3.16,ACTED
INT-000850,CMP-000850,ACCOUNT_FREEZE,SUCCESS,9.09,ALREADY_ACTIONED
INT-000851,CMP-000851,ACCOUNT_FREEZE,SUCCESS,22.44,NOT_ACTED
INT-000852,CMP-000852,ACCOUNT_FREEZE,SUCCESS,47.09,ALREADY_ACTIONED
INT-000853,CMP-000853,ACCOUNT_FREEZE,SUCCESS,41.06,ACTED
INT-000854,CMP-000854,ACCOUNT_FREEZE,SUCCESS,44.63,NOT_ACTED
INT-000855,CMP-000855,ENDPOINT_WATCH,PARTIAL,14.36,ACTED
INT-000856,CMP-000856,NO_ACTION,PARTIAL,45.79,ACTED
INT-000857,CMP-000857,ACCOUNT_FREEZE,SUCCESS,11.39,ACTED
INT-000858,CMP-000858,JURISDICTION_HANDOFF,NO_ACTION,28.25,ACTED
INT-000859,CMP-000859,NO_ACTION,SUCCESS,23.44,ACTED
INT-000860,CMP-000860,ENDPOINT_WATCH,SUCCESS,21.56,FALSE_POSITIVE
INT-000861,CMP-000861,ACCOUNT_FREEZE,SUCCESS,16.44,ALREADY_ACTIONED
INT-000862,CMP-000862,NO_ACTION,NO_ACTION,32.78,ACTED
INT-000863,CMP-000863,ACCOUNT_FREEZE,SUCCESS,6.83,ACTED
INT-000864,CMP-000864,ENDPOINT_WATCH,SUCCESS,18.0,ACTED
INT-000865,CMP-000865,JURISDICTION_HANDOFF,SUCCESS,16.03,ACTED
INT-000866,CMP-000866,ACCOUNT_FREEZE,PARTIAL,40.81,OUT_OF_SCOPE
INT-000867,CMP-000867,ACCOUNT_FREEZE,NO_ACTION,13.98,ACTED
INT-000868,CMP-000868,JURISDICTION_HANDOFF,NO_ACTION,13.0,ACTED
INT-000869,CMP-000869,ENDPOINT_WATCH,NO_ACTION,5.2,OUT_OF_SCOPE
INT-000870,CMP-000870,ENDPOINT_WATCH,NO_ACTION,18.49,ACTED
INT-000871,CMP-000871,ENDPOINT_WATCH,SUCCESS,25.51,ACTED
INT-000872,CMP-000872,NO_ACTION,PARTIAL,47.59,FALSE_POSITIVE
INT-000873,CMP-000873,JURISDICTION_HANDOFF,SUCCESS,38.8,NOT_ACTED
INT-000874,CMP-000874,NO_ACTION,NO_ACTION,41.32,FALSE_POSITIVE
INT-000875,CMP-000875,ENDPOINT_WATCH,SUCCESS,18.16,ACTED
INT-000876,CMP-000876,LIEN_MARK,SUCCESS,47.63,ACTED
INT-000877,CMP-000877,LIEN_MARK,PARTIAL,40.96,ALREADY_ACTIONED
INT-000878,CMP-000878,NO_ACTION,PARTIAL,43.05,ACTED
INT-000879,CMP-000879,LIEN_MARK,SUCCESS,37.03,FALSE_POSITIVE
INT-000880,CMP-000880,ENDPOINT_WATCH,SUCCESS,38.04,ACTED
INT-000881,CMP-000881,JURISDICTION_HANDOFF,SUCCESS,30.97,ACTED
INT-000882,CMP-000882,ACCOUNT_FREEZE,SUCCESS,9.12,NOT_ACTED
INT-000883,CMP-000883,LIEN_MARK,SUCCESS,16.84,ACTED
INT-000884,CMP-000884,ENDPOINT_WATCH,NO_ACTION,38.79,ALREADY_ACTIONED
INT-000885,CMP-000885,JURISDICTION_HANDOFF,SUCCESS,26.38,ACTED
INT-000886,CMP-000886,ENDPOINT_WATCH,SUCCESS,15.69,ALREADY_ACTIONED
INT-000887,CMP-000887,ACCOUNT_FREEZE,SUCCESS,47.59,ACTED
INT-000888,CMP-000888,NO_ACTION,SUCCESS,32.23,NOT_ACTED
INT-000889,CMP-000889,ACCOUNT_FREEZE,PARTIAL,25.63,ACTED
INT-000890,CMP-000890,ACCOUNT_FREEZE,NO_ACTION,24.65,NOT_ACTED
INT-000891,CMP-000891,LIEN_MARK,SUCCESS,12.04,ALREADY_ACTIONED
INT-000892,CMP-000892,JURISDICTION_HANDOFF,NO_ACTION,9.62,ACTED
INT-000893,CMP-000893,JURISDICTION_HANDOFF,SUCCESS,3.95,ACTED
INT-000894,CMP-000894,NO_ACTION,SUCCESS,31.96,ACTED
INT-000895,CMP-000895,ENDPOINT_WATCH,SUCCESS,11.83,ACTED
INT-000896,CMP-000896,ACCOUNT_FREEZE,SUCCESS,35.36,ACTED
INT-000897,CMP-000897,LIEN_MARK,SUCCESS,11.93,ALREADY_ACTIONED
INT-000898,CMP-000898,ACCOUNT_FREEZE,SUCCESS,10.82,NOT_ACTED
INT-000899,CMP-000899,JURISDICTION_HANDOFF,SUCCESS,36.15,NOT_ACTED
INT-000900,CMP-000900,ACCOUNT_FREEZE,SUCCESS,25.63,ACTED
INT-000901,CMP-000901,LIEN_MARK,NO_ACTION,25.56,ALREADY_ACTIONED
INT-000902,CMP-000902,LIEN_MARK,SUCCESS,9.9,ACTED
INT-000903,CMP-000903,NO_ACTION,SUCCESS,10.63,NOT_ACTED
INT-000904,CMP-000904,JURISDICTION_HANDOFF,SUCCESS,43.3,ACTED
INT-000905,CMP-000905,LIEN_MARK,SUCCESS,14.24,OUT_OF_SCOPE
INT-000906,CMP-000906,NO_ACTION,SUCCESS,10.94,FALSE_POSITIVE
INT-000907,CMP-000907,ENDPOINT_WATCH,SUCCESS,35.21,ACTED
INT-000908,CMP-000908,LIEN_MARK,SUCCESS,26.94,ACTED
INT-000909,CMP-000909,JURISDICTION_HANDOFF,SUCCESS,6.16,ACTED
INT-000910,CMP-000910,NO_ACTION,SUCCESS,40.5,OUT_OF_SCOPE
INT-000911,CMP-000911,JURISDICTION_HANDOFF,NO_ACTION,43.72,ACTED
INT-000912,CMP-000912,ACCOUNT_FREEZE,SUCCESS,9.01,NOT_ACTED
INT-000913,CMP-000913,ENDPOINT_WATCH,NO_ACTION,23.73,NOT_ACTED
INT-000914,CMP-000914,ACCOUNT_FREEZE,SUCCESS,44.89,FALSE_POSITIVE
INT-000915,CMP-000915,LIEN_MARK,NO_ACTION,10.83,ACTED
INT-000916,CMP-000916,LIEN_MARK,SUCCESS,9.44,FALSE_POSITIVE
INT-000917,CMP-000917,JURISDICTION_HANDOFF,SUCCESS,40.97,ACTED
INT-000918,CMP-000918,ACCOUNT_FREEZE,SUCCESS,44.46,ACTED
INT-000919,CMP-000919,JURISDICTION_HANDOFF,SUCCESS,10.75,ALREADY_ACTIONED
INT-000920,CMP-000920,ENDPOINT_WATCH,SUCCESS,25.1,NOT_ACTED
INT-000921,CMP-000921,LIEN_MARK,SUCCESS,6.76,ACTED
INT-000922,CMP-000922,ENDPOINT_WATCH,SUCCESS,19.84,ACTED
INT-000923,CMP-000923,NO_ACTION,SUCCESS,23.59,ALREADY_ACTIONED
INT-000924,CMP-000924,ACCOUNT_FREEZE,SUCCESS,13.48,ACTED
INT-000925,CMP-000925,JURISDICTION_HANDOFF,NO_ACTION,5.4,NOT_ACTED
INT-000926,CMP-000926,JURISDICTION_HANDOFF,NO_ACTION,27.73,ACTED
INT-000927,CMP-000927,LIEN_MARK,NO_ACTION,23.2,ACTED
INT-000928,CMP-000928,ACCOUNT_FREEZE,NO_ACTION,15.86,FALSE_POSITIVE
INT-000929,CMP-000929,NO_ACTION,SUCCESS,4.34,NOT_ACTED
INT-000930,CMP-000930,NO_ACTION,PARTIAL,28.3,ACTED
INT-000931,CMP-000931,ENDPOINT_WATCH,SUCCESS,42.86,ACTED
INT-000932,CMP-000932,LIEN_MARK,PARTIAL,29.03,ALREADY_ACTIONED
INT-000933,CMP-000933,ENDPOINT_WATCH,SUCCESS,26.93,ACTED
INT-000934,CMP-000934,LIEN_MARK,NO_ACTION,28.8,ALREADY_ACTIONED
INT-000935,CMP-000935,ACCOUNT_FREEZE,PARTIAL,24.65,ACTED
INT-000936,CMP-000936,JURISDICTION_HANDOFF,NO_ACTION,25.12,ACTED
INT-000937,CMP-000937,JURISDICTION_HANDOFF,SUCCESS,40.02,OUT_OF_SCOPE
INT-000938,CMP-000938,NO_ACTION,SUCCESS,16.45,ACTED
INT-000939,CMP-000939,ACCOUNT_FREEZE,SUCCESS,29.05,FALSE_POSITIVE
INT-000940,CMP-000940,NO_ACTION,SUCCESS,31.59,ACTED
INT-000941,CMP-000941,ACCOUNT_FREEZE,PARTIAL,10.83,ACTED
INT-000942,CMP-000942,JURISDICTION_HANDOFF,SUCCESS,34.43,NOT_ACTED
INT-000943,CMP-000943,LIEN_MARK,SUCCESS,41.03,NOT_ACTED
INT-000944,CMP-000944,ACCOUNT_FREEZE,NO_ACTION,10.36,ACTED
INT-000945,CMP-000945,JURISDICTION_HANDOFF,SUCCESS,30.2,ACTED
INT-000946,CMP-000946,NO_ACTION,NO_ACTION,19.48,OUT_OF_SCOPE
INT-000947,CMP-000947,ACCOUNT_FREEZE,SUCCESS,45.88,ACTED
INT-000948,CMP-000948,ACCOUNT_FREEZE,SUCCESS,39.36,ACTED
INT-000949,CMP-000949,LIEN_MARK,SUCCESS,23.87,ACTED
INT-000950,CMP-000950,ACCOUNT_FREEZE,SUCCESS,27.76,ACTED
INT-000951,CMP-000951,ENDPOINT_WATCH,SUCCESS,21.02,ACTED
INT-000952,CMP-000952,NO_ACTION,NO_ACTION,6.9,ALREADY_ACTIONED
INT-000953,CMP-000953,LIEN_MARK,SUCCESS,12.92,ACTED
INT-000954,CMP-000954,ENDPOINT_WATCH,SUCCESS,38.55,ALREADY_ACTIONED
INT-000955,CMP-000955,JURISDICTION_HANDOFF,SUCCESS,37.29,NOT_ACTED
INT-000956,CMP-000956,LIEN_MARK,NO_ACTION,12.48,ACTED
INT-000957,CMP-000957,LIEN_MARK,SUCCESS,26.77,OUT_OF_SCOPE
INT-000958,CMP-000958,ENDPOINT_WATCH,SUCCESS,29.5,ACTED
INT-000959,CMP-000959,ENDPOINT_WATCH,PARTIAL,19.51,ACTED
INT-000960,CMP-000960,ENDPOINT_WATCH,SUCCESS,43.98,FALSE_POSITIVE
INT-000961,CMP-000961,JURISDICTION_HANDOFF,PARTIAL,34.53,NOT_ACTED
INT-000962,CMP-000962,JURISDICTION_HANDOFF,PARTIAL,30.26,OUT_OF_SCOPE
INT-000963,CMP-000963,NO_ACTION,SUCCESS,17.68,NOT_ACTED
INT-000964,CMP-000964,NO_ACTION,SUCCESS,43.64,OUT_OF_SCOPE
INT-000965,CMP-000965,LIEN_MARK,SUCCESS,16.4,ACTED
INT-000966,CMP-000966,ACCOUNT_FREEZE,SUCCESS,38.68,ACTED
INT-000967,CMP-000967,ENDPOINT_WATCH,SUCCESS,35.1,ACTED
INT-000968,CMP-000968,JURISDICTION_HANDOFF,SUCCESS,43.41,ACTED
INT-000969,CMP-000969,NO_ACTION,PARTIAL,41.78,ACTED
INT-000970,CMP-000970,NO_ACTION,SUCCESS,21.63,ACTED
INT-000971,CMP-000971,LIEN_MARK,SUCCESS,7.18,ACTED
INT-000972,CMP-000972,ENDPOINT_WATCH,NO_ACTION,26.3,ACTED
INT-000973,CMP-000973,ACCOUNT_FREEZE,NO_ACTION,44.59,ACTED
INT-000974,CMP-000974,NO_ACTION,SUCCESS,40.15,ACTED
INT-000975,CMP-000975,NO_ACTION,SUCCESS,29.64,ACTED
INT-000976,CMP-000976,ACCOUNT_FREEZE,NO_ACTION,4.9,ACTED
INT-000977,CMP-000977,JURISDICTION_HANDOFF,SUCCESS,10.69,OUT_OF_SCOPE
INT-000978,CMP-000978,JURISDICTION_HANDOFF,SUCCESS,6.06,ACTED
INT-000979,CMP-000979,ENDPOINT_WATCH,SUCCESS,37.46,FALSE_POSITIVE
INT-000980,CMP-000980,NO_ACTION,NO_ACTION,11.62,ACTED
INT-000981,CMP-000981,ACCOUNT_FREEZE,SUCCESS,12.22,ACTED
INT-000982,CMP-000982,ENDPOINT_WATCH,SUCCESS,32.44,FALSE_POSITIVE
INT-000983,CMP-000983,ENDPOINT_WATCH,SUCCESS,40.85,ALREADY_ACTIONED
INT-000984,CMP-000984,JURISDICTION_HANDOFF,SUCCESS,26.23,ACTED
INT-000985,CMP-000985,NO_ACTION,PARTIAL,45.5,ALREADY_ACTIONED
INT-000986,CMP-000986,NO_ACTION,PARTIAL,30.87,NOT_ACTED
INT-000987,CMP-000987,NO_ACTION,PARTIAL,32.76,ACTED
INT-000988,CMP-000988,JURISDICTION_HANDOFF,PARTIAL,35.73,ACTED
INT-000989,CMP-000989,ACCOUNT_FREEZE,PARTIAL,17.56,ACTED
INT-000990,CMP-000990,LIEN_MARK,SUCCESS,11.44,OUT_OF_SCOPE
INT-000991,CMP-000991,NO_ACTION,SUCCESS,19.35,NOT_ACTED
INT-000992,CMP-000992,ENDPOINT_WATCH,SUCCESS,18.6,FALSE_POSITIVE
INT-000993,CMP-000993,JURISDICTION_HANDOFF,NO_ACTION,31.7,FALSE_POSITIVE
INT-000994,CMP-000994,LIEN_MARK,PARTIAL,20.89,ACTED
INT-000995,CMP-000995,ACCOUNT_FREEZE,NO_ACTION,14.42,ACTED
INT-000996,CMP-000996,LIEN_MARK,SUCCESS,24.71,ACTED
INT-000997,CMP-000997,ACCOUNT_FREEZE,PARTIAL,47.51,NOT_ACTED
INT-000998,CMP-000998,NO_ACTION,SUCCESS,29.42,NOT_ACTED
INT-000999,CMP-000999,JURISDICTION_HANDOFF,SUCCESS,7.34,ALREADY_ACTIONED
INT-001000,CMP-001000,LIEN_MARK,NO_ACTION,10.06,ALREADY_ACTIONED
INT-001001,CMP-001001,ACCOUNT_FREEZE,SUCCESS,3.13,NOT_ACTED
INT-001002,CMP-001002,JURISDICTION_HANDOFF,SUCCESS,17.15,ACTED
INT-001003,CMP-001003,ACCOUNT_FREEZE,PARTIAL,21.97,OUT_OF_SCOPE
INT-001004,CMP-001004,ACCOUNT_FREEZE,SUCCESS,13.26,ACTED
INT-001005,CMP-001005,ACCOUNT_FREEZE,NO_ACTION,41.71,OUT_OF_SCOPE
INT-001006,CMP-001006,ACCOUNT_FREEZE,SUCCESS,14.87,FALSE_POSITIVE
INT-001007,CMP-001007,LIEN_MARK,SUCCESS,25.06,ACTED
INT-001008,CMP-001008,ACCOUNT_FREEZE,SUCCESS,25.22,FALSE_POSITIVE
INT-001009,CMP-001009,LIEN_MARK,SUCCESS,10.52,ACTED
INT-001010,CMP-001010,NO_ACTION,PARTIAL,19.44,ACTED
INT-001011,CMP-001011,NO_ACTION,SUCCESS,6.15,ACTED
INT-001012,CMP-001012,ACCOUNT_FREEZE,NO_ACTION,5.26,ACTED
INT-001013,CMP-001013,ENDPOINT_WATCH,SUCCESS,23.29,FALSE_POSITIVE
INT-001014,CMP-001014,NO_ACTION,NO_ACTION,38.8,OUT_OF_SCOPE
INT-001015,CMP-001015,NO_ACTION,SUCCESS,32.56,NOT_ACTED
INT-001016,CMP-001016,NO_ACTION,NO_ACTION,35.72,ACTED
INT-001017,CMP-001017,LIEN_MARK,SUCCESS,38.68,ALREADY_ACTIONED
INT-001018,CMP-001018,NO_ACTION,SUCCESS,20.67,OUT_OF_SCOPE
INT-001019,CMP-001019,NO_ACTION,NO_ACTION,35.37,OUT_OF_SCOPE
INT-001020,CMP-001020,NO_ACTION,PARTIAL,33.08,ACTED
INT-001021,CMP-001021,JURISDICTION_HANDOFF,SUCCESS,8.16,ALREADY_ACTIONED
INT-001022,CMP-001022,NO_ACTION,SUCCESS,32.98,ACTED
INT-001023,CMP-001023,ENDPOINT_WATCH,SUCCESS,19.07,NOT_ACTED
INT-001024,CMP-001024,ENDPOINT_WATCH,SUCCESS,34.62,ACTED
INT-001025,CMP-001025,ACCOUNT_FREEZE,PARTIAL,10.92,ACTED
INT-001026,CMP-001026,LIEN_MARK,PARTIAL,19.68,ACTED
INT-001027,CMP-001027,ENDPOINT_WATCH,NO_ACTION,37.58,FALSE_POSITIVE
INT-001028,CMP-001028,LIEN_MARK,SUCCESS,46.22,ACTED
INT-001029,CMP-001029,LIEN_MARK,SUCCESS,9.66,ACTED
INT-001030,CMP-001030,ENDPOINT_WATCH,NO_ACTION,25.44,ACTED
INT-001031,CMP-001031,ACCOUNT_FREEZE,SUCCESS,40.11,ACTED
INT-001032,CMP-001032,ACCOUNT_FREEZE,SUCCESS,45.62,FALSE_POSITIVE
INT-001033,CMP-001033,NO_ACTION,SUCCESS,5.77,NOT_ACTED
INT-001034,CMP-001034,JURISDICTION_HANDOFF,NO_ACTION,31.23,ACTED
INT-001035,CMP-001035,ACCOUNT_FREEZE,NO_ACTION,13.98,ACTED
INT-001036,CMP-001036,ENDPOINT_WATCH,SUCCESS,27.88,ALREADY_ACTIONED
INT-001037,CMP-001037,NO_ACTION,SUCCESS,36.25,ACTED
INT-001038,CMP-001038,ACCOUNT_FREEZE,SUCCESS,6.02,ACTED
INT-001039,CMP-001039,JURISDICTION_HANDOFF,SUCCESS,30.75,ALREADY_ACTIONED
INT-001040,CMP-001040,LIEN_MARK,SUCCESS,35.08,ACTED
INT-001041,CMP-001041,JURISDICTION_HANDOFF,SUCCESS,8.68,ACTED
INT-001042,CMP-001042,ACCOUNT_FREEZE,SUCCESS,47.82,ACTED
INT-001043,CMP-001043,NO_ACTION,SUCCESS,31.11,ALREADY_ACTIONED
INT-001044,CMP-001044,ACCOUNT_FREEZE,NO_ACTION,45.13,ACTED
INT-001045,CMP-001045,ACCOUNT_FREEZE,SUCCESS,36.75,ACTED
INT-001046,CMP-001046,LIEN_MARK,NO_ACTION,42.61,NOT_ACTED
INT-001047,CMP-001047,JURISDICTION_HANDOFF,SUCCESS,8.6,FALSE_POSITIVE
INT-001048,CMP-001048,ENDPOINT_WATCH,SUCCESS,35.28,ACTED
INT-001049,CMP-001049,LIEN_MARK,PARTIAL,4.64,ACTED
INT-001050,CMP-001050,NO_ACTION,NO_ACTION,27.19,NOT_ACTED
INT-001051,CMP-001051,ENDPOINT_WATCH,NO_ACTION,44.92,ACTED
INT-001052,CMP-001052,ENDPOINT_WATCH,NO_ACTION,27.3,NOT_ACTED
INT-001053,CMP-001053,ACCOUNT_FREEZE,PARTIAL,43.4,NOT_ACTED
INT-001054,CMP-001054,JURISDICTION_HANDOFF,SUCCESS,35.99,NOT_ACTED
INT-001055,CMP-001055,LIEN_MARK,PARTIAL,24.61,NOT_ACTED
INT-001056,CMP-001056,NO_ACTION,SUCCESS,17.35,FALSE_POSITIVE
INT-001057,CMP-001057,LIEN_MARK,SUCCESS,43.97,ACTED
INT-001058,CMP-001058,ENDPOINT_WATCH,SUCCESS,14.35,ACTED
INT-001059,CMP-001059,ENDPOINT_WATCH,PARTIAL,39.2,ACTED
INT-001060,CMP-001060,NO_ACTION,NO_ACTION,10.06,ACTED
INT-001061,CMP-001061,LIEN_MARK,NO_ACTION,11.96,FALSE_POSITIVE
INT-001062,CMP-001062,LIEN_MARK,PARTIAL,23.08,FALSE_POSITIVE
INT-001063,CMP-001063,LIEN_MARK,SUCCESS,24.6,FALSE_POSITIVE
INT-001064,CMP-001064,NO_ACTION,SUCCESS,14.04,ACTED
INT-001065,CMP-001065,ACCOUNT_FREEZE,SUCCESS,3.13,ACTED
INT-001066,CMP-001066,JURISDICTION_HANDOFF,SUCCESS,6.56,ACTED
INT-001067,CMP-001067,ENDPOINT_WATCH,SUCCESS,19.02,ALREADY_ACTIONED
INT-001068,CMP-001068,NO_ACTION,SUCCESS,7.04,ACTED
INT-001069,CMP-001069,NO_ACTION,PARTIAL,22.74,NOT_ACTED
INT-001070,CMP-001070,ACCOUNT_FREEZE,PARTIAL,22.33,NOT_ACTED
INT-001071,CMP-001071,JURISDICTION_HANDOFF,SUCCESS,6.77,OUT_OF_SCOPE
INT-001072,CMP-001072,JURISDICTION_HANDOFF,SUCCESS,17.61,OUT_OF_SCOPE
INT-001073,CMP-001073,JURISDICTION_HANDOFF,SUCCESS,18.34,ACTED
INT-001074,CMP-001074,JURISDICTION_HANDOFF,PARTIAL,10.61,ACTED
INT-001075,CMP-001075,ENDPOINT_WATCH,SUCCESS,9.62,NOT_ACTED
INT-001076,CMP-001076,ENDPOINT_WATCH,SUCCESS,16.13,NOT_ACTED
INT-001077,CMP-001077,ENDPOINT_WATCH,PARTIAL,4.0,ACTED
INT-001078,CMP-001078,ACCOUNT_FREEZE,NO_ACTION,38.12,ALREADY_ACTIONED
INT-001079,CMP-001079,ENDPOINT_WATCH,PARTIAL,44.27,NOT_ACTED
INT-001080,CMP-001080,JURISDICTION_HANDOFF,NO_ACTION,7.88,ALREADY_ACTIONED
INT-001081,CMP-001081,NO_ACTION,SUCCESS,40.95,NOT_ACTED
INT-001082,CMP-001082,ENDPOINT_WATCH,SUCCESS,34.36,FALSE_POSITIVE
INT-001083,CMP-001083,JURISDICTION_HANDOFF,SUCCESS,5.55,OUT_OF_SCOPE
INT-001084,CMP-001084,LIEN_MARK,SUCCESS,23.73,OUT_OF_SCOPE
INT-001085,CMP-001085,ACCOUNT_FREEZE,PARTIAL,34.41,ACTED
INT-001086,CMP-001086,NO_ACTION,SUCCESS,46.67,ALREADY_ACTIONED
INT-001087,CMP-001087,NO_ACTION,NO_ACTION,25.65,ACTED
INT-001088,CMP-001088,LIEN_MARK,SUCCESS,12.78,ACTED
INT-001089,CMP-001089,NO_ACTION,PARTIAL,17.94,NOT_ACTED
INT-001090,CMP-001090,ENDPOINT_WATCH,PARTIAL,37.41,ALREADY_ACTIONED
INT-001091,CMP-001091,ENDPOINT_WATCH,SUCCESS,47.8,OUT_OF_SCOPE
INT-001092,CMP-001092,NO_ACTION,PARTIAL,5.14,OUT_OF_SCOPE
INT-001093,CMP-001093,LIEN_MARK,PARTIAL,28.68,ACTED
INT-001094,CMP-001094,JURISDICTION_HANDOFF,NO_ACTION,44.42,NOT_ACTED
INT-001095,CMP-001095,ENDPOINT_WATCH,SUCCESS,3.28,ALREADY_ACTIONED
INT-001096,CMP-001096,ENDPOINT_WATCH,SUCCESS,30.36,OUT_OF_SCOPE
INT-001097,CMP-001097,LIEN_MARK,SUCCESS,5.46,FALSE_POSITIVE
INT-001098,CMP-001098,JURISDICTION_HANDOFF,SUCCESS,3.68,NOT_ACTED
INT-001099,CMP-001099,ACCOUNT_FREEZE,SUCCESS,14.44,ACTED
INT-001100,CMP-001100,JURISDICTION_HANDOFF,SUCCESS,17.33,NOT_ACTED
INT-001101,CMP-001101,LIEN_MARK,PARTIAL,9.36,ALREADY_ACTIONED
INT-001102,CMP-001102,JURISDICTION_HANDOFF,SUCCESS,45.21,ACTED
INT-001103,CMP-001103,NO_ACTION,NO_ACTION,25.44,NOT_ACTED
INT-001104,CMP-001104,NO_ACTION,SUCCESS,30.1,FALSE_POSITIVE
INT-001105,CMP-001105,ENDPOINT_WATCH,SUCCESS,17.83,FALSE_POSITIVE
INT-001106,CMP-001106,LIEN_MARK,PARTIAL,33.88,FALSE_POSITIVE
INT-001107,CMP-001107,ACCOUNT_FREEZE,SUCCESS,32.52,FALSE_POSITIVE
INT-001108,CMP-001108,ENDPOINT_WATCH,PARTIAL,23.84,ACTED
INT-001109,CMP-001109,ACCOUNT_FREEZE,SUCCESS,32.04,ALREADY_ACTIONED
INT-001110,CMP-001110,JURISDICTION_HANDOFF,SUCCESS,32.71,ACTED
INT-001111,CMP-001111,ACCOUNT_FREEZE,PARTIAL,30.78,ACTED
INT-001112,CMP-001112,ENDPOINT_WATCH,SUCCESS,43.32,FALSE_POSITIVE
INT-001113,CMP-001113,LIEN_MARK,SUCCESS,41.34,FALSE_POSITIVE
INT-001114,CMP-001114,LIEN_MARK,PARTIAL,26.08,ALREADY_ACTIONED
INT-001115,CMP-001115,JURISDICTION_HANDOFF,SUCCESS,22.18,ACTED
INT-001116,CMP-001116,NO_ACTION,SUCCESS,19.88,ACTED
INT-001117,CMP-001117,NO_ACTION,SUCCESS,31.8,FALSE_POSITIVE
INT-001118,CMP-001118,JURISDICTION_HANDOFF,SUCCESS,43.54,ACTED
INT-001119,CMP-001119,ACCOUNT_FREEZE,SUCCESS,12.83,OUT_OF_SCOPE
INT-001120,CMP-001120,JURISDICTION_HANDOFF,NO_ACTION,44.26,ACTED
INT-001121,CMP-001121,ACCOUNT_FREEZE,SUCCESS,8.7,ACTED
INT-001122,CMP-001122,JURISDICTION_HANDOFF,SUCCESS,8.23,ACTED
INT-001123,CMP-001123,ACCOUNT_FREEZE,SUCCESS,45.71,ALREADY_ACTIONED
INT-001124,CMP-001124,LIEN_MARK,SUCCESS,18.01,OUT_OF_SCOPE
INT-001125,CMP-001125,JURISDICTION_HANDOFF,NO_ACTION,43.52,OUT_OF_SCOPE
INT-001126,CMP-001126,ENDPOINT_WATCH,NO_ACTION,47.03,OUT_OF_SCOPE
INT-001127,CMP-001127,ENDPOINT_WATCH,PARTIAL,44.37,FALSE_POSITIVE
INT-001128,CMP-001128,NO_ACTION,NO_ACTION,32.01,ACTED
INT-001129,CMP-001129,LIEN_MARK,SUCCESS,35.1,OUT_OF_SCOPE
INT-001130,CMP-001130,ENDPOINT_WATCH,SUCCESS,6.35,ACTED
INT-001131,CMP-001131,ENDPOINT_WATCH,NO_ACTION,12.83,ACTED
INT-001132,CMP-001132,JURISDICTION_HANDOFF,PARTIAL,42.32,ALREADY_ACTIONED
INT-001133,CMP-001133,ENDPOINT_WATCH,SUCCESS,9.05,FALSE_POSITIVE
INT-001134,CMP-001134,LIEN_MARK,PARTIAL,11.57,ACTED
INT-001135,CMP-001135,NO_ACTION,SUCCESS,22.42,NOT_ACTED
INT-001136,CMP-001136,NO_ACTION,SUCCESS,18.27,OUT_OF_SCOPE
INT-001137,CMP-001137,JURISDICTION_HANDOFF,SUCCESS,24.17,ACTED
INT-001138,CMP-001138,LIEN_MARK,SUCCESS,25.78,NOT_ACTED
INT-001139,CMP-001139,LIEN_MARK,NO_ACTION,29.28,ALREADY_ACTIONED
INT-001140,CMP-001140,NO_ACTION,SUCCESS,29.46,ACTED
INT-001141,CMP-001141,LIEN_MARK,SUCCESS,21.97,ALREADY_ACTIONED
INT-001142,CMP-001142,LIEN_MARK,NO_ACTION,9.35,ACTED
INT-001143,CMP-001143,ENDPOINT_WATCH,SUCCESS,25.99,NOT_ACTED
INT-001144,CMP-001144,NO_ACTION,NO_ACTION,34.59,ACTED
INT-001145,CMP-001145,JURISDICTION_HANDOFF,PARTIAL,11.31,OUT_OF_SCOPE
INT-001146,CMP-001146,NO_ACTION,PARTIAL,32.77,ALREADY_ACTIONED
INT-001147,CMP-001147,LIEN_MARK,PARTIAL,41.72,FALSE_POSITIVE
INT-001148,CMP-001148,ACCOUNT_FREEZE,SUCCESS,36.03,ALREADY_ACTIONED
INT-001149,CMP-001149,ENDPOINT_WATCH,PARTIAL,11.44,FALSE_POSITIVE
INT-001150,CMP-001150,NO_ACTION,SUCCESS,20.25,ALREADY_ACTIONED
INT-001151,CMP-001151,ENDPOINT_WATCH,SUCCESS,4.54,NOT_ACTED
INT-001152,CMP-001152,LIEN_MARK,SUCCESS,4.9,ACTED
INT-001153,CMP-001153,JURISDICTION_HANDOFF,SUCCESS,42.4,OUT_OF_SCOPE
INT-001154,CMP-001154,NO_ACTION,SUCCESS,40.04,ALREADY_ACTIONED
INT-001155,CMP-001155,LIEN_MARK,SUCCESS,47.71,ALREADY_ACTIONED
INT-001156,CMP-001156,LIEN_MARK,NO_ACTION,26.72,NOT_ACTED
INT-001157,CMP-001157,ACCOUNT_FREEZE,SUCCESS,42.42,NOT_ACTED
INT-001158,CMP-001158,NO_ACTION,SUCCESS,7.35,NOT_ACTED
INT-001159,CMP-001159,NO_ACTION,SUCCESS,22.1,ACTED
INT-001160,CMP-001160,NO_ACTION,SUCCESS,14.22,NOT_ACTED
INT-001161,CMP-001161,ACCOUNT_FREEZE,SUCCESS,40.37,FALSE_POSITIVE
INT-001162,CMP-001162,ENDPOINT_WATCH,SUCCESS,27.64,ACTED
INT-001163,CMP-001163,ACCOUNT_FREEZE,NO_ACTION,8.83,ALREADY_ACTIONED
INT-001164,CMP-001164,NO_ACTION,PARTIAL,40.41,ACTED
INT-001165,CMP-001165,LIEN_MARK,NO_ACTION,44.4,ACTED
INT-001166,CMP-001166,ACCOUNT_FREEZE,PARTIAL,37.79,ALREADY_ACTIONED
INT-001167,CMP-001167,NO_ACTION,SUCCESS,37.01,ACTED
INT-001168,CMP-001168,ACCOUNT_FREEZE,NO_ACTION,14.24,ACTED
INT-001169,CMP-001169,ENDPOINT_WATCH,PARTIAL,41.85,NOT_ACTED
INT-001170,CMP-001170,LIEN_MARK,SUCCESS,9.97,FALSE_POSITIVE
INT-001171,CMP-001171,LIEN_MARK,SUCCESS,25.15,OUT_OF_SCOPE
INT-001172,CMP-001172,NO_ACTION,SUCCESS,23.36,NOT_ACTED
INT-001173,CMP-001173,JURISDICTION_HANDOFF,NO_ACTION,43.05,ACTED
INT-001174,CMP-001174,NO_ACTION,NO_ACTION,13.75,NOT_ACTED
INT-001175,CMP-001175,LIEN_MARK,SUCCESS,40.9,ACTED
INT-001176,CMP-001176,NO_ACTION,SUCCESS,20.32,NOT_ACTED
INT-001177,CMP-001177,JURISDICTION_HANDOFF,PARTIAL,18.34,ACTED
INT-001178,CMP-001178,ENDPOINT_WATCH,SUCCESS,23.61,FALSE_POSITIVE
INT-001179,CMP-001179,ENDPOINT_WATCH,SUCCESS,7.34,ACTED
INT-001180,CMP-001180,ENDPOINT_WATCH,PARTIAL,7.02,NOT_ACTED
INT-001181,CMP-001181,ENDPOINT_WATCH,SUCCESS,28.47,FALSE_POSITIVE
INT-001182,CMP-001182,JURISDICTION_HANDOFF,SUCCESS,26.59,ACTED
INT-001183,CMP-001183,NO_ACTION,PARTIAL,42.3,FALSE_POSITIVE
INT-001184,CMP-001184,JURISDICTION_HANDOFF,NO_ACTION,6.88,OUT_OF_SCOPE
INT-001185,CMP-001185,LIEN_MARK,PARTIAL,33.99,ACTED
INT-001186,CMP-001186,ACCOUNT_FREEZE,SUCCESS,35.4,ACTED
INT-001187,CMP-001187,JURISDICTION_HANDOFF,PARTIAL,35.14,ACTED
INT-001188,CMP-001188,ACCOUNT_FREEZE,PARTIAL,11.65,NOT_ACTED
INT-001189,CMP-001189,ACCOUNT_FREEZE,SUCCESS,7.05,NOT_ACTED
INT-001190,CMP-001190,LIEN_MARK,SUCCESS,39.27,FALSE_POSITIVE
INT-001191,CMP-001191,ACCOUNT_FREEZE,SUCCESS,17.49,ACTED
INT-001192,CMP-001192,LIEN_MARK,NO_ACTION,28.44,ACTED
INT-001193,CMP-001193,NO_ACTION,NO_ACTION,4.71,ACTED
INT-001194,CMP-001194,JURISDICTION_HANDOFF,SUCCESS,36.18,ACTED
INT-001195,CMP-001195,LIEN_MARK,SUCCESS,14.23,OUT_OF_SCOPE
INT-001196,CMP-001196,LIEN_MARK,SUCCESS,41.28,ACTED
INT-001197,CMP-001197,JURISDICTION_HANDOFF,NO_ACTION,9.41,NOT_ACTED
INT-001198,CMP-001198,LIEN_MARK,NO_ACTION,10.09,ALREADY_ACTIONED
INT-001199,CMP-001199,NO_ACTION,SUCCESS,22.78,NOT_ACTED
INT-001200,CMP-001200,LIEN_MARK,PARTIAL,23.47,ALREADY_ACTIONED
INT-001201,CMP-001201,ACCOUNT_FREEZE,SUCCESS,17.99,ACTED
INT-001202,CMP-001202,NO_ACTION,SUCCESS,41.0,ACTED
INT-001203,CMP-001203,LIEN_MARK,SUCCESS,29.43,FALSE_POSITIVE
INT-001204,CMP-001204,ACCOUNT_FREEZE,NO_ACTION,18.95,ACTED
INT-001205,CMP-001205,ACCOUNT_FREEZE,SUCCESS,11.49,ACTED
INT-001206,CMP-001206,JURISDICTION_HANDOFF,SUCCESS,23.45,ALREADY_ACTIONED
INT-001207,CMP-001207,ENDPOINT_WATCH,SUCCESS,30.43,ACTED
INT-001208,CMP-001208,NO_ACTION,SUCCESS,10.0,FALSE_POSITIVE
INT-001209,CMP-001209,LIEN_MARK,PARTIAL,43.02,ACTED
INT-001210,CMP-001210,JURISDICTION_HANDOFF,SUCCESS,4.52,ACTED
INT-001211,CMP-001211,ENDPOINT_WATCH,PARTIAL,32.83,OUT_OF_SCOPE
INT-001212,CMP-001212,ACCOUNT_FREEZE,SUCCESS,16.68,ACTED
INT-001213,CMP-001213,ENDPOINT_WATCH,NO_ACTION,20.27,ACTED
INT-001214,CMP-001214,LIEN_MARK,PARTIAL,32.72,ACTED
INT-001215,CMP-001215,ACCOUNT_FREEZE,SUCCESS,35.7,ACTED
INT-001216,CMP-001216,ENDPOINT_WATCH,SUCCESS,23.54,NOT_ACTED
INT-001217,CMP-001217,JURISDICTION_HANDOFF,SUCCESS,37.81,NOT_ACTED
INT-001218,CMP-001218,LIEN_MARK,SUCCESS,14.92,ACTED
INT-001219,CMP-001219,JURISDICTION_HANDOFF,NO_ACTION,39.21,NOT_ACTED
INT-001220,CMP-001220,ACCOUNT_FREEZE,PARTIAL,19.76,ACTED
INT-001221,CMP-001221,JURISDICTION_HANDOFF,SUCCESS,35.72,OUT_OF_SCOPE
INT-001222,CMP-001222,ENDPOINT_WATCH,SUCCESS,22.74,OUT_OF_SCOPE
INT-001223,CMP-001223,ENDPOINT_WATCH,PARTIAL,38.26,ACTED
INT-001224,CMP-001224,ACCOUNT_FREEZE,NO_ACTION,42.27,ACTED
INT-001225,CMP-001225,ACCOUNT_FREEZE,PARTIAL,4.74,FALSE_POSITIVE
INT-001226,CMP-001226,JURISDICTION_HANDOFF,NO_ACTION,46.68,FALSE_POSITIVE
INT-001227,CMP-001227,ENDPOINT_WATCH,SUCCESS,38.91,ALREADY_ACTIONED
INT-001228,CMP-001228,LIEN_MARK,SUCCESS,13.87,FALSE_POSITIVE
INT-001229,CMP-001229,LIEN_MARK,SUCCESS,24.53,OUT_OF_SCOPE
INT-001230,CMP-001230,LIEN_MARK,SUCCESS,29.01,FALSE_POSITIVE
INT-001231,CMP-001231,NO_ACTION,PARTIAL,36.02,ACTED
INT-001232,CMP-001232,LIEN_MARK,PARTIAL,35.05,OUT_OF_SCOPE
INT-001233,CMP-001233,NO_ACTION,NO_ACTION,33.61,ALREADY_ACTIONED
INT-001234,CMP-001234,LIEN_MARK,SUCCESS,10.99,ALREADY_ACTIONED
INT-001235,CMP-001235,ACCOUNT_FREEZE,SUCCESS,23.0,FALSE_POSITIVE
INT-001236,CMP-001236,LIEN_MARK,SUCCESS,32.68,ACTED
INT-001237,CMP-001237,ACCOUNT_FREEZE,SUCCESS,35.49,ACTED
INT-001238,CMP-001238,LIEN_MARK,SUCCESS,31.08,OUT_OF_SCOPE
INT-001239,CMP-001239,ENDPOINT_WATCH,SUCCESS,30.57,FALSE_POSITIVE
INT-001240,CMP-001240,NO_ACTION,PARTIAL,35.59,OUT_OF_SCOPE
INT-001241,CMP-001241,LIEN_MARK,SUCCESS,39.57,ACTED
INT-001242,CMP-001242,JURISDICTION_HANDOFF,SUCCESS,8.21,ACTED
INT-001243,CMP-001243,JURISDICTION_HANDOFF,PARTIAL,45.89,OUT_OF_SCOPE
INT-001244,CMP-001244,ACCOUNT_FREEZE,PARTIAL,43.29,ACTED
INT-001245,CMP-001245,ENDPOINT_WATCH,PARTIAL,31.98,ACTED
INT-001246,CMP-001246,JURISDICTION_HANDOFF,SUCCESS,20.95,OUT_OF_SCOPE
INT-001247,CMP-001247,ACCOUNT_FREEZE,SUCCESS,40.68,OUT_OF_SCOPE
INT-001248,CMP-001248,JURISDICTION_HANDOFF,SUCCESS,11.51,ACTED
INT-001249,CMP-001249,LIEN_MARK,PARTIAL,18.13,NOT_ACTED
INT-001250,CMP-001250,LIEN_MARK,SUCCESS,40.36,NOT_ACTED
INT-001251,CMP-001251,JURISDICTION_HANDOFF,PARTIAL,7.5,ACTED
INT-001252,CMP-001252,ENDPOINT_WATCH,SUCCESS,10.03,FALSE_POSITIVE
INT-001253,CMP-001253,NO_ACTION,PARTIAL,23.81,ACTED
INT-001254,CMP-001254,LIEN_MARK,PARTIAL,15.05,OUT_OF_SCOPE
INT-001255,CMP-001255,ACCOUNT_FREEZE,NO_ACTION,13.32,ALREADY_ACTIONED
INT-001256,CMP-001256,LIEN_MARK,SUCCESS,9.77,ALREADY_ACTIONED
INT-001257,CMP-001257,NO_ACTION,PARTIAL,21.45,ACTED
INT-001258,CMP-001258,LIEN_MARK,PARTIAL,28.91,ACTED
INT-001259,CMP-001259,LIEN_MARK,SUCCESS,12.07,ALREADY_ACTIONED
INT-001260,CMP-001260,ACCOUNT_FREEZE,SUCCESS,47.05,NOT_ACTED
INT-001261,CMP-001261,ENDPOINT_WATCH,PARTIAL,42.92,ALREADY_ACTIONED
INT-001262,CMP-001262,NO_ACTION,SUCCESS,39.59,ACTED
INT-001263,CMP-001263,ACCOUNT_FREEZE,SUCCESS,10.98,ACTED
INT-001264,CMP-001264,JURISDICTION_HANDOFF,NO_ACTION,5.12,NOT_ACTED
INT-001265,CMP-001265,JURISDICTION_HANDOFF,SUCCESS,16.06,ACTED
INT-001266,CMP-001266,ENDPOINT_WATCH,PARTIAL,46.85,ACTED
INT-001267,CMP-001267,ACCOUNT_FREEZE,SUCCESS,9.48,ACTED
INT-001268,CMP-001268,ACCOUNT_FREEZE,SUCCESS,11.14,ALREADY_ACTIONED
INT-001269,CMP-001269,NO_ACTION,SUCCESS,30.81,ACTED
INT-001270,CMP-001270,NO_ACTION,SUCCESS,11.63,ALREADY_ACTIONED
INT-001271,CMP-001271,ACCOUNT_FREEZE,NO_ACTION,25.52,ALREADY_ACTIONED
INT-001272,CMP-001272,ACCOUNT_FREEZE,SUCCESS,5.23,FALSE_POSITIVE
INT-001273,CMP-001273,ACCOUNT_FREEZE,NO_ACTION,34.38,ACTED
INT-001274,CMP-001274,JURISDICTION_HANDOFF,SUCCESS,42.94,NOT_ACTED
INT-001275,CMP-001275,NO_ACTION,NO_ACTION,14.18,FALSE_POSITIVE
INT-001276,CMP-001276,ENDPOINT_WATCH,NO_ACTION,23.32,NOT_ACTED
INT-001277,CMP-001277,LIEN_MARK,PARTIAL,8.14,ALREADY_ACTIONED
INT-001278,CMP-001278,ENDPOINT_WATCH,SUCCESS,24.44,FALSE_POSITIVE
INT-001279,CMP-001279,ENDPOINT_WATCH,SUCCESS,19.18,ACTED
INT-001280,CMP-001280,ENDPOINT_WATCH,NO_ACTION,34.43,ACTED
INT-001281,CMP-001281,JURISDICTION_HANDOFF,NO_ACTION,34.61,ACTED
INT-001282,CMP-001282,ACCOUNT_FREEZE,PARTIAL,10.1,NOT_ACTED
INT-001283,CMP-001283,NO_ACTION,SUCCESS,24.25,ALREADY_ACTIONED
INT-001284,CMP-001284,LIEN_MARK,SUCCESS,39.74,ALREADY_ACTIONED
INT-001285,CMP-001285,ENDPOINT_WATCH,SUCCESS,45.88,ACTED
INT-001286,CMP-001286,ACCOUNT_FREEZE,NO_ACTION,5.97,NOT_ACTED
INT-001287,CMP-001287,LIEN_MARK,SUCCESS,5.95,OUT_OF_SCOPE
INT-001288,CMP-001288,ENDPOINT_WATCH,PARTIAL,33.36,ACTED
INT-001289,CMP-001289,LIEN_MARK,SUCCESS,11.55,ALREADY_ACTIONED
INT-001290,CMP-001290,LIEN_MARK,PARTIAL,9.75,OUT_OF_SCOPE
INT-001291,CMP-001291,LIEN_MARK,NO_ACTION,45.53,ACTED
INT-001292,CMP-001292,ENDPOINT_WATCH,NO_ACTION,37.28,NOT_ACTED
INT-001293,CMP-001293,JURISDICTION_HANDOFF,NO_ACTION,30.47,ACTED
INT-001294,CMP-001294,JURISDICTION_HANDOFF,PARTIAL,37.26,NOT_ACTED
INT-001295,CMP-001295,LIEN_MARK,SUCCESS,13.01,ACTED
INT-001296,CMP-001296,ACCOUNT_FREEZE,SUCCESS,39.44,ACTED
INT-001297,CMP-001297,ACCOUNT_FREEZE,PARTIAL,28.89,NOT_ACTED
INT-001298,CMP-001298,ACCOUNT_FREEZE,SUCCESS,26.99,ALREADY_ACTIONED
INT-001299,CMP-001299,JURISDICTION_HANDOFF,SUCCESS,26.88,NOT_ACTED
INT-001300,CMP-001300,JURISDICTION_HANDOFF,PARTIAL,45.89,ACTED
INT-001301,CMP-001301,LIEN_MARK,PARTIAL,20.29,ALREADY_ACTIONED
INT-001302,CMP-001302,ENDPOINT_WATCH,PARTIAL,5.47,NOT_ACTED
INT-001303,CMP-001303,ENDPOINT_WATCH,SUCCESS,3.26,NOT_ACTED
INT-001304,CMP-001304,JURISDICTION_HANDOFF,SUCCESS,22.46,ACTED
INT-001305,CMP-001305,ENDPOINT_WATCH,SUCCESS,15.4,ACTED
INT-001306,CMP-001306,JURISDICTION_HANDOFF,PARTIAL,27.26,NOT_ACTED
INT-001307,CMP-001307,LIEN_MARK,SUCCESS,46.06,ACTED
INT-001308,CMP-001308,LIEN_MARK,SUCCESS,37.09,ACTED
INT-001309,CMP-001309,JURISDICTION_HANDOFF,SUCCESS,10.6,NOT_ACTED
INT-001310,CMP-001310,LIEN_MARK,SUCCESS,16.67,ACTED
INT-001311,CMP-001311,LIEN_MARK,NO_ACTION,39.58,ACTED
INT-001312,CMP-001312,JURISDICTION_HANDOFF,SUCCESS,30.17,ALREADY_ACTIONED
INT-001313,CMP-001313,JURISDICTION_HANDOFF,NO_ACTION,43.1,ACTED
INT-001314,CMP-001314,NO_ACTION,SUCCESS,45.73,ACTED
INT-001315,CMP-001315,ENDPOINT_WATCH,NO_ACTION,9.44,ACTED
INT-001316,CMP-001316,ENDPOINT_WATCH,SUCCESS,34.06,ACTED
INT-001317,CMP-001317,ACCOUNT_FREEZE,SUCCESS,23.15,FALSE_POSITIVE
INT-001318,CMP-001318,ENDPOINT_WATCH,SUCCESS,40.67,ALREADY_ACTIONED
INT-001319,CMP-001319,NO_ACTION,SUCCESS,19.62,NOT_ACTED
INT-001320,CMP-001320,NO_ACTION,SUCCESS,4.91,NOT_ACTED
INT-001321,CMP-001321,ENDPOINT_WATCH,PARTIAL,43.85,ACTED
INT-001322,CMP-001322,NO_ACTION,PARTIAL,15.49,ACTED
INT-001323,CMP-001323,LIEN_MARK,SUCCESS,47.54,NOT_ACTED
INT-001324,CMP-001324,LIEN_MARK,NO_ACTION,41.17,ACTED
INT-001325,CMP-001325,LIEN_MARK,SUCCESS,43.05,OUT_OF_SCOPE
INT-001326,CMP-001326,NO_ACTION,SUCCESS,12.59,OUT_OF_SCOPE
INT-001327,CMP-001327,NO_ACTION,SUCCESS,39.8,OUT_OF_SCOPE
INT-001328,CMP-001328,JURISDICTION_HANDOFF,SUCCESS,18.29,ALREADY_ACTIONED
INT-001329,CMP-001329,NO_ACTION,SUCCESS,17.9,ACTED
INT-001330,CMP-001330,ACCOUNT_FREEZE,SUCCESS,32.29,ACTED
INT-001331,CMP-001331,ENDPOINT_WATCH,SUCCESS,34.99,ACTED
INT-001332,CMP-001332,JURISDICTION_HANDOFF,SUCCESS,32.18,OUT_OF_SCOPE
INT-001333,CMP-001333,ENDPOINT_WATCH,SUCCESS,26.35,ACTED
INT-001334,CMP-001334,NO_ACTION,SUCCESS,34.43,ALREADY_ACTIONED
INT-001335,CMP-001335,ACCOUNT_FREEZE,SUCCESS,7.16,NOT_ACTED
INT-001336,CMP-001336,ACCOUNT_FREEZE,SUCCESS,24.77,NOT_ACTED
INT-001337,CMP-001337,LIEN_MARK,NO_ACTION,34.14,ACTED
INT-001338,CMP-001338,LIEN_MARK,NO_ACTION,39.07,NOT_ACTED
INT-001339,CMP-001339,LIEN_MARK,NO_ACTION,30.13,ACTED
INT-001340,CMP-001340,JURISDICTION_HANDOFF,NO_ACTION,23.65,ACTED
INT-001341,CMP-001341,JURISDICTION_HANDOFF,NO_ACTION,32.81,ACTED
INT-001342,CMP-001342,LIEN_MARK,SUCCESS,45.31,ALREADY_ACTIONED
INT-001343,CMP-001343,NO_ACTION,PARTIAL,9.89,FALSE_POSITIVE
INT-001344,CMP-001344,JURISDICTION_HANDOFF,NO_ACTION,5.41,FALSE_POSITIVE
INT-001345,CMP-001345,LIEN_MARK,NO_ACTION,14.62,ACTED
INT-001346,CMP-001346,NO_ACTION,SUCCESS,45.91,ALREADY_ACTIONED
INT-001347,CMP-001347,JURISDICTION_HANDOFF,SUCCESS,39.5,FALSE_POSITIVE
INT-001348,CMP-001348,NO_ACTION,SUCCESS,26.54,OUT_OF_SCOPE
INT-001349,CMP-001349,JURISDICTION_HANDOFF,PARTIAL,46.32,ALREADY_ACTIONED
INT-001350,CMP-001350,JURISDICTION_HANDOFF,SUCCESS,37.89,ACTED
INT-001351,CMP-001351,NO_ACTION,SUCCESS,30.3,NOT_ACTED
INT-001352,CMP-001352,LIEN_MARK,NO_ACTION,46.52,ACTED
INT-001353,CMP-001353,NO_ACTION,SUCCESS,41.45,ACTED
INT-001354,CMP-001354,ENDPOINT_WATCH,SUCCESS,47.64,ALREADY_ACTIONED
INT-001355,CMP-001355,JURISDICTION_HANDOFF,SUCCESS,37.08,ACTED
INT-001356,CMP-001356,LIEN_MARK,PARTIAL,40.15,ACTED
INT-001357,CMP-001357,ENDPOINT_WATCH,SUCCESS,33.66,ALREADY_ACTIONED
INT-001358,CMP-001358,ENDPOINT_WATCH,SUCCESS,10.01,ACTED
INT-001359,CMP-001359,JURISDICTION_HANDOFF,SUCCESS,44.9,OUT_OF_SCOPE
INT-001360,CMP-001360,ACCOUNT_FREEZE,SUCCESS,38.44,ACTED
INT-001361,CMP-001361,ACCOUNT_FREEZE,SUCCESS,39.64,OUT_OF_SCOPE
INT-001362,CMP-001362,ACCOUNT_FREEZE,SUCCESS,16.36,NOT_ACTED
INT-001363,CMP-001363,LIEN_MARK,NO_ACTION,40.62,NOT_ACTED
INT-001364,CMP-001364,LIEN_MARK,SUCCESS,30.08,ACTED
INT-001365,CMP-001365,NO_ACTION,SUCCESS,16.14,OUT_OF_SCOPE
INT-001366,CMP-001366,LIEN_MARK,NO_ACTION,7.21,NOT_ACTED
INT-001367,CMP-001367,JURISDICTION_HANDOFF,SUCCESS,11.83,NOT_ACTED
INT-001368,CMP-001368,ENDPOINT_WATCH,SUCCESS,16.25,NOT_ACTED
INT-001369,CMP-001369,LIEN_MARK,SUCCESS,31.13,ACTED
INT-001370,CMP-001370,LIEN_MARK,SUCCESS,15.47,OUT_OF_SCOPE
INT-001371,CMP-001371,JURISDICTION_HANDOFF,PARTIAL,15.94,ALREADY_ACTIONED
INT-001372,CMP-001372,ENDPOINT_WATCH,SUCCESS,25.81,ACTED
INT-001373,CMP-001373,LIEN_MARK,SUCCESS,20.43,ACTED
INT-001374,CMP-001374,ACCOUNT_FREEZE,SUCCESS,30.83,ACTED
INT-001375,CMP-001375,ENDPOINT_WATCH,SUCCESS,39.8,ACTED
INT-001376,CMP-001376,ENDPOINT_WATCH,NO_ACTION,21.9,ACTED
INT-001377,CMP-001377,ENDPOINT_WATCH,NO_ACTION,6.97,ACTED
INT-001378,CMP-001378,LIEN_MARK,SUCCESS,47.43,ALREADY_ACTIONED
INT-001379,CMP-001379,NO_ACTION,NO_ACTION,27.49,FALSE_POSITIVE
INT-001380,CMP-001380,LIEN_MARK,SUCCESS,12.78,NOT_ACTED
INT-001381,CMP-001381,ENDPOINT_WATCH,NO_ACTION,3.56,ACTED
INT-001382,CMP-001382,NO_ACTION,SUCCESS,11.11,NOT_ACTED
INT-001383,CMP-001383,LIEN_MARK,SUCCESS,27.83,NOT_ACTED
INT-001384,CMP-001384,ACCOUNT_FREEZE,NO_ACTION,32.13,NOT_ACTED
INT-001385,CMP-001385,ENDPOINT_WATCH,SUCCESS,14.22,OUT_OF_SCOPE
INT-001386,CMP-001386,LIEN_MARK,SUCCESS,35.04,FALSE_POSITIVE
INT-001387,CMP-001387,ENDPOINT_WATCH,SUCCESS,24.87,ACTED
INT-001388,CMP-001388,JURISDICTION_HANDOFF,SUCCESS,45.51,FALSE_POSITIVE
INT-001389,CMP-001389,NO_ACTION,SUCCESS,21.93,ACTED
INT-001390,CMP-001390,ACCOUNT_FREEZE,PARTIAL,4.37,NOT_ACTED
INT-001391,CMP-001391,ENDPOINT_WATCH,SUCCESS,16.76,ACTED
INT-001392,CMP-001392,ENDPOINT_WATCH,PARTIAL,41.15,FALSE_POSITIVE
INT-001393,CMP-001393,ENDPOINT_WATCH,SUCCESS,44.66,FALSE_POSITIVE
INT-001394,CMP-001394,ENDPOINT_WATCH,NO_ACTION,20.77,OUT_OF_SCOPE
INT-001395,CMP-001395,NO_ACTION,SUCCESS,6.04,ACTED
INT-001396,CMP-001396,LIEN_MARK,SUCCESS,17.89,NOT_ACTED
INT-001397,CMP-001397,NO_ACTION,SUCCESS,25.71,FALSE_POSITIVE
INT-001398,CMP-001398,LIEN_MARK,SUCCESS,38.05,ALREADY_ACTIONED
INT-001399,CMP-001399,ACCOUNT_FREEZE,NO_ACTION,30.37,NOT_ACTED
INT-001400,CMP-001400,NO_ACTION,PARTIAL,37.18,ACTED
INT-001401,CMP-001401,NO_ACTION,NO_ACTION,37.56,ACTED
INT-001402,CMP-001402,ENDPOINT_WATCH,SUCCESS,15.26,ALREADY_ACTIONED
INT-001403,CMP-001403,ACCOUNT_FREEZE,NO_ACTION,16.68,ALREADY_ACTIONED
INT-001404,CMP-001404,JURISDICTION_HANDOFF,SUCCESS,6.74,OUT_OF_SCOPE
INT-001405,CMP-001405,ACCOUNT_FREEZE,SUCCESS,7.52,NOT_ACTED
INT-001406,CMP-001406,ACCOUNT_FREEZE,PARTIAL,11.15,NOT_ACTED
INT-001407,CMP-001407,ACCOUNT_FREEZE,SUCCESS,17.63,OUT_OF_SCOPE
INT-001408,CMP-001408,ACCOUNT_FREEZE,NO_ACTION,12.98,ACTED
INT-001409,CMP-001409,NO_ACTION,SUCCESS,42.4,ACTED
INT-001410,CMP-001410,ACCOUNT_FREEZE,PARTIAL,42.08,ACTED
INT-001411,CMP-001411,NO_ACTION,SUCCESS,22.0,OUT_OF_SCOPE
INT-001412,CMP-001412,NO_ACTION,SUCCESS,8.08,FALSE_POSITIVE
INT-001413,CMP-001413,JURISDICTION_HANDOFF,SUCCESS,8.24,ALREADY_ACTIONED
INT-001414,CMP-001414,LIEN_MARK,SUCCESS,10.28,ACTED
INT-001415,CMP-001415,NO_ACTION,NO_ACTION,3.74,NOT_ACTED
INT-001416,CMP-001416,LIEN_MARK,SUCCESS,28.6,ALREADY_ACTIONED
INT-001417,CMP-001417,NO_ACTION,PARTIAL,47.75,ACTED
INT-001418,CMP-001418,LIEN_MARK,SUCCESS,19.61,NOT_ACTED
INT-001419,CMP-001419,NO_ACTION,SUCCESS,23.71,ACTED
INT-001420,CMP-001420,ACCOUNT_FREEZE,NO_ACTION,8.61,FALSE_POSITIVE
INT-001421,CMP-001421,ACCOUNT_FREEZE,SUCCESS,19.33,ACTED
INT-001422,CMP-001422,ENDPOINT_WATCH,SUCCESS,12.51,FALSE_POSITIVE
INT-001423,CMP-001423,JURISDICTION_HANDOFF,SUCCESS,27.99,ACTED
INT-001424,CMP-001424,LIEN_MARK,SUCCESS,23.27,ACTED
INT-001425,CMP-001425,ENDPOINT_WATCH,SUCCESS,43.25,ALREADY_ACTIONED
INT-001426,CMP-001426,ACCOUNT_FREEZE,SUCCESS,11.91,OUT_OF_SCOPE
INT-001427,CMP-001427,JURISDICTION_HANDOFF,NO_ACTION,12.03,NOT_ACTED
INT-001428,CMP-001428,ACCOUNT_FREEZE,SUCCESS,5.22,ACTED
INT-001429,CMP-001429,ACCOUNT_FREEZE,SUCCESS,21.63,FALSE_POSITIVE
INT-001430,CMP-001430,ACCOUNT_FREEZE,PARTIAL,41.99,ACTED
INT-001431,CMP-001431,ACCOUNT_FREEZE,PARTIAL,5.56,ACTED
INT-001432,CMP-001432,LIEN_MARK,SUCCESS,3.64,NOT_ACTED
INT-001433,CMP-001433,NO_ACTION,SUCCESS,21.52,FALSE_POSITIVE
INT-001434,CMP-001434,ENDPOINT_WATCH,SUCCESS,8.34,OUT_OF_SCOPE
INT-001435,CMP-001435,JURISDICTION_HANDOFF,PARTIAL,44.84,OUT_OF_SCOPE
INT-001436,CMP-001436,JURISDICTION_HANDOFF,SUCCESS,41.6,FALSE_POSITIVE
INT-001437,CMP-001437,JURISDICTION_HANDOFF,SUCCESS,12.12,FALSE_POSITIVE
INT-001438,CMP-001438,ENDPOINT_WATCH,SUCCESS,43.9,NOT_ACTED
INT-001439,CMP-001439,LIEN_MARK,PARTIAL,11.7,OUT_OF_SCOPE
INT-001440,CMP-001440,JURISDICTION_HANDOFF,SUCCESS,27.96,ALREADY_ACTIONED
INT-001441,CMP-001441,JURISDICTION_HANDOFF,SUCCESS,23.77,ALREADY_ACTIONED
INT-001442,CMP-001442,ACCOUNT_FREEZE,SUCCESS,44.66,ACTED
INT-001443,CMP-001443,JURISDICTION_HANDOFF,SUCCESS,16.34,NOT_ACTED
INT-001444,CMP-001444,NO_ACTION,SUCCESS,42.76,ACTED
INT-001445,CMP-001445,ACCOUNT_FREEZE,NO_ACTION,26.11,NOT_ACTED
INT-001446,CMP-001446,ENDPOINT_WATCH,SUCCESS,7.87,NOT_ACTED
INT-001447,CMP-001447,ACCOUNT_FREEZE,NO_ACTION,28.96,ACTED
INT-001448,CMP-001448,LIEN_MARK,PARTIAL,38.28,ACTED
INT-001449,CMP-001449,NO_ACTION,SUCCESS,33.18,ACTED
INT-001450,CMP-001450,ACCOUNT_FREEZE,SUCCESS,6.51,ACTED
INT-001451,CMP-001451,ENDPOINT_WATCH,NO_ACTION,42.13,ACTED
INT-001452,CMP-001452,LIEN_MARK,SUCCESS,18.89,FALSE_POSITIVE
INT-001453,CMP-001453,JURISDICTION_HANDOFF,PARTIAL,9.9,NOT_ACTED
INT-001454,CMP-001454,JURISDICTION_HANDOFF,SUCCESS,5.07,ACTED
INT-001455,CMP-001455,LIEN_MARK,SUCCESS,13.29,ACTED
INT-001456,CMP-001456,ENDPOINT_WATCH,SUCCESS,16.65,ALREADY_ACTIONED
INT-001457,CMP-001457,ENDPOINT_WATCH,SUCCESS,34.23,ALREADY_ACTIONED
INT-001458,CMP-001458,ACCOUNT_FREEZE,SUCCESS,16.09,ALREADY_ACTIONED
INT-001459,CMP-001459,LIEN_MARK,SUCCESS,20.75,FALSE_POSITIVE
INT-001460,CMP-001460,ACCOUNT_FREEZE,SUCCESS,26.01,ACTED
INT-001461,CMP-001461,JURISDICTION_HANDOFF,SUCCESS,36.31,ACTED
INT-001462,CMP-001462,ACCOUNT_FREEZE,SUCCESS,36.64,ACTED
INT-001463,CMP-001463,LIEN_MARK,SUCCESS,34.68,FALSE_POSITIVE
INT-001464,CMP-001464,ENDPOINT_WATCH,SUCCESS,39.06,ACTED
INT-001465,CMP-001465,JURISDICTION_HANDOFF,SUCCESS,28.87,ACTED
INT-001466,CMP-001466,LIEN_MARK,NO_ACTION,8.54,ACTED
INT-001467,CMP-001467,NO_ACTION,SUCCESS,16.14,ACTED
INT-001468,CMP-001468,ACCOUNT_FREEZE,SUCCESS,37.57,ACTED
INT-001469,CMP-001469,ACCOUNT_FREEZE,SUCCESS,14.3,OUT_OF_SCOPE
INT-001470,CMP-001470,LIEN_MARK,SUCCESS,41.85,ACTED
INT-001471,CMP-001471,ACCOUNT_FREEZE,SUCCESS,38.46,NOT_ACTED
INT-001472,CMP-001472,ACCOUNT_FREEZE,NO_ACTION,5.13,ACTED
INT-001473,CMP-001473,ACCOUNT_FREEZE,NO_ACTION,43.13,FALSE_POSITIVE
INT-001474,CMP-001474,NO_ACTION,SUCCESS,22.05,NOT_ACTED
INT-001475,CMP-001475,LIEN_MARK,PARTIAL,6.37,ALREADY_ACTIONED
INT-001476,CMP-001476,LIEN_MARK,SUCCESS,33.73,NOT_ACTED
INT-001477,CMP-001477,LIEN_MARK,SUCCESS,14.89,ACTED
INT-001478,CMP-001478,JURISDICTION_HANDOFF,NO_ACTION,8.86,FALSE_POSITIVE
INT-001479,CMP-001479,NO_ACTION,NO_ACTION,28.98,ALREADY_ACTIONED
INT-001480,CMP-001480,LIEN_MARK,PARTIAL,41.39,OUT_OF_SCOPE
INT-001481,CMP-001481,JURISDICTION_HANDOFF,SUCCESS,42.45,ACTED
INT-001482,CMP-001482,JURISDICTION_HANDOFF,NO_ACTION,30.03,NOT_ACTED
INT-001483,CMP-001483,ACCOUNT_FREEZE,NO_ACTION,30.01,ACTED
INT-001484,CMP-001484,JURISDICTION_HANDOFF,SUCCESS,45.16,ACTED
INT-001485,CMP-001485,NO_ACTION,NO_ACTION,47.88,ACTED
INT-001486,CMP-001486,LIEN_MARK,PARTIAL,36.47,ACTED
INT-001487,CMP-001487,JURISDICTION_HANDOFF,PARTIAL,27.94,ACTED
INT-001488,CMP-001488,JURISDICTION_HANDOFF,PARTIAL,25.6,ACTED
INT-001489,CMP-001489,ENDPOINT_WATCH,PARTIAL,35.12,ACTED
INT-001490,CMP-001490,NO_ACTION,SUCCESS,10.98,ACTED
INT-001491,CMP-001491,LIEN_MARK,SUCCESS,16.9,ALREADY_ACTIONED
INT-001492,CMP-001492,NO_ACTION,NO_ACTION,38.53,NOT_ACTED
INT-001493,CMP-001493,NO_ACTION,SUCCESS,17.72,ACTED
INT-001494,CMP-001494,NO_ACTION,SUCCESS,45.56,NOT_ACTED
INT-001495,CMP-001495,JURISDICTION_HANDOFF,SUCCESS,4.35,ACTED
INT-001496,CMP-001496,ACCOUNT_FREEZE,NO_ACTION,23.62,NOT_ACTED
INT-001497,CMP-001497,NO_ACTION,SUCCESS,45.01,NOT_ACTED
INT-001498,CMP-001498,ACCOUNT_FREEZE,PARTIAL,4.55,FALSE_POSITIVE
INT-001499,CMP-001499,ENDPOINT_WATCH,SUCCESS,27.56,ALREADY_ACTIONED
INT-001500,CMP-001500,ACCOUNT_FREEZE,SUCCESS,27.5,NOT_ACTED
INT-001501,CMP-001501,JURISDICTION_HANDOFF,SUCCESS,27.81,ALREADY_ACTIONED
INT-001502,CMP-001502,LIEN_MARK,SUCCESS,17.75,OUT_OF_SCOPE
INT-001503,CMP-001503,LIEN_MARK,PARTIAL,37.83,ACTED
INT-001504,CMP-001504,NO_ACTION,SUCCESS,26.56,NOT_ACTED
INT-001505,CMP-001505,ACCOUNT_FREEZE,SUCCESS,21.56,ALREADY_ACTIONED
INT-001506,CMP-001506,JURISDICTION_HANDOFF,SUCCESS,22.96,OUT_OF_SCOPE
INT-001507,CMP-001507,NO_ACTION,SUCCESS,22.34,ACTED
INT-001508,CMP-001508,ACCOUNT_FREEZE,SUCCESS,32.24,NOT_ACTED
INT-001509,CMP-001509,ACCOUNT_FREEZE,SUCCESS,14.59,OUT_OF_SCOPE
INT-001510,CMP-001510,ACCOUNT_FREEZE,PARTIAL,29.88,NOT_ACTED
INT-001511,CMP-001511,NO_ACTION,SUCCESS,11.44,FALSE_POSITIVE
INT-001512,CMP-001512,LIEN_MARK,NO_ACTION,34.25,FALSE_POSITIVE
INT-001513,CMP-001513,ACCOUNT_FREEZE,SUCCESS,18.94,ACTED
INT-001514,CMP-001514,NO_ACTION,SUCCESS,37.55,ACTED
INT-001515,CMP-001515,JURISDICTION_HANDOFF,SUCCESS,39.01,ALREADY_ACTIONED
INT-001516,CMP-001516,ENDPOINT_WATCH,NO_ACTION,28.96,FALSE_POSITIVE
INT-001517,CMP-001517,LIEN_MARK,SUCCESS,11.11,FALSE_POSITIVE
INT-001518,CMP-001518,ENDPOINT_WATCH,PARTIAL,14.3,ACTED
INT-001519,CMP-001519,ACCOUNT_FREEZE,PARTIAL,40.77,OUT_OF_SCOPE
INT-001520,CMP-001520,LIEN_MARK,SUCCESS,12.96,ALREADY_ACTIONED
INT-001521,CMP-001521,LIEN_MARK,SUCCESS,22.95,ACTED
INT-001522,CMP-001522,ACCOUNT_FREEZE,PARTIAL,33.43,OUT_OF_SCOPE
INT-001523,CMP-001523,ENDPOINT_WATCH,NO_ACTION,11.55,FALSE_POSITIVE
INT-001524,CMP-001524,ENDPOINT_WATCH,PARTIAL,46.65,ACTED
INT-001525,CMP-001525,NO_ACTION,SUCCESS,41.35,ACTED
INT-001526,CMP-001526,NO_ACTION,SUCCESS,30.02,ACTED
INT-001527,CMP-001527,LIEN_MARK,NO_ACTION,19.37,ALREADY_ACTIONED
INT-001528,CMP-001528,JURISDICTION_HANDOFF,SUCCESS,37.31,ALREADY_ACTIONED
INT-001529,CMP-001529,ACCOUNT_FREEZE,PARTIAL,32.03,ACTED
INT-001530,CMP-001530,JURISDICTION_HANDOFF,SUCCESS,39.74,NOT_ACTED
INT-001531,CMP-001531,ENDPOINT_WATCH,SUCCESS,10.49,ACTED
INT-001532,CMP-001532,JURISDICTION_HANDOFF,PARTIAL,11.35,OUT_OF_SCOPE
INT-001533,CMP-001533,NO_ACTION,SUCCESS,11.85,FALSE_POSITIVE
INT-001534,CMP-001534,NO_ACTION,NO_ACTION,27.5,ALREADY_ACTIONED
INT-001535,CMP-001535,ENDPOINT_WATCH,PARTIAL,24.72,OUT_OF_SCOPE
INT-001536,CMP-001536,ACCOUNT_FREEZE,PARTIAL,19.95,FALSE_POSITIVE
INT-001537,CMP-001537,LIEN_MARK,NO_ACTION,12.85,OUT_OF_SCOPE
INT-001538,CMP-001538,ACCOUNT_FREEZE,NO_ACTION,38.66,ALREADY_ACTIONED
INT-001539,CMP-001539,JURISDICTION_HANDOFF,PARTIAL,23.62,ALREADY_ACTIONED
INT-001540,CMP-001540,LIEN_MARK,SUCCESS,15.84,NOT_ACTED
INT-001541,CMP-001541,ENDPOINT_WATCH,SUCCESS,42.01,FALSE_POSITIVE
INT-001542,CMP-001542,NO_ACTION,NO_ACTION,6.29,ALREADY_ACTIONED
INT-001543,CMP-001543,ACCOUNT_FREEZE,NO_ACTION,45.87,ACTED
INT-001544,CMP-001544,LIEN_MARK,PARTIAL,22.2,ACTED
INT-001545,CMP-001545,NO_ACTION,NO_ACTION,16.9,ACTED
INT-001546,CMP-001546,LIEN_MARK,SUCCESS,13.16,ACTED
INT-001547,CMP-001547,ENDPOINT_WATCH,SUCCESS,29.9,OUT_OF_SCOPE
INT-001548,CMP-001548,ENDPOINT_WATCH,NO_ACTION,9.4,ALREADY_ACTIONED
INT-001549,CMP-001549,LIEN_MARK,SUCCESS,38.96,ALREADY_ACTIONED
INT-001550,CMP-001550,ACCOUNT_FREEZE,PARTIAL,17.71,ALREADY_ACTIONED
INT-001551,CMP-001551,ENDPOINT_WATCH,SUCCESS,24.73,ACTED
INT-001552,CMP-001552,LIEN_MARK,SUCCESS,29.1,ACTED
INT-001553,CMP-001553,LIEN_MARK,SUCCESS,17.44,ACTED
INT-001554,CMP-001554,LIEN_MARK,PARTIAL,31.92,ALREADY_ACTIONED
INT-001555,CMP-001555,LIEN_MARK,NO_ACTION,35.08,NOT_ACTED
INT-001556,CMP-001556,JURISDICTION_HANDOFF,PARTIAL,13.14,ALREADY_ACTIONED
INT-001557,CMP-001557,LIEN_MARK,SUCCESS,24.65,ACTED
INT-001558,CMP-001558,JURISDICTION_HANDOFF,SUCCESS,47.92,ALREADY_ACTIONED
INT-001559,CMP-001559,LIEN_MARK,SUCCESS,25.72,ALREADY_ACTIONED
INT-001560,CMP-001560,ACCOUNT_FREEZE,NO_ACTION,36.3,ALREADY_ACTIONED
INT-001561,CMP-001561,ACCOUNT_FREEZE,SUCCESS,23.98,ALREADY_ACTIONED
INT-001562,CMP-001562,ACCOUNT_FREEZE,SUCCESS,33.74,OUT_OF_SCOPE
INT-001563,CMP-001563,ENDPOINT_WATCH,SUCCESS,20.42,NOT_ACTED
INT-001564,CMP-001564,JURISDICTION_HANDOFF,SUCCESS,24.13,OUT_OF_SCOPE
INT-001565,CMP-001565,JURISDICTION_HANDOFF,SUCCESS,39.17,FALSE_POSITIVE
INT-001566,CMP-001566,NO_ACTION,NO_ACTION,44.48,ALREADY_ACTIONED
INT-001567,CMP-001567,LIEN_MARK,SUCCESS,18.79,FALSE_POSITIVE
INT-001568,CMP-001568,ENDPOINT_WATCH,SUCCESS,42.09,ACTED
INT-001569,CMP-001569,JURISDICTION_HANDOFF,PARTIAL,18.79,ACTED
INT-001570,CMP-001570,ACCOUNT_FREEZE,SUCCESS,9.8,NOT_ACTED
INT-001571,CMP-001571,LIEN_MARK,SUCCESS,10.19,NOT_ACTED
INT-001572,CMP-001572,ENDPOINT_WATCH,NO_ACTION,15.69,ACTED
INT-001573,CMP-001573,JURISDICTION_HANDOFF,SUCCESS,7.84,ALREADY_ACTIONED
INT-001574,CMP-001574,LIEN_MARK,NO_ACTION,22.87,ALREADY_ACTIONED
INT-001575,CMP-001575,LIEN_MARK,SUCCESS,46.21,ACTED
INT-001576,CMP-001576,ACCOUNT_FREEZE,SUCCESS,18.56,NOT_ACTED
INT-001577,CMP-001577,ENDPOINT_WATCH,NO_ACTION,47.19,NOT_ACTED
INT-001578,CMP-001578,NO_ACTION,SUCCESS,46.55,ACTED
INT-001579,CMP-001579,NO_ACTION,SUCCESS,25.77,ACTED
INT-001580,CMP-001580,NO_ACTION,SUCCESS,42.68,NOT_ACTED
INT-001581,CMP-001581,JURISDICTION_HANDOFF,SUCCESS,40.13,ACTED
INT-001582,CMP-001582,ACCOUNT_FREEZE,SUCCESS,19.57,ACTED
INT-001583,CMP-001583,LIEN_MARK,SUCCESS,5.65,ACTED
INT-001584,CMP-001584,ENDPOINT_WATCH,SUCCESS,34.84,ACTED
INT-001585,CMP-001585,JURISDICTION_HANDOFF,SUCCESS,31.13,OUT_OF_SCOPE
INT-001586,CMP-001586,NO_ACTION,PARTIAL,46.08,ACTED
INT-001587,CMP-001587,LIEN_MARK,SUCCESS,36.97,ACTED
INT-001588,CMP-001588,ENDPOINT_WATCH,PARTIAL,4.39,ACTED
INT-001589,CMP-001589,ACCOUNT_FREEZE,SUCCESS,3.46,ACTED
INT-001590,CMP-001590,ENDPOINT_WATCH,SUCCESS,34.55,ACTED
INT-001591,CMP-001591,JURISDICTION_HANDOFF,SUCCESS,28.98,ACTED
INT-001592,CMP-001592,LIEN_MARK,PARTIAL,19.76,ACTED
INT-001593,CMP-001593,ENDPOINT_WATCH,PARTIAL,28.19,ALREADY_ACTIONED
INT-001594,CMP-001594,JURISDICTION_HANDOFF,SUCCESS,28.86,NOT_ACTED
INT-001595,CMP-001595,LIEN_MARK,SUCCESS,31.56,ACTED
INT-001596,CMP-001596,ACCOUNT_FREEZE,NO_ACTION,37.69,ALREADY_ACTIONED
INT-001597,CMP-001597,ENDPOINT_WATCH,PARTIAL,19.62,OUT_OF_SCOPE
INT-001598,CMP-001598,LIEN_MARK,PARTIAL,46.89,FALSE_POSITIVE
INT-001599,CMP-001599,ENDPOINT_WATCH,SUCCESS,11.54,ACTED
INT-001600,CMP-001600,ACCOUNT_FREEZE,PARTIAL,3.71,ACTED
INT-001601,CMP-001601,NO_ACTION,SUCCESS,45.06,NOT_ACTED
INT-001602,CMP-001602,ENDPOINT_WATCH,NO_ACTION,37.64,ALREADY_ACTIONED
INT-001603,CMP-001603,ENDPOINT_WATCH,NO_ACTION,31.74,ALREADY_ACTIONED
INT-001604,CMP-001604,LIEN_MARK,SUCCESS,32.57,ACTED
INT-001605,CMP-001605,LIEN_MARK,NO_ACTION,8.15,NOT_ACTED
INT-001606,CMP-001606,ENDPOINT_WATCH,SUCCESS,13.33,ACTED
INT-001607,CMP-001607,ENDPOINT_WATCH,PARTIAL,11.39,ACTED
INT-001608,CMP-001608,LIEN_MARK,SUCCESS,13.13,NOT_ACTED
INT-001609,CMP-001609,JURISDICTION_HANDOFF,SUCCESS,41.08,ALREADY_ACTIONED
INT-001610,CMP-001610,JURISDICTION_HANDOFF,SUCCESS,38.3,ACTED
INT-001611,CMP-001611,LIEN_MARK,PARTIAL,46.08,ACTED
INT-001612,CMP-001612,ACCOUNT_FREEZE,SUCCESS,31.22,ALREADY_ACTIONED
INT-001613,CMP-001613,ENDPOINT_WATCH,NO_ACTION,47.54,ACTED
INT-001614,CMP-001614,JURISDICTION_HANDOFF,SUCCESS,3.46,ALREADY_ACTIONED
INT-001615,CMP-001615,LIEN_MARK,SUCCESS,34.44,NOT_ACTED
INT-001616,CMP-001616,ACCOUNT_FREEZE,PARTIAL,30.78,ACTED
INT-001617,CMP-001617,ACCOUNT_FREEZE,SUCCESS,3.09,ACTED
INT-001618,CMP-001618,NO_ACTION,SUCCESS,35.65,ACTED
INT-001619,CMP-001619,ENDPOINT_WATCH,SUCCESS,13.62,NOT_ACTED
INT-001620,CMP-001620,ACCOUNT_FREEZE,NO_ACTION,37.92,ACTED
INT-001621,CMP-001621,ACCOUNT_FREEZE,SUCCESS,41.58,NOT_ACTED
INT-001622,CMP-001622,JURISDICTION_HANDOFF,NO_ACTION,27.74,FALSE_POSITIVE
INT-001623,CMP-001623,NO_ACTION,SUCCESS,45.38,ACTED
INT-001624,CMP-001624,LIEN_MARK,SUCCESS,14.69,NOT_ACTED
INT-001625,CMP-001625,ACCOUNT_FREEZE,SUCCESS,27.87,ACTED
INT-001626,CMP-001626,ENDPOINT_WATCH,SUCCESS,42.77,ACTED
INT-001627,CMP-001627,ACCOUNT_FREEZE,SUCCESS,4.21,ACTED
INT-001628,CMP-001628,ACCOUNT_FREEZE,SUCCESS,47.55,OUT_OF_SCOPE
INT-001629,CMP-001629,LIEN_MARK,SUCCESS,19.67,NOT_ACTED
INT-001630,CMP-001630,ACCOUNT_FREEZE,SUCCESS,29.99,ACTED
INT-001631,CMP-001631,NO_ACTION,SUCCESS,31.03,ACTED
INT-001632,CMP-001632,ACCOUNT_FREEZE,PARTIAL,26.85,NOT_ACTED
INT-001633,CMP-001633,NO_ACTION,NO_ACTION,4.58,FALSE_POSITIVE
INT-001634,CMP-001634,ENDPOINT_WATCH,SUCCESS,47.94,ACTED
INT-001635,CMP-001635,LIEN_MARK,NO_ACTION,42.63,NOT_ACTED
INT-001636,CMP-001636,LIEN_MARK,SUCCESS,16.28,NOT_ACTED
INT-001637,CMP-001637,ACCOUNT_FREEZE,NO_ACTION,8.32,ACTED
INT-001638,CMP-001638,NO_ACTION,PARTIAL,42.85,ALREADY_ACTIONED
INT-001639,CMP-001639,NO_ACTION,PARTIAL,38.21,NOT_ACTED
INT-001640,CMP-001640,JURISDICTION_HANDOFF,SUCCESS,27.33,ACTED
INT-001641,CMP-001641,ENDPOINT_WATCH,NO_ACTION,20.88,FALSE_POSITIVE
INT-001642,CMP-001642,ACCOUNT_FREEZE,PARTIAL,32.78,NOT_ACTED
INT-001643,CMP-001643,NO_ACTION,SUCCESS,10.74,NOT_ACTED
INT-001644,CMP-001644,ENDPOINT_WATCH,PARTIAL,19.59,OUT_OF_SCOPE
INT-001645,CMP-001645,LIEN_MARK,NO_ACTION,36.04,ACTED
INT-001646,CMP-001646,JURISDICTION_HANDOFF,NO_ACTION,15.11,ACTED
INT-001647,CMP-001647,JURISDICTION_HANDOFF,PARTIAL,28.31,NOT_ACTED
INT-001648,CMP-001648,NO_ACTION,PARTIAL,46.52,FALSE_POSITIVE
INT-001649,CMP-001649,LIEN_MARK,SUCCESS,45.8,ACTED
INT-001650,CMP-001650,ENDPOINT_WATCH,NO_ACTION,9.12,NOT_ACTED
INT-001651,CMP-001651,LIEN_MARK,PARTIAL,5.8,NOT_ACTED
INT-001652,CMP-001652,ENDPOINT_WATCH,SUCCESS,6.23,ALREADY_ACTIONED
INT-001653,CMP-001653,NO_ACTION,SUCCESS,18.08,ACTED
INT-001654,CMP-001654,JURISDICTION_HANDOFF,NO_ACTION,45.43,ACTED
INT-001655,CMP-001655,ENDPOINT_WATCH,SUCCESS,22.9,ACTED
INT-001656,CMP-001656,JURISDICTION_HANDOFF,SUCCESS,12.2,ACTED
INT-001657,CMP-001657,NO_ACTION,SUCCESS,15.1,FALSE_POSITIVE
INT-001658,CMP-001658,LIEN_MARK,SUCCESS,38.68,NOT_ACTED
INT-001659,CMP-001659,NO_ACTION,NO_ACTION,42.93,OUT_OF_SCOPE
INT-001660,CMP-001660,JURISDICTION_HANDOFF,SUCCESS,36.22,ACTED
INT-001661,CMP-001661,LIEN_MARK,SUCCESS,28.55,NOT_ACTED
INT-001662,CMP-001662,NO_ACTION,SUCCESS,29.68,ACTED
INT-001663,CMP-001663,JURISDICTION_HANDOFF,PARTIAL,40.24,ACTED
INT-001664,CMP-001664,ENDPOINT_WATCH,NO_ACTION,39.67,ALREADY_ACTIONED
INT-001665,CMP-001665,ENDPOINT_WATCH,SUCCESS,42.19,ACTED
INT-001666,CMP-001666,NO_ACTION,PARTIAL,5.35,OUT_OF_SCOPE
INT-001667,CMP-001667,JURISDICTION_HANDOFF,PARTIAL,22.07,ACTED
INT-001668,CMP-001668,NO_ACTION,NO_ACTION,8.6,ACTED
INT-001669,CMP-001669,LIEN_MARK,SUCCESS,26.01,OUT_OF_SCOPE
INT-001670,CMP-001670,ACCOUNT_FREEZE,SUCCESS,18.35,ACTED
INT-001671,CMP-001671,JURISDICTION_HANDOFF,SUCCESS,42.59,NOT_ACTED
INT-001672,CMP-001672,LIEN_MARK,NO_ACTION,34.48,ACTED
INT-001673,CMP-001673,ENDPOINT_WATCH,SUCCESS,18.32,FALSE_POSITIVE
INT-001674,CMP-001674,NO_ACTION,PARTIAL,11.87,ACTED
INT-001675,CMP-001675,ACCOUNT_FREEZE,SUCCESS,7.49,ACTED
INT-001676,CMP-001676,ENDPOINT_WATCH,SUCCESS,34.93,ACTED
INT-001677,CMP-001677,ENDPOINT_WATCH,NO_ACTION,10.64,ACTED
INT-001678,CMP-001678,NO_ACTION,SUCCESS,29.86,FALSE_POSITIVE
INT-001679,CMP-001679,LIEN_MARK,SUCCESS,10.94,ACTED
INT-001680,CMP-001680,NO_ACTION,SUCCESS,44.99,FALSE_POSITIVE
INT-001681,CMP-001681,ENDPOINT_WATCH,SUCCESS,34.62,ACTED
INT-001682,CMP-001682,ENDPOINT_WATCH,SUCCESS,6.75,ACTED
INT-001683,CMP-001683,NO_ACTION,SUCCESS,14.9,ALREADY_ACTIONED
INT-001684,CMP-001684,NO_ACTION,SUCCESS,3.43,NOT_ACTED
INT-001685,CMP-001685,NO_ACTION,SUCCESS,10.45,ACTED
INT-001686,CMP-001686,LIEN_MARK,PARTIAL,40.46,NOT_ACTED
INT-001687,CMP-001687,ACCOUNT_FREEZE,PARTIAL,24.55,ALREADY_ACTIONED
INT-001688,CMP-001688,LIEN_MARK,SUCCESS,43.06,NOT_ACTED
INT-001689,CMP-001689,ENDPOINT_WATCH,PARTIAL,19.27,NOT_ACTED
INT-001690,CMP-001690,ENDPOINT_WATCH,SUCCESS,11.05,OUT_OF_SCOPE
INT-001691,CMP-001691,ENDPOINT_WATCH,SUCCESS,21.99,NOT_ACTED
INT-001692,CMP-001692,JURISDICTION_HANDOFF,NO_ACTION,27.3,NOT_ACTED
INT-001693,CMP-001693,NO_ACTION,SUCCESS,42.3,ACTED
INT-001694,CMP-001694,ACCOUNT_FREEZE,SUCCESS,39.71,FALSE_POSITIVE
INT-001695,CMP-001695,ENDPOINT_WATCH,SUCCESS,17.15,FALSE_POSITIVE
INT-001696,CMP-001696,LIEN_MARK,SUCCESS,21.56,ACTED
INT-001697,CMP-001697,ACCOUNT_FREEZE,SUCCESS,3.84,ALREADY_ACTIONED
INT-001698,CMP-001698,JURISDICTION_HANDOFF,SUCCESS,33.36,ALREADY_ACTIONED
INT-001699,CMP-001699,ACCOUNT_FREEZE,SUCCESS,10.24,ACTED
INT-001700,CMP-001700,ACCOUNT_FREEZE,SUCCESS,20.44,ACTED
INT-001701,CMP-001701,JURISDICTION_HANDOFF,SUCCESS,19.14,ACTED
INT-001702,CMP-001702,ENDPOINT_WATCH,SUCCESS,4.42,FALSE_POSITIVE
INT-001703,CMP-001703,LIEN_MARK,PARTIAL,47.9,FALSE_POSITIVE
INT-001704,CMP-001704,LIEN_MARK,PARTIAL,46.71,FALSE_POSITIVE
INT-001705,CMP-001705,JURISDICTION_HANDOFF,SUCCESS,40.38,ACTED
INT-001706,CMP-001706,ENDPOINT_WATCH,NO_ACTION,39.22,ACTED
INT-001707,CMP-001707,LIEN_MARK,SUCCESS,28.07,ACTED
INT-001708,CMP-001708,ENDPOINT_WATCH,SUCCESS,40.98,NOT_ACTED
INT-001709,CMP-001709,LIEN_MARK,PARTIAL,5.33,ACTED
INT-001710,CMP-001710,NO_ACTION,PARTIAL,44.8,NOT_ACTED
INT-001711,CMP-001711,LIEN_MARK,NO_ACTION,37.99,FALSE_POSITIVE
INT-001712,CMP-001712,ACCOUNT_FREEZE,SUCCESS,7.56,ACTED
INT-001713,CMP-001713,ENDPOINT_WATCH,SUCCESS,14.81,ALREADY_ACTIONED
INT-001714,CMP-001714,NO_ACTION,SUCCESS,29.09,ACTED
INT-001715,CMP-001715,ENDPOINT_WATCH,PARTIAL,44.17,ACTED
INT-001716,CMP-001716,LIEN_MARK,SUCCESS,8.15,ACTED
INT-001717,CMP-001717,ENDPOINT_WATCH,NO_ACTION,8.97,FALSE_POSITIVE
INT-001718,CMP-001718,ACCOUNT_FREEZE,SUCCESS,14.23,ACTED
INT-001719,CMP-001719,ACCOUNT_FREEZE,PARTIAL,17.71,ACTED
INT-001720,CMP-001720,NO_ACTION,SUCCESS,13.83,FALSE_POSITIVE
INT-001721,CMP-001721,JURISDICTION_HANDOFF,SUCCESS,22.61,ALREADY_ACTIONED
INT-001722,CMP-001722,ACCOUNT_FREEZE,SUCCESS,23.13,OUT_OF_SCOPE
INT-001723,CMP-001723,ENDPOINT_WATCH,SUCCESS,47.81,OUT_OF_SCOPE
INT-001724,CMP-001724,NO_ACTION,SUCCESS,17.96,ACTED
INT-001725,CMP-001725,ENDPOINT_WATCH,PARTIAL,45.43,ACTED
INT-001726,CMP-001726,ACCOUNT_FREEZE,NO_ACTION,12.25,ACTED
INT-001727,CMP-001727,LIEN_MARK,PARTIAL,42.44,ALREADY_ACTIONED
INT-001728,CMP-001728,ACCOUNT_FREEZE,PARTIAL,8.84,ACTED
INT-001729,CMP-001729,ENDPOINT_WATCH,NO_ACTION,31.92,FALSE_POSITIVE
INT-001730,CMP-001730,JURISDICTION_HANDOFF,SUCCESS,39.27,NOT_ACTED
INT-001731,CMP-001731,LIEN_MARK,SUCCESS,29.04,ACTED
INT-001732,CMP-001732,ENDPOINT_WATCH,PARTIAL,30.95,FALSE_POSITIVE
INT-001733,CMP-001733,ENDPOINT_WATCH,SUCCESS,43.72,ACTED
INT-001734,CMP-001734,ENDPOINT_WATCH,NO_ACTION,45.06,ACTED
INT-001735,CMP-001735,NO_ACTION,PARTIAL,13.05,FALSE_POSITIVE
INT-001736,CMP-001736,LIEN_MARK,SUCCESS,24.64,ACTED
INT-001737,CMP-001737,LIEN_MARK,SUCCESS,22.57,NOT_ACTED
INT-001738,CMP-001738,JURISDICTION_HANDOFF,NO_ACTION,31.99,ALREADY_ACTIONED
INT-001739,CMP-001739,JURISDICTION_HANDOFF,SUCCESS,46.62,ALREADY_ACTIONED
INT-001740,CMP-001740,ACCOUNT_FREEZE,NO_ACTION,43.74,FALSE_POSITIVE
INT-001741,CMP-001741,ENDPOINT_WATCH,SUCCESS,42.84,FALSE_POSITIVE
INT-001742,CMP-001742,LIEN_MARK,PARTIAL,17.26,ACTED
INT-001743,CMP-001743,ACCOUNT_FREEZE,PARTIAL,43.01,ACTED
INT-001744,CMP-001744,NO_ACTION,PARTIAL,40.1,ACTED
INT-001745,CMP-001745,JURISDICTION_HANDOFF,NO_ACTION,8.3,OUT_OF_SCOPE
INT-001746,CMP-001746,ACCOUNT_FREEZE,SUCCESS,40.39,ACTED
INT-001747,CMP-001747,NO_ACTION,SUCCESS,3.57,ACTED
INT-001748,CMP-001748,ENDPOINT_WATCH,SUCCESS,35.52,FALSE_POSITIVE
INT-001749,CMP-001749,LIEN_MARK,SUCCESS,45.05,FALSE_POSITIVE
INT-001750,CMP-001750,ENDPOINT_WATCH,SUCCESS,46.74,NOT_ACTED
INT-001751,CMP-001751,JURISDICTION_HANDOFF,PARTIAL,6.43,FALSE_POSITIVE
INT-001752,CMP-001752,JURISDICTION_HANDOFF,PARTIAL,27.73,NOT_ACTED
INT-001753,CMP-001753,ENDPOINT_WATCH,NO_ACTION,30.52,NOT_ACTED
INT-001754,CMP-001754,ENDPOINT_WATCH,PARTIAL,12.95,ACTED
INT-001755,CMP-001755,NO_ACTION,SUCCESS,12.63,ACTED
INT-001756,CMP-001756,NO_ACTION,NO_ACTION,45.58,ACTED
INT-001757,CMP-001757,ACCOUNT_FREEZE,PARTIAL,34.52,ACTED
INT-001758,CMP-001758,JURISDICTION_HANDOFF,SUCCESS,34.57,ACTED
INT-001759,CMP-001759,ACCOUNT_FREEZE,NO_ACTION,8.52,ALREADY_ACTIONED
INT-001760,CMP-001760,JURISDICTION_HANDOFF,SUCCESS,23.27,ALREADY_ACTIONED
INT-001761,CMP-001761,ENDPOINT_WATCH,SUCCESS,15.33,NOT_ACTED
INT-001762,CMP-001762,LIEN_MARK,NO_ACTION,31.25,OUT_OF_SCOPE
INT-001763,CMP-001763,LIEN_MARK,SUCCESS,22.29,NOT_ACTED
INT-001764,CMP-001764,JURISDICTION_HANDOFF,PARTIAL,31.74,ACTED
INT-001765,CMP-001765,JURISDICTION_HANDOFF,SUCCESS,32.56,ACTED
INT-001766,CMP-001766,ACCOUNT_FREEZE,PARTIAL,33.17,FALSE_POSITIVE
INT-001767,CMP-001767,JURISDICTION_HANDOFF,NO_ACTION,11.98,ACTED
INT-001768,CMP-001768,ACCOUNT_FREEZE,SUCCESS,26.76,ALREADY_ACTIONED
INT-001769,CMP-001769,JURISDICTION_HANDOFF,SUCCESS,35.39,OUT_OF_SCOPE
INT-001770,CMP-001770,NO_ACTION,NO_ACTION,27.68,ACTED
INT-001771,CMP-001771,LIEN_MARK,NO_ACTION,11.89,OUT_OF_SCOPE
INT-001772,CMP-001772,ENDPOINT_WATCH,PARTIAL,14.35,NOT_ACTED
INT-001773,CMP-001773,ENDPOINT_WATCH,PARTIAL,28.28,ACTED
INT-001774,CMP-001774,ENDPOINT_WATCH,NO_ACTION,21.63,ACTED
INT-001775,CMP-001775,JURISDICTION_HANDOFF,SUCCESS,46.02,ACTED
INT-001776,CMP-001776,LIEN_MARK,NO_ACTION,36.68,ACTED
INT-001777,CMP-001777,ACCOUNT_FREEZE,PARTIAL,9.77,OUT_OF_SCOPE
INT-001778,CMP-001778,ACCOUNT_FREEZE,SUCCESS,43.82,ACTED
INT-001779,CMP-001779,JURISDICTION_HANDOFF,SUCCESS,4.82,OUT_OF_SCOPE
INT-001780,CMP-001780,JURISDICTION_HANDOFF,SUCCESS,41.86,ACTED
INT-001781,CMP-001781,ACCOUNT_FREEZE,PARTIAL,14.64,OUT_OF_SCOPE
INT-001782,CMP-001782,ENDPOINT_WATCH,SUCCESS,47.17,ACTED
INT-001783,CMP-001783,ENDPOINT_WATCH,SUCCESS,18.69,NOT_ACTED
INT-001784,CMP-001784,JURISDICTION_HANDOFF,PARTIAL,21.79,ACTED
INT-001785,CMP-001785,LIEN_MARK,SUCCESS,17.08,ALREADY_ACTIONED
INT-001786,CMP-001786,ENDPOINT_WATCH,SUCCESS,10.75,ACTED
INT-001787,CMP-001787,JURISDICTION_HANDOFF,PARTIAL,10.37,NOT_ACTED
INT-001788,CMP-001788,LIEN_MARK,PARTIAL,9.91,ACTED
INT-001789,CMP-001789,JURISDICTION_HANDOFF,SUCCESS,32.58,ACTED
INT-001790,CMP-001790,JURISDICTION_HANDOFF,SUCCESS,39.98,ACTED
INT-001791,CMP-001791,LIEN_MARK,NO_ACTION,4.69,ACTED
INT-001792,CMP-001792,JURISDICTION_HANDOFF,NO_ACTION,22.56,ALREADY_ACTIONED
INT-001793,CMP-001793,NO_ACTION,SUCCESS,38.13,ACTED
INT-001794,CMP-001794,ENDPOINT_WATCH,NO_ACTION,10.95,ACTED
INT-001795,CMP-001795,ACCOUNT_FREEZE,PARTIAL,40.01,ACTED
INT-001796,CMP-001796,LIEN_MARK,NO_ACTION,35.96,NOT_ACTED
INT-001797,CMP-001797,ENDPOINT_WATCH,PARTIAL,41.74,ACTED
INT-001798,CMP-001798,ENDPOINT_WATCH,SUCCESS,37.18,FALSE_POSITIVE
INT-001799,CMP-001799,JURISDICTION_HANDOFF,PARTIAL,19.26,FALSE_POSITIVE
INT-001800,CMP-001800,LIEN_MARK,NO_ACTION,24.9,NOT_ACTED
INT-001801,CMP-001801,ACCOUNT_FREEZE,SUCCESS,5.78,NOT_ACTED
INT-001802,CMP-001802,JURISDICTION_HANDOFF,NO_ACTION,31.74,ACTED
INT-001803,CMP-001803,ACCOUNT_FREEZE,PARTIAL,24.79,ACTED
INT-001804,CMP-001804,ACCOUNT_FREEZE,SUCCESS,11.9,OUT_OF_SCOPE
INT-001805,CMP-001805,LIEN_MARK,PARTIAL,41.7,ACTED
INT-001806,CMP-001806,NO_ACTION,NO_ACTION,47.69,FALSE_POSITIVE
INT-001807,CMP-001807,ENDPOINT_WATCH,NO_ACTION,23.51,FALSE_POSITIVE
INT-001808,CMP-001808,JURISDICTION_HANDOFF,SUCCESS,35.35,ACTED
INT-001809,CMP-001809,ACCOUNT_FREEZE,SUCCESS,7.48,ALREADY_ACTIONED
INT-001810,CMP-001810,ACCOUNT_FREEZE,SUCCESS,45.44,NOT_ACTED
INT-001811,CMP-001811,ENDPOINT_WATCH,SUCCESS,47.76,ACTED
INT-001812,CMP-001812,NO_ACTION,NO_ACTION,25.7,ALREADY_ACTIONED
INT-001813,CMP-001813,NO_ACTION,SUCCESS,6.77,ACTED
INT-001814,CMP-001814,NO_ACTION,NO_ACTION,44.12,NOT_ACTED
INT-001815,CMP-001815,JURISDICTION_HANDOFF,SUCCESS,13.8,ACTED
INT-001816,CMP-001816,LIEN_MARK,NO_ACTION,19.79,ACTED
INT-001817,CMP-001817,JURISDICTION_HANDOFF,PARTIAL,32.14,ACTED
INT-001818,CMP-001818,NO_ACTION,SUCCESS,9.58,OUT_OF_SCOPE
INT-001819,CMP-001819,NO_ACTION,SUCCESS,33.38,FALSE_POSITIVE
INT-001820,CMP-001820,ACCOUNT_FREEZE,SUCCESS,39.89,ACTED
INT-001821,CMP-001821,ENDPOINT_WATCH,SUCCESS,32.58,FALSE_POSITIVE
INT-001822,CMP-001822,LIEN_MARK,NO_ACTION,12.33,ACTED
INT-001823,CMP-001823,LIEN_MARK,SUCCESS,6.88,ACTED
INT-001824,CMP-001824,LIEN_MARK,NO_ACTION,31.78,FALSE_POSITIVE
INT-001825,CMP-001825,ENDPOINT_WATCH,SUCCESS,36.36,ALREADY_ACTIONED
INT-001826,CMP-001826,ACCOUNT_FREEZE,SUCCESS,38.43,ACTED
INT-001827,CMP-001827,ENDPOINT_WATCH,SUCCESS,29.39,ALREADY_ACTIONED
INT-001828,CMP-001828,NO_ACTION,NO_ACTION,45.84,ALREADY_ACTIONED
INT-001829,CMP-001829,LIEN_MARK,SUCCESS,17.75,FALSE_POSITIVE
INT-001830,CMP-001830,LIEN_MARK,SUCCESS,26.45,ACTED
INT-001831,CMP-001831,ACCOUNT_FREEZE,SUCCESS,15.8,ALREADY_ACTIONED
INT-001832,CMP-001832,ENDPOINT_WATCH,NO_ACTION,47.26,ALREADY_ACTIONED
INT-001833,CMP-001833,LIEN_MARK,SUCCESS,4.86,ACTED
INT-001834,CMP-001834,JURISDICTION_HANDOFF,PARTIAL,30.12,NOT_ACTED
INT-001835,CMP-001835,NO_ACTION,SUCCESS,13.07,ALREADY_ACTIONED
INT-001836,CMP-001836,ENDPOINT_WATCH,NO_ACTION,44.45,ACTED
INT-001837,CMP-001837,ACCOUNT_FREEZE,PARTIAL,15.38,FALSE_POSITIVE
INT-001838,CMP-001838,ENDPOINT_WATCH,SUCCESS,3.47,FALSE_POSITIVE
INT-001839,CMP-001839,ENDPOINT_WATCH,SUCCESS,36.65,FALSE_POSITIVE
INT-001840,CMP-001840,JURISDICTION_HANDOFF,SUCCESS,34.32,ACTED
INT-001841,CMP-001841,LIEN_MARK,PARTIAL,42.43,FALSE_POSITIVE
INT-001842,CMP-001842,ACCOUNT_FREEZE,NO_ACTION,20.46,ACTED
INT-001843,CMP-001843,JURISDICTION_HANDOFF,SUCCESS,19.96,ACTED
INT-001844,CMP-001844,ACCOUNT_FREEZE,SUCCESS,44.11,ACTED
INT-001845,CMP-001845,ENDPOINT_WATCH,PARTIAL,25.17,ACTED
INT-001846,CMP-001846,ENDPOINT_WATCH,PARTIAL,22.97,ACTED
INT-001847,CMP-001847,ACCOUNT_FREEZE,PARTIAL,22.32,OUT_OF_SCOPE
INT-001848,CMP-001848,JURISDICTION_HANDOFF,PARTIAL,16.37,ACTED
INT-001849,CMP-001849,JURISDICTION_HANDOFF,SUCCESS,28.91,ACTED
INT-001850,CMP-001850,NO_ACTION,NO_ACTION,28.02,ACTED
INT-001851,CMP-001851,JURISDICTION_HANDOFF,SUCCESS,8.96,NOT_ACTED
INT-001852,CMP-001852,JURISDICTION_HANDOFF,SUCCESS,45.12,ALREADY_ACTIONED
INT-001853,CMP-001853,ENDPOINT_WATCH,NO_ACTION,30.05,NOT_ACTED
INT-001854,CMP-001854,NO_ACTION,NO_ACTION,24.24,ACTED
INT-001855,CMP-001855,JURISDICTION_HANDOFF,NO_ACTION,25.82,ALREADY_ACTIONED
INT-001856,CMP-001856,ACCOUNT_FREEZE,SUCCESS,18.97,ACTED
INT-001857,CMP-001857,ACCOUNT_FREEZE,SUCCESS,37.86,OUT_OF_SCOPE
INT-001858,CMP-001858,JURISDICTION_HANDOFF,PARTIAL,25.69,ACTED
INT-001859,CMP-001859,NO_ACTION,PARTIAL,11.0,OUT_OF_SCOPE
INT-001860,CMP-001860,NO_ACTION,SUCCESS,18.83,ACTED
INT-001861,CMP-001861,NO_ACTION,SUCCESS,8.58,ACTED
INT-001862,CMP-001862,JURISDICTION_HANDOFF,NO_ACTION,37.62,ACTED
INT-001863,CMP-001863,ENDPOINT_WATCH,SUCCESS,42.58,ACTED
INT-001864,CMP-001864,JURISDICTION_HANDOFF,NO_ACTION,23.06,ACTED
INT-001865,CMP-001865,ACCOUNT_FREEZE,NO_ACTION,39.72,NOT_ACTED
INT-001866,CMP-001866,ENDPOINT_WATCH,SUCCESS,20.8,ACTED
INT-001867,CMP-001867,ACCOUNT_FREEZE,PARTIAL,21.59,ACTED
INT-001868,CMP-001868,NO_ACTION,NO_ACTION,18.92,ACTED
INT-001869,CMP-001869,NO_ACTION,SUCCESS,8.21,ACTED
INT-001870,CMP-001870,ENDPOINT_WATCH,SUCCESS,33.24,ALREADY_ACTIONED
INT-001871,CMP-001871,LIEN_MARK,PARTIAL,16.46,ACTED
INT-001872,CMP-001872,LIEN_MARK,SUCCESS,43.67,ACTED
INT-001873,CMP-001873,ENDPOINT_WATCH,SUCCESS,26.68,ACTED
INT-001874,CMP-001874,JURISDICTION_HANDOFF,NO_ACTION,41.56,ACTED
INT-001875,CMP-001875,ENDPOINT_WATCH,SUCCESS,17.27,ACTED
INT-001876,CMP-001876,NO_ACTION,SUCCESS,46.23,FALSE_POSITIVE
INT-001877,CMP-001877,JURISDICTION_HANDOFF,PARTIAL,14.95,OUT_OF_SCOPE
INT-001878,CMP-001878,LIEN_MARK,PARTIAL,30.99,FALSE_POSITIVE
INT-001879,CMP-001879,LIEN_MARK,PARTIAL,3.1,FALSE_POSITIVE
INT-001880,CMP-001880,ACCOUNT_FREEZE,SUCCESS,8.53,NOT_ACTED
INT-001881,CMP-001881,ENDPOINT_WATCH,PARTIAL,43.64,ACTED
INT-001882,CMP-001882,LIEN_MARK,NO_ACTION,39.97,NOT_ACTED
INT-001883,CMP-001883,NO_ACTION,NO_ACTION,37.88,ALREADY_ACTIONED
INT-001884,CMP-001884,LIEN_MARK,SUCCESS,21.69,ACTED
INT-001885,CMP-001885,JURISDICTION_HANDOFF,NO_ACTION,6.24,ACTED
INT-001886,CMP-001886,JURISDICTION_HANDOFF,SUCCESS,42.96,ACTED
INT-001887,CMP-001887,JURISDICTION_HANDOFF,NO_ACTION,19.65,OUT_OF_SCOPE
INT-001888,CMP-001888,NO_ACTION,PARTIAL,5.39,ALREADY_ACTIONED
INT-001889,CMP-001889,ACCOUNT_FREEZE,SUCCESS,9.17,NOT_ACTED
INT-001890,CMP-001890,JURISDICTION_HANDOFF,NO_ACTION,13.19,FALSE_POSITIVE
INT-001891,CMP-001891,ENDPOINT_WATCH,SUCCESS,38.17,FALSE_POSITIVE
INT-001892,CMP-001892,ENDPOINT_WATCH,SUCCESS,18.91,ALREADY_ACTIONED
INT-001893,CMP-001893,JURISDICTION_HANDOFF,SUCCESS,12.19,NOT_ACTED
INT-001894,CMP-001894,ENDPOINT_WATCH,PARTIAL,20.23,ACTED
INT-001895,CMP-001895,NO_ACTION,SUCCESS,19.56,ALREADY_ACTIONED
INT-001896,CMP-001896,ENDPOINT_WATCH,SUCCESS,35.18,ALREADY_ACTIONED
INT-001897,CMP-001897,JURISDICTION_HANDOFF,SUCCESS,31.36,FALSE_POSITIVE
INT-001898,CMP-001898,JURISDICTION_HANDOFF,PARTIAL,11.28,OUT_OF_SCOPE
INT-001899,CMP-001899,LIEN_MARK,PARTIAL,7.16,ACTED
INT-001900,CMP-001900,LIEN_MARK,NO_ACTION,32.69,ACTED
INT-001901,CMP-001901,JURISDICTION_HANDOFF,SUCCESS,5.85,ACTED
INT-001902,CMP-001902,NO_ACTION,SUCCESS,41.99,ALREADY_ACTIONED
INT-001903,CMP-001903,LIEN_MARK,NO_ACTION,37.87,FALSE_POSITIVE
INT-001904,CMP-001904,ACCOUNT_FREEZE,PARTIAL,24.42,ALREADY_ACTIONED
INT-001905,CMP-001905,JURISDICTION_HANDOFF,SUCCESS,25.68,OUT_OF_SCOPE
INT-001906,CMP-001906,JURISDICTION_HANDOFF,NO_ACTION,32.47,NOT_ACTED
INT-001907,CMP-001907,JURISDICTION_HANDOFF,NO_ACTION,14.67,FALSE_POSITIVE
INT-001908,CMP-001908,JURISDICTION_HANDOFF,SUCCESS,27.28,FALSE_POSITIVE
INT-001909,CMP-001909,ENDPOINT_WATCH,SUCCESS,31.41,NOT_ACTED
INT-001910,CMP-001910,NO_ACTION,PARTIAL,39.04,ACTED
INT-001911,CMP-001911,JURISDICTION_HANDOFF,PARTIAL,12.63,NOT_ACTED
INT-001912,CMP-001912,ACCOUNT_FREEZE,SUCCESS,45.27,FALSE_POSITIVE
INT-001913,CMP-001913,ENDPOINT_WATCH,SUCCESS,11.76,NOT_ACTED
INT-001914,CMP-001914,LIEN_MARK,SUCCESS,25.39,NOT_ACTED
INT-001915,CMP-001915,NO_ACTION,NO_ACTION,45.05,ACTED
INT-001916,CMP-001916,LIEN_MARK,SUCCESS,40.23,ACTED
INT-001917,CMP-001917,ACCOUNT_FREEZE,PARTIAL,46.49,ALREADY_ACTIONED
INT-001918,CMP-001918,JURISDICTION_HANDOFF,SUCCESS,24.47,ACTED
INT-001919,CMP-001919,ENDPOINT_WATCH,PARTIAL,39.08,ACTED
INT-001920,CMP-001920,LIEN_MARK,SUCCESS,3.19,ALREADY_ACTIONED
INT-001921,CMP-001921,LIEN_MARK,SUCCESS,15.25,ACTED
INT-001922,CMP-001922,ACCOUNT_FREEZE,SUCCESS,17.91,ACTED
INT-001923,CMP-001923,JURISDICTION_HANDOFF,SUCCESS,12.93,NOT_ACTED
INT-001924,CMP-001924,LIEN_MARK,PARTIAL,41.62,ACTED
INT-001925,CMP-001925,JURISDICTION_HANDOFF,NO_ACTION,42.36,ALREADY_ACTIONED
INT-001926,CMP-001926,NO_ACTION,PARTIAL,18.34,OUT_OF_SCOPE
INT-001927,CMP-001927,ENDPOINT_WATCH,PARTIAL,23.94,NOT_ACTED
INT-001928,CMP-001928,JURISDICTION_HANDOFF,SUCCESS,24.21,ALREADY_ACTIONED
INT-001929,CMP-001929,NO_ACTION,PARTIAL,39.07,ALREADY_ACTIONED
INT-001930,CMP-001930,ACCOUNT_FREEZE,SUCCESS,46.03,NOT_ACTED
INT-001931,CMP-001931,NO_ACTION,PARTIAL,16.49,ACTED
INT-001932,CMP-001932,NO_ACTION,SUCCESS,4.33,OUT_OF_SCOPE
INT-001933,CMP-001933,ENDPOINT_WATCH,PARTIAL,9.69,ACTED
INT-001934,CMP-001934,NO_ACTION,SUCCESS,44.73,ACTED
INT-001935,CMP-001935,JURISDICTION_HANDOFF,SUCCESS,13.15,ALREADY_ACTIONED
INT-001936,CMP-001936,ENDPOINT_WATCH,PARTIAL,5.29,ACTED
INT-001937,CMP-001937,ACCOUNT_FREEZE,SUCCESS,41.14,NOT_ACTED
INT-001938,CMP-001938,NO_ACTION,NO_ACTION,11.21,NOT_ACTED
INT-001939,CMP-001939,NO_ACTION,SUCCESS,12.96,ALREADY_ACTIONED
INT-001940,CMP-001940,LIEN_MARK,NO_ACTION,37.33,NOT_ACTED
INT-001941,CMP-001941,LIEN_MARK,SUCCESS,16.11,ALREADY_ACTIONED
INT-001942,CMP-001942,ACCOUNT_FREEZE,SUCCESS,24.54,NOT_ACTED
INT-001943,CMP-001943,ACCOUNT_FREEZE,PARTIAL,47.84,ACTED
INT-001944,CMP-001944,JURISDICTION_HANDOFF,SUCCESS,7.34,NOT_ACTED
INT-001945,CMP-001945,LIEN_MARK,SUCCESS,9.1,NOT_ACTED
INT-001946,CMP-001946,LIEN_MARK,SUCCESS,32.0,ACTED
INT-001947,CMP-001947,LIEN_MARK,SUCCESS,16.96,ACTED
INT-001948,CMP-001948,JURISDICTION_HANDOFF,PARTIAL,39.77,NOT_ACTED
INT-001949,CMP-001949,LIEN_MARK,SUCCESS,24.04,ACTED
INT-001950,CMP-001950,JURISDICTION_HANDOFF,PARTIAL,25.76,ACTED
INT-001951,CMP-001951,ACCOUNT_FREEZE,PARTIAL,42.04,FALSE_POSITIVE
INT-001952,CMP-001952,JURISDICTION_HANDOFF,SUCCESS,45.01,NOT_ACTED
INT-001953,CMP-001953,LIEN_MARK,PARTIAL,15.57,ACTED
INT-001954,CMP-001954,JURISDICTION_HANDOFF,SUCCESS,36.35,ACTED
INT-001955,CMP-001955,LIEN_MARK,SUCCESS,23.59,NOT_ACTED
INT-001956,CMP-001956,NO_ACTION,PARTIAL,15.57,ACTED
INT-001957,CMP-001957,ENDPOINT_WATCH,NO_ACTION,46.98,ALREADY_ACTIONED
INT-001958,CMP-001958,ACCOUNT_FREEZE,PARTIAL,15.32,NOT_ACTED
INT-001959,CMP-001959,ENDPOINT_WATCH,SUCCESS,23.82,ACTED
INT-001960,CMP-001960,NO_ACTION,SUCCESS,38.28,OUT_OF_SCOPE
INT-001961,CMP-001961,JURISDICTION_HANDOFF,SUCCESS,30.06,ACTED
INT-001962,CMP-001962,NO_ACTION,SUCCESS,24.89,ALREADY_ACTIONED
INT-001963,CMP-001963,JURISDICTION_HANDOFF,SUCCESS,22.02,OUT_OF_SCOPE
INT-001964,CMP-001964,ACCOUNT_FREEZE,SUCCESS,22.66,ACTED
INT-001965,CMP-001965,LIEN_MARK,SUCCESS,40.16,ACTED
INT-001966,CMP-001966,JURISDICTION_HANDOFF,SUCCESS,33.91,NOT_ACTED
INT-001967,CMP-001967,NO_ACTION,SUCCESS,40.02,ACTED
INT-001968,CMP-001968,LIEN_MARK,PARTIAL,7.88,ACTED
INT-001969,CMP-001969,ACCOUNT_FREEZE,PARTIAL,37.19,FALSE_POSITIVE
INT-001970,CMP-001970,LIEN_MARK,NO_ACTION,3.53,ACTED
INT-001971,CMP-001971,ACCOUNT_FREEZE,SUCCESS,14.99,FALSE_POSITIVE
INT-001972,CMP-001972,LIEN_MARK,SUCCESS,36.0,OUT_OF_SCOPE
INT-001973,CMP-001973,JURISDICTION_HANDOFF,SUCCESS,23.29,FALSE_POSITIVE
INT-001974,CMP-001974,LIEN_MARK,SUCCESS,29.7,ACTED
INT-001975,CMP-001975,ACCOUNT_FREEZE,SUCCESS,39.5,OUT_OF_SCOPE
INT-001976,CMP-001976,LIEN_MARK,SUCCESS,3.54,ALREADY_ACTIONED
INT-001977,CMP-001977,ENDPOINT_WATCH,SUCCESS,15.18,ACTED
INT-001978,CMP-001978,ACCOUNT_FREEZE,PARTIAL,22.46,FALSE_POSITIVE
INT-001979,CMP-001979,ACCOUNT_FREEZE,PARTIAL,47.95,NOT_ACTED
INT-001980,CMP-001980,NO_ACTION,NO_ACTION,13.63,ACTED
INT-001981,CMP-001981,LIEN_MARK,NO_ACTION,6.1,NOT_ACTED
INT-001982,CMP-001982,JURISDICTION_HANDOFF,SUCCESS,7.82,ACTED
INT-001983,CMP-001983,LIEN_MARK,SUCCESS,16.33,FALSE_POSITIVE
INT-001984,CMP-001984,LIEN_MARK,SUCCESS,8.67,ACTED
INT-001985,CMP-001985,ACCOUNT_FREEZE,SUCCESS,6.23,ACTED
INT-001986,CMP-001986,ACCOUNT_FREEZE,SUCCESS,7.21,ACTED
INT-001987,CMP-001987,ACCOUNT_FREEZE,PARTIAL,41.76,ACTED
INT-001988,CMP-001988,ACCOUNT_FREEZE,NO_ACTION,29.78,ACTED
INT-001989,CMP-001989,JURISDICTION_HANDOFF,SUCCESS,34.13,ALREADY_ACTIONED
INT-001990,CMP-001990,JURISDICTION_HANDOFF,PARTIAL,40.27,ACTED
INT-001991,CMP-001991,ACCOUNT_FREEZE,NO_ACTION,40.79,ACTED
INT-001992,CMP-001992,ACCOUNT_FREEZE,NO_ACTION,29.82,ACTED
INT-001993,CMP-001993,LIEN_MARK,PARTIAL,15.64,ACTED
INT-001994,CMP-001994,NO_ACTION,SUCCESS,14.46,NOT_ACTED
INT-001995,CMP-001995,ACCOUNT_FREEZE,SUCCESS,36.57,FALSE_POSITIVE
INT-001996,CMP-001996,ENDPOINT_WATCH,NO_ACTION,3.46,ALREADY_ACTIONED
INT-001997,CMP-001997,NO_ACTION,PARTIAL,23.55,ACTED
INT-001998,CMP-001998,ENDPOINT_WATCH,SUCCESS,27.7,ACTED
INT-001999,CMP-001999,NO_ACTION,SUCCESS,7.06,ACTED
INT-002000,CMP-002000,LIEN_MARK,SUCCESS,4.36,NOT_ACTED
INT-002001,CMP-002001,JURISDICTION_HANDOFF,PARTIAL,15.21,NOT_ACTED
INT-002002,CMP-002002,NO_ACTION,NO_ACTION,22.96,NOT_ACTED
INT-002003,CMP-002003,NO_ACTION,SUCCESS,28.74,ACTED
INT-002004,CMP-002004,NO_ACTION,SUCCESS,47.22,NOT_ACTED
INT-002005,CMP-002005,JURISDICTION_HANDOFF,PARTIAL,17.75,ACTED
INT-002006,CMP-002006,ACCOUNT_FREEZE,SUCCESS,29.67,NOT_ACTED
INT-002007,CMP-002007,ENDPOINT_WATCH,SUCCESS,13.95,ACTED
INT-002008,CMP-002008,LIEN_MARK,SUCCESS,41.56,NOT_ACTED
INT-002009,CMP-002009,NO_ACTION,SUCCESS,45.27,FALSE_POSITIVE
INT-002010,CMP-002010,LIEN_MARK,SUCCESS,11.84,ALREADY_ACTIONED
INT-002011,CMP-002011,NO_ACTION,SUCCESS,9.25,ACTED
INT-002012,CMP-002012,ENDPOINT_WATCH,NO_ACTION,22.84,NOT_ACTED
INT-002013,CMP-002013,NO_ACTION,PARTIAL,4.84,NOT_ACTED
INT-002014,CMP-002014,NO_ACTION,SUCCESS,44.63,ACTED
INT-002015,CMP-002015,NO_ACTION,SUCCESS,18.61,ACTED
INT-002016,CMP-002016,LIEN_MARK,SUCCESS,45.94,ALREADY_ACTIONED
INT-002017,CMP-002017,LIEN_MARK,NO_ACTION,10.35,ALREADY_ACTIONED
INT-002018,CMP-002018,JURISDICTION_HANDOFF,PARTIAL,22.14,FALSE_POSITIVE
INT-002019,CMP-002019,ACCOUNT_FREEZE,PARTIAL,27.51,ACTED
INT-002020,CMP-002020,ENDPOINT_WATCH,NO_ACTION,4.22,ACTED
INT-002021,CMP-002021,ACCOUNT_FREEZE,PARTIAL,47.81,OUT_OF_SCOPE
INT-002022,CMP-002022,NO_ACTION,SUCCESS,11.4,FALSE_POSITIVE
INT-002023,CMP-002023,ENDPOINT_WATCH,SUCCESS,21.23,ALREADY_ACTIONED
INT-002024,CMP-002024,LIEN_MARK,PARTIAL,38.25,ACTED
INT-002025,CMP-002025,NO_ACTION,NO_ACTION,27.32,OUT_OF_SCOPE
INT-002026,CMP-002026,ENDPOINT_WATCH,PARTIAL,35.45,ACTED
INT-002027,CMP-002027,ENDPOINT_WATCH,NO_ACTION,31.19,NOT_ACTED
INT-002028,CMP-002028,LIEN_MARK,NO_ACTION,37.72,ACTED
INT-002029,CMP-002029,JURISDICTION_HANDOFF,SUCCESS,8.63,ALREADY_ACTIONED
INT-002030,CMP-002030,NO_ACTION,SUCCESS,35.1,NOT_ACTED
INT-002031,CMP-002031,JURISDICTION_HANDOFF,SUCCESS,29.54,NOT_ACTED
INT-002032,CMP-002032,ENDPOINT_WATCH,NO_ACTION,19.78,FALSE_POSITIVE
INT-002033,CMP-002033,ENDPOINT_WATCH,PARTIAL,35.26,OUT_OF_SCOPE
INT-002034,CMP-002034,ACCOUNT_FREEZE,PARTIAL,44.21,ACTED
INT-002035,CMP-002035,JURISDICTION_HANDOFF,NO_ACTION,18.15,ACTED
INT-002036,CMP-002036,NO_ACTION,SUCCESS,10.19,ACTED
INT-002037,CMP-002037,JURISDICTION_HANDOFF,SUCCESS,10.24,FALSE_POSITIVE
INT-002038,CMP-002038,JURISDICTION_HANDOFF,NO_ACTION,16.22,ACTED
INT-002039,CMP-002039,ENDPOINT_WATCH,PARTIAL,46.68,ALREADY_ACTIONED
INT-002040,CMP-002040,ENDPOINT_WATCH,SUCCESS,45.77,ALREADY_ACTIONED
INT-002041,CMP-002041,LIEN_MARK,PARTIAL,12.18,NOT_ACTED
INT-002042,CMP-002042,JURISDICTION_HANDOFF,PARTIAL,10.6,ACTED
INT-002043,CMP-002043,ACCOUNT_FREEZE,SUCCESS,37.05,ALREADY_ACTIONED
INT-002044,CMP-002044,LIEN_MARK,NO_ACTION,39.38,OUT_OF_SCOPE
INT-002045,CMP-002045,ACCOUNT_FREEZE,SUCCESS,13.59,ACTED
INT-002046,CMP-002046,JURISDICTION_HANDOFF,NO_ACTION,32.84,ALREADY_ACTIONED
INT-002047,CMP-002047,LIEN_MARK,SUCCESS,23.89,ALREADY_ACTIONED
INT-002048,CMP-002048,ENDPOINT_WATCH,SUCCESS,5.48,ALREADY_ACTIONED
INT-002049,CMP-002049,NO_ACTION,NO_ACTION,8.17,ACTED
INT-002050,CMP-002050,LIEN_MARK,PARTIAL,20.21,FALSE_POSITIVE
INT-002051,CMP-002051,ACCOUNT_FREEZE,SUCCESS,18.48,ACTED
INT-002052,CMP-002052,JURISDICTION_HANDOFF,SUCCESS,12.56,NOT_ACTED
INT-002053,CMP-002053,ENDPOINT_WATCH,SUCCESS,47.94,ALREADY_ACTIONED
INT-002054,CMP-002054,ENDPOINT_WATCH,PARTIAL,43.12,ACTED
INT-002055,CMP-002055,ENDPOINT_WATCH,NO_ACTION,18.07,FALSE_POSITIVE
INT-002056,CMP-002056,ENDPOINT_WATCH,PARTIAL,19.92,ACTED
INT-002057,CMP-002057,NO_ACTION,PARTIAL,11.54,ACTED
INT-002058,CMP-002058,ACCOUNT_FREEZE,PARTIAL,28.88,ACTED
INT-002059,CMP-002059,ENDPOINT_WATCH,SUCCESS,35.91,ACTED
INT-002060,CMP-002060,JURISDICTION_HANDOFF,PARTIAL,6.15,ACTED
INT-002061,CMP-002061,ACCOUNT_FREEZE,NO_ACTION,7.32,ACTED
INT-002062,CMP-002062,ACCOUNT_FREEZE,PARTIAL,6.81,ACTED
INT-002063,CMP-002063,ACCOUNT_FREEZE,SUCCESS,42.03,NOT_ACTED
INT-002064,CMP-002064,ACCOUNT_FREEZE,SUCCESS,45.98,OUT_OF_SCOPE
INT-002065,CMP-002065,LIEN_MARK,SUCCESS,8.99,ACTED
INT-002066,CMP-002066,JURISDICTION_HANDOFF,SUCCESS,23.37,ACTED
INT-002067,CMP-002067,ENDPOINT_WATCH,PARTIAL,13.83,ALREADY_ACTIONED
INT-002068,CMP-002068,NO_ACTION,SUCCESS,30.12,FALSE_POSITIVE
INT-002069,CMP-002069,NO_ACTION,SUCCESS,19.24,ALREADY_ACTIONED
INT-002070,CMP-002070,JURISDICTION_HANDOFF,SUCCESS,40.51,ALREADY_ACTIONED
INT-002071,CMP-002071,LIEN_MARK,SUCCESS,47.84,ACTED
INT-002072,CMP-002072,LIEN_MARK,SUCCESS,38.1,ACTED
INT-002073,CMP-002073,ACCOUNT_FREEZE,PARTIAL,43.28,FALSE_POSITIVE
INT-002074,CMP-002074,ACCOUNT_FREEZE,SUCCESS,3.79,NOT_ACTED
INT-002075,CMP-002075,NO_ACTION,NO_ACTION,13.06,ACTED
INT-002076,CMP-002076,LIEN_MARK,PARTIAL,4.7,ACTED
INT-002077,CMP-002077,ACCOUNT_FREEZE,NO_ACTION,29.49,ACTED
INT-002078,CMP-002078,ACCOUNT_FREEZE,SUCCESS,21.9,ALREADY_ACTIONED
INT-002079,CMP-002079,LIEN_MARK,NO_ACTION,21.18,NOT_ACTED
INT-002080,CMP-002080,JURISDICTION_HANDOFF,SUCCESS,27.25,NOT_ACTED
INT-002081,CMP-002081,ACCOUNT_FREEZE,SUCCESS,27.26,NOT_ACTED
INT-002082,CMP-002082,ACCOUNT_FREEZE,SUCCESS,14.64,FALSE_POSITIVE
INT-002083,CMP-002083,ACCOUNT_FREEZE,SUCCESS,11.43,ACTED
INT-002084,CMP-002084,ACCOUNT_FREEZE,PARTIAL,36.2,OUT_OF_SCOPE
INT-002085,CMP-002085,JURISDICTION_HANDOFF,SUCCESS,8.44,ACTED
INT-002086,CMP-002086,JURISDICTION_HANDOFF,SUCCESS,10.72,ACTED
INT-002087,CMP-002087,ENDPOINT_WATCH,NO_ACTION,12.61,ALREADY_ACTIONED
INT-002088,CMP-002088,ACCOUNT_FREEZE,PARTIAL,14.65,NOT_ACTED
INT-002089,CMP-002089,ENDPOINT_WATCH,NO_ACTION,18.43,ACTED
INT-002090,CMP-002090,NO_ACTION,SUCCESS,7.09,NOT_ACTED
INT-002091,CMP-002091,ENDPOINT_WATCH,NO_ACTION,23.77,NOT_ACTED
INT-002092,CMP-002092,LIEN_MARK,NO_ACTION,34.39,OUT_OF_SCOPE
INT-002093,CMP-002093,ACCOUNT_FREEZE,SUCCESS,27.39,ACTED
INT-002094,CMP-002094,ACCOUNT_FREEZE,PARTIAL,7.29,FALSE_POSITIVE
INT-002095,CMP-002095,JURISDICTION_HANDOFF,NO_ACTION,20.84,ACTED
INT-002096,CMP-002096,LIEN_MARK,NO_ACTION,36.84,ACTED
INT-002097,CMP-002097,ENDPOINT_WATCH,NO_ACTION,45.24,FALSE_POSITIVE
INT-002098,CMP-002098,NO_ACTION,PARTIAL,32.22,ACTED
INT-002099,CMP-002099,ENDPOINT_WATCH,PARTIAL,19.03,ALREADY_ACTIONED
INT-002100,CMP-002100,ACCOUNT_FREEZE,SUCCESS,23.65,NOT_ACTED
INT-002101,CMP-002101,NO_ACTION,SUCCESS,28.83,ALREADY_ACTIONED
INT-002102,CMP-002102,ACCOUNT_FREEZE,SUCCESS,31.37,NOT_ACTED
INT-002103,CMP-002103,ACCOUNT_FREEZE,PARTIAL,26.98,ALREADY_ACTIONED
INT-002104,CMP-002104,LIEN_MARK,SUCCESS,39.66,FALSE_POSITIVE
INT-002105,CMP-002105,LIEN_MARK,NO_ACTION,34.34,NOT_ACTED
INT-002106,CMP-002106,LIEN_MARK,PARTIAL,20.25,ACTED
INT-002107,CMP-002107,ACCOUNT_FREEZE,SUCCESS,46.63,FALSE_POSITIVE
INT-002108,CMP-002108,LIEN_MARK,SUCCESS,30.39,ACTED
INT-002109,CMP-002109,ACCOUNT_FREEZE,SUCCESS,24.1,OUT_OF_SCOPE
INT-002110,CMP-002110,ENDPOINT_WATCH,SUCCESS,10.34,ALREADY_ACTIONED
INT-002111,CMP-002111,JURISDICTION_HANDOFF,PARTIAL,13.49,OUT_OF_SCOPE
INT-002112,CMP-002112,ACCOUNT_FREEZE,SUCCESS,26.38,ALREADY_ACTIONED
INT-002113,CMP-002113,JURISDICTION_HANDOFF,SUCCESS,30.2,ACTED
INT-002114,CMP-002114,LIEN_MARK,NO_ACTION,33.57,ACTED
INT-002115,CMP-002115,NO_ACTION,SUCCESS,28.79,ACTED
INT-002116,CMP-002116,LIEN_MARK,SUCCESS,42.28,ACTED
INT-002117,CMP-002117,ACCOUNT_FREEZE,SUCCESS,43.86,ALREADY_ACTIONED
INT-002118,CMP-002118,ENDPOINT_WATCH,SUCCESS,7.69,NOT_ACTED
INT-002119,CMP-002119,ENDPOINT_WATCH,SUCCESS,26.96,ACTED
INT-002120,CMP-002120,LIEN_MARK,SUCCESS,31.72,NOT_ACTED
INT-002121,CMP-002121,ACCOUNT_FREEZE,NO_ACTION,44.11,ACTED
INT-002122,CMP-002122,ACCOUNT_FREEZE,SUCCESS,19.94,NOT_ACTED
INT-002123,CMP-002123,ACCOUNT_FREEZE,SUCCESS,37.2,NOT_ACTED
INT-002124,CMP-002124,JURISDICTION_HANDOFF,NO_ACTION,43.17,NOT_ACTED
INT-002125,CMP-002125,JURISDICTION_HANDOFF,SUCCESS,30.78,ACTED
INT-002126,CMP-002126,JURISDICTION_HANDOFF,PARTIAL,6.89,ALREADY_ACTIONED
INT-002127,CMP-002127,ACCOUNT_FREEZE,SUCCESS,23.19,ACTED
INT-002128,CMP-002128,JURISDICTION_HANDOFF,NO_ACTION,20.45,NOT_ACTED
INT-002129,CMP-002129,ACCOUNT_FREEZE,SUCCESS,42.41,ACTED
INT-002130,CMP-002130,ACCOUNT_FREEZE,SUCCESS,31.29,ACTED
INT-002131,CMP-002131,ENDPOINT_WATCH,NO_ACTION,27.53,ACTED
INT-002132,CMP-002132,ENDPOINT_WATCH,SUCCESS,40.34,NOT_ACTED
INT-002133,CMP-002133,ACCOUNT_FREEZE,PARTIAL,4.3,ACTED
INT-002134,CMP-002134,LIEN_MARK,PARTIAL,41.7,ACTED
INT-002135,CMP-002135,JURISDICTION_HANDOFF,NO_ACTION,42.24,ALREADY_ACTIONED
INT-002136,CMP-002136,LIEN_MARK,SUCCESS,14.98,ALREADY_ACTIONED
INT-002137,CMP-002137,NO_ACTION,SUCCESS,19.0,ACTED
INT-002138,CMP-002138,ENDPOINT_WATCH,SUCCESS,21.18,ACTED
INT-002139,CMP-002139,ENDPOINT_WATCH,SUCCESS,32.8,FALSE_POSITIVE
INT-002140,CMP-002140,ACCOUNT_FREEZE,PARTIAL,16.93,ACTED
INT-002141,CMP-002141,ENDPOINT_WATCH,PARTIAL,17.31,ACTED
INT-002142,CMP-002142,ENDPOINT_WATCH,SUCCESS,26.75,NOT_ACTED
INT-002143,CMP-002143,JURISDICTION_HANDOFF,SUCCESS,26.82,FALSE_POSITIVE
INT-002144,CMP-002144,LIEN_MARK,NO_ACTION,27.78,ACTED
INT-002145,CMP-002145,NO_ACTION,SUCCESS,36.94,NOT_ACTED
INT-002146,CMP-002146,LIEN_MARK,SUCCESS,37.78,ACTED
INT-002147,CMP-002147,NO_ACTION,SUCCESS,46.81,OUT_OF_SCOPE
INT-002148,CMP-002148,JURISDICTION_HANDOFF,NO_ACTION,4.92,NOT_ACTED
INT-002149,CMP-002149,ENDPOINT_WATCH,SUCCESS,38.87,ACTED
INT-002150,CMP-002150,LIEN_MARK,PARTIAL,21.72,NOT_ACTED
INT-002151,CMP-002151,ENDPOINT_WATCH,SUCCESS,6.95,ACTED
INT-002152,CMP-002152,NO_ACTION,NO_ACTION,27.16,NOT_ACTED
INT-002153,CMP-002153,LIEN_MARK,SUCCESS,14.53,NOT_ACTED
INT-002154,CMP-002154,JURISDICTION_HANDOFF,NO_ACTION,29.59,ACTED
INT-002155,CMP-002155,ACCOUNT_FREEZE,SUCCESS,19.79,ACTED
INT-002156,CMP-002156,NO_ACTION,PARTIAL,46.21,ALREADY_ACTIONED
INT-002157,CMP-002157,JURISDICTION_HANDOFF,SUCCESS,4.67,ACTED
INT-002158,CMP-002158,NO_ACTION,SUCCESS,39.44,ACTED
INT-002159,CMP-002159,LIEN_MARK,PARTIAL,19.21,OUT_OF_SCOPE
INT-002160,CMP-002160,ACCOUNT_FREEZE,SUCCESS,18.42,ACTED
INT-002161,CMP-002161,JURISDICTION_HANDOFF,NO_ACTION,28.39,ACTED
INT-002162,CMP-002162,ACCOUNT_FREEZE,PARTIAL,6.01,NOT_ACTED
INT-002163,CMP-002163,ENDPOINT_WATCH,SUCCESS,28.1,NOT_ACTED
INT-002164,CMP-002164,JURISDICTION_HANDOFF,SUCCESS,3.89,ALREADY_ACTIONED
INT-002165,CMP-002165,ACCOUNT_FREEZE,NO_ACTION,39.96,ACTED
INT-002166,CMP-002166,JURISDICTION_HANDOFF,PARTIAL,27.51,ACTED
INT-002167,CMP-002167,JURISDICTION_HANDOFF,SUCCESS,7.46,ACTED
INT-002168,CMP-002168,NO_ACTION,SUCCESS,37.32,ACTED
INT-002169,CMP-002169,LIEN_MARK,SUCCESS,19.26,ACTED
INT-002170,CMP-002170,ACCOUNT_FREEZE,SUCCESS,42.68,ALREADY_ACTIONED
INT-002171,CMP-002171,ACCOUNT_FREEZE,PARTIAL,24.32,NOT_ACTED
INT-002172,CMP-002172,ENDPOINT_WATCH,NO_ACTION,3.57,NOT_ACTED
INT-002173,CMP-002173,JURISDICTION_HANDOFF,SUCCESS,25.72,FALSE_POSITIVE
INT-002174,CMP-002174,NO_ACTION,NO_ACTION,29.5,NOT_ACTED
INT-002175,CMP-002175,ACCOUNT_FREEZE,PARTIAL,41.84,NOT_ACTED
INT-002176,CMP-002176,ENDPOINT_WATCH,SUCCESS,47.04,NOT_ACTED
INT-002177,CMP-002177,JURISDICTION_HANDOFF,SUCCESS,39.25,FALSE_POSITIVE
INT-002178,CMP-002178,ENDPOINT_WATCH,SUCCESS,12.14,NOT_ACTED
INT-002179,CMP-002179,ACCOUNT_FREEZE,PARTIAL,6.6,ACTED
INT-002180,CMP-002180,JURISDICTION_HANDOFF,SUCCESS,5.1,OUT_OF_SCOPE
INT-002181,CMP-002181,JURISDICTION_HANDOFF,SUCCESS,37.17,ALREADY_ACTIONED
INT-002182,CMP-002182,ENDPOINT_WATCH,NO_ACTION,27.76,ACTED
INT-002183,CMP-002183,NO_ACTION,SUCCESS,43.15,ACTED
INT-002184,CMP-002184,LIEN_MARK,NO_ACTION,25.3,ACTED
INT-002185,CMP-002185,ENDPOINT_WATCH,SUCCESS,16.71,ACTED
INT-002186,CMP-002186,ACCOUNT_FREEZE,NO_ACTION,5.02,ACTED
INT-002187,CMP-002187,JURISDICTION_HANDOFF,SUCCESS,26.25,ACTED
INT-002188,CMP-002188,NO_ACTION,NO_ACTION,5.31,ACTED
INT-002189,CMP-002189,LIEN_MARK,SUCCESS,37.5,ACTED
INT-002190,CMP-002190,ENDPOINT_WATCH,PARTIAL,42.74,ACTED
INT-002191,CMP-002191,LIEN_MARK,PARTIAL,31.44,ACTED
INT-002192,CMP-002192,ACCOUNT_FREEZE,NO_ACTION,45.08,OUT_OF_SCOPE
INT-002193,CMP-002193,LIEN_MARK,PARTIAL,14.34,NOT_ACTED
INT-002194,CMP-002194,JURISDICTION_HANDOFF,SUCCESS,24.64,FALSE_POSITIVE
INT-002195,CMP-002195,ACCOUNT_FREEZE,NO_ACTION,36.92,ACTED
INT-002196,CMP-002196,LIEN_MARK,SUCCESS,45.6,ACTED
INT-002197,CMP-002197,NO_ACTION,SUCCESS,43.67,NOT_ACTED
INT-002198,CMP-002198,LIEN_MARK,PARTIAL,47.74,ACTED
INT-002199,CMP-002199,JURISDICTION_HANDOFF,SUCCESS,45.57,OUT_OF_SCOPE
INT-002200,CMP-002200,ACCOUNT_FREEZE,SUCCESS,30.45,NOT_ACTED
INT-002201,CMP-002201,LIEN_MARK,PARTIAL,30.02,ACTED
INT-002202,CMP-002202,ENDPOINT_WATCH,SUCCESS,30.81,ACTED
INT-002203,CMP-002203,LIEN_MARK,SUCCESS,43.73,OUT_OF_SCOPE
INT-002204,CMP-002204,ACCOUNT_FREEZE,SUCCESS,37.25,NOT_ACTED
INT-002205,CMP-002205,ENDPOINT_WATCH,SUCCESS,41.76,ACTED
INT-002206,CMP-002206,JURISDICTION_HANDOFF,NO_ACTION,22.55,NOT_ACTED
INT-002207,CMP-002207,JURISDICTION_HANDOFF,SUCCESS,39.02,OUT_OF_SCOPE
INT-002208,CMP-002208,ACCOUNT_FREEZE,PARTIAL,35.41,FALSE_POSITIVE
INT-002209,CMP-002209,LIEN_MARK,SUCCESS,28.9,ACTED
INT-002210,CMP-002210,NO_ACTION,PARTIAL,32.1,ACTED
INT-002211,CMP-002211,NO_ACTION,SUCCESS,47.52,ACTED
INT-002212,CMP-002212,ACCOUNT_FREEZE,SUCCESS,25.31,OUT_OF_SCOPE
INT-002213,CMP-002213,ENDPOINT_WATCH,NO_ACTION,19.52,ACTED
INT-002214,CMP-002214,JURISDICTION_HANDOFF,SUCCESS,37.42,OUT_OF_SCOPE
INT-002215,CMP-002215,ENDPOINT_WATCH,PARTIAL,6.85,ACTED
INT-002216,CMP-002216,ACCOUNT_FREEZE,PARTIAL,37.57,ALREADY_ACTIONED
INT-002217,CMP-002217,LIEN_MARK,SUCCESS,42.81,FALSE_POSITIVE
INT-002218,CMP-002218,NO_ACTION,SUCCESS,42.78,ACTED
INT-002219,CMP-002219,JURISDICTION_HANDOFF,SUCCESS,5.43,ACTED
INT-002220,CMP-002220,ACCOUNT_FREEZE,PARTIAL,38.8,OUT_OF_SCOPE
INT-002221,CMP-002221,ACCOUNT_FREEZE,NO_ACTION,10.28,NOT_ACTED
INT-002222,CMP-002222,ACCOUNT_FREEZE,SUCCESS,45.34,ACTED
INT-002223,CMP-002223,ENDPOINT_WATCH,NO_ACTION,23.45,NOT_ACTED
INT-002224,CMP-002224,LIEN_MARK,SUCCESS,13.99,FALSE_POSITIVE
INT-002225,CMP-002225,ACCOUNT_FREEZE,PARTIAL,9.34,ACTED
INT-002226,CMP-002226,ACCOUNT_FREEZE,SUCCESS,20.93,ALREADY_ACTIONED
INT-002227,CMP-002227,LIEN_MARK,SUCCESS,36.59,NOT_ACTED
INT-002228,CMP-002228,ACCOUNT_FREEZE,SUCCESS,16.32,ALREADY_ACTIONED
INT-002229,CMP-002229,ENDPOINT_WATCH,NO_ACTION,43.12,NOT_ACTED
INT-002230,CMP-002230,LIEN_MARK,SUCCESS,32.69,ALREADY_ACTIONED
INT-002231,CMP-002231,NO_ACTION,PARTIAL,5.52,ACTED
INT-002232,CMP-002232,LIEN_MARK,SUCCESS,24.41,FALSE_POSITIVE
INT-002233,CMP-002233,NO_ACTION,SUCCESS,31.54,ALREADY_ACTIONED
INT-002234,CMP-002234,NO_ACTION,SUCCESS,44.37,NOT_ACTED
INT-002235,CMP-002235,ACCOUNT_FREEZE,SUCCESS,38.82,ACTED
INT-002236,CMP-002236,ACCOUNT_FREEZE,SUCCESS,24.88,FALSE_POSITIVE
INT-002237,CMP-002237,ENDPOINT_WATCH,PARTIAL,3.51,NOT_ACTED
INT-002238,CMP-002238,JURISDICTION_HANDOFF,SUCCESS,23.73,ACTED
INT-002239,CMP-002239,ACCOUNT_FREEZE,SUCCESS,34.03,ALREADY_ACTIONED
INT-002240,CMP-002240,JURISDICTION_HANDOFF,NO_ACTION,33.19,ACTED
INT-002241,CMP-002241,ACCOUNT_FREEZE,SUCCESS,10.83,OUT_OF_SCOPE
INT-002242,CMP-002242,JURISDICTION_HANDOFF,SUCCESS,14.61,ACTED
INT-002243,CMP-002243,JURISDICTION_HANDOFF,PARTIAL,22.43,ACTED
INT-002244,CMP-002244,NO_ACTION,NO_ACTION,42.59,ACTED
INT-002245,CMP-002245,JURISDICTION_HANDOFF,SUCCESS,47.59,ACTED
INT-002246,CMP-002246,JURISDICTION_HANDOFF,SUCCESS,10.12,OUT_OF_SCOPE
INT-002247,CMP-002247,LIEN_MARK,SUCCESS,24.34,NOT_ACTED
INT-002248,CMP-002248,JURISDICTION_HANDOFF,PARTIAL,18.83,ACTED
INT-002249,CMP-002249,NO_ACTION,SUCCESS,35.88,ACTED
INT-002250,CMP-002250,NO_ACTION,NO_ACTION,24.94,ACTED
INT-002251,CMP-002251,JURISDICTION_HANDOFF,PARTIAL,41.01,OUT_OF_SCOPE
INT-002252,CMP-002252,ACCOUNT_FREEZE,SUCCESS,16.45,ACTED
INT-002253,CMP-002253,ENDPOINT_WATCH,NO_ACTION,22.15,ACTED
INT-002254,CMP-002254,JURISDICTION_HANDOFF,PARTIAL,21.53,FALSE_POSITIVE
INT-002255,CMP-002255,ENDPOINT_WATCH,SUCCESS,42.1,ACTED
INT-002256,CMP-002256,ACCOUNT_FREEZE,SUCCESS,41.11,ACTED
INT-002257,CMP-002257,ACCOUNT_FREEZE,SUCCESS,44.03,ACTED
INT-002258,CMP-002258,ENDPOINT_WATCH,SUCCESS,39.88,ACTED
INT-002259,CMP-002259,JURISDICTION_HANDOFF,NO_ACTION,30.95,ALREADY_ACTIONED
INT-002260,CMP-002260,ENDPOINT_WATCH,SUCCESS,18.15,NOT_ACTED
INT-002261,CMP-002261,LIEN_MARK,SUCCESS,27.38,FALSE_POSITIVE
INT-002262,CMP-002262,JURISDICTION_HANDOFF,SUCCESS,35.04,NOT_ACTED
INT-002263,CMP-002263,LIEN_MARK,SUCCESS,28.0,OUT_OF_SCOPE
INT-002264,CMP-002264,JURISDICTION_HANDOFF,PARTIAL,35.92,FALSE_POSITIVE
INT-002265,CMP-002265,NO_ACTION,NO_ACTION,25.11,ALREADY_ACTIONED
INT-002266,CMP-002266,NO_ACTION,PARTIAL,11.71,FALSE_POSITIVE
INT-002267,CMP-002267,JURISDICTION_HANDOFF,PARTIAL,11.25,ACTED
INT-002268,CMP-002268,LIEN_MARK,SUCCESS,45.42,OUT_OF_SCOPE
INT-002269,CMP-002269,NO_ACTION,NO_ACTION,7.76,OUT_OF_SCOPE
INT-002270,CMP-002270,NO_ACTION,SUCCESS,6.25,NOT_ACTED
INT-002271,CMP-002271,NO_ACTION,PARTIAL,22.23,ACTED
INT-002272,CMP-002272,ENDPOINT_WATCH,SUCCESS,47.86,ACTED
INT-002273,CMP-002273,NO_ACTION,PARTIAL,25.35,OUT_OF_SCOPE
INT-002274,CMP-002274,ENDPOINT_WATCH,SUCCESS,36.3,ALREADY_ACTIONED
INT-002275,CMP-002275,LIEN_MARK,SUCCESS,19.18,NOT_ACTED
INT-002276,CMP-002276,ENDPOINT_WATCH,SUCCESS,11.82,ACTED
INT-002277,CMP-002277,LIEN_MARK,SUCCESS,8.89,ALREADY_ACTIONED
INT-002278,CMP-002278,ENDPOINT_WATCH,SUCCESS,32.41,ACTED
INT-002279,CMP-002279,ACCOUNT_FREEZE,SUCCESS,8.18,ACTED
INT-002280,CMP-002280,ENDPOINT_WATCH,NO_ACTION,16.4,FALSE_POSITIVE
INT-002281,CMP-002281,LIEN_MARK,SUCCESS,6.79,NOT_ACTED
INT-002282,CMP-002282,ACCOUNT_FREEZE,SUCCESS,19.49,ALREADY_ACTIONED
INT-002283,CMP-002283,LIEN_MARK,PARTIAL,20.07,ALREADY_ACTIONED
INT-002284,CMP-002284,ACCOUNT_FREEZE,SUCCESS,46.91,NOT_ACTED
INT-002285,CMP-002285,LIEN_MARK,SUCCESS,23.68,FALSE_POSITIVE
INT-002286,CMP-002286,ENDPOINT_WATCH,SUCCESS,25.07,NOT_ACTED
INT-002287,CMP-002287,JURISDICTION_HANDOFF,SUCCESS,7.95,ACTED
INT-002288,CMP-002288,LIEN_MARK,SUCCESS,44.79,ACTED
INT-002289,CMP-002289,NO_ACTION,SUCCESS,27.28,ACTED
INT-002290,CMP-002290,ACCOUNT_FREEZE,PARTIAL,17.19,FALSE_POSITIVE
INT-002291,CMP-002291,ENDPOINT_WATCH,SUCCESS,43.08,ALREADY_ACTIONED
INT-002292,CMP-002292,NO_ACTION,PARTIAL,34.54,ACTED
INT-002293,CMP-002293,ENDPOINT_WATCH,SUCCESS,31.65,ACTED
INT-002294,CMP-002294,ACCOUNT_FREEZE,SUCCESS,39.91,ALREADY_ACTIONED
INT-002295,CMP-002295,NO_ACTION,PARTIAL,47.81,OUT_OF_SCOPE
INT-002296,CMP-002296,ACCOUNT_FREEZE,SUCCESS,30.04,ALREADY_ACTIONED
INT-002297,CMP-002297,LIEN_MARK,SUCCESS,15.12,ALREADY_ACTIONED
INT-002298,CMP-002298,ENDPOINT_WATCH,NO_ACTION,21.17,NOT_ACTED
INT-002299,CMP-002299,LIEN_MARK,PARTIAL,17.62,NOT_ACTED
INT-002300,CMP-002300,LIEN_MARK,PARTIAL,41.85,ACTED
INT-002301,CMP-002301,LIEN_MARK,NO_ACTION,15.24,ACTED
INT-002302,CMP-002302,ENDPOINT_WATCH,SUCCESS,13.2,OUT_OF_SCOPE
INT-002303,CMP-002303,ACCOUNT_FREEZE,SUCCESS,28.01,FALSE_POSITIVE
INT-002304,CMP-002304,JURISDICTION_HANDOFF,SUCCESS,26.03,ALREADY_ACTIONED
INT-002305,CMP-002305,NO_ACTION,SUCCESS,29.02,ACTED
INT-002306,CMP-002306,JURISDICTION_HANDOFF,SUCCESS,24.2,ACTED
INT-002307,CMP-002307,JURISDICTION_HANDOFF,PARTIAL,37.73,ACTED
INT-002308,CMP-002308,LIEN_MARK,SUCCESS,40.85,NOT_ACTED
INT-002309,CMP-002309,LIEN_MARK,PARTIAL,13.0,ALREADY_ACTIONED
INT-002310,CMP-002310,ACCOUNT_FREEZE,PARTIAL,19.56,NOT_ACTED
INT-002311,CMP-002311,LIEN_MARK,PARTIAL,18.54,ACTED
INT-002312,CMP-002312,ENDPOINT_WATCH,SUCCESS,20.5,ACTED
INT-002313,CMP-002313,ENDPOINT_WATCH,SUCCESS,47.41,ACTED
INT-002314,CMP-002314,ACCOUNT_FREEZE,NO_ACTION,39.74,NOT_ACTED
INT-002315,CMP-002315,ACCOUNT_FREEZE,PARTIAL,18.87,OUT_OF_SCOPE
INT-002316,CMP-002316,LIEN_MARK,PARTIAL,7.98,ACTED
INT-002317,CMP-002317,ACCOUNT_FREEZE,PARTIAL,12.36,NOT_ACTED
INT-002318,CMP-002318,ENDPOINT_WATCH,SUCCESS,35.51,OUT_OF_SCOPE
INT-002319,CMP-002319,ENDPOINT_WATCH,PARTIAL,43.13,FALSE_POSITIVE
INT-002320,CMP-002320,JURISDICTION_HANDOFF,SUCCESS,17.98,FALSE_POSITIVE
INT-002321,CMP-002321,LIEN_MARK,NO_ACTION,40.32,ACTED
INT-002322,CMP-002322,JURISDICTION_HANDOFF,SUCCESS,9.65,ALREADY_ACTIONED
INT-002323,CMP-002323,LIEN_MARK,PARTIAL,29.16,OUT_OF_SCOPE
INT-002324,CMP-002324,JURISDICTION_HANDOFF,PARTIAL,27.53,ALREADY_ACTIONED
INT-002325,CMP-002325,ENDPOINT_WATCH,PARTIAL,22.29,ALREADY_ACTIONED
INT-002326,CMP-002326,NO_ACTION,SUCCESS,42.67,OUT_OF_SCOPE
INT-002327,CMP-002327,NO_ACTION,SUCCESS,20.85,ACTED
INT-002328,CMP-002328,NO_ACTION,SUCCESS,8.95,FALSE_POSITIVE
INT-002329,CMP-002329,ACCOUNT_FREEZE,NO_ACTION,42.34,ACTED
INT-002330,CMP-002330,JURISDICTION_HANDOFF,SUCCESS,37.26,FALSE_POSITIVE
INT-002331,CMP-002331,ACCOUNT_FREEZE,PARTIAL,36.14,FALSE_POSITIVE
INT-002332,CMP-002332,NO_ACTION,PARTIAL,32.24,ACTED
INT-002333,CMP-002333,NO_ACTION,SUCCESS,20.72,ACTED
INT-002334,CMP-002334,JURISDICTION_HANDOFF,SUCCESS,32.32,ACTED
INT-002335,CMP-002335,JURISDICTION_HANDOFF,SUCCESS,5.24,NOT_ACTED
INT-002336,CMP-002336,ACCOUNT_FREEZE,SUCCESS,35.33,NOT_ACTED
INT-002337,CMP-002337,LIEN_MARK,SUCCESS,39.17,NOT_ACTED
INT-002338,CMP-002338,ENDPOINT_WATCH,SUCCESS,19.59,OUT_OF_SCOPE
INT-002339,CMP-002339,NO_ACTION,PARTIAL,41.71,FALSE_POSITIVE
INT-002340,CMP-002340,LIEN_MARK,SUCCESS,13.52,ACTED
INT-002341,CMP-002341,ACCOUNT_FREEZE,SUCCESS,46.9,ALREADY_ACTIONED
INT-002342,CMP-002342,JURISDICTION_HANDOFF,PARTIAL,3.22,ACTED
INT-002343,CMP-002343,ACCOUNT_FREEZE,NO_ACTION,23.3,OUT_OF_SCOPE
INT-002344,CMP-002344,ENDPOINT_WATCH,SUCCESS,46.56,ACTED
INT-002345,CMP-002345,JURISDICTION_HANDOFF,SUCCESS,22.35,ACTED
INT-002346,CMP-002346,ENDPOINT_WATCH,SUCCESS,44.68,ACTED
INT-002347,CMP-002347,LIEN_MARK,SUCCESS,19.43,ACTED
INT-002348,CMP-002348,LIEN_MARK,SUCCESS,23.15,NOT_ACTED
INT-002349,CMP-002349,JURISDICTION_HANDOFF,PARTIAL,37.49,ACTED
INT-002350,CMP-002350,NO_ACTION,PARTIAL,19.16,ALREADY_ACTIONED
INT-002351,CMP-002351,NO_ACTION,PARTIAL,42.04,FALSE_POSITIVE
INT-002352,CMP-002352,LIEN_MARK,PARTIAL,17.59,ACTED
INT-002353,CMP-002353,ENDPOINT_WATCH,NO_ACTION,14.58,ACTED
INT-002354,CMP-002354,LIEN_MARK,SUCCESS,35.84,ALREADY_ACTIONED
INT-002355,CMP-002355,JURISDICTION_HANDOFF,SUCCESS,12.24,OUT_OF_SCOPE
INT-002356,CMP-002356,ACCOUNT_FREEZE,NO_ACTION,27.45,ACTED
INT-002357,CMP-002357,ACCOUNT_FREEZE,SUCCESS,34.61,NOT_ACTED
INT-002358,CMP-002358,JURISDICTION_HANDOFF,SUCCESS,6.36,ACTED
INT-002359,CMP-002359,LIEN_MARK,NO_ACTION,26.23,OUT_OF_SCOPE
INT-002360,CMP-002360,NO_ACTION,NO_ACTION,46.51,FALSE_POSITIVE
INT-002361,CMP-002361,ENDPOINT_WATCH,SUCCESS,9.39,ACTED
INT-002362,CMP-002362,NO_ACTION,PARTIAL,46.23,NOT_ACTED
INT-002363,CMP-002363,NO_ACTION,SUCCESS,40.42,NOT_ACTED
INT-002364,CMP-002364,NO_ACTION,PARTIAL,31.58,NOT_ACTED
INT-002365,CMP-002365,JURISDICTION_HANDOFF,SUCCESS,30.17,FALSE_POSITIVE
INT-002366,CMP-002366,LIEN_MARK,SUCCESS,37.8,NOT_ACTED
INT-002367,CMP-002367,LIEN_MARK,SUCCESS,8.24,ACTED
INT-002368,CMP-002368,JURISDICTION_HANDOFF,SUCCESS,16.56,ACTED
INT-002369,CMP-002369,NO_ACTION,SUCCESS,9.15,NOT_ACTED
INT-002370,CMP-002370,JURISDICTION_HANDOFF,SUCCESS,6.21,ACTED
INT-002371,CMP-002371,NO_ACTION,SUCCESS,35.93,ALREADY_ACTIONED
INT-002372,CMP-002372,LIEN_MARK,NO_ACTION,44.25,ACTED
INT-002373,CMP-002373,NO_ACTION,SUCCESS,8.51,FALSE_POSITIVE
INT-002374,CMP-002374,ENDPOINT_WATCH,SUCCESS,29.18,ACTED
INT-002375,CMP-002375,NO_ACTION,SUCCESS,9.48,NOT_ACTED
INT-002376,CMP-002376,NO_ACTION,SUCCESS,28.42,ACTED
INT-002377,CMP-002377,ACCOUNT_FREEZE,SUCCESS,24.42,OUT_OF_SCOPE
INT-002378,CMP-002378,ACCOUNT_FREEZE,SUCCESS,33.63,ACTED
INT-002379,CMP-002379,ENDPOINT_WATCH,SUCCESS,4.17,ACTED
INT-002380,CMP-002380,NO_ACTION,NO_ACTION,46.32,ACTED
INT-002381,CMP-002381,NO_ACTION,SUCCESS,46.08,ALREADY_ACTIONED
INT-002382,CMP-002382,LIEN_MARK,PARTIAL,39.55,ACTED
INT-002383,CMP-002383,LIEN_MARK,PARTIAL,20.59,ALREADY_ACTIONED
INT-002384,CMP-002384,LIEN_MARK,NO_ACTION,19.49,ACTED
INT-002385,CMP-002385,ENDPOINT_WATCH,SUCCESS,6.22,ALREADY_ACTIONED
INT-002386,CMP-002386,JURISDICTION_HANDOFF,SUCCESS,21.97,NOT_ACTED
INT-002387,CMP-002387,ACCOUNT_FREEZE,PARTIAL,37.07,ACTED
INT-002388,CMP-002388,JURISDICTION_HANDOFF,SUCCESS,26.18,ACTED
INT-002389,CMP-002389,JURISDICTION_HANDOFF,SUCCESS,41.59,ACTED
INT-002390,CMP-002390,JURISDICTION_HANDOFF,SUCCESS,14.86,ALREADY_ACTIONED
INT-002391,CMP-002391,JURISDICTION_HANDOFF,SUCCESS,25.54,NOT_ACTED
INT-002392,CMP-002392,JURISDICTION_HANDOFF,SUCCESS,28.47,ACTED
INT-002393,CMP-002393,ACCOUNT_FREEZE,SUCCESS,40.86,OUT_OF_SCOPE
INT-002394,CMP-002394,JURISDICTION_HANDOFF,NO_ACTION,13.91,ACTED
INT-002395,CMP-002395,JURISDICTION_HANDOFF,PARTIAL,23.77,ACTED
INT-002396,CMP-002396,NO_ACTION,NO_ACTION,30.84,OUT_OF_SCOPE
INT-002397,CMP-002397,LIEN_MARK,SUCCESS,12.13,ACTED
INT-002398,CMP-002398,JURISDICTION_HANDOFF,SUCCESS,12.97,ACTED
INT-002399,CMP-002399,ACCOUNT_FREEZE,NO_ACTION,4.74,OUT_OF_SCOPE
INT-002400,CMP-002400,LIEN_MARK,PARTIAL,39.72,OUT_OF_SCOPE
INT-002401,CMP-002401,ACCOUNT_FREEZE,SUCCESS,41.9,OUT_OF_SCOPE
INT-002402,CMP-002402,ENDPOINT_WATCH,PARTIAL,36.81,NOT_ACTED
INT-002403,CMP-002403,NO_ACTION,NO_ACTION,14.03,ALREADY_ACTIONED
INT-002404,CMP-002404,LIEN_MARK,PARTIAL,20.0,NOT_ACTED
INT-002405,CMP-002405,ACCOUNT_FREEZE,NO_ACTION,15.97,NOT_ACTED
INT-002406,CMP-002406,LIEN_MARK,NO_ACTION,16.48,ACTED
INT-002407,CMP-002407,LIEN_MARK,NO_ACTION,29.23,NOT_ACTED
INT-002408,CMP-002408,JURISDICTION_HANDOFF,PARTIAL,39.26,ACTED
INT-002409,CMP-002409,JURISDICTION_HANDOFF,SUCCESS,7.12,ACTED
INT-002410,CMP-002410,JURISDICTION_HANDOFF,NO_ACTION,26.86,NOT_ACTED
INT-002411,CMP-002411,ACCOUNT_FREEZE,NO_ACTION,8.42,ACTED
INT-002412,CMP-002412,ENDPOINT_WATCH,SUCCESS,33.24,OUT_OF_SCOPE
INT-002413,CMP-002413,JURISDICTION_HANDOFF,PARTIAL,14.68,NOT_ACTED
INT-002414,CMP-002414,ACCOUNT_FREEZE,SUCCESS,22.84,OUT_OF_SCOPE
INT-002415,CMP-002415,LIEN_MARK,SUCCESS,16.61,ACTED
INT-002416,CMP-002416,ACCOUNT_FREEZE,NO_ACTION,20.99,NOT_ACTED
INT-002417,CMP-002417,JURISDICTION_HANDOFF,SUCCESS,44.51,ACTED
INT-002418,CMP-002418,LIEN_MARK,NO_ACTION,41.69,ACTED
INT-002419,CMP-002419,ACCOUNT_FREEZE,SUCCESS,42.26,NOT_ACTED
INT-002420,CMP-002420,ENDPOINT_WATCH,SUCCESS,47.59,FALSE_POSITIVE
INT-002421,CMP-002421,ACCOUNT_FREEZE,SUCCESS,41.3,ACTED
INT-002422,CMP-002422,LIEN_MARK,NO_ACTION,10.96,ALREADY_ACTIONED
INT-002423,CMP-002423,JURISDICTION_HANDOFF,SUCCESS,20.81,ALREADY_ACTIONED
INT-002424,CMP-002424,ENDPOINT_WATCH,SUCCESS,5.95,ACTED
INT-002425,CMP-002425,LIEN_MARK,SUCCESS,9.51,FALSE_POSITIVE
INT-002426,CMP-002426,NO_ACTION,NO_ACTION,4.27,OUT_OF_SCOPE
INT-002427,CMP-002427,LIEN_MARK,SUCCESS,40.24,FALSE_POSITIVE
INT-002428,CMP-002428,NO_ACTION,PARTIAL,34.58,ACTED
INT-002429,CMP-002429,ENDPOINT_WATCH,NO_ACTION,44.69,NOT_ACTED
INT-002430,CMP-002430,LIEN_MARK,SUCCESS,29.38,ACTED
INT-002431,CMP-002431,NO_ACTION,SUCCESS,31.22,ALREADY_ACTIONED
INT-002432,CMP-002432,ACCOUNT_FREEZE,PARTIAL,25.59,ACTED
INT-002433,CMP-002433,ACCOUNT_FREEZE,NO_ACTION,42.77,ACTED
INT-002434,CMP-002434,ACCOUNT_FREEZE,SUCCESS,10.53,ACTED
INT-002435,CMP-002435,ACCOUNT_FREEZE,SUCCESS,12.27,ALREADY_ACTIONED
INT-002436,CMP-002436,NO_ACTION,SUCCESS,29.45,ALREADY_ACTIONED
INT-002437,CMP-002437,NO_ACTION,PARTIAL,24.53,ALREADY_ACTIONED
INT-002438,CMP-002438,ACCOUNT_FREEZE,PARTIAL,34.35,ACTED
INT-002439,CMP-002439,ENDPOINT_WATCH,PARTIAL,42.09,ALREADY_ACTIONED
INT-002440,CMP-002440,ACCOUNT_FREEZE,SUCCESS,38.77,ALREADY_ACTIONED
INT-002441,CMP-002441,JURISDICTION_HANDOFF,SUCCESS,16.41,OUT_OF_SCOPE
INT-002442,CMP-002442,NO_ACTION,PARTIAL,17.14,NOT_ACTED
INT-002443,CMP-002443,LIEN_MARK,PARTIAL,28.23,NOT_ACTED
INT-002444,CMP-002444,JURISDICTION_HANDOFF,SUCCESS,32.06,ALREADY_ACTIONED
INT-002445,CMP-002445,ENDPOINT_WATCH,SUCCESS,17.29,ACTED
INT-002446,CMP-002446,JURISDICTION_HANDOFF,PARTIAL,12.35,ACTED
INT-002447,CMP-002447,LIEN_MARK,SUCCESS,5.34,NOT_ACTED
INT-002448,CMP-002448,ENDPOINT_WATCH,SUCCESS,8.24,ACTED
INT-002449,CMP-002449,LIEN_MARK,SUCCESS,45.54,NOT_ACTED
INT-002450,CMP-002450,JURISDICTION_HANDOFF,SUCCESS,41.33,ACTED
INT-002451,CMP-002451,JURISDICTION_HANDOFF,PARTIAL,16.37,ACTED
INT-002452,CMP-002452,ACCOUNT_FREEZE,PARTIAL,41.38,FALSE_POSITIVE
INT-002453,CMP-002453,NO_ACTION,PARTIAL,35.77,NOT_ACTED
INT-002454,CMP-002454,JURISDICTION_HANDOFF,SUCCESS,3.31,ACTED
INT-002455,CMP-002455,LIEN_MARK,SUCCESS,36.89,ACTED
INT-002456,CMP-002456,NO_ACTION,PARTIAL,43.0,ACTED
INT-002457,CMP-002457,JURISDICTION_HANDOFF,SUCCESS,40.13,OUT_OF_SCOPE
INT-002458,CMP-002458,JURISDICTION_HANDOFF,SUCCESS,27.27,ACTED
INT-002459,CMP-002459,ACCOUNT_FREEZE,NO_ACTION,25.55,OUT_OF_SCOPE
INT-002460,CMP-002460,LIEN_MARK,NO_ACTION,16.09,ACTED
INT-002461,CMP-002461,ACCOUNT_FREEZE,SUCCESS,15.24,ACTED
INT-002462,CMP-002462,LIEN_MARK,SUCCESS,25.54,ACTED
INT-002463,CMP-002463,NO_ACTION,SUCCESS,7.89,ACTED
INT-002464,CMP-002464,LIEN_MARK,SUCCESS,27.66,FALSE_POSITIVE
INT-002465,CMP-002465,JURISDICTION_HANDOFF,SUCCESS,37.17,NOT_ACTED
INT-002466,CMP-002466,NO_ACTION,NO_ACTION,5.19,ACTED
INT-002467,CMP-002467,ACCOUNT_FREEZE,SUCCESS,15.16,ACTED
INT-002468,CMP-002468,ENDPOINT_WATCH,PARTIAL,19.2,ACTED
INT-002469,CMP-002469,NO_ACTION,NO_ACTION,14.93,ACTED
INT-002470,CMP-002470,JURISDICTION_HANDOFF,PARTIAL,40.4,FALSE_POSITIVE
INT-002471,CMP-002471,LIEN_MARK,NO_ACTION,45.4,NOT_ACTED
INT-002472,CMP-002472,NO_ACTION,PARTIAL,30.52,NOT_ACTED
INT-002473,CMP-002473,ACCOUNT_FREEZE,SUCCESS,18.15,ACTED
INT-002474,CMP-002474,JURISDICTION_HANDOFF,NO_ACTION,12.73,ACTED
INT-002475,CMP-002475,NO_ACTION,SUCCESS,19.19,ACTED
INT-002476,CMP-002476,LIEN_MARK,PARTIAL,3.35,ACTED
INT-002477,CMP-002477,ACCOUNT_FREEZE,SUCCESS,5.23,NOT_ACTED
INT-002478,CMP-002478,ENDPOINT_WATCH,SUCCESS,19.44,ALREADY_ACTIONED
INT-002479,CMP-002479,LIEN_MARK,NO_ACTION,16.31,NOT_ACTED
INT-002480,CMP-002480,ACCOUNT_FREEZE,NO_ACTION,18.32,ACTED
INT-002481,CMP-002481,LIEN_MARK,SUCCESS,25.37,ALREADY_ACTIONED
INT-002482,CMP-002482,LIEN_MARK,SUCCESS,4.13,ACTED
INT-002483,CMP-002483,LIEN_MARK,PARTIAL,46.12,ACTED
INT-002484,CMP-002484,NO_ACTION,PARTIAL,6.2,ALREADY_ACTIONED
INT-002485,CMP-002485,ENDPOINT_WATCH,PARTIAL,18.64,ACTED
INT-002486,CMP-002486,LIEN_MARK,NO_ACTION,4.96,ALREADY_ACTIONED
INT-002487,CMP-002487,NO_ACTION,SUCCESS,7.72,ACTED
INT-002488,CMP-002488,JURISDICTION_HANDOFF,SUCCESS,5.36,ALREADY_ACTIONED
INT-002489,CMP-002489,LIEN_MARK,SUCCESS,37.08,ACTED
INT-002490,CMP-002490,ACCOUNT_FREEZE,SUCCESS,17.15,OUT_OF_SCOPE
INT-002491,CMP-002491,ENDPOINT_WATCH,SUCCESS,40.05,ACTED
INT-002492,CMP-002492,ENDPOINT_WATCH,SUCCESS,33.79,ACTED
INT-002493,CMP-002493,LIEN_MARK,PARTIAL,19.72,ALREADY_ACTIONED
INT-002494,CMP-002494,ENDPOINT_WATCH,NO_ACTION,8.26,ACTED
INT-002495,CMP-002495,JURISDICTION_HANDOFF,PARTIAL,5.16,NOT_ACTED
INT-002496,CMP-002496,NO_ACTION,SUCCESS,6.66,OUT_OF_SCOPE
INT-002497,CMP-002497,JURISDICTION_HANDOFF,PARTIAL,16.87,ACTED
INT-002498,CMP-002498,LIEN_MARK,NO_ACTION,40.82,NOT_ACTED
INT-002499,CMP-002499,LIEN_MARK,PARTIAL,19.86,ALREADY_ACTIONED
INT-002500,CMP-002500,NO_ACTION,SUCCESS,14.57,FALSE_POSITIVE
INT-002501,CMP-002501,JURISDICTION_HANDOFF,NO_ACTION,15.98,ACTED
INT-002502,CMP-002502,ENDPOINT_WATCH,NO_ACTION,4.12,ACTED
INT-002503,CMP-002503,LIEN_MARK,SUCCESS,38.51,ALREADY_ACTIONED
INT-002504,CMP-002504,ENDPOINT_WATCH,SUCCESS,6.88,OUT_OF_SCOPE
INT-002505,CMP-002505,NO_ACTION,SUCCESS,23.27,ACTED
INT-002506,CMP-002506,ENDPOINT_WATCH,NO_ACTION,10.18,NOT_ACTED
INT-002507,CMP-002507,NO_ACTION,SUCCESS,12.5,ALREADY_ACTIONED
INT-002508,CMP-002508,JURISDICTION_HANDOFF,PARTIAL,39.82,FALSE_POSITIVE
INT-002509,CMP-002509,ENDPOINT_WATCH,SUCCESS,29.68,ACTED
INT-002510,CMP-002510,NO_ACTION,SUCCESS,35.45,OUT_OF_SCOPE
INT-002511,CMP-002511,JURISDICTION_HANDOFF,SUCCESS,23.03,ALREADY_ACTIONED
INT-002512,CMP-002512,JURISDICTION_HANDOFF,SUCCESS,23.39,NOT_ACTED
INT-002513,CMP-002513,ACCOUNT_FREEZE,SUCCESS,47.25,NOT_ACTED
INT-002514,CMP-002514,JURISDICTION_HANDOFF,PARTIAL,7.56,ACTED
INT-002515,CMP-002515,NO_ACTION,SUCCESS,4.67,ACTED
INT-002516,CMP-002516,ACCOUNT_FREEZE,PARTIAL,25.18,ACTED
INT-002517,CMP-002517,ENDPOINT_WATCH,SUCCESS,26.65,ACTED
INT-002518,CMP-002518,NO_ACTION,PARTIAL,36.05,ALREADY_ACTIONED
INT-002519,CMP-002519,ACCOUNT_FREEZE,SUCCESS,39.16,ALREADY_ACTIONED
INT-002520,CMP-002520,LIEN_MARK,PARTIAL,14.13,ACTED
INT-002521,CMP-002521,NO_ACTION,SUCCESS,46.46,ALREADY_ACTIONED
INT-002522,CMP-002522,LIEN_MARK,SUCCESS,42.28,ACTED
INT-002523,CMP-002523,LIEN_MARK,SUCCESS,40.42,ACTED
INT-002524,CMP-002524,NO_ACTION,NO_ACTION,31.11,ACTED
INT-002525,CMP-002525,LIEN_MARK,SUCCESS,15.38,ACTED
INT-002526,CMP-002526,NO_ACTION,SUCCESS,25.89,ACTED
INT-002527,CMP-002527,ENDPOINT_WATCH,PARTIAL,47.68,ALREADY_ACTIONED
INT-002528,CMP-002528,LIEN_MARK,SUCCESS,5.44,ACTED
INT-002529,CMP-002529,ENDPOINT_WATCH,SUCCESS,18.56,ALREADY_ACTIONED
INT-002530,CMP-002530,LIEN_MARK,SUCCESS,4.78,ACTED
INT-002531,CMP-002531,LIEN_MARK,NO_ACTION,8.8,NOT_ACTED
INT-002532,CMP-002532,JURISDICTION_HANDOFF,NO_ACTION,12.71,ALREADY_ACTIONED
INT-002533,CMP-002533,JURISDICTION_HANDOFF,PARTIAL,18.29,ALREADY_ACTIONED
INT-002534,CMP-002534,ENDPOINT_WATCH,SUCCESS,32.01,ACTED
INT-002535,CMP-002535,ACCOUNT_FREEZE,SUCCESS,35.02,FALSE_POSITIVE
INT-002536,CMP-002536,ACCOUNT_FREEZE,PARTIAL,4.29,ACTED
INT-002537,CMP-002537,LIEN_MARK,SUCCESS,33.76,NOT_ACTED
INT-002538,CMP-002538,JURISDICTION_HANDOFF,SUCCESS,21.12,ACTED
INT-002539,CMP-002539,ENDPOINT_WATCH,PARTIAL,13.95,FALSE_POSITIVE
INT-002540,CMP-002540,NO_ACTION,NO_ACTION,19.77,ALREADY_ACTIONED
INT-002541,CMP-002541,ACCOUNT_FREEZE,SUCCESS,9.88,FALSE_POSITIVE
INT-002542,CMP-002542,LIEN_MARK,SUCCESS,24.39,ACTED
INT-002543,CMP-002543,NO_ACTION,SUCCESS,25.63,NOT_ACTED
INT-002544,CMP-002544,JURISDICTION_HANDOFF,SUCCESS,19.4,ALREADY_ACTIONED
INT-002545,CMP-002545,JURISDICTION_HANDOFF,PARTIAL,47.36,FALSE_POSITIVE
INT-002546,CMP-002546,ACCOUNT_FREEZE,SUCCESS,22.49,ALREADY_ACTIONED
INT-002547,CMP-002547,ACCOUNT_FREEZE,SUCCESS,19.54,NOT_ACTED
INT-002548,CMP-002548,NO_ACTION,SUCCESS,33.16,NOT_ACTED
INT-002549,CMP-002549,ACCOUNT_FREEZE,SUCCESS,33.67,ACTED
INT-002550,CMP-002550,NO_ACTION,PARTIAL,6.21,ACTED
INT-002551,CMP-002551,JURISDICTION_HANDOFF,SUCCESS,32.27,ALREADY_ACTIONED
INT-002552,CMP-002552,JURISDICTION_HANDOFF,NO_ACTION,26.15,FALSE_POSITIVE
INT-002553,CMP-002553,NO_ACTION,SUCCESS,11.1,NOT_ACTED
INT-002554,CMP-002554,LIEN_MARK,PARTIAL,14.93,ACTED
INT-002555,CMP-002555,LIEN_MARK,NO_ACTION,46.35,NOT_ACTED
INT-002556,CMP-002556,NO_ACTION,NO_ACTION,36.68,ACTED
INT-002557,CMP-002557,ENDPOINT_WATCH,SUCCESS,42.03,ACTED
INT-002558,CMP-002558,LIEN_MARK,SUCCESS,6.33,OUT_OF_SCOPE
INT-002559,CMP-002559,LIEN_MARK,SUCCESS,19.74,ACTED
INT-002560,CMP-002560,ENDPOINT_WATCH,PARTIAL,14.83,OUT_OF_SCOPE
INT-002561,CMP-002561,ENDPOINT_WATCH,SUCCESS,33.32,NOT_ACTED
INT-002562,CMP-002562,ACCOUNT_FREEZE,NO_ACTION,29.13,NOT_ACTED
INT-002563,CMP-002563,LIEN_MARK,SUCCESS,11.61,NOT_ACTED
INT-002564,CMP-002564,ENDPOINT_WATCH,PARTIAL,12.97,ALREADY_ACTIONED
INT-002565,CMP-002565,JURISDICTION_HANDOFF,PARTIAL,6.63,NOT_ACTED
INT-002566,CMP-002566,ENDPOINT_WATCH,SUCCESS,15.51,NOT_ACTED
INT-002567,CMP-002567,ENDPOINT_WATCH,NO_ACTION,23.61,ACTED
INT-002568,CMP-002568,ACCOUNT_FREEZE,SUCCESS,23.45,OUT_OF_SCOPE
INT-002569,CMP-002569,JURISDICTION_HANDOFF,NO_ACTION,35.53,OUT_OF_SCOPE
INT-002570,CMP-002570,ACCOUNT_FREEZE,SUCCESS,23.67,OUT_OF_SCOPE
INT-002571,CMP-002571,ACCOUNT_FREEZE,SUCCESS,3.58,ACTED
INT-002572,CMP-002572,ACCOUNT_FREEZE,SUCCESS,41.35,ALREADY_ACTIONED
INT-002573,CMP-002573,ENDPOINT_WATCH,PARTIAL,29.03,OUT_OF_SCOPE
INT-002574,CMP-002574,ACCOUNT_FREEZE,NO_ACTION,39.19,NOT_ACTED
INT-002575,CMP-002575,LIEN_MARK,PARTIAL,31.75,FALSE_POSITIVE
INT-002576,CMP-002576,NO_ACTION,SUCCESS,46.99,FALSE_POSITIVE
INT-002577,CMP-002577,NO_ACTION,SUCCESS,16.73,ALREADY_ACTIONED
INT-002578,CMP-002578,NO_ACTION,SUCCESS,18.93,ALREADY_ACTIONED
INT-002579,CMP-002579,ACCOUNT_FREEZE,SUCCESS,9.99,OUT_OF_SCOPE
INT-002580,CMP-002580,LIEN_MARK,SUCCESS,14.04,NOT_ACTED
INT-002581,CMP-002581,JURISDICTION_HANDOFF,NO_ACTION,8.98,ACTED
INT-002582,CMP-002582,NO_ACTION,SUCCESS,34.95,ACTED
INT-002583,CMP-002583,ACCOUNT_FREEZE,NO_ACTION,5.91,NOT_ACTED
INT-002584,CMP-002584,NO_ACTION,NO_ACTION,27.12,NOT_ACTED
INT-002585,CMP-002585,NO_ACTION,PARTIAL,35.78,OUT_OF_SCOPE
INT-002586,CMP-002586,JURISDICTION_HANDOFF,SUCCESS,26.91,ALREADY_ACTIONED
INT-002587,CMP-002587,NO_ACTION,SUCCESS,19.14,ACTED
INT-002588,CMP-002588,ENDPOINT_WATCH,SUCCESS,34.27,ACTED
INT-002589,CMP-002589,JURISDICTION_HANDOFF,SUCCESS,12.83,ACTED
INT-002590,CMP-002590,ENDPOINT_WATCH,SUCCESS,26.52,ACTED
INT-002591,CMP-002591,JURISDICTION_HANDOFF,SUCCESS,36.46,ACTED
INT-002592,CMP-002592,NO_ACTION,SUCCESS,39.21,OUT_OF_SCOPE
INT-002593,CMP-002593,LIEN_MARK,SUCCESS,17.14,NOT_ACTED
INT-002594,CMP-002594,ENDPOINT_WATCH,SUCCESS,42.97,OUT_OF_SCOPE
INT-002595,CMP-002595,ENDPOINT_WATCH,NO_ACTION,15.15,ACTED
INT-002596,CMP-002596,ENDPOINT_WATCH,NO_ACTION,4.85,ACTED
INT-002597,CMP-002597,ACCOUNT_FREEZE,SUCCESS,37.3,ACTED
INT-002598,CMP-002598,LIEN_MARK,SUCCESS,46.26,FALSE_POSITIVE
INT-002599,CMP-002599,ACCOUNT_FREEZE,NO_ACTION,26.32,ACTED
INT-002600,CMP-002600,NO_ACTION,SUCCESS,22.74,ACTED
INT-002601,CMP-002601,ENDPOINT_WATCH,SUCCESS,22.47,FALSE_POSITIVE
INT-002602,CMP-002602,JURISDICTION_HANDOFF,NO_ACTION,36.17,ACTED
INT-002603,CMP-002603,LIEN_MARK,SUCCESS,40.54,ACTED
INT-002604,CMP-002604,JURISDICTION_HANDOFF,SUCCESS,4.59,ACTED
INT-002605,CMP-002605,NO_ACTION,SUCCESS,8.37,ACTED
INT-002606,CMP-002606,ENDPOINT_WATCH,NO_ACTION,18.17,OUT_OF_SCOPE
INT-002607,CMP-002607,ENDPOINT_WATCH,NO_ACTION,41.87,OUT_OF_SCOPE
INT-002608,CMP-002608,NO_ACTION,SUCCESS,32.09,ACTED
INT-002609,CMP-002609,JURISDICTION_HANDOFF,SUCCESS,11.07,ACTED
INT-002610,CMP-002610,NO_ACTION,SUCCESS,32.06,ALREADY_ACTIONED
INT-002611,CMP-002611,NO_ACTION,PARTIAL,26.65,ACTED
INT-002612,CMP-002612,ENDPOINT_WATCH,SUCCESS,23.76,ALREADY_ACTIONED
INT-002613,CMP-002613,JURISDICTION_HANDOFF,SUCCESS,17.54,ALREADY_ACTIONED
INT-002614,CMP-002614,JURISDICTION_HANDOFF,SUCCESS,46.37,ACTED
INT-002615,CMP-002615,LIEN_MARK,PARTIAL,13.78,ALREADY_ACTIONED
INT-002616,CMP-002616,ACCOUNT_FREEZE,NO_ACTION,6.64,FALSE_POSITIVE
INT-002617,CMP-002617,JURISDICTION_HANDOFF,SUCCESS,38.98,ALREADY_ACTIONED
INT-002618,CMP-002618,JURISDICTION_HANDOFF,PARTIAL,45.5,ACTED
INT-002619,CMP-002619,ACCOUNT_FREEZE,PARTIAL,20.63,ALREADY_ACTIONED
INT-002620,CMP-002620,ENDPOINT_WATCH,SUCCESS,30.91,ACTED
INT-002621,CMP-002621,JURISDICTION_HANDOFF,PARTIAL,21.57,ALREADY_ACTIONED
INT-002622,CMP-002622,ACCOUNT_FREEZE,PARTIAL,21.92,ACTED
INT-002623,CMP-002623,JURISDICTION_HANDOFF,SUCCESS,25.11,ALREADY_ACTIONED
INT-002624,CMP-002624,ENDPOINT_WATCH,SUCCESS,13.23,ALREADY_ACTIONED
INT-002625,CMP-002625,ENDPOINT_WATCH,SUCCESS,27.97,ACTED
INT-002626,CMP-002626,JURISDICTION_HANDOFF,PARTIAL,10.75,FALSE_POSITIVE
INT-002627,CMP-002627,NO_ACTION,SUCCESS,41.47,ACTED
INT-002628,CMP-002628,JURISDICTION_HANDOFF,PARTIAL,29.01,FALSE_POSITIVE
INT-002629,CMP-002629,LIEN_MARK,NO_ACTION,16.79,OUT_OF_SCOPE
INT-002630,CMP-002630,ENDPOINT_WATCH,SUCCESS,28.52,ACTED
INT-002631,CMP-002631,ENDPOINT_WATCH,PARTIAL,41.75,NOT_ACTED
INT-002632,CMP-002632,ENDPOINT_WATCH,SUCCESS,32.65,ALREADY_ACTIONED
INT-002633,CMP-002633,ENDPOINT_WATCH,SUCCESS,8.08,ACTED
INT-002634,CMP-002634,NO_ACTION,SUCCESS,18.49,NOT_ACTED
INT-002635,CMP-002635,ACCOUNT_FREEZE,SUCCESS,20.73,NOT_ACTED
INT-002636,CMP-002636,JURISDICTION_HANDOFF,SUCCESS,47.81,ACTED
INT-002637,CMP-002637,ACCOUNT_FREEZE,SUCCESS,26.51,FALSE_POSITIVE
INT-002638,CMP-002638,ENDPOINT_WATCH,PARTIAL,42.43,ALREADY_ACTIONED
INT-002639,CMP-002639,JURISDICTION_HANDOFF,SUCCESS,21.06,OUT_OF_SCOPE
INT-002640,CMP-002640,NO_ACTION,SUCCESS,47.0,OUT_OF_SCOPE
INT-002641,CMP-002641,JURISDICTION_HANDOFF,SUCCESS,42.54,ACTED
INT-002642,CMP-002642,JURISDICTION_HANDOFF,SUCCESS,40.0,OUT_OF_SCOPE
INT-002643,CMP-002643,NO_ACTION,SUCCESS,19.71,ACTED
INT-002644,CMP-002644,ACCOUNT_FREEZE,NO_ACTION,44.73,OUT_OF_SCOPE
INT-002645,CMP-002645,JURISDICTION_HANDOFF,SUCCESS,26.3,NOT_ACTED
INT-002646,CMP-002646,ACCOUNT_FREEZE,SUCCESS,42.32,ACTED
INT-002647,CMP-002647,ACCOUNT_FREEZE,SUCCESS,3.98,ACTED
INT-002648,CMP-002648,ACCOUNT_FREEZE,SUCCESS,4.03,ALREADY_ACTIONED
INT-002649,CMP-002649,ACCOUNT_FREEZE,PARTIAL,27.03,FALSE_POSITIVE
INT-002650,CMP-002650,ACCOUNT_FREEZE,SUCCESS,36.64,ACTED
INT-002651,CMP-002651,ENDPOINT_WATCH,NO_ACTION,39.35,FALSE_POSITIVE
INT-002652,CMP-002652,LIEN_MARK,SUCCESS,4.97,ALREADY_ACTIONED
INT-002653,CMP-002653,LIEN_MARK,PARTIAL,3.83,ACTED
INT-002654,CMP-002654,JURISDICTION_HANDOFF,SUCCESS,12.12,NOT_ACTED
INT-002655,CMP-002655,NO_ACTION,SUCCESS,47.29,OUT_OF_SCOPE
INT-002656,CMP-002656,NO_ACTION,SUCCESS,20.46,ACTED
INT-002657,CMP-002657,ENDPOINT_WATCH,PARTIAL,9.31,ACTED
INT-002658,CMP-002658,ENDPOINT_WATCH,SUCCESS,13.12,ACTED
INT-002659,CMP-002659,NO_ACTION,SUCCESS,25.63,NOT_ACTED
INT-002660,CMP-002660,ENDPOINT_WATCH,NO_ACTION,27.88,ALREADY_ACTIONED
INT-002661,CMP-002661,ENDPOINT_WATCH,PARTIAL,13.74,ACTED
INT-002662,CMP-002662,JURISDICTION_HANDOFF,SUCCESS,24.53,FALSE_POSITIVE
INT-002663,CMP-002663,ENDPOINT_WATCH,PARTIAL,12.34,ACTED
INT-002664,CMP-002664,JURISDICTION_HANDOFF,SUCCESS,25.77,FALSE_POSITIVE
INT-002665,CMP-002665,JURISDICTION_HANDOFF,PARTIAL,21.84,NOT_ACTED
INT-002666,CMP-002666,LIEN_MARK,SUCCESS,19.97,FALSE_POSITIVE
INT-002667,CMP-002667,JURISDICTION_HANDOFF,SUCCESS,8.23,ALREADY_ACTIONED
INT-002668,CMP-002668,JURISDICTION_HANDOFF,SUCCESS,26.07,ACTED
INT-002669,CMP-002669,ACCOUNT_FREEZE,PARTIAL,38.72,FALSE_POSITIVE
INT-002670,CMP-002670,JURISDICTION_HANDOFF,SUCCESS,44.09,ACTED
INT-002671,CMP-002671,ENDPOINT_WATCH,PARTIAL,32.82,ACTED
INT-002672,CMP-002672,LIEN_MARK,SUCCESS,5.88,ACTED
INT-002673,CMP-002673,LIEN_MARK,PARTIAL,18.57,ACTED
INT-002674,CMP-002674,NO_ACTION,SUCCESS,10.97,ACTED
INT-002675,CMP-002675,ENDPOINT_WATCH,SUCCESS,14.87,OUT_OF_SCOPE
INT-002676,CMP-002676,ACCOUNT_FREEZE,NO_ACTION,35.04,NOT_ACTED
INT-002677,CMP-002677,JURISDICTION_HANDOFF,SUCCESS,34.59,ALREADY_ACTIONED
INT-002678,CMP-002678,NO_ACTION,PARTIAL,46.36,NOT_ACTED
INT-002679,CMP-002679,ENDPOINT_WATCH,NO_ACTION,29.27,ALREADY_ACTIONED
INT-002680,CMP-002680,LIEN_MARK,SUCCESS,41.55,ACTED
INT-002681,CMP-002681,LIEN_MARK,SUCCESS,10.66,ACTED
INT-002682,CMP-002682,NO_ACTION,PARTIAL,17.39,NOT_ACTED
INT-002683,CMP-002683,LIEN_MARK,SUCCESS,33.92,NOT_ACTED
INT-002684,CMP-002684,JURISDICTION_HANDOFF,SUCCESS,29.58,ACTED
INT-002685,CMP-002685,JURISDICTION_HANDOFF,SUCCESS,20.91,NOT_ACTED
INT-002686,CMP-002686,LIEN_MARK,SUCCESS,43.8,ACTED
INT-002687,CMP-002687,JURISDICTION_HANDOFF,PARTIAL,13.06,ACTED
INT-002688,CMP-002688,ENDPOINT_WATCH,NO_ACTION,36.62,ACTED
INT-002689,CMP-002689,ACCOUNT_FREEZE,PARTIAL,18.66,NOT_ACTED
INT-002690,CMP-002690,JURISDICTION_HANDOFF,PARTIAL,34.74,NOT_ACTED
INT-002691,CMP-002691,LIEN_MARK,NO_ACTION,8.07,ACTED
INT-002692,CMP-002692,ENDPOINT_WATCH,SUCCESS,42.68,ACTED
INT-002693,CMP-002693,NO_ACTION,SUCCESS,44.2,ACTED
INT-002694,CMP-002694,ACCOUNT_FREEZE,SUCCESS,30.51,FALSE_POSITIVE
INT-002695,CMP-002695,ENDPOINT_WATCH,SUCCESS,38.96,NOT_ACTED
INT-002696,CMP-002696,LIEN_MARK,SUCCESS,40.82,ALREADY_ACTIONED
INT-002697,CMP-002697,ENDPOINT_WATCH,SUCCESS,43.42,NOT_ACTED
INT-002698,CMP-002698,LIEN_MARK,NO_ACTION,7.67,NOT_ACTED
INT-002699,CMP-002699,NO_ACTION,SUCCESS,26.34,NOT_ACTED
INT-002700,CMP-002700,NO_ACTION,PARTIAL,44.41,OUT_OF_SCOPE
INT-002701,CMP-002701,ACCOUNT_FREEZE,SUCCESS,29.21,OUT_OF_SCOPE
INT-002702,CMP-002702,NO_ACTION,SUCCESS,15.96,FALSE_POSITIVE
INT-002703,CMP-002703,LIEN_MARK,NO_ACTION,22.42,NOT_ACTED
INT-002704,CMP-002704,JURISDICTION_HANDOFF,PARTIAL,47.27,ALREADY_ACTIONED
INT-002705,CMP-002705,ACCOUNT_FREEZE,NO_ACTION,28.52,FALSE_POSITIVE
INT-002706,CMP-002706,ENDPOINT_WATCH,SUCCESS,14.91,ACTED
INT-002707,CMP-002707,NO_ACTION,SUCCESS,39.6,NOT_ACTED
INT-002708,CMP-002708,NO_ACTION,SUCCESS,12.85,NOT_ACTED
INT-002709,CMP-002709,JURISDICTION_HANDOFF,PARTIAL,22.85,NOT_ACTED
INT-002710,CMP-002710,ACCOUNT_FREEZE,NO_ACTION,6.42,OUT_OF_SCOPE
INT-002711,CMP-002711,NO_ACTION,SUCCESS,26.59,ACTED
INT-002712,CMP-002712,ACCOUNT_FREEZE,SUCCESS,47.12,ALREADY_ACTIONED
INT-002713,CMP-002713,LIEN_MARK,NO_ACTION,25.61,NOT_ACTED
INT-002714,CMP-002714,LIEN_MARK,PARTIAL,43.12,NOT_ACTED
INT-002715,CMP-002715,LIEN_MARK,NO_ACTION,8.04,FALSE_POSITIVE
INT-002716,CMP-002716,ACCOUNT_FREEZE,NO_ACTION,12.61,ACTED
INT-002717,CMP-002717,ACCOUNT_FREEZE,PARTIAL,35.6,ACTED
INT-002718,CMP-002718,LIEN_MARK,PARTIAL,7.33,OUT_OF_SCOPE
INT-002719,CMP-002719,JURISDICTION_HANDOFF,PARTIAL,12.17,ACTED
INT-002720,CMP-002720,JURISDICTION_HANDOFF,NO_ACTION,28.69,ACTED
INT-002721,CMP-002721,NO_ACTION,NO_ACTION,47.42,ACTED
INT-002722,CMP-002722,NO_ACTION,SUCCESS,13.28,ACTED
INT-002723,CMP-002723,NO_ACTION,PARTIAL,7.41,ALREADY_ACTIONED
INT-002724,CMP-002724,LIEN_MARK,SUCCESS,27.7,OUT_OF_SCOPE
INT-002725,CMP-002725,LIEN_MARK,SUCCESS,29.24,ACTED
INT-002726,CMP-002726,NO_ACTION,PARTIAL,9.83,ACTED
INT-002727,CMP-002727,LIEN_MARK,SUCCESS,37.99,NOT_ACTED
INT-002728,CMP-002728,ENDPOINT_WATCH,NO_ACTION,44.24,FALSE_POSITIVE
INT-002729,CMP-002729,ENDPOINT_WATCH,SUCCESS,17.23,ACTED
INT-002730,CMP-002730,LIEN_MARK,PARTIAL,9.68,NOT_ACTED
INT-002731,CMP-002731,NO_ACTION,NO_ACTION,13.34,FALSE_POSITIVE
INT-002732,CMP-002732,JURISDICTION_HANDOFF,SUCCESS,44.17,ACTED
INT-002733,CMP-002733,ACCOUNT_FREEZE,PARTIAL,23.98,OUT_OF_SCOPE
INT-002734,CMP-002734,LIEN_MARK,PARTIAL,45.12,ACTED
INT-002735,CMP-002735,LIEN_MARK,NO_ACTION,38.47,ACTED
INT-002736,CMP-002736,NO_ACTION,PARTIAL,16.29,ACTED
INT-002737,CMP-002737,LIEN_MARK,SUCCESS,45.68,OUT_OF_SCOPE
INT-002738,CMP-002738,ENDPOINT_WATCH,NO_ACTION,27.34,ALREADY_ACTIONED
INT-002739,CMP-002739,ACCOUNT_FREEZE,SUCCESS,10.08,ACTED
INT-002740,CMP-002740,NO_ACTION,SUCCESS,40.46,ALREADY_ACTIONED
INT-002741,CMP-002741,LIEN_MARK,PARTIAL,15.14,OUT_OF_SCOPE
INT-002742,CMP-002742,ACCOUNT_FREEZE,PARTIAL,5.48,ALREADY_ACTIONED
INT-002743,CMP-002743,ACCOUNT_FREEZE,PARTIAL,41.54,ALREADY_ACTIONED
INT-002744,CMP-002744,LIEN_MARK,SUCCESS,31.16,ALREADY_ACTIONED
INT-002745,CMP-002745,NO_ACTION,NO_ACTION,12.59,OUT_OF_SCOPE
INT-002746,CMP-002746,JURISDICTION_HANDOFF,SUCCESS,24.35,NOT_ACTED
INT-002747,CMP-002747,NO_ACTION,NO_ACTION,37.91,FALSE_POSITIVE
INT-002748,CMP-002748,NO_ACTION,SUCCESS,4.98,ACTED
INT-002749,CMP-002749,ENDPOINT_WATCH,SUCCESS,13.6,ACTED
INT-002750,CMP-002750,ENDPOINT_WATCH,NO_ACTION,46.5,ACTED
INT-002751,CMP-002751,NO_ACTION,SUCCESS,36.65,ACTED
INT-002752,CMP-002752,JURISDICTION_HANDOFF,SUCCESS,4.41,ACTED
INT-002753,CMP-002753,JURISDICTION_HANDOFF,SUCCESS,35.2,NOT_ACTED
INT-002754,CMP-002754,ACCOUNT_FREEZE,SUCCESS,44.23,FALSE_POSITIVE
INT-002755,CMP-002755,ENDPOINT_WATCH,SUCCESS,22.81,ALREADY_ACTIONED
INT-002756,CMP-002756,NO_ACTION,SUCCESS,39.13,ACTED
INT-002757,CMP-002757,NO_ACTION,SUCCESS,41.14,ACTED
INT-002758,CMP-002758,NO_ACTION,SUCCESS,45.42,ACTED
INT-002759,CMP-002759,LIEN_MARK,SUCCESS,30.29,NOT_ACTED
INT-002760,CMP-002760,ACCOUNT_FREEZE,NO_ACTION,27.53,ACTED
INT-002761,CMP-002761,ENDPOINT_WATCH,SUCCESS,7.56,ALREADY_ACTIONED
INT-002762,CMP-002762,NO_ACTION,SUCCESS,12.3,NOT_ACTED
INT-002763,CMP-002763,LIEN_MARK,SUCCESS,36.51,ACTED
INT-002764,CMP-002764,ACCOUNT_FREEZE,SUCCESS,26.88,ACTED
INT-002765,CMP-002765,LIEN_MARK,NO_ACTION,13.08,OUT_OF_SCOPE
INT-002766,CMP-002766,ACCOUNT_FREEZE,SUCCESS,27.98,FALSE_POSITIVE
INT-002767,CMP-002767,ACCOUNT_FREEZE,SUCCESS,30.76,OUT_OF_SCOPE
INT-002768,CMP-002768,ENDPOINT_WATCH,NO_ACTION,3.92,ALREADY_ACTIONED
INT-002769,CMP-002769,JURISDICTION_HANDOFF,SUCCESS,6.28,OUT_OF_SCOPE
INT-002770,CMP-002770,ENDPOINT_WATCH,SUCCESS,27.15,NOT_ACTED
INT-002771,CMP-002771,ENDPOINT_WATCH,PARTIAL,8.23,NOT_ACTED
INT-002772,CMP-002772,ACCOUNT_FREEZE,PARTIAL,40.3,ALREADY_ACTIONED
INT-002773,CMP-002773,LIEN_MARK,NO_ACTION,34.23,ACTED
INT-002774,CMP-002774,ACCOUNT_FREEZE,SUCCESS,9.34,FALSE_POSITIVE
INT-002775,CMP-002775,JURISDICTION_HANDOFF,NO_ACTION,3.52,FALSE_POSITIVE
INT-002776,CMP-002776,LIEN_MARK,SUCCESS,42.87,FALSE_POSITIVE
INT-002777,CMP-002777,JURISDICTION_HANDOFF,SUCCESS,5.42,ACTED
INT-002778,CMP-002778,ENDPOINT_WATCH,NO_ACTION,47.61,OUT_OF_SCOPE
INT-002779,CMP-002779,LIEN_MARK,SUCCESS,13.06,OUT_OF_SCOPE
INT-002780,CMP-002780,LIEN_MARK,SUCCESS,16.2,ALREADY_ACTIONED
INT-002781,CMP-002781,ENDPOINT_WATCH,NO_ACTION,36.44,NOT_ACTED
INT-002782,CMP-002782,ENDPOINT_WATCH,SUCCESS,19.57,ALREADY_ACTIONED
INT-002783,CMP-002783,NO_ACTION,NO_ACTION,7.98,NOT_ACTED
INT-002784,CMP-002784,NO_ACTION,NO_ACTION,36.09,ALREADY_ACTIONED
INT-002785,CMP-002785,LIEN_MARK,SUCCESS,4.08,ALREADY_ACTIONED
INT-002786,CMP-002786,ACCOUNT_FREEZE,NO_ACTION,47.8,OUT_OF_SCOPE
INT-002787,CMP-002787,LIEN_MARK,SUCCESS,25.76,NOT_ACTED
INT-002788,CMP-002788,ACCOUNT_FREEZE,NO_ACTION,31.62,ALREADY_ACTIONED
INT-002789,CMP-002789,ACCOUNT_FREEZE,PARTIAL,41.72,FALSE_POSITIVE
INT-002790,CMP-002790,ENDPOINT_WATCH,PARTIAL,15.34,ACTED
INT-002791,CMP-002791,ENDPOINT_WATCH,SUCCESS,13.0,ACTED
INT-002792,CMP-002792,ACCOUNT_FREEZE,NO_ACTION,34.94,ACTED
INT-002793,CMP-002793,ENDPOINT_WATCH,SUCCESS,3.13,ACTED
INT-002794,CMP-002794,JURISDICTION_HANDOFF,PARTIAL,28.49,ACTED
INT-002795,CMP-002795,ENDPOINT_WATCH,SUCCESS,11.28,ACTED
INT-002796,CMP-002796,JURISDICTION_HANDOFF,SUCCESS,25.71,ACTED
INT-002797,CMP-002797,JURISDICTION_HANDOFF,SUCCESS,39.93,ACTED
INT-002798,CMP-002798,NO_ACTION,SUCCESS,31.2,FALSE_POSITIVE
INT-002799,CMP-002799,NO_ACTION,SUCCESS,46.67,OUT_OF_SCOPE
INT-002800,CMP-002800,ENDPOINT_WATCH,PARTIAL,31.08,ACTED
INT-002801,CMP-002801,ENDPOINT_WATCH,PARTIAL,22.54,NOT_ACTED
INT-002802,CMP-002802,LIEN_MARK,SUCCESS,7.81,ALREADY_ACTIONED
INT-002803,CMP-002803,ACCOUNT_FREEZE,PARTIAL,19.97,FALSE_POSITIVE
INT-002804,CMP-002804,JURISDICTION_HANDOFF,SUCCESS,3.62,ACTED
INT-002805,CMP-002805,ENDPOINT_WATCH,PARTIAL,30.31,OUT_OF_SCOPE
INT-002806,CMP-002806,NO_ACTION,SUCCESS,26.54,FALSE_POSITIVE
INT-002807,CMP-002807,NO_ACTION,NO_ACTION,44.19,ALREADY_ACTIONED
INT-002808,CMP-002808,LIEN_MARK,NO_ACTION,24.92,NOT_ACTED
INT-002809,CMP-002809,JURISDICTION_HANDOFF,PARTIAL,34.64,ACTED
INT-002810,CMP-002810,NO_ACTION,PARTIAL,45.41,FALSE_POSITIVE
INT-002811,CMP-002811,ENDPOINT_WATCH,NO_ACTION,39.84,FALSE_POSITIVE
INT-002812,CMP-002812,NO_ACTION,SUCCESS,10.8,FALSE_POSITIVE
INT-002813,CMP-002813,LIEN_MARK,SUCCESS,3.73,ALREADY_ACTIONED
INT-002814,CMP-002814,ENDPOINT_WATCH,SUCCESS,29.25,ALREADY_ACTIONED
INT-002815,CMP-002815,JURISDICTION_HANDOFF,SUCCESS,9.37,ACTED
INT-002816,CMP-002816,JURISDICTION_HANDOFF,SUCCESS,46.32,ALREADY_ACTIONED
INT-002817,CMP-002817,LIEN_MARK,NO_ACTION,27.84,FALSE_POSITIVE
INT-002818,CMP-002818,ENDPOINT_WATCH,SUCCESS,46.43,ACTED
INT-002819,CMP-002819,ENDPOINT_WATCH,NO_ACTION,23.06,ACTED
INT-002820,CMP-002820,LIEN_MARK,SUCCESS,8.4,ALREADY_ACTIONED
INT-002821,CMP-002821,ENDPOINT_WATCH,SUCCESS,34.99,ACTED
INT-002822,CMP-002822,ENDPOINT_WATCH,SUCCESS,11.02,OUT_OF_SCOPE
INT-002823,CMP-002823,NO_ACTION,SUCCESS,14.04,ACTED
INT-002824,CMP-002824,NO_ACTION,NO_ACTION,39.39,ACTED
INT-002825,CMP-002825,NO_ACTION,NO_ACTION,11.35,ALREADY_ACTIONED
INT-002826,CMP-002826,NO_ACTION,NO_ACTION,15.65,ALREADY_ACTIONED
INT-002827,CMP-002827,ACCOUNT_FREEZE,PARTIAL,12.04,ACTED
INT-002828,CMP-002828,JURISDICTION_HANDOFF,SUCCESS,28.44,NOT_ACTED
INT-002829,CMP-002829,ENDPOINT_WATCH,SUCCESS,39.33,NOT_ACTED
INT-002830,CMP-002830,ACCOUNT_FREEZE,SUCCESS,37.7,NOT_ACTED
INT-002831,CMP-002831,JURISDICTION_HANDOFF,NO_ACTION,43.13,NOT_ACTED
INT-002832,CMP-002832,LIEN_MARK,SUCCESS,5.73,ACTED
INT-002833,CMP-002833,NO_ACTION,NO_ACTION,4.71,FALSE_POSITIVE
INT-002834,CMP-002834,JURISDICTION_HANDOFF,SUCCESS,30.98,ACTED
INT-002835,CMP-002835,ENDPOINT_WATCH,SUCCESS,14.88,OUT_OF_SCOPE
INT-002836,CMP-002836,ACCOUNT_FREEZE,NO_ACTION,21.0,ACTED
INT-002837,CMP-002837,LIEN_MARK,PARTIAL,44.73,OUT_OF_SCOPE
INT-002838,CMP-002838,ACCOUNT_FREEZE,SUCCESS,14.01,FALSE_POSITIVE
INT-002839,CMP-002839,LIEN_MARK,SUCCESS,42.35,ACTED
INT-002840,CMP-002840,NO_ACTION,SUCCESS,17.17,ACTED
INT-002841,CMP-002841,ACCOUNT_FREEZE,NO_ACTION,20.43,ACTED
INT-002842,CMP-002842,ENDPOINT_WATCH,SUCCESS,15.73,NOT_ACTED
INT-002843,CMP-002843,ACCOUNT_FREEZE,SUCCESS,4.03,FALSE_POSITIVE
INT-002844,CMP-002844,NO_ACTION,PARTIAL,43.18,ACTED
INT-002845,CMP-002845,LIEN_MARK,SUCCESS,9.16,ACTED
INT-002846,CMP-002846,ENDPOINT_WATCH,NO_ACTION,26.65,ALREADY_ACTIONED
INT-002847,CMP-002847,ACCOUNT_FREEZE,SUCCESS,33.85,OUT_OF_SCOPE
INT-002848,CMP-002848,LIEN_MARK,NO_ACTION,24.64,NOT_ACTED
INT-002849,CMP-002849,ENDPOINT_WATCH,NO_ACTION,22.19,ACTED
INT-002850,CMP-002850,JURISDICTION_HANDOFF,SUCCESS,9.49,ACTED
INT-002851,CMP-002851,ENDPOINT_WATCH,SUCCESS,38.27,NOT_ACTED
INT-002852,CMP-002852,LIEN_MARK,SUCCESS,17.51,ACTED
INT-002853,CMP-002853,LIEN_MARK,SUCCESS,26.92,NOT_ACTED
INT-002854,CMP-002854,LIEN_MARK,NO_ACTION,13.84,NOT_ACTED
INT-002855,CMP-002855,ENDPOINT_WATCH,PARTIAL,44.44,NOT_ACTED
INT-002856,CMP-002856,ACCOUNT_FREEZE,SUCCESS,19.6,ACTED
INT-002857,CMP-002857,NO_ACTION,PARTIAL,32.02,ACTED
INT-002858,CMP-002858,ACCOUNT_FREEZE,SUCCESS,47.3,ACTED
INT-002859,CMP-002859,ACCOUNT_FREEZE,SUCCESS,8.01,OUT_OF_SCOPE
INT-002860,CMP-002860,JURISDICTION_HANDOFF,SUCCESS,3.36,ALREADY_ACTIONED
INT-002861,CMP-002861,ACCOUNT_FREEZE,SUCCESS,20.62,ACTED
INT-002862,CMP-002862,ENDPOINT_WATCH,SUCCESS,6.67,NOT_ACTED
INT-002863,CMP-002863,NO_ACTION,SUCCESS,26.38,NOT_ACTED
INT-002864,CMP-002864,LIEN_MARK,PARTIAL,27.48,FALSE_POSITIVE
INT-002865,CMP-002865,JURISDICTION_HANDOFF,SUCCESS,34.26,OUT_OF_SCOPE
INT-002866,CMP-002866,NO_ACTION,SUCCESS,45.1,ACTED
INT-002867,CMP-002867,NO_ACTION,SUCCESS,40.3,ACTED
INT-002868,CMP-002868,JURISDICTION_HANDOFF,SUCCESS,43.84,OUT_OF_SCOPE
INT-002869,CMP-002869,LIEN_MARK,NO_ACTION,5.73,ACTED
INT-002870,CMP-002870,NO_ACTION,PARTIAL,33.49,ACTED
INT-002871,CMP-002871,NO_ACTION,SUCCESS,10.41,ACTED
INT-002872,CMP-002872,ACCOUNT_FREEZE,SUCCESS,8.36,ALREADY_ACTIONED
INT-002873,CMP-002873,JURISDICTION_HANDOFF,SUCCESS,17.29,OUT_OF_SCOPE
INT-002874,CMP-002874,LIEN_MARK,NO_ACTION,33.75,NOT_ACTED
INT-002875,CMP-002875,LIEN_MARK,PARTIAL,36.1,NOT_ACTED
INT-002876,CMP-002876,ACCOUNT_FREEZE,NO_ACTION,12.15,NOT_ACTED
INT-002877,CMP-002877,JURISDICTION_HANDOFF,SUCCESS,13.49,OUT_OF_SCOPE
INT-002878,CMP-002878,ACCOUNT_FREEZE,PARTIAL,16.72,ACTED
INT-002879,CMP-002879,JURISDICTION_HANDOFF,SUCCESS,44.69,FALSE_POSITIVE
INT-002880,CMP-002880,LIEN_MARK,PARTIAL,4.27,ALREADY_ACTIONED
INT-002881,CMP-002881,LIEN_MARK,SUCCESS,45.43,ACTED
INT-002882,CMP-002882,ACCOUNT_FREEZE,SUCCESS,16.88,ACTED
INT-002883,CMP-002883,NO_ACTION,SUCCESS,41.82,ALREADY_ACTIONED
INT-002884,CMP-002884,NO_ACTION,SUCCESS,26.14,OUT_OF_SCOPE
INT-002885,CMP-002885,ENDPOINT_WATCH,SUCCESS,45.53,ACTED
INT-002886,CMP-002886,NO_ACTION,SUCCESS,46.06,ACTED
INT-002887,CMP-002887,ACCOUNT_FREEZE,NO_ACTION,28.8,OUT_OF_SCOPE
INT-002888,CMP-002888,NO_ACTION,SUCCESS,3.48,ACTED
INT-002889,CMP-002889,ENDPOINT_WATCH,PARTIAL,12.94,FALSE_POSITIVE
INT-002890,CMP-002890,LIEN_MARK,NO_ACTION,39.08,ALREADY_ACTIONED
INT-002891,CMP-002891,NO_ACTION,PARTIAL,17.54,ALREADY_ACTIONED
INT-002892,CMP-002892,ACCOUNT_FREEZE,SUCCESS,5.73,NOT_ACTED
INT-002893,CMP-002893,ACCOUNT_FREEZE,PARTIAL,29.53,FALSE_POSITIVE
INT-002894,CMP-002894,NO_ACTION,NO_ACTION,13.89,NOT_ACTED
INT-002895,CMP-002895,JURISDICTION_HANDOFF,PARTIAL,18.49,ACTED
INT-002896,CMP-002896,NO_ACTION,SUCCESS,30.14,ALREADY_ACTIONED
INT-002897,CMP-002897,ACCOUNT_FREEZE,SUCCESS,30.83,ACTED
INT-002898,CMP-002898,LIEN_MARK,SUCCESS,22.25,OUT_OF_SCOPE
INT-002899,CMP-002899,JURISDICTION_HANDOFF,SUCCESS,41.49,ALREADY_ACTIONED
INT-002900,CMP-002900,LIEN_MARK,PARTIAL,25.72,OUT_OF_SCOPE
INT-002901,CMP-002901,ENDPOINT_WATCH,NO_ACTION,11.37,FALSE_POSITIVE
INT-002902,CMP-002902,ACCOUNT_FREEZE,SUCCESS,35.39,OUT_OF_SCOPE
INT-002903,CMP-002903,JURISDICTION_HANDOFF,SUCCESS,20.71,FALSE_POSITIVE
INT-002904,CMP-002904,LIEN_MARK,SUCCESS,5.88,ACTED
INT-002905,CMP-002905,ENDPOINT_WATCH,SUCCESS,29.64,ACTED
INT-002906,CMP-002906,ACCOUNT_FREEZE,SUCCESS,22.66,ACTED
INT-002907,CMP-002907,NO_ACTION,SUCCESS,20.34,ACTED
INT-002908,CMP-002908,ENDPOINT_WATCH,PARTIAL,34.25,NOT_ACTED
INT-002909,CMP-002909,ENDPOINT_WATCH,NO_ACTION,8.32,ALREADY_ACTIONED
INT-002910,CMP-002910,ENDPOINT_WATCH,SUCCESS,35.24,ACTED
INT-002911,CMP-002911,ACCOUNT_FREEZE,PARTIAL,13.87,ACTED
INT-002912,CMP-002912,ENDPOINT_WATCH,SUCCESS,15.55,NOT_ACTED
INT-002913,CMP-002913,LIEN_MARK,NO_ACTION,17.43,ACTED
INT-002914,CMP-002914,JURISDICTION_HANDOFF,SUCCESS,6.11,ACTED
INT-002915,CMP-002915,JURISDICTION_HANDOFF,SUCCESS,35.38,OUT_OF_SCOPE
INT-002916,CMP-002916,ENDPOINT_WATCH,SUCCESS,21.72,ALREADY_ACTIONED
INT-002917,CMP-002917,ENDPOINT_WATCH,PARTIAL,32.78,ALREADY_ACTIONED
INT-002918,CMP-002918,JURISDICTION_HANDOFF,PARTIAL,4.09,OUT_OF_SCOPE
INT-002919,CMP-002919,ACCOUNT_FREEZE,SUCCESS,7.53,NOT_ACTED
INT-002920,CMP-002920,LIEN_MARK,PARTIAL,17.46,ACTED
INT-002921,CMP-002921,ENDPOINT_WATCH,SUCCESS,19.51,FALSE_POSITIVE
INT-002922,CMP-002922,ACCOUNT_FREEZE,PARTIAL,29.97,ACTED
INT-002923,CMP-002923,ACCOUNT_FREEZE,NO_ACTION,26.8,ACTED
INT-002924,CMP-002924,ACCOUNT_FREEZE,PARTIAL,36.55,ACTED
INT-002925,CMP-002925,ENDPOINT_WATCH,SUCCESS,6.52,ALREADY_ACTIONED
INT-002926,CMP-002926,ACCOUNT_FREEZE,SUCCESS,39.78,ALREADY_ACTIONED
INT-002927,CMP-002927,JURISDICTION_HANDOFF,NO_ACTION,18.26,ACTED
INT-002928,CMP-002928,JURISDICTION_HANDOFF,SUCCESS,16.81,NOT_ACTED
INT-002929,CMP-002929,ACCOUNT_FREEZE,SUCCESS,26.89,NOT_ACTED
INT-002930,CMP-002930,JURISDICTION_HANDOFF,SUCCESS,21.32,NOT_ACTED
INT-002931,CMP-002931,NO_ACTION,PARTIAL,24.07,NOT_ACTED
INT-002932,CMP-002932,LIEN_MARK,SUCCESS,16.7,ALREADY_ACTIONED
INT-002933,CMP-002933,ENDPOINT_WATCH,SUCCESS,32.77,ALREADY_ACTIONED
INT-002934,CMP-002934,ACCOUNT_FREEZE,PARTIAL,43.89,FALSE_POSITIVE
INT-002935,CMP-002935,JURISDICTION_HANDOFF,SUCCESS,37.16,ACTED
INT-002936,CMP-002936,JURISDICTION_HANDOFF,SUCCESS,36.57,ACTED
INT-002937,CMP-002937,ACCOUNT_FREEZE,NO_ACTION,14.17,ACTED
INT-002938,CMP-002938,ENDPOINT_WATCH,SUCCESS,6.51,FALSE_POSITIVE
INT-002939,CMP-002939,ACCOUNT_FREEZE,PARTIAL,23.26,OUT_OF_SCOPE
INT-002940,CMP-002940,LIEN_MARK,NO_ACTION,18.89,ACTED
INT-002941,CMP-002941,JURISDICTION_HANDOFF,SUCCESS,33.35,OUT_OF_SCOPE
INT-002942,CMP-002942,JURISDICTION_HANDOFF,SUCCESS,25.22,NOT_ACTED
INT-002943,CMP-002943,LIEN_MARK,SUCCESS,42.22,NOT_ACTED
INT-002944,CMP-002944,LIEN_MARK,SUCCESS,9.96,ACTED
INT-002945,CMP-002945,JURISDICTION_HANDOFF,PARTIAL,38.27,ALREADY_ACTIONED
INT-002946,CMP-002946,JURISDICTION_HANDOFF,SUCCESS,8.08,NOT_ACTED
INT-002947,CMP-002947,ACCOUNT_FREEZE,SUCCESS,45.63,NOT_ACTED
INT-002948,CMP-002948,ENDPOINT_WATCH,SUCCESS,11.68,FALSE_POSITIVE
INT-002949,CMP-002949,LIEN_MARK,SUCCESS,35.56,NOT_ACTED
INT-002950,CMP-002950,ENDPOINT_WATCH,NO_ACTION,15.76,FALSE_POSITIVE
INT-002951,CMP-002951,ENDPOINT_WATCH,NO_ACTION,13.73,ACTED
INT-002952,CMP-002952,JURISDICTION_HANDOFF,SUCCESS,20.46,ACTED
INT-002953,CMP-002953,ENDPOINT_WATCH,SUCCESS,18.39,OUT_OF_SCOPE
INT-002954,CMP-002954,ACCOUNT_FREEZE,SUCCESS,9.04,ACTED
INT-002955,CMP-002955,ENDPOINT_WATCH,PARTIAL,4.9,ACTED
INT-002956,CMP-002956,LIEN_MARK,SUCCESS,3.16,ACTED
INT-002957,CMP-002957,ACCOUNT_FREEZE,SUCCESS,7.26,ACTED
INT-002958,CMP-002958,ACCOUNT_FREEZE,SUCCESS,4.81,NOT_ACTED
INT-002959,CMP-002959,NO_ACTION,SUCCESS,26.68,FALSE_POSITIVE
INT-002960,CMP-002960,ACCOUNT_FREEZE,SUCCESS,44.66,ACTED
INT-002961,CMP-002961,JURISDICTION_HANDOFF,SUCCESS,34.29,ACTED
INT-002962,CMP-002962,JURISDICTION_HANDOFF,SUCCESS,10.03,ACTED
INT-002963,CMP-002963,LIEN_MARK,PARTIAL,44.57,ACTED
INT-002964,CMP-002964,ENDPOINT_WATCH,PARTIAL,23.63,ALREADY_ACTIONED
INT-002965,CMP-002965,ACCOUNT_FREEZE,PARTIAL,26.29,NOT_ACTED
INT-002966,CMP-002966,ENDPOINT_WATCH,SUCCESS,41.68,FALSE_POSITIVE
INT-002967,CMP-002967,NO_ACTION,SUCCESS,37.15,NOT_ACTED
INT-002968,CMP-002968,NO_ACTION,SUCCESS,46.63,ALREADY_ACTIONED
INT-002969,CMP-002969,ENDPOINT_WATCH,PARTIAL,31.16,ACTED
INT-002970,CMP-002970,JURISDICTION_HANDOFF,PARTIAL,41.68,ACTED
INT-002971,CMP-002971,ACCOUNT_FREEZE,NO_ACTION,40.11,ACTED
INT-002972,CMP-002972,ENDPOINT_WATCH,SUCCESS,13.99,NOT_ACTED
INT-002973,CMP-002973,ENDPOINT_WATCH,SUCCESS,36.31,OUT_OF_SCOPE
INT-002974,CMP-002974,ACCOUNT_FREEZE,SUCCESS,47.12,ACTED
INT-002975,CMP-002975,ENDPOINT_WATCH,PARTIAL,7.23,ALREADY_ACTIONED
INT-002976,CMP-002976,NO_ACTION,SUCCESS,27.63,ALREADY_ACTIONED
INT-002977,CMP-002977,LIEN_MARK,SUCCESS,21.24,NOT_ACTED
INT-002978,CMP-002978,NO_ACTION,PARTIAL,9.13,ALREADY_ACTIONED
INT-002979,CMP-002979,ACCOUNT_FREEZE,SUCCESS,44.57,ACTED
INT-002980,CMP-002980,ENDPOINT_WATCH,SUCCESS,29.96,ACTED
INT-002981,CMP-002981,JURISDICTION_HANDOFF,PARTIAL,33.35,NOT_ACTED
INT-002982,CMP-002982,LIEN_MARK,NO_ACTION,4.67,ACTED
INT-002983,CMP-002983,LIEN_MARK,SUCCESS,37.7,NOT_ACTED
INT-002984,CMP-002984,LIEN_MARK,SUCCESS,18.86,NOT_ACTED
INT-002985,CMP-002985,NO_ACTION,SUCCESS,32.1,OUT_OF_SCOPE
INT-002986,CMP-002986,NO_ACTION,PARTIAL,46.54,FALSE_POSITIVE
INT-002987,CMP-002987,LIEN_MARK,SUCCESS,10.67,NOT_ACTED
INT-002988,CMP-002988,ACCOUNT_FREEZE,SUCCESS,37.18,ALREADY_ACTIONED
INT-002989,CMP-002989,JURISDICTION_HANDOFF,PARTIAL,16.3,ACTED
INT-002990,CMP-002990,NO_ACTION,SUCCESS,41.47,ALREADY_ACTIONED
INT-002991,CMP-002991,NO_ACTION,SUCCESS,21.53,FALSE_POSITIVE
INT-002992,CMP-002992,JURISDICTION_HANDOFF,NO_ACTION,11.7,ACTED
INT-002993,CMP-002993,ENDPOINT_WATCH,SUCCESS,9.51,ACTED
INT-002994,CMP-002994,ENDPOINT_WATCH,SUCCESS,47.28,NOT_ACTED
INT-002995,CMP-002995,ENDPOINT_WATCH,NO_ACTION,44.12,ALREADY_ACTIONED
INT-002996,CMP-002996,NO_ACTION,NO_ACTION,21.85,ACTED
INT-002997,CMP-002997,JURISDICTION_HANDOFF,PARTIAL,18.63,ACTED
INT-002998,CMP-002998,LIEN_MARK,SUCCESS,11.47,ACTED
INT-002999,CMP-002999,LIEN_MARK,NO_ACTION,22.49,NOT_ACTED
INT-003000,CMP-003000,ACCOUNT_FREEZE,NO_ACTION,20.39,OUT_OF_SCOPE
INT-003001,CMP-003001,ACCOUNT_FREEZE,SUCCESS,8.18,NOT_ACTED
INT-003002,CMP-003002,ACCOUNT_FREEZE,SUCCESS,29.71,OUT_OF_SCOPE
INT-003003,CMP-003003,LIEN_MARK,PARTIAL,42.43,NOT_ACTED
INT-003004,CMP-003004,NO_ACTION,PARTIAL,16.44,NOT_ACTED
INT-003005,CMP-003005,ACCOUNT_FREEZE,SUCCESS,38.71,OUT_OF_SCOPE
INT-003006,CMP-003006,ACCOUNT_FREEZE,SUCCESS,22.99,OUT_OF_SCOPE
INT-003007,CMP-003007,ACCOUNT_FREEZE,SUCCESS,26.34,ALREADY_ACTIONED
INT-003008,CMP-003008,JURISDICTION_HANDOFF,SUCCESS,40.86,ACTED
INT-003009,CMP-003009,ENDPOINT_WATCH,NO_ACTION,26.08,ACTED
INT-003010,CMP-003010,ENDPOINT_WATCH,SUCCESS,7.4,ALREADY_ACTIONED
INT-003011,CMP-003011,LIEN_MARK,SUCCESS,40.82,ACTED
INT-003012,CMP-003012,LIEN_MARK,PARTIAL,11.52,FALSE_POSITIVE
INT-003013,CMP-003013,ACCOUNT_FREEZE,SUCCESS,4.32,ACTED
INT-003014,CMP-003014,ENDPOINT_WATCH,PARTIAL,17.19,FALSE_POSITIVE
INT-003015,CMP-003015,ACCOUNT_FREEZE,SUCCESS,40.32,NOT_ACTED
INT-003016,CMP-003016,ACCOUNT_FREEZE,PARTIAL,46.3,ACTED
INT-003017,CMP-003017,LIEN_MARK,PARTIAL,9.91,NOT_ACTED
INT-003018,CMP-003018,NO_ACTION,SUCCESS,29.91,ALREADY_ACTIONED
INT-003019,CMP-003019,ACCOUNT_FREEZE,PARTIAL,26.02,ACTED
INT-003020,CMP-003020,NO_ACTION,NO_ACTION,34.57,NOT_ACTED
INT-003021,CMP-003021,NO_ACTION,SUCCESS,8.95,ALREADY_ACTIONED
INT-003022,CMP-003022,LIEN_MARK,NO_ACTION,44.43,ACTED
INT-003023,CMP-003023,JURISDICTION_HANDOFF,SUCCESS,39.81,FALSE_POSITIVE
INT-003024,CMP-003024,JURISDICTION_HANDOFF,NO_ACTION,8.83,FALSE_POSITIVE
INT-003025,CMP-003025,ACCOUNT_FREEZE,PARTIAL,12.24,ACTED
INT-003026,CMP-003026,LIEN_MARK,SUCCESS,13.92,ACTED
INT-003027,CMP-003027,NO_ACTION,SUCCESS,46.23,ACTED
INT-003028,CMP-003028,ENDPOINT_WATCH,NO_ACTION,3.79,ACTED
INT-003029,CMP-003029,ACCOUNT_FREEZE,SUCCESS,43.8,NOT_ACTED
INT-003030,CMP-003030,ENDPOINT_WATCH,SUCCESS,7.81,NOT_ACTED
INT-003031,CMP-003031,LIEN_MARK,SUCCESS,32.78,ALREADY_ACTIONED
INT-003032,CMP-003032,ENDPOINT_WATCH,PARTIAL,22.96,ACTED
INT-003033,CMP-003033,ENDPOINT_WATCH,SUCCESS,5.66,ACTED
INT-003034,CMP-003034,ENDPOINT_WATCH,SUCCESS,11.09,ACTED
INT-003035,CMP-003035,JURISDICTION_HANDOFF,PARTIAL,43.15,NOT_ACTED
INT-003036,CMP-003036,NO_ACTION,PARTIAL,6.02,NOT_ACTED
INT-003037,CMP-003037,ACCOUNT_FREEZE,SUCCESS,28.0,ALREADY_ACTIONED
INT-003038,CMP-003038,ACCOUNT_FREEZE,PARTIAL,22.37,FALSE_POSITIVE
INT-003039,CMP-003039,LIEN_MARK,SUCCESS,24.17,NOT_ACTED
INT-003040,CMP-003040,ENDPOINT_WATCH,PARTIAL,14.4,NOT_ACTED
INT-003041,CMP-003041,ENDPOINT_WATCH,SUCCESS,25.36,NOT_ACTED
INT-003042,CMP-003042,ACCOUNT_FREEZE,NO_ACTION,25.32,ACTED
INT-003043,CMP-003043,LIEN_MARK,NO_ACTION,34.65,NOT_ACTED
INT-003044,CMP-003044,ACCOUNT_FREEZE,PARTIAL,35.46,ACTED
INT-003045,CMP-003045,JURISDICTION_HANDOFF,SUCCESS,36.02,ACTED
INT-003046,CMP-003046,ENDPOINT_WATCH,SUCCESS,42.71,ACTED
INT-003047,CMP-003047,JURISDICTION_HANDOFF,SUCCESS,9.6,ACTED
INT-003048,CMP-003048,LIEN_MARK,PARTIAL,38.37,FALSE_POSITIVE
INT-003049,CMP-003049,JURISDICTION_HANDOFF,SUCCESS,32.78,ACTED
INT-003050,CMP-003050,ACCOUNT_FREEZE,PARTIAL,9.36,NOT_ACTED
INT-003051,CMP-003051,ACCOUNT_FREEZE,NO_ACTION,37.77,ACTED
INT-003052,CMP-003052,ACCOUNT_FREEZE,SUCCESS,14.65,ALREADY_ACTIONED
INT-003053,CMP-003053,ACCOUNT_FREEZE,SUCCESS,23.61,ACTED
INT-003054,CMP-003054,LIEN_MARK,PARTIAL,32.1,ACTED
INT-003055,CMP-003055,LIEN_MARK,SUCCESS,31.01,ACTED
INT-003056,CMP-003056,ENDPOINT_WATCH,SUCCESS,15.18,FALSE_POSITIVE
INT-003057,CMP-003057,JURISDICTION_HANDOFF,NO_ACTION,20.07,FALSE_POSITIVE
INT-003058,CMP-003058,JURISDICTION_HANDOFF,SUCCESS,9.47,NOT_ACTED
INT-003059,CMP-003059,JURISDICTION_HANDOFF,SUCCESS,25.27,ACTED
INT-003060,CMP-003060,ACCOUNT_FREEZE,SUCCESS,10.42,FALSE_POSITIVE
INT-003061,CMP-003061,NO_ACTION,PARTIAL,3.03,FALSE_POSITIVE
INT-003062,CMP-003062,ENDPOINT_WATCH,SUCCESS,37.93,ACTED
INT-003063,CMP-003063,LIEN_MARK,SUCCESS,35.91,ACTED
INT-003064,CMP-003064,ENDPOINT_WATCH,NO_ACTION,23.24,ACTED
INT-003065,CMP-003065,ACCOUNT_FREEZE,PARTIAL,35.72,ACTED
INT-003066,CMP-003066,ENDPOINT_WATCH,SUCCESS,40.73,FALSE_POSITIVE
INT-003067,CMP-003067,JURISDICTION_HANDOFF,SUCCESS,41.12,NOT_ACTED
INT-003068,CMP-003068,NO_ACTION,SUCCESS,36.09,ACTED
INT-003069,CMP-003069,ACCOUNT_FREEZE,PARTIAL,9.36,ALREADY_ACTIONED
INT-003070,CMP-003070,NO_ACTION,SUCCESS,5.12,ACTED
INT-003071,CMP-003071,ACCOUNT_FREEZE,NO_ACTION,41.24,ACTED
INT-003072,CMP-003072,NO_ACTION,PARTIAL,48.0,ACTED
INT-003073,CMP-003073,ACCOUNT_FREEZE,SUCCESS,34.31,ALREADY_ACTIONED
INT-003074,CMP-003074,JURISDICTION_HANDOFF,SUCCESS,44.61,ACTED
INT-003075,CMP-003075,JURISDICTION_HANDOFF,SUCCESS,17.84,ACTED
INT-003076,CMP-003076,NO_ACTION,SUCCESS,43.56,NOT_ACTED
INT-003077,CMP-003077,NO_ACTION,NO_ACTION,24.2,ALREADY_ACTIONED
INT-003078,CMP-003078,NO_ACTION,SUCCESS,33.35,OUT_OF_SCOPE
INT-003079,CMP-003079,NO_ACTION,PARTIAL,7.11,ALREADY_ACTIONED
INT-003080,CMP-003080,NO_ACTION,SUCCESS,13.09,NOT_ACTED
INT-003081,CMP-003081,JURISDICTION_HANDOFF,SUCCESS,47.75,NOT_ACTED
INT-003082,CMP-003082,ACCOUNT_FREEZE,SUCCESS,29.95,ALREADY_ACTIONED
INT-003083,CMP-003083,LIEN_MARK,PARTIAL,38.92,ALREADY_ACTIONED
INT-003084,CMP-003084,JURISDICTION_HANDOFF,SUCCESS,17.14,ACTED
INT-003085,CMP-003085,ENDPOINT_WATCH,SUCCESS,28.72,ACTED
INT-003086,CMP-003086,JURISDICTION_HANDOFF,PARTIAL,39.62,ACTED
INT-003087,CMP-003087,LIEN_MARK,SUCCESS,28.7,OUT_OF_SCOPE
INT-003088,CMP-003088,LIEN_MARK,PARTIAL,5.86,ACTED
INT-003089,CMP-003089,JURISDICTION_HANDOFF,PARTIAL,18.93,NOT_ACTED
INT-003090,CMP-003090,JURISDICTION_HANDOFF,SUCCESS,12.36,ACTED
INT-003091,CMP-003091,LIEN_MARK,PARTIAL,4.44,ACTED
INT-003092,CMP-003092,ENDPOINT_WATCH,SUCCESS,14.02,OUT_OF_SCOPE
INT-003093,CMP-003093,JURISDICTION_HANDOFF,PARTIAL,43.29,ALREADY_ACTIONED
INT-003094,CMP-003094,ENDPOINT_WATCH,SUCCESS,24.81,FALSE_POSITIVE
INT-003095,CMP-003095,ENDPOINT_WATCH,SUCCESS,4.08,ACTED
INT-003096,CMP-003096,JURISDICTION_HANDOFF,PARTIAL,39.7,NOT_ACTED
INT-003097,CMP-003097,ENDPOINT_WATCH,SUCCESS,42.06,NOT_ACTED
INT-003098,CMP-003098,LIEN_MARK,SUCCESS,21.68,ACTED
INT-003099,CMP-003099,NO_ACTION,NO_ACTION,11.33,OUT_OF_SCOPE
INT-003100,CMP-003100,LIEN_MARK,SUCCESS,29.59,ACTED
INT-003101,CMP-003101,ACCOUNT_FREEZE,SUCCESS,41.4,NOT_ACTED
INT-003102,CMP-003102,JURISDICTION_HANDOFF,SUCCESS,3.87,NOT_ACTED
INT-003103,CMP-003103,ACCOUNT_FREEZE,NO_ACTION,45.45,FALSE_POSITIVE
INT-003104,CMP-003104,ENDPOINT_WATCH,NO_ACTION,12.45,OUT_OF_SCOPE
INT-003105,CMP-003105,ENDPOINT_WATCH,NO_ACTION,30.63,FALSE_POSITIVE
INT-003106,CMP-003106,NO_ACTION,PARTIAL,42.21,ACTED
INT-003107,CMP-003107,ACCOUNT_FREEZE,PARTIAL,10.37,ACTED
INT-003108,CMP-003108,ENDPOINT_WATCH,SUCCESS,16.98,ACTED
INT-003109,CMP-003109,JURISDICTION_HANDOFF,SUCCESS,19.51,NOT_ACTED
INT-003110,CMP-003110,ENDPOINT_WATCH,SUCCESS,44.13,FALSE_POSITIVE
INT-003111,CMP-003111,LIEN_MARK,PARTIAL,22.5,ACTED
INT-003112,CMP-003112,JURISDICTION_HANDOFF,SUCCESS,27.22,ALREADY_ACTIONED
INT-003113,CMP-003113,NO_ACTION,PARTIAL,4.99,FALSE_POSITIVE
INT-003114,CMP-003114,JURISDICTION_HANDOFF,NO_ACTION,42.39,ACTED
INT-003115,CMP-003115,JURISDICTION_HANDOFF,NO_ACTION,32.54,OUT_OF_SCOPE
INT-003116,CMP-003116,ACCOUNT_FREEZE,PARTIAL,47.05,NOT_ACTED
INT-003117,CMP-003117,ACCOUNT_FREEZE,SUCCESS,19.86,ACTED
INT-003118,CMP-003118,ENDPOINT_WATCH,SUCCESS,34.69,ALREADY_ACTIONED
INT-003119,CMP-003119,ENDPOINT_WATCH,SUCCESS,34.45,ACTED
INT-003120,CMP-003120,JURISDICTION_HANDOFF,SUCCESS,11.36,NOT_ACTED
INT-003121,CMP-003121,JURISDICTION_HANDOFF,PARTIAL,9.69,ACTED
INT-003122,CMP-003122,ACCOUNT_FREEZE,SUCCESS,45.38,ALREADY_ACTIONED
INT-003123,CMP-003123,LIEN_MARK,SUCCESS,3.75,FALSE_POSITIVE
INT-003124,CMP-003124,ENDPOINT_WATCH,NO_ACTION,41.87,ACTED
INT-003125,CMP-003125,ACCOUNT_FREEZE,SUCCESS,43.85,ACTED
INT-003126,CMP-003126,LIEN_MARK,NO_ACTION,35.32,ACTED
INT-003127,CMP-003127,LIEN_MARK,SUCCESS,31.32,ALREADY_ACTIONED
INT-003128,CMP-003128,ACCOUNT_FREEZE,SUCCESS,10.87,ACTED
INT-003129,CMP-003129,ACCOUNT_FREEZE,SUCCESS,30.75,ALREADY_ACTIONED
INT-003130,CMP-003130,LIEN_MARK,PARTIAL,34.45,ACTED
INT-003131,CMP-003131,NO_ACTION,NO_ACTION,25.55,FALSE_POSITIVE
INT-003132,CMP-003132,ACCOUNT_FREEZE,SUCCESS,40.28,ACTED
INT-003133,CMP-003133,NO_ACTION,NO_ACTION,24.16,ACTED
INT-003134,CMP-003134,LIEN_MARK,SUCCESS,22.01,FALSE_POSITIVE
INT-003135,CMP-003135,ENDPOINT_WATCH,SUCCESS,27.96,ALREADY_ACTIONED
INT-003136,CMP-003136,NO_ACTION,PARTIAL,13.54,ACTED
INT-003137,CMP-003137,NO_ACTION,NO_ACTION,29.35,ACTED
INT-003138,CMP-003138,ENDPOINT_WATCH,SUCCESS,3.75,ALREADY_ACTIONED
INT-003139,CMP-003139,JURISDICTION_HANDOFF,SUCCESS,33.23,ACTED
INT-003140,CMP-003140,NO_ACTION,SUCCESS,42.66,ACTED
INT-003141,CMP-003141,ACCOUNT_FREEZE,NO_ACTION,8.72,ACTED
INT-003142,CMP-003142,ACCOUNT_FREEZE,NO_ACTION,23.44,ACTED
INT-003143,CMP-003143,LIEN_MARK,SUCCESS,23.37,FALSE_POSITIVE
INT-003144,CMP-003144,NO_ACTION,SUCCESS,5.62,ALREADY_ACTIONED
INT-003145,CMP-003145,LIEN_MARK,SUCCESS,10.02,ACTED
INT-003146,CMP-003146,ENDPOINT_WATCH,PARTIAL,26.19,ALREADY_ACTIONED
INT-003147,CMP-003147,ENDPOINT_WATCH,SUCCESS,46.9,ACTED
INT-003148,CMP-003148,NO_ACTION,SUCCESS,21.84,ACTED
INT-003149,CMP-003149,NO_ACTION,SUCCESS,8.26,ALREADY_ACTIONED
INT-003150,CMP-003150,LIEN_MARK,PARTIAL,21.86,ACTED
INT-003151,CMP-003151,NO_ACTION,NO_ACTION,30.39,FALSE_POSITIVE
INT-003152,CMP-003152,NO_ACTION,PARTIAL,5.51,FALSE_POSITIVE
INT-003153,CMP-003153,ACCOUNT_FREEZE,SUCCESS,33.36,ACTED
INT-003154,CMP-003154,ACCOUNT_FREEZE,SUCCESS,46.26,ACTED
INT-003155,CMP-003155,JURISDICTION_HANDOFF,SUCCESS,5.22,ACTED
INT-003156,CMP-003156,NO_ACTION,SUCCESS,43.15,ACTED
INT-003157,CMP-003157,ACCOUNT_FREEZE,NO_ACTION,23.27,ALREADY_ACTIONED
INT-003158,CMP-003158,LIEN_MARK,SUCCESS,31.79,FALSE_POSITIVE
INT-003159,CMP-003159,ACCOUNT_FREEZE,PARTIAL,11.25,ACTED
INT-003160,CMP-003160,ACCOUNT_FREEZE,NO_ACTION,26.71,NOT_ACTED
INT-003161,CMP-003161,NO_ACTION,NO_ACTION,16.89,NOT_ACTED
INT-003162,CMP-003162,JURISDICTION_HANDOFF,PARTIAL,6.18,ACTED
INT-003163,CMP-003163,NO_ACTION,PARTIAL,27.79,NOT_ACTED
INT-003164,CMP-003164,ENDPOINT_WATCH,PARTIAL,15.85,OUT_OF_SCOPE
INT-003165,CMP-003165,JURISDICTION_HANDOFF,SUCCESS,3.22,NOT_ACTED
INT-003166,CMP-003166,LIEN_MARK,SUCCESS,9.87,ALREADY_ACTIONED
INT-003167,CMP-003167,JURISDICTION_HANDOFF,SUCCESS,32.59,ACTED
INT-003168,CMP-003168,ACCOUNT_FREEZE,PARTIAL,7.49,NOT_ACTED
INT-003169,CMP-003169,ENDPOINT_WATCH,SUCCESS,11.84,ACTED
INT-003170,CMP-003170,JURISDICTION_HANDOFF,SUCCESS,6.06,NOT_ACTED
INT-003171,CMP-003171,ACCOUNT_FREEZE,NO_ACTION,42.45,ALREADY_ACTIONED
INT-003172,CMP-003172,JURISDICTION_HANDOFF,SUCCESS,8.45,NOT_ACTED
INT-003173,CMP-003173,ACCOUNT_FREEZE,SUCCESS,35.34,NOT_ACTED
INT-003174,CMP-003174,ENDPOINT_WATCH,NO_ACTION,25.57,NOT_ACTED
INT-003175,CMP-003175,JURISDICTION_HANDOFF,SUCCESS,47.67,ACTED
INT-003176,CMP-003176,JURISDICTION_HANDOFF,NO_ACTION,21.2,ACTED
INT-003177,CMP-003177,NO_ACTION,PARTIAL,38.26,ACTED
INT-003178,CMP-003178,ENDPOINT_WATCH,SUCCESS,26.2,OUT_OF_SCOPE
INT-003179,CMP-003179,NO_ACTION,SUCCESS,29.0,NOT_ACTED
INT-003180,CMP-003180,NO_ACTION,SUCCESS,34.75,ALREADY_ACTIONED
INT-003181,CMP-003181,LIEN_MARK,SUCCESS,22.03,ACTED
INT-003182,CMP-003182,LIEN_MARK,SUCCESS,28.78,ALREADY_ACTIONED
INT-003183,CMP-003183,JURISDICTION_HANDOFF,PARTIAL,43.3,ACTED
INT-003184,CMP-003184,JURISDICTION_HANDOFF,SUCCESS,18.17,ALREADY_ACTIONED
INT-003185,CMP-003185,JURISDICTION_HANDOFF,SUCCESS,11.91,NOT_ACTED
INT-003186,CMP-003186,ENDPOINT_WATCH,SUCCESS,7.21,ACTED
INT-003187,CMP-003187,ENDPOINT_WATCH,SUCCESS,12.95,ACTED
INT-003188,CMP-003188,NO_ACTION,SUCCESS,47.68,ACTED
INT-003189,CMP-003189,NO_ACTION,PARTIAL,12.2,ALREADY_ACTIONED
INT-003190,CMP-003190,LIEN_MARK,NO_ACTION,15.82,ACTED
INT-003191,CMP-003191,ACCOUNT_FREEZE,SUCCESS,32.42,NOT_ACTED
INT-003192,CMP-003192,NO_ACTION,NO_ACTION,29.17,ACTED
INT-003193,CMP-003193,LIEN_MARK,PARTIAL,44.21,OUT_OF_SCOPE
INT-003194,CMP-003194,LIEN_MARK,SUCCESS,7.58,ACTED
INT-003195,CMP-003195,ACCOUNT_FREEZE,SUCCESS,30.62,NOT_ACTED
INT-003196,CMP-003196,ACCOUNT_FREEZE,PARTIAL,30.63,NOT_ACTED
INT-003197,CMP-003197,ACCOUNT_FREEZE,NO_ACTION,43.37,FALSE_POSITIVE
INT-003198,CMP-003198,JURISDICTION_HANDOFF,SUCCESS,30.89,NOT_ACTED
INT-003199,CMP-003199,LIEN_MARK,SUCCESS,25.05,NOT_ACTED
INT-003200,CMP-003200,JURISDICTION_HANDOFF,NO_ACTION,16.75,ACTED
INT-003201,CMP-003201,LIEN_MARK,SUCCESS,32.34,ALREADY_ACTIONED
INT-003202,CMP-003202,LIEN_MARK,NO_ACTION,6.33,ALREADY_ACTIONED
INT-003203,CMP-003203,ACCOUNT_FREEZE,PARTIAL,41.79,FALSE_POSITIVE
INT-003204,CMP-003204,ACCOUNT_FREEZE,NO_ACTION,8.47,OUT_OF_SCOPE
INT-003205,CMP-003205,LIEN_MARK,SUCCESS,6.78,NOT_ACTED
INT-003206,CMP-003206,NO_ACTION,PARTIAL,34.74,OUT_OF_SCOPE
INT-003207,CMP-003207,ACCOUNT_FREEZE,SUCCESS,13.53,NOT_ACTED
INT-003208,CMP-003208,LIEN_MARK,SUCCESS,11.24,ACTED
INT-003209,CMP-003209,LIEN_MARK,PARTIAL,15.18,OUT_OF_SCOPE
INT-003210,CMP-003210,NO_ACTION,NO_ACTION,3.43,OUT_OF_SCOPE
INT-003211,CMP-003211,ACCOUNT_FREEZE,SUCCESS,7.4,OUT_OF_SCOPE
INT-003212,CMP-003212,JURISDICTION_HANDOFF,SUCCESS,5.88,NOT_ACTED
INT-003213,CMP-003213,ACCOUNT_FREEZE,SUCCESS,24.94,ACTED
INT-003214,CMP-003214,ACCOUNT_FREEZE,NO_ACTION,17.5,NOT_ACTED
INT-003215,CMP-003215,JURISDICTION_HANDOFF,SUCCESS,31.64,NOT_ACTED
INT-003216,CMP-003216,LIEN_MARK,PARTIAL,4.98,ALREADY_ACTIONED
INT-003217,CMP-003217,LIEN_MARK,NO_ACTION,30.66,ACTED
INT-003218,CMP-003218,NO_ACTION,SUCCESS,33.99,ACTED
INT-003219,CMP-003219,LIEN_MARK,SUCCESS,16.4,OUT_OF_SCOPE
INT-003220,CMP-003220,ENDPOINT_WATCH,SUCCESS,40.26,ACTED
INT-003221,CMP-003221,ENDPOINT_WATCH,SUCCESS,31.69,OUT_OF_SCOPE
INT-003222,CMP-003222,ENDPOINT_WATCH,SUCCESS,29.08,ACTED
INT-003223,CMP-003223,LIEN_MARK,PARTIAL,8.73,ACTED
INT-003224,CMP-003224,LIEN_MARK,SUCCESS,44.46,ACTED
INT-003225,CMP-003225,ENDPOINT_WATCH,PARTIAL,45.97,ALREADY_ACTIONED
INT-003226,CMP-003226,JURISDICTION_HANDOFF,SUCCESS,34.39,ACTED
INT-003227,CMP-003227,NO_ACTION,SUCCESS,36.19,NOT_ACTED
INT-003228,CMP-003228,LIEN_MARK,SUCCESS,45.35,ACTED
INT-003229,CMP-003229,NO_ACTION,SUCCESS,35.13,ALREADY_ACTIONED
INT-003230,CMP-003230,LIEN_MARK,SUCCESS,13.2,ALREADY_ACTIONED
INT-003231,CMP-003231,NO_ACTION,SUCCESS,4.34,ACTED
INT-003232,CMP-003232,NO_ACTION,SUCCESS,41.86,NOT_ACTED
INT-003233,CMP-003233,ACCOUNT_FREEZE,SUCCESS,13.86,ALREADY_ACTIONED
INT-003234,CMP-003234,LIEN_MARK,PARTIAL,23.66,ACTED
INT-003235,CMP-003235,ACCOUNT_FREEZE,SUCCESS,47.49,FALSE_POSITIVE
INT-003236,CMP-003236,NO_ACTION,SUCCESS,6.14,NOT_ACTED
INT-003237,CMP-003237,LIEN_MARK,PARTIAL,10.92,OUT_OF_SCOPE
INT-003238,CMP-003238,ENDPOINT_WATCH,SUCCESS,20.34,NOT_ACTED
INT-003239,CMP-003239,LIEN_MARK,SUCCESS,32.39,NOT_ACTED
INT-003240,CMP-003240,ENDPOINT_WATCH,SUCCESS,18.96,ACTED
INT-003241,CMP-003241,ACCOUNT_FREEZE,PARTIAL,32.67,ACTED
INT-003242,CMP-003242,LIEN_MARK,SUCCESS,8.67,ACTED
INT-003243,CMP-003243,ENDPOINT_WATCH,NO_ACTION,47.31,ACTED
INT-003244,CMP-003244,ACCOUNT_FREEZE,NO_ACTION,43.05,ALREADY_ACTIONED
INT-003245,CMP-003245,JURISDICTION_HANDOFF,SUCCESS,14.65,ACTED
INT-003246,CMP-003246,ACCOUNT_FREEZE,NO_ACTION,7.53,OUT_OF_SCOPE
INT-003247,CMP-003247,LIEN_MARK,SUCCESS,45.44,ACTED
INT-003248,CMP-003248,ENDPOINT_WATCH,NO_ACTION,32.24,ACTED
INT-003249,CMP-003249,JURISDICTION_HANDOFF,SUCCESS,45.78,ACTED
INT-003250,CMP-003250,NO_ACTION,SUCCESS,40.25,NOT_ACTED
INT-003251,CMP-003251,LIEN_MARK,PARTIAL,6.27,ALREADY_ACTIONED
INT-003252,CMP-003252,JURISDICTION_HANDOFF,PARTIAL,18.54,ACTED
INT-003253,CMP-003253,ENDPOINT_WATCH,SUCCESS,18.35,ACTED
INT-003254,CMP-003254,ENDPOINT_WATCH,PARTIAL,39.88,ACTED
INT-003255,CMP-003255,ENDPOINT_WATCH,PARTIAL,7.43,ALREADY_ACTIONED
INT-003256,CMP-003256,LIEN_MARK,NO_ACTION,9.66,ACTED
INT-003257,CMP-003257,ENDPOINT_WATCH,NO_ACTION,41.03,ALREADY_ACTIONED
INT-003258,CMP-003258,ACCOUNT_FREEZE,SUCCESS,8.64,FALSE_POSITIVE
INT-003259,CMP-003259,LIEN_MARK,PARTIAL,20.33,ACTED
INT-003260,CMP-003260,ENDPOINT_WATCH,SUCCESS,28.19,NOT_ACTED
INT-003261,CMP-003261,JURISDICTION_HANDOFF,SUCCESS,33.37,ACTED
INT-003262,CMP-003262,ENDPOINT_WATCH,SUCCESS,20.14,ACTED
INT-003263,CMP-003263,JURISDICTION_HANDOFF,SUCCESS,26.12,NOT_ACTED
INT-003264,CMP-003264,ACCOUNT_FREEZE,PARTIAL,36.86,ALREADY_ACTIONED
INT-003265,CMP-003265,ENDPOINT_WATCH,NO_ACTION,12.33,ALREADY_ACTIONED
INT-003266,CMP-003266,NO_ACTION,SUCCESS,39.82,NOT_ACTED
INT-003267,CMP-003267,LIEN_MARK,SUCCESS,26.95,ACTED
INT-003268,CMP-003268,JURISDICTION_HANDOFF,SUCCESS,27.54,FALSE_POSITIVE
INT-003269,CMP-003269,JURISDICTION_HANDOFF,SUCCESS,41.9,ACTED
INT-003270,CMP-003270,LIEN_MARK,SUCCESS,16.92,NOT_ACTED
INT-003271,CMP-003271,ACCOUNT_FREEZE,SUCCESS,26.03,FALSE_POSITIVE
INT-003272,CMP-003272,ENDPOINT_WATCH,SUCCESS,9.77,ACTED
INT-003273,CMP-003273,LIEN_MARK,PARTIAL,4.86,ACTED
INT-003274,CMP-003274,JURISDICTION_HANDOFF,NO_ACTION,22.43,FALSE_POSITIVE
INT-003275,CMP-003275,NO_ACTION,SUCCESS,44.2,NOT_ACTED
INT-003276,CMP-003276,ACCOUNT_FREEZE,SUCCESS,20.1,ALREADY_ACTIONED
INT-003277,CMP-003277,NO_ACTION,SUCCESS,3.38,NOT_ACTED
INT-003278,CMP-003278,JURISDICTION_HANDOFF,SUCCESS,40.77,ACTED
INT-003279,CMP-003279,NO_ACTION,SUCCESS,42.49,ALREADY_ACTIONED
INT-003280,CMP-003280,LIEN_MARK,PARTIAL,16.68,ACTED
INT-003281,CMP-003281,ACCOUNT_FREEZE,SUCCESS,8.58,ACTED
INT-003282,CMP-003282,ENDPOINT_WATCH,SUCCESS,29.2,ACTED
INT-003283,CMP-003283,ACCOUNT_FREEZE,SUCCESS,15.77,ACTED
INT-003284,CMP-003284,JURISDICTION_HANDOFF,SUCCESS,42.14,ACTED
INT-003285,CMP-003285,JURISDICTION_HANDOFF,SUCCESS,25.71,ACTED
INT-003286,CMP-003286,NO_ACTION,PARTIAL,27.12,ACTED
INT-003287,CMP-003287,ACCOUNT_FREEZE,SUCCESS,43.96,ACTED
INT-003288,CMP-003288,LIEN_MARK,SUCCESS,47.98,FALSE_POSITIVE
INT-003289,CMP-003289,ENDPOINT_WATCH,PARTIAL,38.89,ACTED
INT-003290,CMP-003290,LIEN_MARK,NO_ACTION,8.73,ALREADY_ACTIONED
INT-003291,CMP-003291,LIEN_MARK,NO_ACTION,5.26,ACTED
INT-003292,CMP-003292,JURISDICTION_HANDOFF,PARTIAL,17.85,NOT_ACTED
INT-003293,CMP-003293,NO_ACTION,SUCCESS,7.84,ACTED
INT-003294,CMP-003294,JURISDICTION_HANDOFF,SUCCESS,3.45,ACTED
INT-003295,CMP-003295,ACCOUNT_FREEZE,SUCCESS,8.63,ALREADY_ACTIONED
INT-003296,CMP-003296,LIEN_MARK,SUCCESS,43.78,ACTED
INT-003297,CMP-003297,JURISDICTION_HANDOFF,NO_ACTION,16.6,ACTED
INT-003298,CMP-003298,ACCOUNT_FREEZE,PARTIAL,24.38,ACTED
INT-003299,CMP-003299,ENDPOINT_WATCH,PARTIAL,25.54,ALREADY_ACTIONED
INT-003300,CMP-003300,JURISDICTION_HANDOFF,SUCCESS,44.0,ACTED
INT-003301,CMP-003301,ENDPOINT_WATCH,SUCCESS,3.74,ACTED
INT-003302,CMP-003302,ACCOUNT_FREEZE,SUCCESS,7.24,FALSE_POSITIVE
INT-003303,CMP-003303,JURISDICTION_HANDOFF,PARTIAL,14.47,OUT_OF_SCOPE
INT-003304,CMP-003304,NO_ACTION,SUCCESS,10.76,ACTED
INT-003305,CMP-003305,ACCOUNT_FREEZE,SUCCESS,26.31,ACTED
INT-003306,CMP-003306,NO_ACTION,SUCCESS,37.73,ALREADY_ACTIONED
INT-003307,CMP-003307,LIEN_MARK,SUCCESS,21.71,ACTED
INT-003308,CMP-003308,NO_ACTION,NO_ACTION,28.34,ALREADY_ACTIONED
INT-003309,CMP-003309,ACCOUNT_FREEZE,PARTIAL,36.42,OUT_OF_SCOPE
INT-003310,CMP-003310,JURISDICTION_HANDOFF,NO_ACTION,3.54,ACTED
INT-003311,CMP-003311,ENDPOINT_WATCH,PARTIAL,15.94,ACTED
INT-003312,CMP-003312,NO_ACTION,SUCCESS,40.91,ACTED
INT-003313,CMP-003313,ACCOUNT_FREEZE,SUCCESS,7.67,ACTED
INT-003314,CMP-003314,NO_ACTION,NO_ACTION,5.34,OUT_OF_SCOPE
INT-003315,CMP-003315,ACCOUNT_FREEZE,PARTIAL,29.31,ACTED
INT-003316,CMP-003316,ACCOUNT_FREEZE,SUCCESS,42.07,ALREADY_ACTIONED
INT-003317,CMP-003317,LIEN_MARK,SUCCESS,13.72,ALREADY_ACTIONED
INT-003318,CMP-003318,JURISDICTION_HANDOFF,SUCCESS,31.7,ALREADY_ACTIONED
INT-003319,CMP-003319,ACCOUNT_FREEZE,SUCCESS,22.24,ACTED
INT-003320,CMP-003320,NO_ACTION,PARTIAL,21.21,ACTED
INT-003321,CMP-003321,JURISDICTION_HANDOFF,NO_ACTION,41.63,ACTED
INT-003322,CMP-003322,ACCOUNT_FREEZE,SUCCESS,11.25,FALSE_POSITIVE
INT-003323,CMP-003323,ENDPOINT_WATCH,NO_ACTION,20.91,ACTED
INT-003324,CMP-003324,ACCOUNT_FREEZE,NO_ACTION,38.61,ACTED
INT-003325,CMP-003325,NO_ACTION,SUCCESS,29.45,OUT_OF_SCOPE
INT-003326,CMP-003326,ENDPOINT_WATCH,SUCCESS,46.08,ACTED
INT-003327,CMP-003327,ENDPOINT_WATCH,SUCCESS,18.54,ACTED
INT-003328,CMP-003328,JURISDICTION_HANDOFF,SUCCESS,16.39,ACTED
INT-003329,CMP-003329,LIEN_MARK,SUCCESS,23.2,NOT_ACTED
INT-003330,CMP-003330,ACCOUNT_FREEZE,NO_ACTION,27.31,NOT_ACTED
INT-003331,CMP-003331,NO_ACTION,PARTIAL,17.56,ALREADY_ACTIONED
INT-003332,CMP-003332,ACCOUNT_FREEZE,PARTIAL,4.31,OUT_OF_SCOPE
INT-003333,CMP-003333,ACCOUNT_FREEZE,SUCCESS,3.49,ALREADY_ACTIONED
INT-003334,CMP-003334,JURISDICTION_HANDOFF,SUCCESS,27.96,ACTED
INT-003335,CMP-003335,JURISDICTION_HANDOFF,SUCCESS,47.57,NOT_ACTED
INT-003336,CMP-003336,JURISDICTION_HANDOFF,SUCCESS,24.28,NOT_ACTED
INT-003337,CMP-003337,JURISDICTION_HANDOFF,NO_ACTION,13.6,ACTED
INT-003338,CMP-003338,ENDPOINT_WATCH,SUCCESS,45.66,NOT_ACTED
INT-003339,CMP-003339,ACCOUNT_FREEZE,SUCCESS,10.02,OUT_OF_SCOPE
INT-003340,CMP-003340,ENDPOINT_WATCH,SUCCESS,20.03,OUT_OF_SCOPE
INT-003341,CMP-003341,NO_ACTION,SUCCESS,6.4,ACTED
INT-003342,CMP-003342,ACCOUNT_FREEZE,SUCCESS,43.61,OUT_OF_SCOPE
INT-003343,CMP-003343,JURISDICTION_HANDOFF,PARTIAL,13.73,NOT_ACTED
INT-003344,CMP-003344,LIEN_MARK,SUCCESS,13.39,OUT_OF_SCOPE
INT-003345,CMP-003345,LIEN_MARK,PARTIAL,35.06,NOT_ACTED
INT-003346,CMP-003346,LIEN_MARK,SUCCESS,8.04,NOT_ACTED
INT-003347,CMP-003347,NO_ACTION,SUCCESS,29.76,FALSE_POSITIVE
INT-003348,CMP-003348,ENDPOINT_WATCH,SUCCESS,14.03,NOT_ACTED
INT-003349,CMP-003349,ACCOUNT_FREEZE,SUCCESS,9.44,ALREADY_ACTIONED
INT-003350,CMP-003350,ACCOUNT_FREEZE,SUCCESS,31.53,ACTED
INT-003351,CMP-003351,ENDPOINT_WATCH,SUCCESS,20.55,OUT_OF_SCOPE
INT-003352,CMP-003352,NO_ACTION,NO_ACTION,3.58,ACTED
INT-003353,CMP-003353,ACCOUNT_FREEZE,SUCCESS,43.44,ACTED
INT-003354,CMP-003354,ACCOUNT_FREEZE,SUCCESS,11.4,FALSE_POSITIVE
INT-003355,CMP-003355,JURISDICTION_HANDOFF,PARTIAL,13.21,NOT_ACTED
INT-003356,CMP-003356,LIEN_MARK,SUCCESS,34.67,ACTED
INT-003357,CMP-003357,ACCOUNT_FREEZE,PARTIAL,11.04,ACTED
INT-003358,CMP-003358,LIEN_MARK,PARTIAL,15.86,ALREADY_ACTIONED
INT-003359,CMP-003359,ENDPOINT_WATCH,SUCCESS,10.62,ALREADY_ACTIONED
INT-003360,CMP-003360,NO_ACTION,NO_ACTION,30.55,FALSE_POSITIVE
INT-003361,CMP-003361,LIEN_MARK,NO_ACTION,31.9,ACTED
INT-003362,CMP-003362,NO_ACTION,NO_ACTION,33.69,ACTED
INT-003363,CMP-003363,ACCOUNT_FREEZE,NO_ACTION,3.74,ACTED
INT-003364,CMP-003364,LIEN_MARK,SUCCESS,31.56,ACTED
INT-003365,CMP-003365,ACCOUNT_FREEZE,PARTIAL,41.1,NOT_ACTED
INT-003366,CMP-003366,JURISDICTION_HANDOFF,SUCCESS,31.15,ACTED
INT-003367,CMP-003367,JURISDICTION_HANDOFF,SUCCESS,17.38,ACTED
INT-003368,CMP-003368,NO_ACTION,PARTIAL,39.71,ACTED
INT-003369,CMP-003369,LIEN_MARK,PARTIAL,16.67,ACTED
INT-003370,CMP-003370,LIEN_MARK,SUCCESS,37.84,ACTED
INT-003371,CMP-003371,LIEN_MARK,PARTIAL,5.18,FALSE_POSITIVE
INT-003372,CMP-003372,ENDPOINT_WATCH,SUCCESS,40.12,ACTED
INT-003373,CMP-003373,ACCOUNT_FREEZE,SUCCESS,45.61,ACTED
INT-003374,CMP-003374,LIEN_MARK,SUCCESS,38.69,ACTED
INT-003375,CMP-003375,ACCOUNT_FREEZE,SUCCESS,18.91,ACTED
INT-003376,CMP-003376,NO_ACTION,SUCCESS,20.29,ACTED
INT-003377,CMP-003377,LIEN_MARK,PARTIAL,21.28,OUT_OF_SCOPE
INT-003378,CMP-003378,NO_ACTION,SUCCESS,35.53,NOT_ACTED
INT-003379,CMP-003379,ENDPOINT_WATCH,PARTIAL,29.6,NOT_ACTED
INT-003380,CMP-003380,NO_ACTION,NO_ACTION,27.73,FALSE_POSITIVE
INT-003381,CMP-003381,NO_ACTION,SUCCESS,35.41,ACTED
INT-003382,CMP-003382,ENDPOINT_WATCH,PARTIAL,39.17,NOT_ACTED
INT-003383,CMP-003383,LIEN_MARK,PARTIAL,40.55,ALREADY_ACTIONED
INT-003384,CMP-003384,JURISDICTION_HANDOFF,SUCCESS,10.27,ALREADY_ACTIONED
INT-003385,CMP-003385,NO_ACTION,SUCCESS,5.74,ACTED
INT-003386,CMP-003386,JURISDICTION_HANDOFF,SUCCESS,40.13,ACTED
INT-003387,CMP-003387,ENDPOINT_WATCH,SUCCESS,35.95,ALREADY_ACTIONED
INT-003388,CMP-003388,LIEN_MARK,PARTIAL,31.2,FALSE_POSITIVE
INT-003389,CMP-003389,ENDPOINT_WATCH,SUCCESS,18.64,ACTED
INT-003390,CMP-003390,ACCOUNT_FREEZE,SUCCESS,3.81,NOT_ACTED
INT-003391,CMP-003391,JURISDICTION_HANDOFF,SUCCESS,6.27,FALSE_POSITIVE
INT-003392,CMP-003392,ACCOUNT_FREEZE,SUCCESS,40.04,NOT_ACTED
INT-003393,CMP-003393,JURISDICTION_HANDOFF,PARTIAL,21.85,ACTED
INT-003394,CMP-003394,JURISDICTION_HANDOFF,SUCCESS,10.46,FALSE_POSITIVE
INT-003395,CMP-003395,ENDPOINT_WATCH,SUCCESS,19.26,ACTED
INT-003396,CMP-003396,ACCOUNT_FREEZE,SUCCESS,33.47,ACTED
INT-003397,CMP-003397,ACCOUNT_FREEZE,SUCCESS,10.02,ACTED
INT-003398,CMP-003398,LIEN_MARK,NO_ACTION,23.81,ACTED
INT-003399,CMP-003399,ACCOUNT_FREEZE,SUCCESS,14.32,OUT_OF_SCOPE
INT-003400,CMP-003400,LIEN_MARK,SUCCESS,7.15,FALSE_POSITIVE
INT-003401,CMP-003401,NO_ACTION,PARTIAL,26.05,NOT_ACTED
INT-003402,CMP-003402,ENDPOINT_WATCH,SUCCESS,47.88,ACTED
INT-003403,CMP-003403,JURISDICTION_HANDOFF,PARTIAL,32.29,ACTED
INT-003404,CMP-003404,ACCOUNT_FREEZE,SUCCESS,21.29,ACTED
INT-003405,CMP-003405,LIEN_MARK,PARTIAL,35.75,ACTED
INT-003406,CMP-003406,LIEN_MARK,SUCCESS,31.26,OUT_OF_SCOPE
INT-003407,CMP-003407,ACCOUNT_FREEZE,PARTIAL,44.95,ACTED
INT-003408,CMP-003408,ACCOUNT_FREEZE,SUCCESS,30.46,NOT_ACTED
INT-003409,CMP-003409,ACCOUNT_FREEZE,SUCCESS,43.3,ACTED
INT-003410,CMP-003410,NO_ACTION,SUCCESS,25.71,ALREADY_ACTIONED
INT-003411,CMP-003411,JURISDICTION_HANDOFF,SUCCESS,16.83,NOT_ACTED
INT-003412,CMP-003412,LIEN_MARK,SUCCESS,4.21,ACTED
INT-003413,CMP-003413,JURISDICTION_HANDOFF,SUCCESS,31.81,NOT_ACTED
INT-003414,CMP-003414,NO_ACTION,SUCCESS,41.65,NOT_ACTED
INT-003415,CMP-003415,LIEN_MARK,SUCCESS,25.86,NOT_ACTED
INT-003416,CMP-003416,ACCOUNT_FREEZE,SUCCESS,22.27,OUT_OF_SCOPE
INT-003417,CMP-003417,NO_ACTION,SUCCESS,20.91,ACTED
INT-003418,CMP-003418,JURISDICTION_HANDOFF,SUCCESS,14.11,NOT_ACTED
INT-003419,CMP-003419,LIEN_MARK,PARTIAL,17.02,ACTED
INT-003420,CMP-003420,ACCOUNT_FREEZE,SUCCESS,29.88,ALREADY_ACTIONED
INT-003421,CMP-003421,JURISDICTION_HANDOFF,PARTIAL,44.5,ALREADY_ACTIONED
INT-003422,CMP-003422,JURISDICTION_HANDOFF,SUCCESS,34.3,ACTED
INT-003423,CMP-003423,ACCOUNT_FREEZE,SUCCESS,9.52,ACTED
INT-003424,CMP-003424,JURISDICTION_HANDOFF,SUCCESS,13.45,NOT_ACTED
INT-003425,CMP-003425,ACCOUNT_FREEZE,SUCCESS,9.59,ACTED
INT-003426,CMP-003426,LIEN_MARK,PARTIAL,40.44,NOT_ACTED
INT-003427,CMP-003427,JURISDICTION_HANDOFF,SUCCESS,19.57,NOT_ACTED
INT-003428,CMP-003428,NO_ACTION,SUCCESS,30.58,ACTED
INT-003429,CMP-003429,ACCOUNT_FREEZE,PARTIAL,14.79,ACTED
INT-003430,CMP-003430,JURISDICTION_HANDOFF,SUCCESS,23.1,FALSE_POSITIVE
INT-003431,CMP-003431,NO_ACTION,SUCCESS,24.27,ALREADY_ACTIONED
INT-003432,CMP-003432,JURISDICTION_HANDOFF,SUCCESS,12.32,ACTED
INT-003433,CMP-003433,JURISDICTION_HANDOFF,SUCCESS,15.06,ALREADY_ACTIONED
INT-003434,CMP-003434,ENDPOINT_WATCH,SUCCESS,31.1,ACTED
INT-003435,CMP-003435,JURISDICTION_HANDOFF,SUCCESS,18.24,ALREADY_ACTIONED
INT-003436,CMP-003436,NO_ACTION,SUCCESS,30.59,NOT_ACTED
INT-003437,CMP-003437,LIEN_MARK,PARTIAL,38.73,NOT_ACTED
INT-003438,CMP-003438,JURISDICTION_HANDOFF,PARTIAL,6.2,NOT_ACTED
INT-003439,CMP-003439,ENDPOINT_WATCH,PARTIAL,17.44,NOT_ACTED
INT-003440,CMP-003440,ACCOUNT_FREEZE,SUCCESS,27.56,ACTED
INT-003441,CMP-003441,ENDPOINT_WATCH,SUCCESS,41.63,ALREADY_ACTIONED
INT-003442,CMP-003442,ACCOUNT_FREEZE,NO_ACTION,10.61,FALSE_POSITIVE
INT-003443,CMP-003443,ACCOUNT_FREEZE,SUCCESS,14.08,ACTED
INT-003444,CMP-003444,NO_ACTION,NO_ACTION,10.6,ALREADY_ACTIONED
INT-003445,CMP-003445,ENDPOINT_WATCH,PARTIAL,33.14,FALSE_POSITIVE
INT-003446,CMP-003446,ENDPOINT_WATCH,SUCCESS,36.79,ALREADY_ACTIONED
INT-003447,CMP-003447,ENDPOINT_WATCH,NO_ACTION,32.51,ACTED
INT-003448,CMP-003448,ACCOUNT_FREEZE,PARTIAL,29.65,FALSE_POSITIVE
INT-003449,CMP-003449,JURISDICTION_HANDOFF,SUCCESS,32.77,ALREADY_ACTIONED
INT-003450,CMP-003450,ACCOUNT_FREEZE,SUCCESS,9.05,ALREADY_ACTIONED
INT-003451,CMP-003451,JURISDICTION_HANDOFF,SUCCESS,32.86,NOT_ACTED
INT-003452,CMP-003452,JURISDICTION_HANDOFF,SUCCESS,22.08,FALSE_POSITIVE
INT-003453,CMP-003453,LIEN_MARK,SUCCESS,27.4,ACTED
INT-003454,CMP-003454,JURISDICTION_HANDOFF,NO_ACTION,23.25,ALREADY_ACTIONED
INT-003455,CMP-003455,JURISDICTION_HANDOFF,SUCCESS,30.84,NOT_ACTED
INT-003456,CMP-003456,ENDPOINT_WATCH,SUCCESS,38.69,ACTED
INT-003457,CMP-003457,JURISDICTION_HANDOFF,PARTIAL,22.92,ACTED
INT-003458,CMP-003458,ACCOUNT_FREEZE,NO_ACTION,37.56,ACTED
INT-003459,CMP-003459,ENDPOINT_WATCH,SUCCESS,46.17,NOT_ACTED
INT-003460,CMP-003460,JURISDICTION_HANDOFF,PARTIAL,10.1,FALSE_POSITIVE
INT-003461,CMP-003461,JURISDICTION_HANDOFF,SUCCESS,20.33,NOT_ACTED
INT-003462,CMP-003462,NO_ACTION,SUCCESS,17.76,ACTED
INT-003463,CMP-003463,JURISDICTION_HANDOFF,PARTIAL,45.19,NOT_ACTED
INT-003464,CMP-003464,ACCOUNT_FREEZE,PARTIAL,41.35,ACTED
INT-003465,CMP-003465,ENDPOINT_WATCH,SUCCESS,32.7,ACTED
INT-003466,CMP-003466,LIEN_MARK,NO_ACTION,25.0,ACTED
INT-003467,CMP-003467,ACCOUNT_FREEZE,SUCCESS,23.74,NOT_ACTED
INT-003468,CMP-003468,ACCOUNT_FREEZE,SUCCESS,31.68,NOT_ACTED
INT-003469,CMP-003469,ENDPOINT_WATCH,PARTIAL,12.59,ACTED
INT-003470,CMP-003470,JURISDICTION_HANDOFF,SUCCESS,36.06,NOT_ACTED
INT-003471,CMP-003471,NO_ACTION,SUCCESS,7.76,ALREADY_ACTIONED
INT-003472,CMP-003472,ACCOUNT_FREEZE,NO_ACTION,44.69,FALSE_POSITIVE
INT-003473,CMP-003473,NO_ACTION,SUCCESS,4.29,NOT_ACTED
INT-003474,CMP-003474,ACCOUNT_FREEZE,SUCCESS,8.38,OUT_OF_SCOPE
INT-003475,CMP-003475,LIEN_MARK,SUCCESS,22.8,ACTED
INT-003476,CMP-003476,JURISDICTION_HANDOFF,NO_ACTION,30.32,NOT_ACTED
INT-003477,CMP-003477,ENDPOINT_WATCH,SUCCESS,11.39,ACTED
INT-003478,CMP-003478,NO_ACTION,SUCCESS,47.66,NOT_ACTED
INT-003479,CMP-003479,JURISDICTION_HANDOFF,PARTIAL,12.01,NOT_ACTED
INT-003480,CMP-003480,ACCOUNT_FREEZE,SUCCESS,18.1,NOT_ACTED
INT-003481,CMP-003481,ENDPOINT_WATCH,SUCCESS,27.65,ALREADY_ACTIONED
INT-003482,CMP-003482,JURISDICTION_HANDOFF,NO_ACTION,8.81,NOT_ACTED
INT-003483,CMP-003483,LIEN_MARK,PARTIAL,16.95,ALREADY_ACTIONED
INT-003484,CMP-003484,ENDPOINT_WATCH,SUCCESS,45.33,ALREADY_ACTIONED
INT-003485,CMP-003485,ENDPOINT_WATCH,SUCCESS,34.62,ACTED
INT-003486,CMP-003486,ENDPOINT_WATCH,SUCCESS,36.56,ACTED
INT-003487,CMP-003487,JURISDICTION_HANDOFF,SUCCESS,20.85,FALSE_POSITIVE
INT-003488,CMP-003488,NO_ACTION,SUCCESS,7.32,NOT_ACTED
INT-003489,CMP-003489,NO_ACTION,SUCCESS,39.18,ALREADY_ACTIONED
INT-003490,CMP-003490,LIEN_MARK,SUCCESS,30.79,ACTED
INT-003491,CMP-003491,ACCOUNT_FREEZE,SUCCESS,16.3,ACTED
INT-003492,CMP-003492,NO_ACTION,NO_ACTION,26.38,ACTED
INT-003493,CMP-003493,JURISDICTION_HANDOFF,SUCCESS,10.39,ACTED
INT-003494,CMP-003494,NO_ACTION,NO_ACTION,44.05,OUT_OF_SCOPE
INT-003495,CMP-003495,ENDPOINT_WATCH,NO_ACTION,18.12,NOT_ACTED
INT-003496,CMP-003496,ENDPOINT_WATCH,PARTIAL,24.3,ACTED
INT-003497,CMP-003497,ACCOUNT_FREEZE,NO_ACTION,23.79,OUT_OF_SCOPE
INT-003498,CMP-003498,LIEN_MARK,SUCCESS,44.83,NOT_ACTED
INT-003499,CMP-003499,NO_ACTION,SUCCESS,35.59,FALSE_POSITIVE
INT-003500,CMP-003500,ENDPOINT_WATCH,SUCCESS,15.38,ACTED
INT-003501,CMP-003501,JURISDICTION_HANDOFF,SUCCESS,6.14,OUT_OF_SCOPE
INT-003502,CMP-003502,ACCOUNT_FREEZE,PARTIAL,23.5,NOT_ACTED
INT-003503,CMP-003503,ACCOUNT_FREEZE,SUCCESS,4.56,OUT_OF_SCOPE
INT-003504,CMP-003504,NO_ACTION,SUCCESS,24.58,NOT_ACTED
INT-003505,CMP-003505,NO_ACTION,PARTIAL,15.3,FALSE_POSITIVE
INT-003506,CMP-003506,ACCOUNT_FREEZE,NO_ACTION,27.27,NOT_ACTED
INT-003507,CMP-003507,NO_ACTION,PARTIAL,40.4,ACTED
INT-003508,CMP-003508,LIEN_MARK,NO_ACTION,30.04,OUT_OF_SCOPE
INT-003509,CMP-003509,NO_ACTION,SUCCESS,42.01,ACTED
INT-003510,CMP-003510,NO_ACTION,SUCCESS,18.56,ACTED
INT-003511,CMP-003511,NO_ACTION,PARTIAL,26.35,NOT_ACTED
INT-003512,CMP-003512,ENDPOINT_WATCH,NO_ACTION,22.06,OUT_OF_SCOPE
INT-003513,CMP-003513,JURISDICTION_HANDOFF,SUCCESS,10.91,OUT_OF_SCOPE
INT-003514,CMP-003514,ACCOUNT_FREEZE,SUCCESS,28.59,ACTED
INT-003515,CMP-003515,NO_ACTION,PARTIAL,36.59,NOT_ACTED
INT-003516,CMP-003516,ACCOUNT_FREEZE,SUCCESS,17.06,NOT_ACTED
INT-003517,CMP-003517,ENDPOINT_WATCH,NO_ACTION,30.02,ALREADY_ACTIONED
INT-003518,CMP-003518,JURISDICTION_HANDOFF,SUCCESS,31.62,ACTED
INT-003519,CMP-003519,JURISDICTION_HANDOFF,SUCCESS,38.63,ACTED
INT-003520,CMP-003520,NO_ACTION,PARTIAL,30.9,ACTED
INT-003521,CMP-003521,JURISDICTION_HANDOFF,PARTIAL,38.79,ACTED
INT-003522,CMP-003522,NO_ACTION,NO_ACTION,4.67,NOT_ACTED
INT-003523,CMP-003523,ENDPOINT_WATCH,PARTIAL,23.54,FALSE_POSITIVE
INT-003524,CMP-003524,NO_ACTION,NO_ACTION,26.66,ACTED
INT-003525,CMP-003525,LIEN_MARK,SUCCESS,33.79,ACTED
INT-003526,CMP-003526,JURISDICTION_HANDOFF,PARTIAL,20.48,NOT_ACTED
INT-003527,CMP-003527,ENDPOINT_WATCH,SUCCESS,28.11,NOT_ACTED
INT-003528,CMP-003528,ENDPOINT_WATCH,SUCCESS,17.63,NOT_ACTED
INT-003529,CMP-003529,JURISDICTION_HANDOFF,NO_ACTION,34.09,ACTED
INT-003530,CMP-003530,JURISDICTION_HANDOFF,NO_ACTION,5.4,ACTED
INT-003531,CMP-003531,ACCOUNT_FREEZE,PARTIAL,47.05,FALSE_POSITIVE
INT-003532,CMP-003532,LIEN_MARK,SUCCESS,41.35,OUT_OF_SCOPE
INT-003533,CMP-003533,JURISDICTION_HANDOFF,SUCCESS,9.45,NOT_ACTED
INT-003534,CMP-003534,LIEN_MARK,SUCCESS,25.99,NOT_ACTED
INT-003535,CMP-003535,JURISDICTION_HANDOFF,PARTIAL,22.52,ACTED
INT-003536,CMP-003536,LIEN_MARK,SUCCESS,15.2,NOT_ACTED
INT-003537,CMP-003537,NO_ACTION,PARTIAL,14.79,FALSE_POSITIVE
INT-003538,CMP-003538,NO_ACTION,SUCCESS,32.42,ACTED
INT-003539,CMP-003539,JURISDICTION_HANDOFF,NO_ACTION,34.94,ACTED
INT-003540,CMP-003540,JURISDICTION_HANDOFF,NO_ACTION,45.06,ACTED
INT-003541,CMP-003541,LIEN_MARK,SUCCESS,15.74,NOT_ACTED
INT-003542,CMP-003542,ACCOUNT_FREEZE,SUCCESS,22.89,ALREADY_ACTIONED
INT-003543,CMP-003543,NO_ACTION,SUCCESS,30.41,ACTED
INT-003544,CMP-003544,ACCOUNT_FREEZE,SUCCESS,28.06,ACTED
INT-003545,CMP-003545,JURISDICTION_HANDOFF,SUCCESS,17.62,FALSE_POSITIVE
INT-003546,CMP-003546,ENDPOINT_WATCH,SUCCESS,21.94,ALREADY_ACTIONED
INT-003547,CMP-003547,ACCOUNT_FREEZE,SUCCESS,8.41,ACTED
INT-003548,CMP-003548,LIEN_MARK,PARTIAL,30.29,ALREADY_ACTIONED
INT-003549,CMP-003549,JURISDICTION_HANDOFF,SUCCESS,29.64,ACTED
INT-003550,CMP-003550,NO_ACTION,PARTIAL,39.09,ACTED
INT-003551,CMP-003551,NO_ACTION,SUCCESS,39.37,NOT_ACTED
INT-003552,CMP-003552,NO_ACTION,NO_ACTION,47.73,OUT_OF_SCOPE
INT-003553,CMP-003553,ENDPOINT_WATCH,PARTIAL,30.96,NOT_ACTED
INT-003554,CMP-003554,ENDPOINT_WATCH,SUCCESS,16.37,NOT_ACTED
INT-003555,CMP-003555,JURISDICTION_HANDOFF,PARTIAL,15.29,OUT_OF_SCOPE
INT-003556,CMP-003556,LIEN_MARK,NO_ACTION,11.47,ACTED
INT-003557,CMP-003557,ENDPOINT_WATCH,SUCCESS,11.18,ACTED
INT-003558,CMP-003558,ACCOUNT_FREEZE,NO_ACTION,15.7,ACTED
INT-003559,CMP-003559,JURISDICTION_HANDOFF,SUCCESS,14.47,ACTED
INT-003560,CMP-003560,LIEN_MARK,SUCCESS,44.07,FALSE_POSITIVE
INT-003561,CMP-003561,JURISDICTION_HANDOFF,SUCCESS,11.53,FALSE_POSITIVE
INT-003562,CMP-003562,NO_ACTION,NO_ACTION,21.45,NOT_ACTED
INT-003563,CMP-003563,NO_ACTION,SUCCESS,47.53,FALSE_POSITIVE
INT-003564,CMP-003564,NO_ACTION,NO_ACTION,46.12,NOT_ACTED
INT-003565,CMP-003565,NO_ACTION,SUCCESS,8.03,ALREADY_ACTIONED
INT-003566,CMP-003566,LIEN_MARK,PARTIAL,9.12,ACTED
INT-003567,CMP-003567,JURISDICTION_HANDOFF,SUCCESS,17.98,ACTED
INT-003568,CMP-003568,JURISDICTION_HANDOFF,NO_ACTION,18.9,NOT_ACTED
INT-003569,CMP-003569,LIEN_MARK,SUCCESS,26.22,FALSE_POSITIVE
INT-003570,CMP-003570,NO_ACTION,SUCCESS,12.32,NOT_ACTED
INT-003571,CMP-003571,NO_ACTION,PARTIAL,8.68,ACTED
INT-003572,CMP-003572,JURISDICTION_HANDOFF,NO_ACTION,36.06,ACTED
INT-003573,CMP-003573,ACCOUNT_FREEZE,PARTIAL,36.92,ACTED
INT-003574,CMP-003574,JURISDICTION_HANDOFF,SUCCESS,22.24,ALREADY_ACTIONED
INT-003575,CMP-003575,ACCOUNT_FREEZE,NO_ACTION,12.1,ACTED
INT-003576,CMP-003576,ENDPOINT_WATCH,NO_ACTION,39.48,ACTED
INT-003577,CMP-003577,LIEN_MARK,PARTIAL,22.04,FALSE_POSITIVE
INT-003578,CMP-003578,ACCOUNT_FREEZE,SUCCESS,31.66,NOT_ACTED
INT-003579,CMP-003579,ACCOUNT_FREEZE,SUCCESS,29.37,ALREADY_ACTIONED
INT-003580,CMP-003580,LIEN_MARK,SUCCESS,26.08,NOT_ACTED
INT-003581,CMP-003581,ACCOUNT_FREEZE,PARTIAL,25.13,NOT_ACTED
INT-003582,CMP-003582,JURISDICTION_HANDOFF,SUCCESS,24.12,FALSE_POSITIVE
INT-003583,CMP-003583,NO_ACTION,SUCCESS,21.5,ACTED
INT-003584,CMP-003584,ENDPOINT_WATCH,SUCCESS,44.81,OUT_OF_SCOPE
INT-003585,CMP-003585,ACCOUNT_FREEZE,SUCCESS,33.0,ACTED
INT-003586,CMP-003586,ENDPOINT_WATCH,SUCCESS,44.75,ALREADY_ACTIONED
INT-003587,CMP-003587,JURISDICTION_HANDOFF,SUCCESS,36.96,ACTED
INT-003588,CMP-003588,ACCOUNT_FREEZE,SUCCESS,22.48,FALSE_POSITIVE
INT-003589,CMP-003589,LIEN_MARK,SUCCESS,22.64,ACTED
INT-003590,CMP-003590,JURISDICTION_HANDOFF,SUCCESS,43.57,FALSE_POSITIVE
INT-003591,CMP-003591,NO_ACTION,SUCCESS,40.9,NOT_ACTED
INT-003592,CMP-003592,ENDPOINT_WATCH,NO_ACTION,31.43,ACTED
INT-003593,CMP-003593,ENDPOINT_WATCH,NO_ACTION,27.52,NOT_ACTED
INT-003594,CMP-003594,NO_ACTION,SUCCESS,27.85,FALSE_POSITIVE
INT-003595,CMP-003595,JURISDICTION_HANDOFF,PARTIAL,5.06,ACTED
INT-003596,CMP-003596,JURISDICTION_HANDOFF,PARTIAL,38.11,ACTED
INT-003597,CMP-003597,ACCOUNT_FREEZE,NO_ACTION,24.46,NOT_ACTED
INT-003598,CMP-003598,LIEN_MARK,SUCCESS,21.74,OUT_OF_SCOPE
INT-003599,CMP-003599,NO_ACTION,SUCCESS,31.69,ALREADY_ACTIONED
INT-003600,CMP-003600,JURISDICTION_HANDOFF,SUCCESS,25.55,ACTED
INT-003601,CMP-003601,LIEN_MARK,SUCCESS,40.8,ACTED
INT-003602,CMP-003602,LIEN_MARK,PARTIAL,14.78,ACTED
INT-003603,CMP-003603,LIEN_MARK,SUCCESS,40.72,ALREADY_ACTIONED
INT-003604,CMP-003604,ACCOUNT_FREEZE,PARTIAL,38.21,ACTED
INT-003605,CMP-003605,LIEN_MARK,SUCCESS,10.84,NOT_ACTED
INT-003606,CMP-003606,JURISDICTION_HANDOFF,SUCCESS,38.14,NOT_ACTED
INT-003607,CMP-003607,JURISDICTION_HANDOFF,SUCCESS,12.09,ACTED
INT-003608,CMP-003608,ENDPOINT_WATCH,PARTIAL,10.38,ACTED
INT-003609,CMP-003609,ENDPOINT_WATCH,PARTIAL,34.95,ACTED
INT-003610,CMP-003610,NO_ACTION,PARTIAL,21.63,ALREADY_ACTIONED
INT-003611,CMP-003611,ENDPOINT_WATCH,NO_ACTION,43.1,NOT_ACTED
INT-003612,CMP-003612,JURISDICTION_HANDOFF,PARTIAL,13.53,ACTED
INT-003613,CMP-003613,NO_ACTION,SUCCESS,16.61,OUT_OF_SCOPE
INT-003614,CMP-003614,LIEN_MARK,SUCCESS,37.46,FALSE_POSITIVE
INT-003615,CMP-003615,NO_ACTION,SUCCESS,38.33,FALSE_POSITIVE
INT-003616,CMP-003616,JURISDICTION_HANDOFF,NO_ACTION,29.64,OUT_OF_SCOPE
INT-003617,CMP-003617,NO_ACTION,SUCCESS,23.46,NOT_ACTED
INT-003618,CMP-003618,ACCOUNT_FREEZE,SUCCESS,25.39,OUT_OF_SCOPE
INT-003619,CMP-003619,ACCOUNT_FREEZE,NO_ACTION,7.06,ALREADY_ACTIONED
INT-003620,CMP-003620,LIEN_MARK,PARTIAL,33.37,NOT_ACTED
INT-003621,CMP-003621,NO_ACTION,NO_ACTION,9.05,ACTED
INT-003622,CMP-003622,LIEN_MARK,PARTIAL,44.58,ACTED
INT-003623,CMP-003623,LIEN_MARK,PARTIAL,17.37,FALSE_POSITIVE
INT-003624,CMP-003624,JURISDICTION_HANDOFF,SUCCESS,43.47,ACTED
INT-003625,CMP-003625,LIEN_MARK,PARTIAL,25.5,ACTED
INT-003626,CMP-003626,ACCOUNT_FREEZE,SUCCESS,47.18,ALREADY_ACTIONED
INT-003627,CMP-003627,ACCOUNT_FREEZE,SUCCESS,46.66,ALREADY_ACTIONED
INT-003628,CMP-003628,LIEN_MARK,SUCCESS,43.08,FALSE_POSITIVE
INT-003629,CMP-003629,ACCOUNT_FREEZE,PARTIAL,13.79,ACTED
INT-003630,CMP-003630,ACCOUNT_FREEZE,NO_ACTION,16.9,ACTED
INT-003631,CMP-003631,NO_ACTION,PARTIAL,34.83,ACTED
INT-003632,CMP-003632,JURISDICTION_HANDOFF,SUCCESS,37.12,ACTED
INT-003633,CMP-003633,NO_ACTION,SUCCESS,15.97,ACTED
INT-003634,CMP-003634,LIEN_MARK,PARTIAL,4.85,ALREADY_ACTIONED
INT-003635,CMP-003635,NO_ACTION,SUCCESS,29.07,ACTED
INT-003636,CMP-003636,ENDPOINT_WATCH,SUCCESS,7.65,ALREADY_ACTIONED
INT-003637,CMP-003637,ACCOUNT_FREEZE,SUCCESS,37.98,ACTED
INT-003638,CMP-003638,ACCOUNT_FREEZE,SUCCESS,45.82,OUT_OF_SCOPE
INT-003639,CMP-003639,NO_ACTION,SUCCESS,31.49,NOT_ACTED
INT-003640,CMP-003640,LIEN_MARK,SUCCESS,35.81,ACTED
INT-003641,CMP-003641,ACCOUNT_FREEZE,PARTIAL,24.33,ACTED
INT-003642,CMP-003642,ACCOUNT_FREEZE,SUCCESS,5.36,NOT_ACTED
INT-003643,CMP-003643,LIEN_MARK,NO_ACTION,22.34,OUT_OF_SCOPE
INT-003644,CMP-003644,NO_ACTION,SUCCESS,26.8,ACTED
INT-003645,CMP-003645,NO_ACTION,PARTIAL,22.25,ACTED
INT-003646,CMP-003646,ACCOUNT_FREEZE,SUCCESS,6.92,ACTED
INT-003647,CMP-003647,JURISDICTION_HANDOFF,SUCCESS,12.79,OUT_OF_SCOPE
INT-003648,CMP-003648,JURISDICTION_HANDOFF,SUCCESS,22.49,ALREADY_ACTIONED
INT-003649,CMP-003649,JURISDICTION_HANDOFF,SUCCESS,18.77,NOT_ACTED
INT-003650,CMP-003650,ACCOUNT_FREEZE,SUCCESS,9.41,NOT_ACTED
INT-003651,CMP-003651,NO_ACTION,NO_ACTION,24.12,ACTED
INT-003652,CMP-003652,ENDPOINT_WATCH,SUCCESS,37.66,ACTED
INT-003653,CMP-003653,NO_ACTION,SUCCESS,17.54,NOT_ACTED
INT-003654,CMP-003654,ENDPOINT_WATCH,SUCCESS,41.64,NOT_ACTED
INT-003655,CMP-003655,JURISDICTION_HANDOFF,SUCCESS,14.62,NOT_ACTED
INT-003656,CMP-003656,ENDPOINT_WATCH,NO_ACTION,44.24,NOT_ACTED
INT-003657,CMP-003657,NO_ACTION,SUCCESS,21.97,ACTED
INT-003658,CMP-003658,ACCOUNT_FREEZE,PARTIAL,39.9,FALSE_POSITIVE
INT-003659,CMP-003659,JURISDICTION_HANDOFF,SUCCESS,39.59,NOT_ACTED
INT-003660,CMP-003660,LIEN_MARK,NO_ACTION,10.99,ACTED
INT-003661,CMP-003661,ENDPOINT_WATCH,NO_ACTION,3.64,FALSE_POSITIVE
INT-003662,CMP-003662,LIEN_MARK,SUCCESS,33.92,NOT_ACTED
INT-003663,CMP-003663,LIEN_MARK,NO_ACTION,38.85,OUT_OF_SCOPE
INT-003664,CMP-003664,JURISDICTION_HANDOFF,PARTIAL,12.99,NOT_ACTED
INT-003665,CMP-003665,ENDPOINT_WATCH,SUCCESS,33.46,ALREADY_ACTIONED
INT-003666,CMP-003666,ENDPOINT_WATCH,SUCCESS,18.46,ACTED
INT-003667,CMP-003667,ACCOUNT_FREEZE,PARTIAL,45.82,NOT_ACTED
INT-003668,CMP-003668,ENDPOINT_WATCH,SUCCESS,28.73,ACTED
INT-003669,CMP-003669,ACCOUNT_FREEZE,SUCCESS,47.23,OUT_OF_SCOPE
INT-003670,CMP-003670,NO_ACTION,SUCCESS,36.27,ACTED
INT-003671,CMP-003671,LIEN_MARK,SUCCESS,32.9,ACTED
INT-003672,CMP-003672,ACCOUNT_FREEZE,SUCCESS,20.08,ACTED
INT-003673,CMP-003673,NO_ACTION,PARTIAL,33.34,ACTED
INT-003674,CMP-003674,JURISDICTION_HANDOFF,SUCCESS,35.51,ALREADY_ACTIONED
INT-003675,CMP-003675,ACCOUNT_FREEZE,SUCCESS,10.86,ALREADY_ACTIONED
INT-003676,CMP-003676,ACCOUNT_FREEZE,SUCCESS,19.7,ACTED
INT-003677,CMP-003677,JURISDICTION_HANDOFF,SUCCESS,5.74,ACTED
INT-003678,CMP-003678,LIEN_MARK,SUCCESS,40.38,OUT_OF_SCOPE
INT-003679,CMP-003679,LIEN_MARK,SUCCESS,26.35,ALREADY_ACTIONED
INT-003680,CMP-003680,LIEN_MARK,SUCCESS,30.73,ALREADY_ACTIONED
INT-003681,CMP-003681,LIEN_MARK,SUCCESS,28.52,ACTED
INT-003682,CMP-003682,ENDPOINT_WATCH,NO_ACTION,11.39,ACTED
INT-003683,CMP-003683,JURISDICTION_HANDOFF,SUCCESS,27.96,ACTED
INT-003684,CMP-003684,ACCOUNT_FREEZE,PARTIAL,28.51,ACTED
INT-003685,CMP-003685,ENDPOINT_WATCH,SUCCESS,4.57,NOT_ACTED
INT-003686,CMP-003686,NO_ACTION,SUCCESS,19.74,ACTED
INT-003687,CMP-003687,LIEN_MARK,SUCCESS,7.81,ACTED
INT-003688,CMP-003688,JURISDICTION_HANDOFF,NO_ACTION,19.14,OUT_OF_SCOPE
INT-003689,CMP-003689,LIEN_MARK,NO_ACTION,11.34,ALREADY_ACTIONED
INT-003690,CMP-003690,LIEN_MARK,SUCCESS,24.1,ACTED
INT-003691,CMP-003691,ACCOUNT_FREEZE,SUCCESS,9.82,ALREADY_ACTIONED
INT-003692,CMP-003692,NO_ACTION,NO_ACTION,16.88,ACTED
INT-003693,CMP-003693,NO_ACTION,PARTIAL,10.16,NOT_ACTED
INT-003694,CMP-003694,JURISDICTION_HANDOFF,SUCCESS,10.1,FALSE_POSITIVE
INT-003695,CMP-003695,NO_ACTION,PARTIAL,42.45,ALREADY_ACTIONED
INT-003696,CMP-003696,LIEN_MARK,SUCCESS,11.54,ALREADY_ACTIONED
INT-003697,CMP-003697,ENDPOINT_WATCH,NO_ACTION,15.64,ACTED
INT-003698,CMP-003698,LIEN_MARK,SUCCESS,35.91,FALSE_POSITIVE
INT-003699,CMP-003699,LIEN_MARK,NO_ACTION,37.37,ACTED
INT-003700,CMP-003700,ACCOUNT_FREEZE,PARTIAL,25.28,ACTED
INT-003701,CMP-003701,ACCOUNT_FREEZE,PARTIAL,47.82,ALREADY_ACTIONED
INT-003702,CMP-003702,LIEN_MARK,PARTIAL,9.06,NOT_ACTED
INT-003703,CMP-003703,NO_ACTION,SUCCESS,20.8,ACTED
INT-003704,CMP-003704,ACCOUNT_FREEZE,SUCCESS,14.2,ALREADY_ACTIONED
INT-003705,CMP-003705,ENDPOINT_WATCH,NO_ACTION,34.33,ALREADY_ACTIONED
INT-003706,CMP-003706,ACCOUNT_FREEZE,SUCCESS,19.75,ALREADY_ACTIONED
INT-003707,CMP-003707,ACCOUNT_FREEZE,NO_ACTION,43.76,FALSE_POSITIVE
INT-003708,CMP-003708,ENDPOINT_WATCH,SUCCESS,32.26,NOT_ACTED
INT-003709,CMP-003709,NO_ACTION,SUCCESS,14.32,ACTED
INT-003710,CMP-003710,NO_ACTION,SUCCESS,22.66,NOT_ACTED
INT-003711,CMP-003711,LIEN_MARK,SUCCESS,26.74,ACTED
INT-003712,CMP-003712,NO_ACTION,SUCCESS,45.63,ACTED
INT-003713,CMP-003713,LIEN_MARK,PARTIAL,27.37,ACTED
INT-003714,CMP-003714,JURISDICTION_HANDOFF,SUCCESS,27.25,ACTED
INT-003715,CMP-003715,NO_ACTION,NO_ACTION,33.05,ALREADY_ACTIONED
INT-003716,CMP-003716,ACCOUNT_FREEZE,SUCCESS,3.89,FALSE_POSITIVE
INT-003717,CMP-003717,ENDPOINT_WATCH,SUCCESS,5.75,NOT_ACTED
INT-003718,CMP-003718,ACCOUNT_FREEZE,SUCCESS,42.54,OUT_OF_SCOPE
INT-003719,CMP-003719,NO_ACTION,SUCCESS,45.5,NOT_ACTED
INT-003720,CMP-003720,ENDPOINT_WATCH,SUCCESS,44.27,OUT_OF_SCOPE
INT-003721,CMP-003721,NO_ACTION,NO_ACTION,39.54,NOT_ACTED
INT-003722,CMP-003722,ENDPOINT_WATCH,NO_ACTION,40.32,FALSE_POSITIVE
INT-003723,CMP-003723,LIEN_MARK,NO_ACTION,38.88,ACTED
INT-003724,CMP-003724,LIEN_MARK,SUCCESS,13.97,NOT_ACTED
INT-003725,CMP-003725,ENDPOINT_WATCH,SUCCESS,9.17,ACTED
INT-003726,CMP-003726,ENDPOINT_WATCH,NO_ACTION,13.17,FALSE_POSITIVE
INT-003727,CMP-003727,LIEN_MARK,SUCCESS,32.94,NOT_ACTED
INT-003728,CMP-003728,NO_ACTION,SUCCESS,43.1,ACTED
INT-003729,CMP-003729,LIEN_MARK,SUCCESS,30.99,NOT_ACTED
INT-003730,CMP-003730,ACCOUNT_FREEZE,SUCCESS,29.49,ACTED
INT-003731,CMP-003731,LIEN_MARK,PARTIAL,33.61,NOT_ACTED
INT-003732,CMP-003732,JURISDICTION_HANDOFF,PARTIAL,29.05,ACTED
INT-003733,CMP-003733,JURISDICTION_HANDOFF,SUCCESS,45.57,OUT_OF_SCOPE
INT-003734,CMP-003734,ACCOUNT_FREEZE,SUCCESS,37.08,NOT_ACTED
INT-003735,CMP-003735,JURISDICTION_HANDOFF,SUCCESS,24.38,ACTED
INT-003736,CMP-003736,ENDPOINT_WATCH,PARTIAL,34.33,ACTED
INT-003737,CMP-003737,ACCOUNT_FREEZE,NO_ACTION,32.54,FALSE_POSITIVE
INT-003738,CMP-003738,ENDPOINT_WATCH,SUCCESS,17.43,ALREADY_ACTIONED
INT-003739,CMP-003739,JURISDICTION_HANDOFF,NO_ACTION,27.11,ACTED
INT-003740,CMP-003740,ENDPOINT_WATCH,PARTIAL,29.93,ACTED
INT-003741,CMP-003741,LIEN_MARK,SUCCESS,20.41,ACTED
INT-003742,CMP-003742,ACCOUNT_FREEZE,NO_ACTION,28.93,ACTED
INT-003743,CMP-003743,LIEN_MARK,PARTIAL,3.82,ACTED
INT-003744,CMP-003744,JURISDICTION_HANDOFF,SUCCESS,24.04,FALSE_POSITIVE
INT-003745,CMP-003745,JURISDICTION_HANDOFF,PARTIAL,30.72,ALREADY_ACTIONED
INT-003746,CMP-003746,JURISDICTION_HANDOFF,PARTIAL,13.0,ALREADY_ACTIONED
INT-003747,CMP-003747,NO_ACTION,NO_ACTION,34.93,OUT_OF_SCOPE
INT-003748,CMP-003748,ACCOUNT_FREEZE,NO_ACTION,21.62,ALREADY_ACTIONED
INT-003749,CMP-003749,LIEN_MARK,NO_ACTION,12.34,ACTED
INT-003750,CMP-003750,ENDPOINT_WATCH,SUCCESS,35.16,ALREADY_ACTIONED
INT-003751,CMP-003751,ACCOUNT_FREEZE,SUCCESS,24.43,NOT_ACTED
INT-003752,CMP-003752,LIEN_MARK,NO_ACTION,26.36,ACTED
INT-003753,CMP-003753,ACCOUNT_FREEZE,PARTIAL,22.94,NOT_ACTED
INT-003754,CMP-003754,JURISDICTION_HANDOFF,SUCCESS,19.61,NOT_ACTED
INT-003755,CMP-003755,NO_ACTION,SUCCESS,21.22,ACTED
INT-003756,CMP-003756,NO_ACTION,NO_ACTION,42.62,ALREADY_ACTIONED
INT-003757,CMP-003757,LIEN_MARK,SUCCESS,27.45,ALREADY_ACTIONED
INT-003758,CMP-003758,LIEN_MARK,PARTIAL,31.98,ALREADY_ACTIONED
INT-003759,CMP-003759,LIEN_MARK,PARTIAL,42.2,ALREADY_ACTIONED
INT-003760,CMP-003760,JURISDICTION_HANDOFF,SUCCESS,35.22,ACTED
INT-003761,CMP-003761,JURISDICTION_HANDOFF,NO_ACTION,18.88,ALREADY_ACTIONED
INT-003762,CMP-003762,ENDPOINT_WATCH,SUCCESS,19.78,ACTED
INT-003763,CMP-003763,JURISDICTION_HANDOFF,SUCCESS,38.63,ALREADY_ACTIONED
INT-003764,CMP-003764,ACCOUNT_FREEZE,SUCCESS,35.7,NOT_ACTED
INT-003765,CMP-003765,ENDPOINT_WATCH,SUCCESS,36.45,NOT_ACTED
INT-003766,CMP-003766,LIEN_MARK,PARTIAL,4.42,ACTED
INT-003767,CMP-003767,LIEN_MARK,PARTIAL,31.31,NOT_ACTED
INT-003768,CMP-003768,NO_ACTION,NO_ACTION,15.16,NOT_ACTED
INT-003769,CMP-003769,JURISDICTION_HANDOFF,PARTIAL,19.71,ACTED
INT-003770,CMP-003770,LIEN_MARK,PARTIAL,45.52,ACTED
INT-003771,CMP-003771,ACCOUNT_FREEZE,SUCCESS,24.28,FALSE_POSITIVE
INT-003772,CMP-003772,NO_ACTION,SUCCESS,23.63,NOT_ACTED
INT-003773,CMP-003773,ENDPOINT_WATCH,NO_ACTION,4.44,ACTED
INT-003774,CMP-003774,ENDPOINT_WATCH,NO_ACTION,8.48,ACTED
INT-003775,CMP-003775,LIEN_MARK,SUCCESS,20.22,ALREADY_ACTIONED
INT-003776,CMP-003776,JURISDICTION_HANDOFF,SUCCESS,38.45,ACTED
INT-003777,CMP-003777,LIEN_MARK,SUCCESS,42.39,ACTED
INT-003778,CMP-003778,JURISDICTION_HANDOFF,SUCCESS,10.41,NOT_ACTED
INT-003779,CMP-003779,JURISDICTION_HANDOFF,PARTIAL,20.4,NOT_ACTED
INT-003780,CMP-003780,ACCOUNT_FREEZE,SUCCESS,36.1,ACTED
INT-003781,CMP-003781,ENDPOINT_WATCH,SUCCESS,33.58,ACTED
INT-003782,CMP-003782,JURISDICTION_HANDOFF,SUCCESS,19.53,ACTED
INT-003783,CMP-003783,ENDPOINT_WATCH,NO_ACTION,27.33,ACTED
INT-003784,CMP-003784,LIEN_MARK,PARTIAL,18.55,ACTED
INT-003785,CMP-003785,JURISDICTION_HANDOFF,PARTIAL,32.91,ACTED
INT-003786,CMP-003786,ENDPOINT_WATCH,SUCCESS,6.22,ACTED
INT-003787,CMP-003787,ENDPOINT_WATCH,SUCCESS,6.0,ACTED
INT-003788,CMP-003788,ACCOUNT_FREEZE,SUCCESS,11.02,ACTED
INT-003789,CMP-003789,JURISDICTION_HANDOFF,SUCCESS,21.83,ALREADY_ACTIONED
INT-003790,CMP-003790,ENDPOINT_WATCH,SUCCESS,18.93,OUT_OF_SCOPE
INT-003791,CMP-003791,JURISDICTION_HANDOFF,SUCCESS,44.73,ACTED
INT-003792,CMP-003792,NO_ACTION,PARTIAL,26.44,ACTED
INT-003793,CMP-003793,NO_ACTION,SUCCESS,42.11,ACTED
INT-003794,CMP-003794,LIEN_MARK,SUCCESS,35.72,NOT_ACTED
INT-003795,CMP-003795,ENDPOINT_WATCH,SUCCESS,12.75,ACTED
INT-003796,CMP-003796,LIEN_MARK,SUCCESS,39.9,NOT_ACTED
INT-003797,CMP-003797,ENDPOINT_WATCH,SUCCESS,42.16,ACTED
INT-003798,CMP-003798,JURISDICTION_HANDOFF,SUCCESS,25.27,ACTED
INT-003799,CMP-003799,JURISDICTION_HANDOFF,SUCCESS,42.3,ACTED
INT-003800,CMP-003800,ENDPOINT_WATCH,SUCCESS,34.83,FALSE_POSITIVE
INT-003801,CMP-003801,ACCOUNT_FREEZE,SUCCESS,11.48,ACTED
INT-003802,CMP-003802,ACCOUNT_FREEZE,SUCCESS,39.07,ALREADY_ACTIONED
INT-003803,CMP-003803,NO_ACTION,NO_ACTION,17.2,OUT_OF_SCOPE
INT-003804,CMP-003804,ACCOUNT_FREEZE,SUCCESS,18.31,ACTED
INT-003805,CMP-003805,ENDPOINT_WATCH,SUCCESS,28.36,ACTED
INT-003806,CMP-003806,LIEN_MARK,SUCCESS,22.52,ACTED
INT-003807,CMP-003807,LIEN_MARK,SUCCESS,6.64,ACTED
INT-003808,CMP-003808,NO_ACTION,SUCCESS,41.3,ACTED
INT-003809,CMP-003809,ENDPOINT_WATCH,PARTIAL,18.43,ACTED
INT-003810,CMP-003810,JURISDICTION_HANDOFF,SUCCESS,19.54,ACTED
INT-003811,CMP-003811,JURISDICTION_HANDOFF,NO_ACTION,28.45,NOT_ACTED
INT-003812,CMP-003812,ENDPOINT_WATCH,SUCCESS,23.81,ACTED
INT-003813,CMP-003813,JURISDICTION_HANDOFF,PARTIAL,20.28,NOT_ACTED
INT-003814,CMP-003814,LIEN_MARK,SUCCESS,7.51,ACTED
INT-003815,CMP-003815,JURISDICTION_HANDOFF,NO_ACTION,37.22,ALREADY_ACTIONED
INT-003816,CMP-003816,ACCOUNT_FREEZE,NO_ACTION,37.39,NOT_ACTED
INT-003817,CMP-003817,ENDPOINT_WATCH,SUCCESS,11.83,NOT_ACTED
INT-003818,CMP-003818,ENDPOINT_WATCH,SUCCESS,4.22,ACTED
INT-003819,CMP-003819,NO_ACTION,NO_ACTION,22.25,ACTED
INT-003820,CMP-003820,LIEN_MARK,SUCCESS,17.28,ACTED
INT-003821,CMP-003821,JURISDICTION_HANDOFF,NO_ACTION,31.35,NOT_ACTED
INT-003822,CMP-003822,ENDPOINT_WATCH,NO_ACTION,19.32,ACTED
INT-003823,CMP-003823,JURISDICTION_HANDOFF,SUCCESS,27.5,ACTED
INT-003824,CMP-003824,JURISDICTION_HANDOFF,NO_ACTION,46.45,ALREADY_ACTIONED
INT-003825,CMP-003825,ACCOUNT_FREEZE,SUCCESS,28.62,ALREADY_ACTIONED
INT-003826,CMP-003826,ENDPOINT_WATCH,PARTIAL,43.18,ACTED
INT-003827,CMP-003827,JURISDICTION_HANDOFF,PARTIAL,14.04,ALREADY_ACTIONED
INT-003828,CMP-003828,ENDPOINT_WATCH,SUCCESS,20.18,ACTED
INT-003829,CMP-003829,ENDPOINT_WATCH,SUCCESS,26.36,ACTED
INT-003830,CMP-003830,ACCOUNT_FREEZE,PARTIAL,3.31,NOT_ACTED
INT-003831,CMP-003831,LIEN_MARK,SUCCESS,6.91,OUT_OF_SCOPE
INT-003832,CMP-003832,JURISDICTION_HANDOFF,SUCCESS,14.49,ACTED
INT-003833,CMP-003833,JURISDICTION_HANDOFF,SUCCESS,13.94,ACTED
INT-003834,CMP-003834,LIEN_MARK,SUCCESS,34.22,ACTED
INT-003835,CMP-003835,JURISDICTION_HANDOFF,SUCCESS,6.21,ACTED
INT-003836,CMP-003836,ENDPOINT_WATCH,NO_ACTION,22.95,ACTED
INT-003837,CMP-003837,NO_ACTION,PARTIAL,34.85,ACTED
INT-003838,CMP-003838,JURISDICTION_HANDOFF,SUCCESS,32.56,ALREADY_ACTIONED
INT-003839,CMP-003839,NO_ACTION,NO_ACTION,31.93,ACTED
INT-003840,CMP-003840,JURISDICTION_HANDOFF,SUCCESS,28.29,ALREADY_ACTIONED
INT-003841,CMP-003841,NO_ACTION,SUCCESS,16.14,ACTED
INT-003842,CMP-003842,NO_ACTION,SUCCESS,23.07,NOT_ACTED
INT-003843,CMP-003843,NO_ACTION,NO_ACTION,9.69,ACTED
INT-003844,CMP-003844,LIEN_MARK,SUCCESS,43.27,FALSE_POSITIVE
INT-003845,CMP-003845,LIEN_MARK,SUCCESS,35.51,OUT_OF_SCOPE
INT-003846,CMP-003846,NO_ACTION,SUCCESS,6.69,ACTED
INT-003847,CMP-003847,NO_ACTION,SUCCESS,29.82,OUT_OF_SCOPE
INT-003848,CMP-003848,JURISDICTION_HANDOFF,PARTIAL,25.58,FALSE_POSITIVE
INT-003849,CMP-003849,ENDPOINT_WATCH,PARTIAL,27.33,FALSE_POSITIVE
INT-003850,CMP-003850,ACCOUNT_FREEZE,NO_ACTION,43.14,ACTED
INT-003851,CMP-003851,ENDPOINT_WATCH,PARTIAL,27.33,ALREADY_ACTIONED
INT-003852,CMP-003852,JURISDICTION_HANDOFF,NO_ACTION,42.7,OUT_OF_SCOPE
INT-003853,CMP-003853,JURISDICTION_HANDOFF,PARTIAL,38.95,ALREADY_ACTIONED
INT-003854,CMP-003854,ENDPOINT_WATCH,SUCCESS,4.99,ACTED
INT-003855,CMP-003855,ACCOUNT_FREEZE,NO_ACTION,27.48,ACTED
INT-003856,CMP-003856,JURISDICTION_HANDOFF,NO_ACTION,21.45,NOT_ACTED
INT-003857,CMP-003857,NO_ACTION,NO_ACTION,12.59,ACTED
INT-003858,CMP-003858,ACCOUNT_FREEZE,SUCCESS,7.36,NOT_ACTED
INT-003859,CMP-003859,ACCOUNT_FREEZE,SUCCESS,44.76,ACTED
INT-003860,CMP-003860,LIEN_MARK,SUCCESS,27.76,ACTED
INT-003861,CMP-003861,LIEN_MARK,SUCCESS,38.71,ACTED
INT-003862,CMP-003862,ENDPOINT_WATCH,NO_ACTION,26.55,NOT_ACTED
INT-003863,CMP-003863,NO_ACTION,SUCCESS,15.86,ACTED
INT-003864,CMP-003864,JURISDICTION_HANDOFF,PARTIAL,45.99,NOT_ACTED
INT-003865,CMP-003865,LIEN_MARK,SUCCESS,36.95,ACTED
INT-003866,CMP-003866,ACCOUNT_FREEZE,SUCCESS,13.33,ACTED
INT-003867,CMP-003867,ENDPOINT_WATCH,SUCCESS,21.59,ACTED
INT-003868,CMP-003868,JURISDICTION_HANDOFF,SUCCESS,26.03,ACTED
INT-003869,CMP-003869,NO_ACTION,PARTIAL,24.41,FALSE_POSITIVE
INT-003870,CMP-003870,LIEN_MARK,SUCCESS,44.53,NOT_ACTED
INT-003871,CMP-003871,JURISDICTION_HANDOFF,SUCCESS,17.23,ALREADY_ACTIONED
INT-003872,CMP-003872,ENDPOINT_WATCH,SUCCESS,37.94,FALSE_POSITIVE
INT-003873,CMP-003873,ACCOUNT_FREEZE,SUCCESS,19.96,ACTED
INT-003874,CMP-003874,JURISDICTION_HANDOFF,SUCCESS,41.67,FALSE_POSITIVE
INT-003875,CMP-003875,ACCOUNT_FREEZE,SUCCESS,25.64,ACTED
INT-003876,CMP-003876,NO_ACTION,SUCCESS,4.03,ALREADY_ACTIONED
INT-003877,CMP-003877,ENDPOINT_WATCH,NO_ACTION,15.27,ACTED
INT-003878,CMP-003878,NO_ACTION,NO_ACTION,30.78,ACTED
INT-003879,CMP-003879,ENDPOINT_WATCH,PARTIAL,20.7,ACTED
INT-003880,CMP-003880,LIEN_MARK,SUCCESS,44.7,ACTED
INT-003881,CMP-003881,ACCOUNT_FREEZE,SUCCESS,18.15,FALSE_POSITIVE
INT-003882,CMP-003882,LIEN_MARK,NO_ACTION,47.61,NOT_ACTED
INT-003883,CMP-003883,LIEN_MARK,SUCCESS,23.67,ACTED
INT-003884,CMP-003884,ACCOUNT_FREEZE,NO_ACTION,21.49,ACTED
INT-003885,CMP-003885,NO_ACTION,SUCCESS,29.47,FALSE_POSITIVE
INT-003886,CMP-003886,ACCOUNT_FREEZE,PARTIAL,17.39,NOT_ACTED
INT-003887,CMP-003887,NO_ACTION,SUCCESS,31.96,ACTED
INT-003888,CMP-003888,JURISDICTION_HANDOFF,SUCCESS,10.64,NOT_ACTED
INT-003889,CMP-003889,ACCOUNT_FREEZE,SUCCESS,47.71,ALREADY_ACTIONED
INT-003890,CMP-003890,NO_ACTION,SUCCESS,5.13,ACTED
INT-003891,CMP-003891,JURISDICTION_HANDOFF,PARTIAL,4.12,ACTED
INT-003892,CMP-003892,ACCOUNT_FREEZE,PARTIAL,30.43,NOT_ACTED
INT-003893,CMP-003893,ACCOUNT_FREEZE,PARTIAL,4.67,NOT_ACTED
INT-003894,CMP-003894,JURISDICTION_HANDOFF,SUCCESS,28.54,ACTED
INT-003895,CMP-003895,LIEN_MARK,PARTIAL,25.73,ACTED
INT-003896,CMP-003896,NO_ACTION,PARTIAL,31.57,ACTED
INT-003897,CMP-003897,LIEN_MARK,PARTIAL,33.44,ACTED
INT-003898,CMP-003898,ACCOUNT_FREEZE,SUCCESS,11.47,ACTED
INT-003899,CMP-003899,NO_ACTION,SUCCESS,10.64,ACTED
INT-003900,CMP-003900,LIEN_MARK,NO_ACTION,43.44,ACTED
INT-003901,CMP-003901,NO_ACTION,SUCCESS,16.16,NOT_ACTED
INT-003902,CMP-003902,ACCOUNT_FREEZE,SUCCESS,29.73,NOT_ACTED
INT-003903,CMP-003903,JURISDICTION_HANDOFF,SUCCESS,31.58,NOT_ACTED
INT-003904,CMP-003904,ACCOUNT_FREEZE,PARTIAL,30.72,ACTED
INT-003905,CMP-003905,ENDPOINT_WATCH,SUCCESS,20.17,FALSE_POSITIVE
INT-003906,CMP-003906,LIEN_MARK,SUCCESS,42.17,OUT_OF_SCOPE
INT-003907,CMP-003907,NO_ACTION,PARTIAL,4.54,ACTED
INT-003908,CMP-003908,ENDPOINT_WATCH,SUCCESS,18.08,ACTED
INT-003909,CMP-003909,LIEN_MARK,SUCCESS,8.48,NOT_ACTED
INT-003910,CMP-003910,JURISDICTION_HANDOFF,NO_ACTION,35.66,OUT_OF_SCOPE
INT-003911,CMP-003911,JURISDICTION_HANDOFF,PARTIAL,22.03,ACTED
INT-003912,CMP-003912,ACCOUNT_FREEZE,NO_ACTION,17.93,NOT_ACTED
INT-003913,CMP-003913,LIEN_MARK,SUCCESS,7.15,ALREADY_ACTIONED
INT-003914,CMP-003914,ENDPOINT_WATCH,SUCCESS,42.79,ALREADY_ACTIONED
INT-003915,CMP-003915,ACCOUNT_FREEZE,SUCCESS,5.77,FALSE_POSITIVE
INT-003916,CMP-003916,ACCOUNT_FREEZE,SUCCESS,42.12,ALREADY_ACTIONED
INT-003917,CMP-003917,JURISDICTION_HANDOFF,SUCCESS,40.28,OUT_OF_SCOPE
INT-003918,CMP-003918,NO_ACTION,NO_ACTION,34.4,ACTED
INT-003919,CMP-003919,ENDPOINT_WATCH,SUCCESS,47.57,ALREADY_ACTIONED
INT-003920,CMP-003920,ENDPOINT_WATCH,SUCCESS,12.19,ACTED
INT-003921,CMP-003921,JURISDICTION_HANDOFF,SUCCESS,40.44,ACTED
INT-003922,CMP-003922,ACCOUNT_FREEZE,NO_ACTION,24.23,NOT_ACTED
INT-003923,CMP-003923,NO_ACTION,NO_ACTION,47.91,NOT_ACTED
INT-003924,CMP-003924,JURISDICTION_HANDOFF,SUCCESS,10.81,NOT_ACTED
INT-003925,CMP-003925,ACCOUNT_FREEZE,SUCCESS,14.9,NOT_ACTED
INT-003926,CMP-003926,ACCOUNT_FREEZE,PARTIAL,14.06,ACTED
INT-003927,CMP-003927,JURISDICTION_HANDOFF,SUCCESS,32.02,ALREADY_ACTIONED
INT-003928,CMP-003928,ACCOUNT_FREEZE,SUCCESS,16.28,OUT_OF_SCOPE
INT-003929,CMP-003929,JURISDICTION_HANDOFF,NO_ACTION,45.74,FALSE_POSITIVE
INT-003930,CMP-003930,ACCOUNT_FREEZE,SUCCESS,6.17,ACTED
INT-003931,CMP-003931,ACCOUNT_FREEZE,NO_ACTION,33.2,ACTED
INT-003932,CMP-003932,LIEN_MARK,NO_ACTION,27.89,OUT_OF_SCOPE
INT-003933,CMP-003933,LIEN_MARK,SUCCESS,8.98,NOT_ACTED
INT-003934,CMP-003934,LIEN_MARK,SUCCESS,27.72,ACTED
INT-003935,CMP-003935,ENDPOINT_WATCH,SUCCESS,39.94,NOT_ACTED
INT-003936,CMP-003936,NO_ACTION,NO_ACTION,41.57,ACTED
INT-003937,CMP-003937,LIEN_MARK,PARTIAL,32.97,ALREADY_ACTIONED
INT-003938,CMP-003938,NO_ACTION,SUCCESS,36.83,ALREADY_ACTIONED
INT-003939,CMP-003939,LIEN_MARK,SUCCESS,15.12,NOT_ACTED
INT-003940,CMP-003940,ACCOUNT_FREEZE,SUCCESS,17.14,ALREADY_ACTIONED
INT-003941,CMP-003941,NO_ACTION,SUCCESS,36.18,NOT_ACTED
INT-003942,CMP-003942,ACCOUNT_FREEZE,NO_ACTION,44.56,ACTED
INT-003943,CMP-003943,ACCOUNT_FREEZE,PARTIAL,25.83,ACTED
INT-003944,CMP-003944,ENDPOINT_WATCH,SUCCESS,30.31,ALREADY_ACTIONED
INT-003945,CMP-003945,NO_ACTION,NO_ACTION,41.82,NOT_ACTED
INT-003946,CMP-003946,ENDPOINT_WATCH,NO_ACTION,33.9,ACTED
INT-003947,CMP-003947,LIEN_MARK,NO_ACTION,14.81,ALREADY_ACTIONED
INT-003948,CMP-003948,ACCOUNT_FREEZE,NO_ACTION,30.29,ACTED
INT-003949,CMP-003949,JURISDICTION_HANDOFF,NO_ACTION,41.68,ACTED
INT-003950,CMP-003950,ACCOUNT_FREEZE,SUCCESS,26.91,ALREADY_ACTIONED
INT-003951,CMP-003951,NO_ACTION,SUCCESS,27.06,NOT_ACTED
INT-003952,CMP-003952,JURISDICTION_HANDOFF,SUCCESS,39.57,NOT_ACTED
INT-003953,CMP-003953,JURISDICTION_HANDOFF,SUCCESS,13.95,FALSE_POSITIVE
INT-003954,CMP-003954,JURISDICTION_HANDOFF,SUCCESS,11.03,NOT_ACTED
INT-003955,CMP-003955,NO_ACTION,PARTIAL,24.74,ACTED
INT-003956,CMP-003956,LIEN_MARK,PARTIAL,15.85,ALREADY_ACTIONED
INT-003957,CMP-003957,NO_ACTION,NO_ACTION,19.27,ALREADY_ACTIONED
INT-003958,CMP-003958,LIEN_MARK,NO_ACTION,43.09,FALSE_POSITIVE
INT-003959,CMP-003959,LIEN_MARK,SUCCESS,21.18,FALSE_POSITIVE
INT-003960,CMP-003960,JURISDICTION_HANDOFF,SUCCESS,25.57,ACTED
INT-003961,CMP-003961,NO_ACTION,SUCCESS,7.02,NOT_ACTED
INT-003962,CMP-003962,NO_ACTION,PARTIAL,11.75,ACTED
INT-003963,CMP-003963,LIEN_MARK,SUCCESS,42.46,ACTED
INT-003964,CMP-003964,NO_ACTION,PARTIAL,23.62,ACTED
INT-003965,CMP-003965,LIEN_MARK,SUCCESS,34.52,NOT_ACTED
INT-003966,CMP-003966,NO_ACTION,SUCCESS,31.04,NOT_ACTED
INT-003967,CMP-003967,NO_ACTION,SUCCESS,6.6,ACTED
INT-003968,CMP-003968,LIEN_MARK,NO_ACTION,28.71,ALREADY_ACTIONED
INT-003969,CMP-003969,LIEN_MARK,SUCCESS,40.15,NOT_ACTED
INT-003970,CMP-003970,JURISDICTION_HANDOFF,SUCCESS,46.56,OUT_OF_SCOPE
INT-003971,CMP-003971,LIEN_MARK,SUCCESS,3.12,ACTED
INT-003972,CMP-003972,ENDPOINT_WATCH,SUCCESS,45.03,ALREADY_ACTIONED
INT-003973,CMP-003973,ACCOUNT_FREEZE,SUCCESS,20.3,ALREADY_ACTIONED
INT-003974,CMP-003974,ENDPOINT_WATCH,PARTIAL,10.7,ALREADY_ACTIONED
INT-003975,CMP-003975,NO_ACTION,SUCCESS,9.08,ACTED
INT-003976,CMP-003976,NO_ACTION,PARTIAL,32.83,NOT_ACTED
INT-003977,CMP-003977,ENDPOINT_WATCH,SUCCESS,15.7,ACTED
INT-003978,CMP-003978,NO_ACTION,SUCCESS,8.43,ALREADY_ACTIONED
INT-003979,CMP-003979,NO_ACTION,NO_ACTION,21.68,FALSE_POSITIVE
INT-003980,CMP-003980,JURISDICTION_HANDOFF,SUCCESS,29.05,NOT_ACTED
INT-003981,CMP-003981,NO_ACTION,SUCCESS,30.55,ACTED
INT-003982,CMP-003982,NO_ACTION,PARTIAL,29.7,ALREADY_ACTIONED
INT-003983,CMP-003983,LIEN_MARK,SUCCESS,18.98,OUT_OF_SCOPE
INT-003984,CMP-003984,ACCOUNT_FREEZE,SUCCESS,9.78,ALREADY_ACTIONED
INT-003985,CMP-003985,JURISDICTION_HANDOFF,SUCCESS,9.35,ACTED
INT-003986,CMP-003986,JURISDICTION_HANDOFF,SUCCESS,47.0,FALSE_POSITIVE
INT-003987,CMP-003987,NO_ACTION,SUCCESS,7.46,ACTED
INT-003988,CMP-003988,LIEN_MARK,SUCCESS,28.41,ACTED
INT-003989,CMP-003989,NO_ACTION,SUCCESS,45.54,NOT_ACTED
INT-003990,CMP-003990,ACCOUNT_FREEZE,SUCCESS,7.56,OUT_OF_SCOPE
INT-003991,CMP-003991,NO_ACTION,NO_ACTION,23.22,ACTED
INT-003992,CMP-003992,JURISDICTION_HANDOFF,SUCCESS,39.85,ACTED
INT-003993,CMP-003993,ENDPOINT_WATCH,SUCCESS,12.86,ACTED
INT-003994,CMP-003994,ENDPOINT_WATCH,SUCCESS,19.21,NOT_ACTED
INT-003995,CMP-003995,NO_ACTION,PARTIAL,21.72,ACTED
INT-003996,CMP-003996,ENDPOINT_WATCH,PARTIAL,37.73,ACTED
INT-003997,CMP-003997,JURISDICTION_HANDOFF,PARTIAL,41.41,ACTED
INT-003998,CMP-003998,NO_ACTION,NO_ACTION,13.78,NOT_ACTED
INT-003999,CMP-003999,ACCOUNT_FREEZE,SUCCESS,35.86,NOT_ACTED
INT-004000,CMP-004000,JURISDICTION_HANDOFF,SUCCESS,27.91,ACTED
INT-004001,CMP-004001,ENDPOINT_WATCH,NO_ACTION,40.99,ACTED
INT-004002,CMP-004002,ACCOUNT_FREEZE,SUCCESS,34.83,ALREADY_ACTIONED
INT-004003,CMP-004003,NO_ACTION,SUCCESS,15.69,NOT_ACTED
INT-004004,CMP-004004,JURISDICTION_HANDOFF,SUCCESS,26.77,ACTED
INT-004005,CMP-004005,ACCOUNT_FREEZE,NO_ACTION,28.84,ACTED
INT-004006,CMP-004006,ENDPOINT_WATCH,SUCCESS,32.49,NOT_ACTED
INT-004007,CMP-004007,JURISDICTION_HANDOFF,SUCCESS,30.27,NOT_ACTED
INT-004008,CMP-004008,LIEN_MARK,SUCCESS,23.95,ACTED
INT-004009,CMP-004009,LIEN_MARK,SUCCESS,42.56,OUT_OF_SCOPE
INT-004010,CMP-004010,JURISDICTION_HANDOFF,NO_ACTION,4.92,ACTED
INT-004011,CMP-004011,NO_ACTION,SUCCESS,7.17,NOT_ACTED
INT-004012,CMP-004012,NO_ACTION,SUCCESS,45.9,ACTED
INT-004013,CMP-004013,LIEN_MARK,SUCCESS,4.14,ALREADY_ACTIONED
INT-004014,CMP-004014,NO_ACTION,PARTIAL,20.11,NOT_ACTED
INT-004015,CMP-004015,JURISDICTION_HANDOFF,SUCCESS,11.86,ACTED
INT-004016,CMP-004016,LIEN_MARK,SUCCESS,7.79,NOT_ACTED
INT-004017,CMP-004017,JURISDICTION_HANDOFF,SUCCESS,29.2,ACTED
INT-004018,CMP-004018,ACCOUNT_FREEZE,NO_ACTION,45.0,ACTED
INT-004019,CMP-004019,ENDPOINT_WATCH,SUCCESS,43.27,ACTED
INT-004020,CMP-004020,ACCOUNT_FREEZE,PARTIAL,7.14,ACTED
INT-004021,CMP-004021,JURISDICTION_HANDOFF,PARTIAL,18.76,NOT_ACTED
INT-004022,CMP-004022,NO_ACTION,NO_ACTION,43.22,ACTED
INT-004023,CMP-004023,LIEN_MARK,NO_ACTION,44.8,ACTED
INT-004024,CMP-004024,JURISDICTION_HANDOFF,SUCCESS,3.07,ACTED
INT-004025,CMP-004025,NO_ACTION,NO_ACTION,26.99,ACTED
INT-004026,CMP-004026,NO_ACTION,SUCCESS,47.67,OUT_OF_SCOPE
INT-004027,CMP-004027,NO_ACTION,PARTIAL,30.2,NOT_ACTED
INT-004028,CMP-004028,LIEN_MARK,NO_ACTION,40.01,ACTED
INT-004029,CMP-004029,JURISDICTION_HANDOFF,NO_ACTION,19.85,ACTED
INT-004030,CMP-004030,NO_ACTION,NO_ACTION,25.85,ACTED
INT-004031,CMP-004031,ENDPOINT_WATCH,NO_ACTION,36.7,ACTED
INT-004032,CMP-004032,ENDPOINT_WATCH,PARTIAL,36.63,FALSE_POSITIVE
INT-004033,CMP-004033,NO_ACTION,PARTIAL,24.94,OUT_OF_SCOPE
INT-004034,CMP-004034,LIEN_MARK,PARTIAL,34.05,ALREADY_ACTIONED
INT-004035,CMP-004035,NO_ACTION,PARTIAL,27.99,ACTED
INT-004036,CMP-004036,LIEN_MARK,PARTIAL,44.57,ACTED
INT-004037,CMP-004037,LIEN_MARK,SUCCESS,31.36,ACTED
INT-004038,CMP-004038,LIEN_MARK,NO_ACTION,24.71,NOT_ACTED
INT-004039,CMP-004039,ACCOUNT_FREEZE,PARTIAL,47.68,FALSE_POSITIVE
INT-004040,CMP-004040,NO_ACTION,SUCCESS,36.48,NOT_ACTED
INT-004041,CMP-004041,ACCOUNT_FREEZE,PARTIAL,46.55,ACTED
INT-004042,CMP-004042,ACCOUNT_FREEZE,NO_ACTION,30.98,ACTED
INT-004043,CMP-004043,JURISDICTION_HANDOFF,PARTIAL,37.13,ACTED
INT-004044,CMP-004044,NO_ACTION,NO_ACTION,34.28,ACTED
INT-004045,CMP-004045,NO_ACTION,PARTIAL,17.93,NOT_ACTED
INT-004046,CMP-004046,ENDPOINT_WATCH,PARTIAL,43.84,FALSE_POSITIVE
INT-004047,CMP-004047,JURISDICTION_HANDOFF,SUCCESS,12.03,OUT_OF_SCOPE
INT-004048,CMP-004048,JURISDICTION_HANDOFF,SUCCESS,11.82,OUT_OF_SCOPE
INT-004049,CMP-004049,ENDPOINT_WATCH,PARTIAL,9.34,NOT_ACTED
INT-004050,CMP-004050,JURISDICTION_HANDOFF,PARTIAL,39.65,ALREADY_ACTIONED
INT-004051,CMP-004051,ENDPOINT_WATCH,SUCCESS,31.31,NOT_ACTED
INT-004052,CMP-004052,ACCOUNT_FREEZE,NO_ACTION,18.16,ACTED
INT-004053,CMP-004053,ENDPOINT_WATCH,SUCCESS,43.54,ACTED
INT-004054,CMP-004054,LIEN_MARK,PARTIAL,45.56,ACTED
INT-004055,CMP-004055,ENDPOINT_WATCH,SUCCESS,19.37,ACTED
INT-004056,CMP-004056,JURISDICTION_HANDOFF,SUCCESS,23.69,NOT_ACTED
INT-004057,CMP-004057,ACCOUNT_FREEZE,PARTIAL,10.03,OUT_OF_SCOPE
INT-004058,CMP-004058,LIEN_MARK,PARTIAL,34.44,ALREADY_ACTIONED
INT-004059,CMP-004059,LIEN_MARK,SUCCESS,14.44,NOT_ACTED
INT-004060,CMP-004060,NO_ACTION,SUCCESS,41.49,ACTED
INT-004061,CMP-004061,NO_ACTION,SUCCESS,4.05,ACTED
INT-004062,CMP-004062,ENDPOINT_WATCH,NO_ACTION,20.88,ACTED
INT-004063,CMP-004063,NO_ACTION,PARTIAL,15.61,OUT_OF_SCOPE
INT-004064,CMP-004064,LIEN_MARK,PARTIAL,21.33,ACTED
INT-004065,CMP-004065,ACCOUNT_FREEZE,SUCCESS,7.0,OUT_OF_SCOPE
INT-004066,CMP-004066,ENDPOINT_WATCH,SUCCESS,36.19,NOT_ACTED
INT-004067,CMP-004067,ENDPOINT_WATCH,SUCCESS,26.64,NOT_ACTED
INT-004068,CMP-004068,LIEN_MARK,SUCCESS,40.73,ACTED
INT-004069,CMP-004069,JURISDICTION_HANDOFF,SUCCESS,11.62,ACTED
INT-004070,CMP-004070,ENDPOINT_WATCH,NO_ACTION,6.24,FALSE_POSITIVE
INT-004071,CMP-004071,ACCOUNT_FREEZE,SUCCESS,33.22,OUT_OF_SCOPE
INT-004072,CMP-004072,JURISDICTION_HANDOFF,NO_ACTION,42.32,OUT_OF_SCOPE
INT-004073,CMP-004073,ACCOUNT_FREEZE,SUCCESS,17.55,ACTED
INT-004074,CMP-004074,JURISDICTION_HANDOFF,PARTIAL,12.01,ALREADY_ACTIONED
INT-004075,CMP-004075,NO_ACTION,SUCCESS,8.08,NOT_ACTED
INT-004076,CMP-004076,JURISDICTION_HANDOFF,SUCCESS,9.01,ALREADY_ACTIONED
INT-004077,CMP-004077,ACCOUNT_FREEZE,PARTIAL,17.73,ACTED
INT-004078,CMP-004078,LIEN_MARK,SUCCESS,46.07,ACTED
INT-004079,CMP-004079,JURISDICTION_HANDOFF,SUCCESS,17.36,ALREADY_ACTIONED
INT-004080,CMP-004080,JURISDICTION_HANDOFF,PARTIAL,35.65,ACTED
INT-004081,CMP-004081,LIEN_MARK,PARTIAL,3.25,ACTED
INT-004082,CMP-004082,NO_ACTION,PARTIAL,33.72,ACTED
INT-004083,CMP-004083,ACCOUNT_FREEZE,NO_ACTION,35.51,ACTED
INT-004084,CMP-004084,JURISDICTION_HANDOFF,SUCCESS,39.1,ACTED
INT-004085,CMP-004085,LIEN_MARK,SUCCESS,46.54,FALSE_POSITIVE
INT-004086,CMP-004086,NO_ACTION,NO_ACTION,12.19,ALREADY_ACTIONED
INT-004087,CMP-004087,JURISDICTION_HANDOFF,SUCCESS,32.61,ACTED
INT-004088,CMP-004088,LIEN_MARK,SUCCESS,21.26,FALSE_POSITIVE
INT-004089,CMP-004089,ACCOUNT_FREEZE,PARTIAL,7.99,FALSE_POSITIVE
INT-004090,CMP-004090,ACCOUNT_FREEZE,NO_ACTION,14.09,NOT_ACTED
INT-004091,CMP-004091,ENDPOINT_WATCH,SUCCESS,36.89,ALREADY_ACTIONED
INT-004092,CMP-004092,LIEN_MARK,SUCCESS,8.97,FALSE_POSITIVE
INT-004093,CMP-004093,LIEN_MARK,NO_ACTION,21.18,NOT_ACTED
INT-004094,CMP-004094,ENDPOINT_WATCH,SUCCESS,38.33,FALSE_POSITIVE
INT-004095,CMP-004095,ENDPOINT_WATCH,SUCCESS,19.19,NOT_ACTED
INT-004096,CMP-004096,ENDPOINT_WATCH,SUCCESS,47.92,NOT_ACTED
INT-004097,CMP-004097,LIEN_MARK,PARTIAL,25.85,NOT_ACTED
INT-004098,CMP-004098,JURISDICTION_HANDOFF,NO_ACTION,35.52,ALREADY_ACTIONED
INT-004099,CMP-004099,ENDPOINT_WATCH,SUCCESS,27.7,NOT_ACTED
INT-004100,CMP-004100,JURISDICTION_HANDOFF,NO_ACTION,27.74,ACTED
INT-004101,CMP-004101,JURISDICTION_HANDOFF,NO_ACTION,28.37,ACTED
INT-004102,CMP-004102,LIEN_MARK,SUCCESS,20.46,ACTED
INT-004103,CMP-004103,JURISDICTION_HANDOFF,SUCCESS,26.08,NOT_ACTED
INT-004104,CMP-004104,ENDPOINT_WATCH,NO_ACTION,18.35,ACTED
INT-004105,CMP-004105,LIEN_MARK,SUCCESS,46.09,FALSE_POSITIVE
INT-004106,CMP-004106,ACCOUNT_FREEZE,SUCCESS,26.8,ACTED
INT-004107,CMP-004107,LIEN_MARK,SUCCESS,41.06,ACTED
INT-004108,CMP-004108,JURISDICTION_HANDOFF,SUCCESS,23.87,OUT_OF_SCOPE
INT-004109,CMP-004109,ACCOUNT_FREEZE,SUCCESS,33.33,NOT_ACTED
INT-004110,CMP-004110,LIEN_MARK,PARTIAL,5.82,OUT_OF_SCOPE
INT-004111,CMP-004111,ACCOUNT_FREEZE,SUCCESS,33.17,NOT_ACTED
INT-004112,CMP-004112,ACCOUNT_FREEZE,SUCCESS,21.11,ACTED
INT-004113,CMP-004113,ACCOUNT_FREEZE,NO_ACTION,44.61,NOT_ACTED
INT-004114,CMP-004114,JURISDICTION_HANDOFF,SUCCESS,24.61,NOT_ACTED
INT-004115,CMP-004115,NO_ACTION,NO_ACTION,19.35,ACTED
INT-004116,CMP-004116,ENDPOINT_WATCH,PARTIAL,42.58,OUT_OF_SCOPE
INT-004117,CMP-004117,LIEN_MARK,NO_ACTION,10.11,ACTED
INT-004118,CMP-004118,NO_ACTION,SUCCESS,34.59,ACTED
INT-004119,CMP-004119,ENDPOINT_WATCH,SUCCESS,38.87,ALREADY_ACTIONED
INT-004120,CMP-004120,NO_ACTION,PARTIAL,28.1,NOT_ACTED
INT-004121,CMP-004121,ENDPOINT_WATCH,PARTIAL,39.47,ACTED
INT-004122,CMP-004122,LIEN_MARK,SUCCESS,34.33,NOT_ACTED
INT-004123,CMP-004123,NO_ACTION,NO_ACTION,37.47,NOT_ACTED
INT-004124,CMP-004124,ACCOUNT_FREEZE,NO_ACTION,28.34,ACTED
INT-004125,CMP-004125,LIEN_MARK,SUCCESS,29.15,ALREADY_ACTIONED
INT-004126,CMP-004126,NO_ACTION,PARTIAL,32.02,ALREADY_ACTIONED
INT-004127,CMP-004127,ACCOUNT_FREEZE,SUCCESS,34.4,OUT_OF_SCOPE
INT-004128,CMP-004128,ACCOUNT_FREEZE,SUCCESS,10.14,NOT_ACTED
INT-004129,CMP-004129,ENDPOINT_WATCH,PARTIAL,12.22,ALREADY_ACTIONED
INT-004130,CMP-004130,LIEN_MARK,NO_ACTION,34.84,ACTED
INT-004131,CMP-004131,ACCOUNT_FREEZE,NO_ACTION,30.55,ACTED
INT-004132,CMP-004132,NO_ACTION,SUCCESS,27.79,ACTED
INT-004133,CMP-004133,ENDPOINT_WATCH,SUCCESS,12.05,OUT_OF_SCOPE
INT-004134,CMP-004134,ACCOUNT_FREEZE,NO_ACTION,40.83,NOT_ACTED
INT-004135,CMP-004135,ENDPOINT_WATCH,PARTIAL,4.81,ACTED
INT-004136,CMP-004136,JURISDICTION_HANDOFF,NO_ACTION,47.0,ACTED
INT-004137,CMP-004137,NO_ACTION,PARTIAL,45.61,ALREADY_ACTIONED
INT-004138,CMP-004138,LIEN_MARK,SUCCESS,34.32,ACTED
INT-004139,CMP-004139,ENDPOINT_WATCH,SUCCESS,21.62,NOT_ACTED
INT-004140,CMP-004140,NO_ACTION,PARTIAL,25.65,NOT_ACTED
INT-004141,CMP-004141,ENDPOINT_WATCH,PARTIAL,39.97,ALREADY_ACTIONED
INT-004142,CMP-004142,ACCOUNT_FREEZE,SUCCESS,11.06,ACTED
INT-004143,CMP-004143,JURISDICTION_HANDOFF,PARTIAL,17.49,OUT_OF_SCOPE
INT-004144,CMP-004144,ENDPOINT_WATCH,SUCCESS,37.42,NOT_ACTED
INT-004145,CMP-004145,ENDPOINT_WATCH,SUCCESS,24.28,ACTED
INT-004146,CMP-004146,ACCOUNT_FREEZE,SUCCESS,35.68,ACTED
INT-004147,CMP-004147,NO_ACTION,SUCCESS,28.85,ACTED
INT-004148,CMP-004148,ACCOUNT_FREEZE,SUCCESS,46.2,FALSE_POSITIVE
INT-004149,CMP-004149,LIEN_MARK,PARTIAL,31.36,FALSE_POSITIVE
INT-004150,CMP-004150,ACCOUNT_FREEZE,SUCCESS,7.8,NOT_ACTED
INT-004151,CMP-004151,NO_ACTION,SUCCESS,24.61,NOT_ACTED
INT-004152,CMP-004152,LIEN_MARK,SUCCESS,10.46,NOT_ACTED
INT-004153,CMP-004153,NO_ACTION,PARTIAL,21.69,ALREADY_ACTIONED
INT-004154,CMP-004154,JURISDICTION_HANDOFF,NO_ACTION,25.52,FALSE_POSITIVE
INT-004155,CMP-004155,NO_ACTION,PARTIAL,22.01,NOT_ACTED
INT-004156,CMP-004156,NO_ACTION,PARTIAL,42.27,ACTED
INT-004157,CMP-004157,ACCOUNT_FREEZE,PARTIAL,27.66,ALREADY_ACTIONED
INT-004158,CMP-004158,JURISDICTION_HANDOFF,NO_ACTION,20.06,ACTED
INT-004159,CMP-004159,JURISDICTION_HANDOFF,SUCCESS,32.51,ACTED
INT-004160,CMP-004160,NO_ACTION,SUCCESS,19.79,ACTED
INT-004161,CMP-004161,ACCOUNT_FREEZE,SUCCESS,25.05,ACTED
INT-004162,CMP-004162,ENDPOINT_WATCH,SUCCESS,26.79,ACTED
INT-004163,CMP-004163,ACCOUNT_FREEZE,SUCCESS,41.93,NOT_ACTED
INT-004164,CMP-004164,NO_ACTION,NO_ACTION,42.31,OUT_OF_SCOPE
INT-004165,CMP-004165,NO_ACTION,SUCCESS,38.79,ALREADY_ACTIONED
INT-004166,CMP-004166,ACCOUNT_FREEZE,SUCCESS,4.49,ACTED
INT-004167,CMP-004167,ENDPOINT_WATCH,PARTIAL,40.09,ALREADY_ACTIONED
INT-004168,CMP-004168,ACCOUNT_FREEZE,SUCCESS,7.12,FALSE_POSITIVE
INT-004169,CMP-004169,ENDPOINT_WATCH,SUCCESS,46.3,NOT_ACTED
INT-004170,CMP-004170,LIEN_MARK,SUCCESS,40.17,ACTED
INT-004171,CMP-004171,ENDPOINT_WATCH,PARTIAL,16.24,FALSE_POSITIVE
INT-004172,CMP-004172,ENDPOINT_WATCH,SUCCESS,13.56,NOT_ACTED
INT-004173,CMP-004173,LIEN_MARK,NO_ACTION,7.32,NOT_ACTED
INT-004174,CMP-004174,ACCOUNT_FREEZE,NO_ACTION,10.29,ACTED
INT-004175,CMP-004175,ACCOUNT_FREEZE,SUCCESS,11.16,FALSE_POSITIVE
INT-004176,CMP-004176,ACCOUNT_FREEZE,NO_ACTION,7.06,ACTED
INT-004177,CMP-004177,ACCOUNT_FREEZE,PARTIAL,21.77,ACTED
INT-004178,CMP-004178,ACCOUNT_FREEZE,SUCCESS,13.02,FALSE_POSITIVE
INT-004179,CMP-004179,NO_ACTION,NO_ACTION,40.14,FALSE_POSITIVE
INT-004180,CMP-004180,ENDPOINT_WATCH,NO_ACTION,24.25,NOT_ACTED
INT-004181,CMP-004181,JURISDICTION_HANDOFF,SUCCESS,39.4,ACTED
INT-004182,CMP-004182,JURISDICTION_HANDOFF,PARTIAL,4.81,ACTED
INT-004183,CMP-004183,ENDPOINT_WATCH,SUCCESS,35.91,FALSE_POSITIVE
INT-004184,CMP-004184,ACCOUNT_FREEZE,SUCCESS,3.05,ACTED
INT-004185,CMP-004185,ENDPOINT_WATCH,NO_ACTION,47.59,NOT_ACTED
INT-004186,CMP-004186,JURISDICTION_HANDOFF,SUCCESS,17.68,ACTED
INT-004187,CMP-004187,JURISDICTION_HANDOFF,PARTIAL,42.22,NOT_ACTED
INT-004188,CMP-004188,LIEN_MARK,SUCCESS,34.3,OUT_OF_SCOPE
INT-004189,CMP-004189,ENDPOINT_WATCH,PARTIAL,4.89,ACTED
INT-004190,CMP-004190,JURISDICTION_HANDOFF,NO_ACTION,44.67,ALREADY_ACTIONED
INT-004191,CMP-004191,LIEN_MARK,PARTIAL,18.58,ACTED
INT-004192,CMP-004192,JURISDICTION_HANDOFF,SUCCESS,27.5,ALREADY_ACTIONED
INT-004193,CMP-004193,JURISDICTION_HANDOFF,SUCCESS,46.5,ACTED
INT-004194,CMP-004194,JURISDICTION_HANDOFF,NO_ACTION,39.9,ACTED
INT-004195,CMP-004195,NO_ACTION,PARTIAL,21.82,ACTED
INT-004196,CMP-004196,ENDPOINT_WATCH,NO_ACTION,14.86,ACTED
INT-004197,CMP-004197,ACCOUNT_FREEZE,SUCCESS,11.59,FALSE_POSITIVE
INT-004198,CMP-004198,ENDPOINT_WATCH,SUCCESS,5.37,ACTED
INT-004199,CMP-004199,ENDPOINT_WATCH,SUCCESS,28.69,NOT_ACTED
INT-004200,CMP-004200,NO_ACTION,PARTIAL,8.98,ACTED
INT-004201,CMP-004201,NO_ACTION,SUCCESS,34.77,ACTED
INT-004202,CMP-004202,ACCOUNT_FREEZE,SUCCESS,27.66,ALREADY_ACTIONED
INT-004203,CMP-004203,JURISDICTION_HANDOFF,SUCCESS,42.64,ALREADY_ACTIONED
INT-004204,CMP-004204,JURISDICTION_HANDOFF,NO_ACTION,11.99,NOT_ACTED
INT-004205,CMP-004205,LIEN_MARK,SUCCESS,46.64,ACTED
INT-004206,CMP-004206,NO_ACTION,NO_ACTION,34.77,ALREADY_ACTIONED
INT-004207,CMP-004207,LIEN_MARK,SUCCESS,40.64,NOT_ACTED
INT-004208,CMP-004208,JURISDICTION_HANDOFF,NO_ACTION,46.85,ACTED
INT-004209,CMP-004209,ENDPOINT_WATCH,SUCCESS,41.41,ACTED
INT-004210,CMP-004210,LIEN_MARK,NO_ACTION,4.5,ACTED
INT-004211,CMP-004211,ENDPOINT_WATCH,SUCCESS,24.84,ACTED
INT-004212,CMP-004212,ACCOUNT_FREEZE,PARTIAL,41.44,FALSE_POSITIVE
INT-004213,CMP-004213,NO_ACTION,SUCCESS,32.33,ACTED
INT-004214,CMP-004214,ACCOUNT_FREEZE,SUCCESS,31.23,NOT_ACTED
INT-004215,CMP-004215,LIEN_MARK,SUCCESS,46.03,FALSE_POSITIVE
INT-004216,CMP-004216,ENDPOINT_WATCH,SUCCESS,7.1,ACTED
INT-004217,CMP-004217,NO_ACTION,SUCCESS,45.63,ACTED
INT-004218,CMP-004218,ACCOUNT_FREEZE,SUCCESS,19.53,ACTED
INT-004219,CMP-004219,NO_ACTION,SUCCESS,11.13,ACTED
INT-004220,CMP-004220,LIEN_MARK,PARTIAL,10.7,ACTED
INT-004221,CMP-004221,LIEN_MARK,NO_ACTION,5.53,OUT_OF_SCOPE
INT-004222,CMP-004222,NO_ACTION,SUCCESS,30.6,ACTED
INT-004223,CMP-004223,JURISDICTION_HANDOFF,PARTIAL,21.82,NOT_ACTED
INT-004224,CMP-004224,NO_ACTION,SUCCESS,38.36,NOT_ACTED
INT-004225,CMP-004225,JURISDICTION_HANDOFF,NO_ACTION,11.97,ACTED
INT-004226,CMP-004226,NO_ACTION,PARTIAL,5.05,ACTED
INT-004227,CMP-004227,NO_ACTION,SUCCESS,11.76,ALREADY_ACTIONED
INT-004228,CMP-004228,NO_ACTION,SUCCESS,27.22,ACTED
INT-004229,CMP-004229,ACCOUNT_FREEZE,SUCCESS,32.98,NOT_ACTED
INT-004230,CMP-004230,ACCOUNT_FREEZE,NO_ACTION,36.22,ACTED
INT-004231,CMP-004231,ACCOUNT_FREEZE,SUCCESS,23.32,ACTED
INT-004232,CMP-004232,JURISDICTION_HANDOFF,SUCCESS,35.48,ALREADY_ACTIONED
INT-004233,CMP-004233,NO_ACTION,SUCCESS,47.39,NOT_ACTED
INT-004234,CMP-004234,ENDPOINT_WATCH,SUCCESS,15.2,ACTED
INT-004235,CMP-004235,JURISDICTION_HANDOFF,SUCCESS,30.28,ALREADY_ACTIONED
INT-004236,CMP-004236,NO_ACTION,SUCCESS,31.6,OUT_OF_SCOPE
INT-004237,CMP-004237,LIEN_MARK,SUCCESS,21.4,FALSE_POSITIVE
INT-004238,CMP-004238,LIEN_MARK,SUCCESS,28.12,FALSE_POSITIVE
INT-004239,CMP-004239,ACCOUNT_FREEZE,PARTIAL,35.99,OUT_OF_SCOPE
INT-004240,CMP-004240,NO_ACTION,SUCCESS,46.82,NOT_ACTED
INT-004241,CMP-004241,LIEN_MARK,NO_ACTION,39.26,OUT_OF_SCOPE
INT-004242,CMP-004242,JURISDICTION_HANDOFF,SUCCESS,20.72,NOT_ACTED
INT-004243,CMP-004243,ENDPOINT_WATCH,SUCCESS,34.84,ACTED
INT-004244,CMP-004244,NO_ACTION,SUCCESS,27.95,OUT_OF_SCOPE
INT-004245,CMP-004245,LIEN_MARK,NO_ACTION,24.34,ACTED
INT-004246,CMP-004246,JURISDICTION_HANDOFF,PARTIAL,13.9,ACTED
INT-004247,CMP-004247,ACCOUNT_FREEZE,SUCCESS,23.04,ACTED
INT-004248,CMP-004248,LIEN_MARK,SUCCESS,38.25,ALREADY_ACTIONED
INT-004249,CMP-004249,LIEN_MARK,SUCCESS,13.15,FALSE_POSITIVE
INT-004250,CMP-004250,NO_ACTION,SUCCESS,26.68,FALSE_POSITIVE
INT-004251,CMP-004251,LIEN_MARK,SUCCESS,13.83,ACTED
INT-004252,CMP-004252,ENDPOINT_WATCH,SUCCESS,25.12,ALREADY_ACTIONED
INT-004253,CMP-004253,ACCOUNT_FREEZE,PARTIAL,21.02,ACTED
INT-004254,CMP-004254,ENDPOINT_WATCH,SUCCESS,32.8,FALSE_POSITIVE
INT-004255,CMP-004255,JURISDICTION_HANDOFF,SUCCESS,8.43,ACTED
INT-004256,CMP-004256,ACCOUNT_FREEZE,SUCCESS,30.82,ALREADY_ACTIONED
INT-004257,CMP-004257,NO_ACTION,SUCCESS,40.5,OUT_OF_SCOPE
INT-004258,CMP-004258,LIEN_MARK,PARTIAL,28.17,ACTED
INT-004259,CMP-004259,JURISDICTION_HANDOFF,NO_ACTION,38.86,NOT_ACTED
INT-004260,CMP-004260,ENDPOINT_WATCH,SUCCESS,32.7,ACTED
INT-004261,CMP-004261,ACCOUNT_FREEZE,SUCCESS,17.83,ALREADY_ACTIONED
INT-004262,CMP-004262,LIEN_MARK,SUCCESS,26.02,NOT_ACTED
INT-004263,CMP-004263,ACCOUNT_FREEZE,PARTIAL,33.85,ACTED
INT-004264,CMP-004264,JURISDICTION_HANDOFF,PARTIAL,47.19,ACTED
INT-004265,CMP-004265,ACCOUNT_FREEZE,SUCCESS,27.01,ACTED
INT-004266,CMP-004266,ENDPOINT_WATCH,NO_ACTION,34.63,ACTED
INT-004267,CMP-004267,ENDPOINT_WATCH,NO_ACTION,15.15,OUT_OF_SCOPE
INT-004268,CMP-004268,NO_ACTION,PARTIAL,16.64,ALREADY_ACTIONED
INT-004269,CMP-004269,LIEN_MARK,PARTIAL,40.16,OUT_OF_SCOPE
INT-004270,CMP-004270,NO_ACTION,NO_ACTION,40.51,ALREADY_ACTIONED
INT-004271,CMP-004271,NO_ACTION,SUCCESS,42.46,ALREADY_ACTIONED
INT-004272,CMP-004272,LIEN_MARK,SUCCESS,36.12,OUT_OF_SCOPE
INT-004273,CMP-004273,JURISDICTION_HANDOFF,PARTIAL,31.38,ACTED
INT-004274,CMP-004274,ENDPOINT_WATCH,SUCCESS,10.97,FALSE_POSITIVE
INT-004275,CMP-004275,NO_ACTION,SUCCESS,21.82,ALREADY_ACTIONED
INT-004276,CMP-004276,ACCOUNT_FREEZE,SUCCESS,31.96,ALREADY_ACTIONED
INT-004277,CMP-004277,NO_ACTION,SUCCESS,47.88,ACTED
INT-004278,CMP-004278,NO_ACTION,SUCCESS,12.09,ACTED
INT-004279,CMP-004279,ACCOUNT_FREEZE,SUCCESS,23.41,ACTED
INT-004280,CMP-004280,NO_ACTION,SUCCESS,44.8,ACTED
INT-004281,CMP-004281,JURISDICTION_HANDOFF,SUCCESS,6.31,NOT_ACTED
INT-004282,CMP-004282,ACCOUNT_FREEZE,SUCCESS,12.92,FALSE_POSITIVE
INT-004283,CMP-004283,LIEN_MARK,SUCCESS,27.04,ALREADY_ACTIONED
INT-004284,CMP-004284,ACCOUNT_FREEZE,PARTIAL,44.44,ACTED
INT-004285,CMP-004285,ENDPOINT_WATCH,SUCCESS,22.7,ACTED
INT-004286,CMP-004286,ENDPOINT_WATCH,PARTIAL,24.96,ALREADY_ACTIONED
INT-004287,CMP-004287,NO_ACTION,SUCCESS,27.59,ACTED
INT-004288,CMP-004288,JURISDICTION_HANDOFF,PARTIAL,5.57,ACTED
INT-004289,CMP-004289,NO_ACTION,SUCCESS,5.93,ACTED
INT-004290,CMP-004290,ENDPOINT_WATCH,NO_ACTION,14.83,ALREADY_ACTIONED
INT-004291,CMP-004291,ACCOUNT_FREEZE,SUCCESS,45.96,NOT_ACTED
INT-004292,CMP-004292,ACCOUNT_FREEZE,SUCCESS,13.83,NOT_ACTED
INT-004293,CMP-004293,ENDPOINT_WATCH,SUCCESS,45.77,NOT_ACTED
INT-004294,CMP-004294,ENDPOINT_WATCH,SUCCESS,18.1,NOT_ACTED
INT-004295,CMP-004295,LIEN_MARK,SUCCESS,13.31,NOT_ACTED
INT-004296,CMP-004296,ENDPOINT_WATCH,NO_ACTION,24.15,ACTED
INT-004297,CMP-004297,LIEN_MARK,PARTIAL,5.22,ALREADY_ACTIONED
INT-004298,CMP-004298,LIEN_MARK,SUCCESS,27.97,FALSE_POSITIVE
INT-004299,CMP-004299,LIEN_MARK,SUCCESS,13.61,ACTED
INT-004300,CMP-004300,ENDPOINT_WATCH,SUCCESS,17.98,NOT_ACTED
INT-004301,CMP-004301,JURISDICTION_HANDOFF,SUCCESS,18.51,ACTED
INT-004302,CMP-004302,LIEN_MARK,SUCCESS,43.21,NOT_ACTED
INT-004303,CMP-004303,JURISDICTION_HANDOFF,NO_ACTION,38.43,ALREADY_ACTIONED
INT-004304,CMP-004304,NO_ACTION,SUCCESS,47.56,NOT_ACTED
INT-004305,CMP-004305,LIEN_MARK,PARTIAL,10.56,FALSE_POSITIVE
INT-004306,CMP-004306,JURISDICTION_HANDOFF,NO_ACTION,3.2,ACTED
INT-004307,CMP-004307,JURISDICTION_HANDOFF,SUCCESS,7.63,NOT_ACTED
INT-004308,CMP-004308,NO_ACTION,SUCCESS,10.44,ACTED
INT-004309,CMP-004309,LIEN_MARK,SUCCESS,17.26,ALREADY_ACTIONED
INT-004310,CMP-004310,ACCOUNT_FREEZE,SUCCESS,3.59,ACTED
INT-004311,CMP-004311,LIEN_MARK,PARTIAL,33.71,ACTED
INT-004312,CMP-004312,ENDPOINT_WATCH,SUCCESS,31.16,ACTED
INT-004313,CMP-004313,NO_ACTION,SUCCESS,3.3,OUT_OF_SCOPE
INT-004314,CMP-004314,ACCOUNT_FREEZE,SUCCESS,23.04,ACTED
INT-004315,CMP-004315,JURISDICTION_HANDOFF,SUCCESS,43.1,NOT_ACTED
INT-004316,CMP-004316,NO_ACTION,NO_ACTION,6.77,FALSE_POSITIVE
INT-004317,CMP-004317,NO_ACTION,NO_ACTION,34.45,ACTED
INT-004318,CMP-004318,ACCOUNT_FREEZE,PARTIAL,19.16,ACTED
INT-004319,CMP-004319,JURISDICTION_HANDOFF,SUCCESS,23.38,ALREADY_ACTIONED
INT-004320,CMP-004320,JURISDICTION_HANDOFF,SUCCESS,33.11,NOT_ACTED
INT-004321,CMP-004321,ENDPOINT_WATCH,SUCCESS,25.02,NOT_ACTED
INT-004322,CMP-004322,ENDPOINT_WATCH,NO_ACTION,18.56,OUT_OF_SCOPE
INT-004323,CMP-004323,ENDPOINT_WATCH,SUCCESS,30.67,ALREADY_ACTIONED
INT-004324,CMP-004324,LIEN_MARK,SUCCESS,28.47,FALSE_POSITIVE
INT-004325,CMP-004325,JURISDICTION_HANDOFF,NO_ACTION,21.65,ALREADY_ACTIONED
INT-004326,CMP-004326,NO_ACTION,NO_ACTION,11.98,ACTED
INT-004327,CMP-004327,LIEN_MARK,SUCCESS,9.49,ALREADY_ACTIONED
INT-004328,CMP-004328,ENDPOINT_WATCH,SUCCESS,9.23,FALSE_POSITIVE
INT-004329,CMP-004329,ACCOUNT_FREEZE,SUCCESS,32.59,ALREADY_ACTIONED
INT-004330,CMP-004330,ENDPOINT_WATCH,PARTIAL,27.15,NOT_ACTED
INT-004331,CMP-004331,ENDPOINT_WATCH,NO_ACTION,24.25,OUT_OF_SCOPE
INT-004332,CMP-004332,JURISDICTION_HANDOFF,SUCCESS,42.88,ACTED
INT-004333,CMP-004333,JURISDICTION_HANDOFF,SUCCESS,24.96,NOT_ACTED
INT-004334,CMP-004334,LIEN_MARK,SUCCESS,17.88,ALREADY_ACTIONED
INT-004335,CMP-004335,ENDPOINT_WATCH,PARTIAL,5.42,FALSE_POSITIVE
INT-004336,CMP-004336,JURISDICTION_HANDOFF,SUCCESS,35.78,ACTED
INT-004337,CMP-004337,LIEN_MARK,SUCCESS,34.56,ALREADY_ACTIONED
INT-004338,CMP-004338,ENDPOINT_WATCH,SUCCESS,23.95,ACTED
INT-004339,CMP-004339,LIEN_MARK,PARTIAL,31.29,FALSE_POSITIVE
INT-004340,CMP-004340,NO_ACTION,SUCCESS,5.82,ACTED
INT-004341,CMP-004341,NO_ACTION,NO_ACTION,19.92,ALREADY_ACTIONED
INT-004342,CMP-004342,ENDPOINT_WATCH,PARTIAL,42.44,OUT_OF_SCOPE
INT-004343,CMP-004343,JURISDICTION_HANDOFF,PARTIAL,27.2,ACTED
INT-004344,CMP-004344,LIEN_MARK,NO_ACTION,21.35,ACTED
INT-004345,CMP-004345,JURISDICTION_HANDOFF,SUCCESS,20.4,NOT_ACTED
INT-004346,CMP-004346,LIEN_MARK,SUCCESS,39.8,ALREADY_ACTIONED
INT-004347,CMP-004347,LIEN_MARK,PARTIAL,14.79,ACTED
INT-004348,CMP-004348,ACCOUNT_FREEZE,SUCCESS,13.14,NOT_ACTED
INT-004349,CMP-004349,ACCOUNT_FREEZE,PARTIAL,16.25,ALREADY_ACTIONED
INT-004350,CMP-004350,LIEN_MARK,SUCCESS,3.77,OUT_OF_SCOPE
INT-004351,CMP-004351,LIEN_MARK,SUCCESS,29.02,ACTED
INT-004352,CMP-004352,LIEN_MARK,PARTIAL,4.67,ACTED
INT-004353,CMP-004353,ENDPOINT_WATCH,PARTIAL,28.8,ACTED
INT-004354,CMP-004354,ENDPOINT_WATCH,NO_ACTION,13.27,ACTED
INT-004355,CMP-004355,JURISDICTION_HANDOFF,SUCCESS,26.65,FALSE_POSITIVE
INT-004356,CMP-004356,LIEN_MARK,SUCCESS,37.15,ALREADY_ACTIONED
INT-004357,CMP-004357,LIEN_MARK,SUCCESS,14.64,NOT_ACTED
INT-004358,CMP-004358,NO_ACTION,PARTIAL,11.78,NOT_ACTED
INT-004359,CMP-004359,ENDPOINT_WATCH,NO_ACTION,9.57,NOT_ACTED
INT-004360,CMP-004360,JURISDICTION_HANDOFF,SUCCESS,4.25,ALREADY_ACTIONED
INT-004361,CMP-004361,NO_ACTION,PARTIAL,12.47,ACTED
INT-004362,CMP-004362,NO_ACTION,SUCCESS,30.32,ACTED
INT-004363,CMP-004363,JURISDICTION_HANDOFF,PARTIAL,36.56,ACTED
INT-004364,CMP-004364,LIEN_MARK,SUCCESS,3.57,ACTED
INT-004365,CMP-004365,ENDPOINT_WATCH,NO_ACTION,17.34,NOT_ACTED
INT-004366,CMP-004366,ENDPOINT_WATCH,NO_ACTION,3.76,ALREADY_ACTIONED
INT-004367,CMP-004367,ACCOUNT_FREEZE,PARTIAL,32.64,ACTED
INT-004368,CMP-004368,LIEN_MARK,SUCCESS,20.88,ACTED
INT-004369,CMP-004369,NO_ACTION,SUCCESS,3.45,NOT_ACTED
INT-004370,CMP-004370,ACCOUNT_FREEZE,SUCCESS,33.9,ACTED
INT-004371,CMP-004371,NO_ACTION,SUCCESS,15.84,ALREADY_ACTIONED
INT-004372,CMP-004372,LIEN_MARK,SUCCESS,43.58,ACTED
INT-004373,CMP-004373,LIEN_MARK,NO_ACTION,26.01,FALSE_POSITIVE
INT-004374,CMP-004374,JURISDICTION_HANDOFF,NO_ACTION,25.65,OUT_OF_SCOPE
INT-004375,CMP-004375,ENDPOINT_WATCH,NO_ACTION,9.63,FALSE_POSITIVE
INT-004376,CMP-004376,ACCOUNT_FREEZE,SUCCESS,6.72,FALSE_POSITIVE
INT-004377,CMP-004377,ENDPOINT_WATCH,SUCCESS,13.63,ACTED
INT-004378,CMP-004378,LIEN_MARK,SUCCESS,9.83,ACTED
INT-004379,CMP-004379,NO_ACTION,PARTIAL,37.76,NOT_ACTED
INT-004380,CMP-004380,NO_ACTION,SUCCESS,28.03,NOT_ACTED
INT-004381,CMP-004381,NO_ACTION,SUCCESS,43.08,OUT_OF_SCOPE
INT-004382,CMP-004382,ACCOUNT_FREEZE,SUCCESS,35.79,OUT_OF_SCOPE
INT-004383,CMP-004383,NO_ACTION,PARTIAL,18.19,NOT_ACTED
INT-004384,CMP-004384,LIEN_MARK,PARTIAL,13.4,OUT_OF_SCOPE
INT-004385,CMP-004385,NO_ACTION,PARTIAL,21.44,ALREADY_ACTIONED
INT-004386,CMP-004386,LIEN_MARK,NO_ACTION,12.79,ALREADY_ACTIONED
INT-004387,CMP-004387,JURISDICTION_HANDOFF,NO_ACTION,31.82,NOT_ACTED
INT-004388,CMP-004388,LIEN_MARK,SUCCESS,21.27,NOT_ACTED
INT-004389,CMP-004389,ENDPOINT_WATCH,NO_ACTION,14.19,ALREADY_ACTIONED
INT-004390,CMP-004390,LIEN_MARK,SUCCESS,29.99,OUT_OF_SCOPE
INT-004391,CMP-004391,ACCOUNT_FREEZE,SUCCESS,3.64,NOT_ACTED
INT-004392,CMP-004392,ACCOUNT_FREEZE,PARTIAL,26.89,ACTED
INT-004393,CMP-004393,LIEN_MARK,SUCCESS,42.18,NOT_ACTED
INT-004394,CMP-004394,LIEN_MARK,SUCCESS,40.46,ACTED
INT-004395,CMP-004395,ACCOUNT_FREEZE,PARTIAL,37.23,ALREADY_ACTIONED
INT-004396,CMP-004396,NO_ACTION,PARTIAL,32.9,ACTED
INT-004397,CMP-004397,ENDPOINT_WATCH,SUCCESS,43.44,NOT_ACTED
INT-004398,CMP-004398,LIEN_MARK,PARTIAL,42.65,ACTED
INT-004399,CMP-004399,JURISDICTION_HANDOFF,SUCCESS,10.27,ACTED
INT-004400,CMP-004400,ACCOUNT_FREEZE,SUCCESS,8.2,NOT_ACTED
INT-004401,CMP-004401,JURISDICTION_HANDOFF,PARTIAL,35.42,ACTED
INT-004402,CMP-004402,NO_ACTION,SUCCESS,23.21,FALSE_POSITIVE
INT-004403,CMP-004403,NO_ACTION,NO_ACTION,15.4,OUT_OF_SCOPE
INT-004404,CMP-004404,ACCOUNT_FREEZE,SUCCESS,26.21,ACTED
INT-004405,CMP-004405,LIEN_MARK,SUCCESS,31.31,ACTED
INT-004406,CMP-004406,ACCOUNT_FREEZE,SUCCESS,31.43,ACTED
INT-004407,CMP-004407,NO_ACTION,SUCCESS,34.85,FALSE_POSITIVE
INT-004408,CMP-004408,ENDPOINT_WATCH,SUCCESS,30.96,ACTED
INT-004409,CMP-004409,NO_ACTION,SUCCESS,10.71,ACTED
INT-004410,CMP-004410,JURISDICTION_HANDOFF,SUCCESS,7.11,ACTED
INT-004411,CMP-004411,LIEN_MARK,SUCCESS,21.83,NOT_ACTED
INT-004412,CMP-004412,ENDPOINT_WATCH,NO_ACTION,47.12,ACTED
INT-004413,CMP-004413,LIEN_MARK,SUCCESS,36.41,ACTED
INT-004414,CMP-004414,ENDPOINT_WATCH,SUCCESS,33.49,ALREADY_ACTIONED
INT-004415,CMP-004415,ACCOUNT_FREEZE,SUCCESS,32.1,ACTED
INT-004416,CMP-004416,LIEN_MARK,SUCCESS,9.25,OUT_OF_SCOPE
INT-004417,CMP-004417,LIEN_MARK,PARTIAL,46.41,FALSE_POSITIVE
INT-004418,CMP-004418,LIEN_MARK,PARTIAL,23.82,NOT_ACTED
INT-004419,CMP-004419,ENDPOINT_WATCH,SUCCESS,26.94,OUT_OF_SCOPE
INT-004420,CMP-004420,ENDPOINT_WATCH,NO_ACTION,9.25,ACTED
INT-004421,CMP-004421,JURISDICTION_HANDOFF,SUCCESS,45.47,ACTED
INT-004422,CMP-004422,NO_ACTION,PARTIAL,15.54,OUT_OF_SCOPE
INT-004423,CMP-004423,LIEN_MARK,NO_ACTION,15.86,NOT_ACTED
INT-004424,CMP-004424,ENDPOINT_WATCH,NO_ACTION,8.93,NOT_ACTED
INT-004425,CMP-004425,NO_ACTION,SUCCESS,15.09,ALREADY_ACTIONED
INT-004426,CMP-004426,ENDPOINT_WATCH,SUCCESS,35.63,ALREADY_ACTIONED
INT-004427,CMP-004427,LIEN_MARK,PARTIAL,14.39,ACTED
INT-004428,CMP-004428,ACCOUNT_FREEZE,PARTIAL,8.09,ACTED
INT-004429,CMP-004429,JURISDICTION_HANDOFF,NO_ACTION,9.46,OUT_OF_SCOPE
INT-004430,CMP-004430,NO_ACTION,NO_ACTION,3.38,ALREADY_ACTIONED
INT-004431,CMP-004431,NO_ACTION,PARTIAL,36.49,ALREADY_ACTIONED
INT-004432,CMP-004432,ACCOUNT_FREEZE,SUCCESS,27.88,ALREADY_ACTIONED
INT-004433,CMP-004433,NO_ACTION,SUCCESS,15.85,ACTED
INT-004434,CMP-004434,LIEN_MARK,SUCCESS,10.35,ACTED
INT-004435,CMP-004435,ACCOUNT_FREEZE,SUCCESS,11.06,ACTED
INT-004436,CMP-004436,JURISDICTION_HANDOFF,NO_ACTION,42.51,NOT_ACTED
INT-004437,CMP-004437,ACCOUNT_FREEZE,NO_ACTION,38.42,NOT_ACTED
INT-004438,CMP-004438,ACCOUNT_FREEZE,PARTIAL,15.43,ACTED
INT-004439,CMP-004439,ACCOUNT_FREEZE,SUCCESS,23.6,ACTED
INT-004440,CMP-004440,ENDPOINT_WATCH,SUCCESS,47.67,NOT_ACTED
INT-004441,CMP-004441,JURISDICTION_HANDOFF,SUCCESS,25.5,ALREADY_ACTIONED
INT-004442,CMP-004442,ACCOUNT_FREEZE,SUCCESS,29.86,ACTED
INT-004443,CMP-004443,NO_ACTION,PARTIAL,36.81,FALSE_POSITIVE
INT-004444,CMP-004444,JURISDICTION_HANDOFF,PARTIAL,42.96,FALSE_POSITIVE
INT-004445,CMP-004445,JURISDICTION_HANDOFF,SUCCESS,11.39,ALREADY_ACTIONED
INT-004446,CMP-004446,NO_ACTION,SUCCESS,30.23,ACTED
INT-004447,CMP-004447,ENDPOINT_WATCH,NO_ACTION,39.95,ACTED
INT-004448,CMP-004448,JURISDICTION_HANDOFF,SUCCESS,28.47,ALREADY_ACTIONED
INT-004449,CMP-004449,JURISDICTION_HANDOFF,PARTIAL,12.01,FALSE_POSITIVE
INT-004450,CMP-004450,ACCOUNT_FREEZE,NO_ACTION,23.77,NOT_ACTED
INT-004451,CMP-004451,ENDPOINT_WATCH,SUCCESS,24.93,ACTED
INT-004452,CMP-004452,ENDPOINT_WATCH,PARTIAL,42.64,ALREADY_ACTIONED
INT-004453,CMP-004453,NO_ACTION,PARTIAL,13.29,OUT_OF_SCOPE
INT-004454,CMP-004454,LIEN_MARK,PARTIAL,25.16,OUT_OF_SCOPE
INT-004455,CMP-004455,ACCOUNT_FREEZE,SUCCESS,5.91,ACTED
INT-004456,CMP-004456,LIEN_MARK,PARTIAL,43.65,ACTED
INT-004457,CMP-004457,JURISDICTION_HANDOFF,SUCCESS,32.04,NOT_ACTED
INT-004458,CMP-004458,ENDPOINT_WATCH,SUCCESS,20.0,NOT_ACTED
INT-004459,CMP-004459,ENDPOINT_WATCH,PARTIAL,6.47,ACTED
INT-004460,CMP-004460,ACCOUNT_FREEZE,SUCCESS,12.41,ACTED
INT-004461,CMP-004461,JURISDICTION_HANDOFF,NO_ACTION,23.08,ACTED
INT-004462,CMP-004462,JURISDICTION_HANDOFF,PARTIAL,29.77,ACTED
INT-004463,CMP-004463,JURISDICTION_HANDOFF,SUCCESS,43.18,NOT_ACTED
INT-004464,CMP-004464,ACCOUNT_FREEZE,NO_ACTION,33.85,ACTED
INT-004465,CMP-004465,JURISDICTION_HANDOFF,SUCCESS,4.93,NOT_ACTED
INT-004466,CMP-004466,ENDPOINT_WATCH,SUCCESS,31.16,FALSE_POSITIVE
INT-004467,CMP-004467,ENDPOINT_WATCH,SUCCESS,42.43,ACTED
INT-004468,CMP-004468,LIEN_MARK,SUCCESS,34.85,ACTED
INT-004469,CMP-004469,ENDPOINT_WATCH,NO_ACTION,4.57,ACTED
INT-004470,CMP-004470,ENDPOINT_WATCH,SUCCESS,45.49,ACTED
INT-004471,CMP-004471,NO_ACTION,NO_ACTION,29.26,ACTED
INT-004472,CMP-004472,JURISDICTION_HANDOFF,PARTIAL,47.47,ACTED
INT-004473,CMP-004473,ENDPOINT_WATCH,SUCCESS,47.34,OUT_OF_SCOPE
INT-004474,CMP-004474,LIEN_MARK,SUCCESS,19.56,ACTED
INT-004475,CMP-004475,LIEN_MARK,PARTIAL,18.66,ACTED
INT-004476,CMP-004476,ACCOUNT_FREEZE,PARTIAL,34.71,ACTED
INT-004477,CMP-004477,JURISDICTION_HANDOFF,PARTIAL,32.89,ACTED
INT-004478,CMP-004478,JURISDICTION_HANDOFF,SUCCESS,30.91,OUT_OF_SCOPE
INT-004479,CMP-004479,JURISDICTION_HANDOFF,NO_ACTION,14.42,ACTED
INT-004480,CMP-004480,ENDPOINT_WATCH,PARTIAL,8.56,ALREADY_ACTIONED
INT-004481,CMP-004481,JURISDICTION_HANDOFF,SUCCESS,8.78,ACTED
INT-004482,CMP-004482,NO_ACTION,PARTIAL,11.25,ACTED
INT-004483,CMP-004483,NO_ACTION,NO_ACTION,16.39,NOT_ACTED
INT-004484,CMP-004484,ENDPOINT_WATCH,SUCCESS,25.3,ALREADY_ACTIONED
INT-004485,CMP-004485,ACCOUNT_FREEZE,PARTIAL,38.78,ACTED
INT-004486,CMP-004486,NO_ACTION,SUCCESS,40.31,ACTED
INT-004487,CMP-004487,ENDPOINT_WATCH,NO_ACTION,46.71,NOT_ACTED
INT-004488,CMP-004488,NO_ACTION,NO_ACTION,27.05,ACTED
INT-004489,CMP-004489,NO_ACTION,SUCCESS,37.64,ACTED
INT-004490,CMP-004490,ENDPOINT_WATCH,SUCCESS,26.5,ACTED
INT-004491,CMP-004491,ACCOUNT_FREEZE,SUCCESS,3.17,NOT_ACTED
INT-004492,CMP-004492,ENDPOINT_WATCH,SUCCESS,3.79,ACTED
INT-004493,CMP-004493,ENDPOINT_WATCH,NO_ACTION,6.34,OUT_OF_SCOPE
INT-004494,CMP-004494,NO_ACTION,SUCCESS,22.9,ACTED
INT-004495,CMP-004495,ENDPOINT_WATCH,SUCCESS,26.18,ALREADY_ACTIONED
INT-004496,CMP-004496,LIEN_MARK,NO_ACTION,31.32,ACTED
INT-004497,CMP-004497,ENDPOINT_WATCH,NO_ACTION,35.29,NOT_ACTED
INT-004498,CMP-004498,ACCOUNT_FREEZE,SUCCESS,33.14,ACTED
INT-004499,CMP-004499,NO_ACTION,SUCCESS,17.84,NOT_ACTED
INT-004500,CMP-004500,LIEN_MARK,PARTIAL,9.89,ACTED
INT-004501,CMP-004501,NO_ACTION,NO_ACTION,14.79,ACTED
INT-004502,CMP-004502,ACCOUNT_FREEZE,SUCCESS,18.14,ACTED
INT-004503,CMP-004503,ACCOUNT_FREEZE,SUCCESS,10.36,NOT_ACTED
INT-004504,CMP-004504,ENDPOINT_WATCH,SUCCESS,23.09,NOT_ACTED
INT-004505,CMP-004505,LIEN_MARK,SUCCESS,4.49,OUT_OF_SCOPE
INT-004506,CMP-004506,LIEN_MARK,SUCCESS,6.66,OUT_OF_SCOPE
INT-004507,CMP-004507,ACCOUNT_FREEZE,SUCCESS,12.0,ALREADY_ACTIONED
INT-004508,CMP-004508,ENDPOINT_WATCH,NO_ACTION,6.01,ACTED
INT-004509,CMP-004509,ACCOUNT_FREEZE,SUCCESS,47.4,OUT_OF_SCOPE
INT-004510,CMP-004510,JURISDICTION_HANDOFF,NO_ACTION,19.39,ACTED
INT-004511,CMP-004511,ACCOUNT_FREEZE,PARTIAL,16.25,NOT_ACTED
INT-004512,CMP-004512,NO_ACTION,SUCCESS,36.97,ACTED
INT-004513,CMP-004513,LIEN_MARK,SUCCESS,16.4,NOT_ACTED
INT-004514,CMP-004514,LIEN_MARK,PARTIAL,10.84,ALREADY_ACTIONED
INT-004515,CMP-004515,NO_ACTION,SUCCESS,45.78,ALREADY_ACTIONED
INT-004516,CMP-004516,NO_ACTION,SUCCESS,6.12,ACTED
INT-004517,CMP-004517,NO_ACTION,SUCCESS,19.41,ACTED
INT-004518,CMP-004518,JURISDICTION_HANDOFF,PARTIAL,34.47,ACTED
INT-004519,CMP-004519,LIEN_MARK,SUCCESS,40.24,ACTED
INT-004520,CMP-004520,LIEN_MARK,NO_ACTION,41.35,ACTED
INT-004521,CMP-004521,NO_ACTION,SUCCESS,31.2,ACTED
INT-004522,CMP-004522,JURISDICTION_HANDOFF,PARTIAL,41.16,OUT_OF_SCOPE
INT-004523,CMP-004523,NO_ACTION,NO_ACTION,43.82,OUT_OF_SCOPE
INT-004524,CMP-004524,LIEN_MARK,PARTIAL,7.05,NOT_ACTED
INT-004525,CMP-004525,JURISDICTION_HANDOFF,SUCCESS,23.31,ACTED
INT-004526,CMP-004526,ACCOUNT_FREEZE,PARTIAL,23.83,ACTED
INT-004527,CMP-004527,ACCOUNT_FREEZE,NO_ACTION,26.58,ACTED
INT-004528,CMP-004528,NO_ACTION,SUCCESS,13.29,FALSE_POSITIVE
INT-004529,CMP-004529,ACCOUNT_FREEZE,PARTIAL,33.37,FALSE_POSITIVE
INT-004530,CMP-004530,JURISDICTION_HANDOFF,SUCCESS,37.84,ACTED
INT-004531,CMP-004531,LIEN_MARK,SUCCESS,26.12,ACTED
INT-004532,CMP-004532,ENDPOINT_WATCH,SUCCESS,21.98,ACTED
INT-004533,CMP-004533,ACCOUNT_FREEZE,PARTIAL,10.33,ACTED
INT-004534,CMP-004534,LIEN_MARK,SUCCESS,15.37,ALREADY_ACTIONED
INT-004535,CMP-004535,ENDPOINT_WATCH,SUCCESS,47.51,ACTED
INT-004536,CMP-004536,LIEN_MARK,NO_ACTION,38.69,FALSE_POSITIVE
INT-004537,CMP-004537,LIEN_MARK,SUCCESS,6.47,NOT_ACTED
INT-004538,CMP-004538,ACCOUNT_FREEZE,SUCCESS,7.55,ACTED
INT-004539,CMP-004539,JURISDICTION_HANDOFF,SUCCESS,10.33,NOT_ACTED
INT-004540,CMP-004540,JURISDICTION_HANDOFF,SUCCESS,15.79,ACTED
INT-004541,CMP-004541,LIEN_MARK,SUCCESS,42.44,ALREADY_ACTIONED
INT-004542,CMP-004542,JURISDICTION_HANDOFF,SUCCESS,15.84,OUT_OF_SCOPE
INT-004543,CMP-004543,ENDPOINT_WATCH,SUCCESS,28.08,OUT_OF_SCOPE
INT-004544,CMP-004544,LIEN_MARK,SUCCESS,20.46,ACTED
INT-004545,CMP-004545,JURISDICTION_HANDOFF,NO_ACTION,6.6,ACTED
INT-004546,CMP-004546,NO_ACTION,SUCCESS,23.99,ACTED
INT-004547,CMP-004547,JURISDICTION_HANDOFF,PARTIAL,43.86,ALREADY_ACTIONED
INT-004548,CMP-004548,ENDPOINT_WATCH,NO_ACTION,18.52,ACTED
INT-004549,CMP-004549,ENDPOINT_WATCH,NO_ACTION,36.91,ACTED
INT-004550,CMP-004550,JURISDICTION_HANDOFF,SUCCESS,25.47,NOT_ACTED
INT-004551,CMP-004551,ACCOUNT_FREEZE,NO_ACTION,23.39,NOT_ACTED
INT-004552,CMP-004552,ENDPOINT_WATCH,SUCCESS,14.36,FALSE_POSITIVE
INT-004553,CMP-004553,LIEN_MARK,SUCCESS,4.45,OUT_OF_SCOPE
INT-004554,CMP-004554,ACCOUNT_FREEZE,SUCCESS,16.81,ACTED
INT-004555,CMP-004555,JURISDICTION_HANDOFF,SUCCESS,12.2,ALREADY_ACTIONED
INT-004556,CMP-004556,LIEN_MARK,NO_ACTION,44.48,NOT_ACTED
INT-004557,CMP-004557,NO_ACTION,SUCCESS,17.68,NOT_ACTED
INT-004558,CMP-004558,LIEN_MARK,NO_ACTION,9.56,ACTED
INT-004559,CMP-004559,NO_ACTION,SUCCESS,18.95,NOT_ACTED
INT-004560,CMP-004560,ENDPOINT_WATCH,SUCCESS,20.04,ACTED
INT-004561,CMP-004561,ENDPOINT_WATCH,PARTIAL,27.4,ACTED
INT-004562,CMP-004562,ENDPOINT_WATCH,SUCCESS,14.78,OUT_OF_SCOPE
INT-004563,CMP-004563,ENDPOINT_WATCH,SUCCESS,18.57,NOT_ACTED
INT-004564,CMP-004564,LIEN_MARK,SUCCESS,13.41,OUT_OF_SCOPE
INT-004565,CMP-004565,JURISDICTION_HANDOFF,PARTIAL,27.74,NOT_ACTED
INT-004566,CMP-004566,ENDPOINT_WATCH,SUCCESS,34.88,OUT_OF_SCOPE
INT-004567,CMP-004567,ENDPOINT_WATCH,SUCCESS,11.81,ACTED
INT-004568,CMP-004568,ACCOUNT_FREEZE,PARTIAL,16.23,ACTED
INT-004569,CMP-004569,JURISDICTION_HANDOFF,SUCCESS,33.03,NOT_ACTED
INT-004570,CMP-004570,LIEN_MARK,NO_ACTION,20.41,NOT_ACTED
INT-004571,CMP-004571,LIEN_MARK,NO_ACTION,31.07,NOT_ACTED
INT-004572,CMP-004572,ENDPOINT_WATCH,PARTIAL,16.31,OUT_OF_SCOPE
INT-004573,CMP-004573,LIEN_MARK,SUCCESS,29.89,ALREADY_ACTIONED
INT-004574,CMP-004574,LIEN_MARK,PARTIAL,28.87,ACTED
INT-004575,CMP-004575,ACCOUNT_FREEZE,PARTIAL,35.42,ACTED
INT-004576,CMP-004576,ENDPOINT_WATCH,NO_ACTION,11.69,NOT_ACTED
INT-004577,CMP-004577,ACCOUNT_FREEZE,SUCCESS,34.07,OUT_OF_SCOPE
INT-004578,CMP-004578,ENDPOINT_WATCH,PARTIAL,48.0,FALSE_POSITIVE
INT-004579,CMP-004579,NO_ACTION,SUCCESS,10.3,ACTED
INT-004580,CMP-004580,ACCOUNT_FREEZE,PARTIAL,24.32,OUT_OF_SCOPE
INT-004581,CMP-004581,JURISDICTION_HANDOFF,SUCCESS,35.22,ACTED
INT-004582,CMP-004582,NO_ACTION,PARTIAL,47.31,ACTED
INT-004583,CMP-004583,ENDPOINT_WATCH,NO_ACTION,5.2,ACTED
INT-004584,CMP-004584,ACCOUNT_FREEZE,SUCCESS,42.37,OUT_OF_SCOPE
INT-004585,CMP-004585,JURISDICTION_HANDOFF,SUCCESS,38.57,ACTED
INT-004586,CMP-004586,ACCOUNT_FREEZE,PARTIAL,36.62,NOT_ACTED
INT-004587,CMP-004587,ACCOUNT_FREEZE,SUCCESS,12.35,FALSE_POSITIVE
INT-004588,CMP-004588,ENDPOINT_WATCH,SUCCESS,11.75,ACTED
INT-004589,CMP-004589,NO_ACTION,PARTIAL,14.21,ACTED
INT-004590,CMP-004590,LIEN_MARK,NO_ACTION,24.34,NOT_ACTED
INT-004591,CMP-004591,ENDPOINT_WATCH,NO_ACTION,47.4,NOT_ACTED
INT-004592,CMP-004592,NO_ACTION,PARTIAL,42.78,ACTED
INT-004593,CMP-004593,LIEN_MARK,SUCCESS,43.72,ACTED
INT-004594,CMP-004594,JURISDICTION_HANDOFF,NO_ACTION,20.36,ACTED
INT-004595,CMP-004595,ENDPOINT_WATCH,SUCCESS,47.58,ACTED
INT-004596,CMP-004596,JURISDICTION_HANDOFF,PARTIAL,32.17,ALREADY_ACTIONED
INT-004597,CMP-004597,JURISDICTION_HANDOFF,PARTIAL,46.92,FALSE_POSITIVE
INT-004598,CMP-004598,JURISDICTION_HANDOFF,PARTIAL,33.47,OUT_OF_SCOPE
INT-004599,CMP-004599,JURISDICTION_HANDOFF,NO_ACTION,36.51,NOT_ACTED
INT-004600,CMP-004600,ACCOUNT_FREEZE,NO_ACTION,18.61,NOT_ACTED
INT-004601,CMP-004601,JURISDICTION_HANDOFF,SUCCESS,22.45,ALREADY_ACTIONED
INT-004602,CMP-004602,ENDPOINT_WATCH,NO_ACTION,42.15,ACTED
INT-004603,CMP-004603,NO_ACTION,SUCCESS,35.81,ACTED
INT-004604,CMP-004604,LIEN_MARK,SUCCESS,39.96,NOT_ACTED
INT-004605,CMP-004605,JURISDICTION_HANDOFF,NO_ACTION,4.0,ACTED
INT-004606,CMP-004606,NO_ACTION,NO_ACTION,26.54,NOT_ACTED
INT-004607,CMP-004607,NO_ACTION,PARTIAL,8.92,ACTED
INT-004608,CMP-004608,ENDPOINT_WATCH,SUCCESS,36.02,NOT_ACTED
INT-004609,CMP-004609,LIEN_MARK,SUCCESS,7.38,ACTED
INT-004610,CMP-004610,ACCOUNT_FREEZE,SUCCESS,34.72,FALSE_POSITIVE
INT-004611,CMP-004611,JURISDICTION_HANDOFF,SUCCESS,47.4,ACTED
INT-004612,CMP-004612,NO_ACTION,NO_ACTION,5.19,NOT_ACTED
INT-004613,CMP-004613,ACCOUNT_FREEZE,SUCCESS,24.31,NOT_ACTED
INT-004614,CMP-004614,ENDPOINT_WATCH,SUCCESS,6.2,ACTED
INT-004615,CMP-004615,JURISDICTION_HANDOFF,NO_ACTION,8.54,NOT_ACTED
INT-004616,CMP-004616,LIEN_MARK,SUCCESS,12.89,ACTED
INT-004617,CMP-004617,JURISDICTION_HANDOFF,PARTIAL,45.74,NOT_ACTED
INT-004618,CMP-004618,LIEN_MARK,PARTIAL,35.85,ALREADY_ACTIONED
INT-004619,CMP-004619,ENDPOINT_WATCH,SUCCESS,19.48,ACTED
INT-004620,CMP-004620,NO_ACTION,PARTIAL,12.14,ALREADY_ACTIONED
INT-004621,CMP-004621,JURISDICTION_HANDOFF,PARTIAL,26.5,FALSE_POSITIVE
INT-004622,CMP-004622,NO_ACTION,SUCCESS,41.42,ACTED
INT-004623,CMP-004623,JURISDICTION_HANDOFF,SUCCESS,3.7,NOT_ACTED
INT-004624,CMP-004624,ENDPOINT_WATCH,SUCCESS,8.19,ALREADY_ACTIONED
INT-004625,CMP-004625,JURISDICTION_HANDOFF,NO_ACTION,3.76,FALSE_POSITIVE
INT-004626,CMP-004626,ACCOUNT_FREEZE,SUCCESS,37.48,ALREADY_ACTIONED
INT-004627,CMP-004627,ENDPOINT_WATCH,NO_ACTION,5.3,ACTED
INT-004628,CMP-004628,JURISDICTION_HANDOFF,SUCCESS,16.34,ACTED
INT-004629,CMP-004629,JURISDICTION_HANDOFF,NO_ACTION,28.4,ACTED
INT-004630,CMP-004630,ACCOUNT_FREEZE,PARTIAL,3.38,ACTED
INT-004631,CMP-004631,NO_ACTION,NO_ACTION,32.41,ACTED
INT-004632,CMP-004632,LIEN_MARK,NO_ACTION,32.23,ALREADY_ACTIONED
INT-004633,CMP-004633,NO_ACTION,SUCCESS,7.69,ALREADY_ACTIONED
INT-004634,CMP-004634,ACCOUNT_FREEZE,NO_ACTION,3.29,NOT_ACTED
INT-004635,CMP-004635,NO_ACTION,NO_ACTION,4.87,NOT_ACTED
INT-004636,CMP-004636,ENDPOINT_WATCH,SUCCESS,28.0,ALREADY_ACTIONED
INT-004637,CMP-004637,ACCOUNT_FREEZE,SUCCESS,33.01,NOT_ACTED
INT-004638,CMP-004638,ACCOUNT_FREEZE,SUCCESS,47.16,ALREADY_ACTIONED
INT-004639,CMP-004639,NO_ACTION,SUCCESS,18.0,NOT_ACTED
INT-004640,CMP-004640,NO_ACTION,NO_ACTION,46.03,ACTED
INT-004641,CMP-004641,LIEN_MARK,SUCCESS,39.31,NOT_ACTED
INT-004642,CMP-004642,NO_ACTION,SUCCESS,16.4,NOT_ACTED
INT-004643,CMP-004643,ACCOUNT_FREEZE,SUCCESS,5.42,ACTED
INT-004644,CMP-004644,ACCOUNT_FREEZE,SUCCESS,40.31,NOT_ACTED
INT-004645,CMP-004645,ENDPOINT_WATCH,SUCCESS,23.88,FALSE_POSITIVE
INT-004646,CMP-004646,ACCOUNT_FREEZE,NO_ACTION,42.43,FALSE_POSITIVE
INT-004647,CMP-004647,NO_ACTION,PARTIAL,32.02,NOT_ACTED
INT-004648,CMP-004648,NO_ACTION,SUCCESS,14.76,FALSE_POSITIVE
INT-004649,CMP-004649,ENDPOINT_WATCH,SUCCESS,42.37,OUT_OF_SCOPE
INT-004650,CMP-004650,NO_ACTION,PARTIAL,25.58,ACTED
INT-004651,CMP-004651,LIEN_MARK,NO_ACTION,42.7,ALREADY_ACTIONED
INT-004652,CMP-004652,NO_ACTION,PARTIAL,37.71,ACTED
INT-004653,CMP-004653,ENDPOINT_WATCH,SUCCESS,35.74,ACTED
INT-004654,CMP-004654,NO_ACTION,SUCCESS,43.48,NOT_ACTED
INT-004655,CMP-004655,ENDPOINT_WATCH,SUCCESS,41.54,ACTED
INT-004656,CMP-004656,LIEN_MARK,SUCCESS,29.67,FALSE_POSITIVE
INT-004657,CMP-004657,ENDPOINT_WATCH,SUCCESS,8.3,FALSE_POSITIVE
INT-004658,CMP-004658,JURISDICTION_HANDOFF,SUCCESS,5.03,OUT_OF_SCOPE
INT-004659,CMP-004659,JURISDICTION_HANDOFF,SUCCESS,40.73,ACTED
INT-004660,CMP-004660,JURISDICTION_HANDOFF,SUCCESS,12.35,ALREADY_ACTIONED
INT-004661,CMP-004661,ACCOUNT_FREEZE,SUCCESS,33.32,ACTED
INT-004662,CMP-004662,ENDPOINT_WATCH,PARTIAL,39.43,NOT_ACTED
INT-004663,CMP-004663,LIEN_MARK,SUCCESS,20.35,ACTED
INT-004664,CMP-004664,ENDPOINT_WATCH,PARTIAL,46.45,NOT_ACTED
INT-004665,CMP-004665,LIEN_MARK,PARTIAL,30.24,ACTED
INT-004666,CMP-004666,LIEN_MARK,SUCCESS,25.64,OUT_OF_SCOPE
INT-004667,CMP-004667,JURISDICTION_HANDOFF,SUCCESS,16.48,ALREADY_ACTIONED
INT-004668,CMP-004668,NO_ACTION,NO_ACTION,44.89,ACTED
INT-004669,CMP-004669,ENDPOINT_WATCH,PARTIAL,6.43,ALREADY_ACTIONED
INT-004670,CMP-004670,JURISDICTION_HANDOFF,PARTIAL,31.34,NOT_ACTED
INT-004671,CMP-004671,ENDPOINT_WATCH,SUCCESS,13.92,NOT_ACTED
INT-004672,CMP-004672,ENDPOINT_WATCH,SUCCESS,14.79,ACTED
INT-004673,CMP-004673,NO_ACTION,SUCCESS,47.72,ACTED
INT-004674,CMP-004674,NO_ACTION,SUCCESS,12.51,ACTED
INT-004675,CMP-004675,ENDPOINT_WATCH,SUCCESS,28.29,OUT_OF_SCOPE
INT-004676,CMP-004676,JURISDICTION_HANDOFF,SUCCESS,26.3,ALREADY_ACTIONED
INT-004677,CMP-004677,LIEN_MARK,SUCCESS,34.63,ACTED
INT-004678,CMP-004678,ACCOUNT_FREEZE,PARTIAL,24.31,ACTED
INT-004679,CMP-004679,JURISDICTION_HANDOFF,SUCCESS,20.78,OUT_OF_SCOPE
INT-004680,CMP-004680,NO_ACTION,PARTIAL,39.1,FALSE_POSITIVE
INT-004681,CMP-004681,NO_ACTION,SUCCESS,33.68,ACTED
INT-004682,CMP-004682,ACCOUNT_FREEZE,PARTIAL,28.6,OUT_OF_SCOPE
INT-004683,CMP-004683,LIEN_MARK,SUCCESS,23.41,OUT_OF_SCOPE
INT-004684,CMP-004684,NO_ACTION,SUCCESS,37.86,FALSE_POSITIVE
INT-004685,CMP-004685,NO_ACTION,PARTIAL,24.42,ACTED
INT-004686,CMP-004686,LIEN_MARK,NO_ACTION,15.19,ACTED
INT-004687,CMP-004687,JURISDICTION_HANDOFF,SUCCESS,8.11,ACTED
INT-004688,CMP-004688,ACCOUNT_FREEZE,SUCCESS,28.42,ACTED
INT-004689,CMP-004689,LIEN_MARK,SUCCESS,36.46,ACTED
INT-004690,CMP-004690,ENDPOINT_WATCH,SUCCESS,21.28,ALREADY_ACTIONED
INT-004691,CMP-004691,NO_ACTION,SUCCESS,31.11,FALSE_POSITIVE
INT-004692,CMP-004692,ENDPOINT_WATCH,NO_ACTION,44.67,ACTED
INT-004693,CMP-004693,NO_ACTION,SUCCESS,24.11,NOT_ACTED
INT-004694,CMP-004694,LIEN_MARK,SUCCESS,5.43,NOT_ACTED
INT-004695,CMP-004695,NO_ACTION,SUCCESS,4.3,NOT_ACTED
INT-004696,CMP-004696,NO_ACTION,PARTIAL,29.98,OUT_OF_SCOPE
INT-004697,CMP-004697,LIEN_MARK,SUCCESS,30.1,ACTED
INT-004698,CMP-004698,JURISDICTION_HANDOFF,SUCCESS,41.13,NOT_ACTED
INT-004699,CMP-004699,LIEN_MARK,PARTIAL,24.3,ACTED
INT-004700,CMP-004700,LIEN_MARK,SUCCESS,41.51,ACTED
INT-004701,CMP-004701,ENDPOINT_WATCH,PARTIAL,32.56,ALREADY_ACTIONED
INT-004702,CMP-004702,ENDPOINT_WATCH,SUCCESS,33.25,NOT_ACTED
INT-004703,CMP-004703,LIEN_MARK,NO_ACTION,11.32,NOT_ACTED
INT-004704,CMP-004704,LIEN_MARK,SUCCESS,27.06,NOT_ACTED
INT-004705,CMP-004705,LIEN_MARK,SUCCESS,44.96,ACTED
INT-004706,CMP-004706,NO_ACTION,NO_ACTION,38.35,ACTED
INT-004707,CMP-004707,ACCOUNT_FREEZE,NO_ACTION,33.21,FALSE_POSITIVE
INT-004708,CMP-004708,JURISDICTION_HANDOFF,SUCCESS,39.77,ACTED
INT-004709,CMP-004709,ENDPOINT_WATCH,SUCCESS,30.49,ACTED
INT-004710,CMP-004710,LIEN_MARK,SUCCESS,8.69,ACTED
INT-004711,CMP-004711,NO_ACTION,SUCCESS,46.51,NOT_ACTED
INT-004712,CMP-004712,NO_ACTION,NO_ACTION,8.45,NOT_ACTED
INT-004713,CMP-004713,JURISDICTION_HANDOFF,SUCCESS,29.83,ALREADY_ACTIONED
INT-004714,CMP-004714,JURISDICTION_HANDOFF,NO_ACTION,43.85,ALREADY_ACTIONED
INT-004715,CMP-004715,LIEN_MARK,PARTIAL,21.88,ACTED
INT-004716,CMP-004716,NO_ACTION,SUCCESS,15.45,FALSE_POSITIVE
INT-004717,CMP-004717,LIEN_MARK,SUCCESS,13.61,ACTED
INT-004718,CMP-004718,ENDPOINT_WATCH,SUCCESS,46.98,ALREADY_ACTIONED
INT-004719,CMP-004719,NO_ACTION,PARTIAL,21.14,ACTED
INT-004720,CMP-004720,LIEN_MARK,PARTIAL,26.79,ALREADY_ACTIONED
INT-004721,CMP-004721,ACCOUNT_FREEZE,SUCCESS,11.0,ALREADY_ACTIONED
INT-004722,CMP-004722,JURISDICTION_HANDOFF,SUCCESS,14.11,ACTED
INT-004723,CMP-004723,JURISDICTION_HANDOFF,SUCCESS,14.46,ALREADY_ACTIONED
INT-004724,CMP-004724,NO_ACTION,SUCCESS,10.7,NOT_ACTED
INT-004725,CMP-004725,JURISDICTION_HANDOFF,PARTIAL,31.31,ALREADY_ACTIONED
INT-004726,CMP-004726,ACCOUNT_FREEZE,PARTIAL,12.47,ACTED
INT-004727,CMP-004727,ACCOUNT_FREEZE,PARTIAL,13.44,ACTED
INT-004728,CMP-004728,NO_ACTION,SUCCESS,9.37,ACTED
INT-004729,CMP-004729,LIEN_MARK,SUCCESS,21.58,ACTED
INT-004730,CMP-004730,JURISDICTION_HANDOFF,SUCCESS,30.22,NOT_ACTED
INT-004731,CMP-004731,ENDPOINT_WATCH,SUCCESS,43.02,ACTED
INT-004732,CMP-004732,LIEN_MARK,NO_ACTION,33.42,OUT_OF_SCOPE
INT-004733,CMP-004733,ENDPOINT_WATCH,NO_ACTION,19.84,ACTED
INT-004734,CMP-004734,JURISDICTION_HANDOFF,SUCCESS,38.03,NOT_ACTED
INT-004735,CMP-004735,LIEN_MARK,SUCCESS,9.52,ACTED
INT-004736,CMP-004736,ACCOUNT_FREEZE,NO_ACTION,17.16,NOT_ACTED
INT-004737,CMP-004737,ACCOUNT_FREEZE,SUCCESS,46.22,ALREADY_ACTIONED
INT-004738,CMP-004738,LIEN_MARK,SUCCESS,27.53,FALSE_POSITIVE
INT-004739,CMP-004739,JURISDICTION_HANDOFF,SUCCESS,16.03,FALSE_POSITIVE
INT-004740,CMP-004740,LIEN_MARK,SUCCESS,30.29,FALSE_POSITIVE
INT-004741,CMP-004741,JURISDICTION_HANDOFF,PARTIAL,6.78,FALSE_POSITIVE
INT-004742,CMP-004742,ACCOUNT_FREEZE,SUCCESS,30.21,FALSE_POSITIVE
INT-004743,CMP-004743,ENDPOINT_WATCH,SUCCESS,9.75,ACTED
INT-004744,CMP-004744,ENDPOINT_WATCH,SUCCESS,4.0,ACTED
INT-004745,CMP-004745,ENDPOINT_WATCH,NO_ACTION,35.39,ACTED
INT-004746,CMP-004746,JURISDICTION_HANDOFF,PARTIAL,41.58,OUT_OF_SCOPE
INT-004747,CMP-004747,NO_ACTION,SUCCESS,19.87,ALREADY_ACTIONED
INT-004748,CMP-004748,ACCOUNT_FREEZE,SUCCESS,31.34,ACTED
INT-004749,CMP-004749,ACCOUNT_FREEZE,SUCCESS,14.48,ACTED
INT-004750,CMP-004750,ENDPOINT_WATCH,PARTIAL,13.86,ACTED
INT-004751,CMP-004751,NO_ACTION,PARTIAL,9.73,ALREADY_ACTIONED
INT-004752,CMP-004752,JURISDICTION_HANDOFF,PARTIAL,40.15,OUT_OF_SCOPE
INT-004753,CMP-004753,ENDPOINT_WATCH,SUCCESS,10.01,ACTED
INT-004754,CMP-004754,NO_ACTION,SUCCESS,8.77,ALREADY_ACTIONED
INT-004755,CMP-004755,LIEN_MARK,PARTIAL,27.38,OUT_OF_SCOPE
INT-004756,CMP-004756,JURISDICTION_HANDOFF,SUCCESS,47.5,ALREADY_ACTIONED
INT-004757,CMP-004757,NO_ACTION,SUCCESS,47.81,NOT_ACTED
INT-004758,CMP-004758,NO_ACTION,SUCCESS,26.82,NOT_ACTED
INT-004759,CMP-004759,ENDPOINT_WATCH,SUCCESS,15.78,OUT_OF_SCOPE
INT-004760,CMP-004760,LIEN_MARK,PARTIAL,9.42,ACTED
INT-004761,CMP-004761,ACCOUNT_FREEZE,SUCCESS,20.87,FALSE_POSITIVE
INT-004762,CMP-004762,ENDPOINT_WATCH,SUCCESS,35.24,NOT_ACTED
INT-004763,CMP-004763,NO_ACTION,SUCCESS,44.54,ACTED
INT-004764,CMP-004764,ENDPOINT_WATCH,SUCCESS,7.75,ACTED
INT-004765,CMP-004765,NO_ACTION,PARTIAL,24.52,NOT_ACTED
INT-004766,CMP-004766,ENDPOINT_WATCH,SUCCESS,7.67,ACTED
INT-004767,CMP-004767,ENDPOINT_WATCH,SUCCESS,40.48,ACTED
INT-004768,CMP-004768,NO_ACTION,SUCCESS,20.57,NOT_ACTED
INT-004769,CMP-004769,LIEN_MARK,SUCCESS,4.58,NOT_ACTED
INT-004770,CMP-004770,ACCOUNT_FREEZE,PARTIAL,30.86,NOT_ACTED
INT-004771,CMP-004771,ACCOUNT_FREEZE,SUCCESS,41.86,FALSE_POSITIVE
INT-004772,CMP-004772,LIEN_MARK,SUCCESS,21.55,OUT_OF_SCOPE
INT-004773,CMP-004773,NO_ACTION,PARTIAL,25.66,ALREADY_ACTIONED
INT-004774,CMP-004774,JURISDICTION_HANDOFF,NO_ACTION,25.88,FALSE_POSITIVE
INT-004775,CMP-004775,JURISDICTION_HANDOFF,NO_ACTION,11.3,ACTED
INT-004776,CMP-004776,NO_ACTION,SUCCESS,20.1,ACTED
INT-004777,CMP-004777,LIEN_MARK,SUCCESS,23.35,ACTED
INT-004778,CMP-004778,LIEN_MARK,SUCCESS,12.74,NOT_ACTED
INT-004779,CMP-004779,NO_ACTION,PARTIAL,44.26,FALSE_POSITIVE
INT-004780,CMP-004780,ACCOUNT_FREEZE,SUCCESS,46.93,ACTED
INT-004781,CMP-004781,LIEN_MARK,PARTIAL,24.19,ACTED
INT-004782,CMP-004782,ACCOUNT_FREEZE,PARTIAL,18.11,ACTED
INT-004783,CMP-004783,JURISDICTION_HANDOFF,SUCCESS,39.46,NOT_ACTED
INT-004784,CMP-004784,NO_ACTION,SUCCESS,29.46,NOT_ACTED
INT-004785,CMP-004785,ACCOUNT_FREEZE,SUCCESS,26.74,ALREADY_ACTIONED
INT-004786,CMP-004786,NO_ACTION,SUCCESS,19.43,NOT_ACTED
INT-004787,CMP-004787,LIEN_MARK,SUCCESS,5.77,ACTED
INT-004788,CMP-004788,NO_ACTION,SUCCESS,38.42,ACTED
INT-004789,CMP-004789,JURISDICTION_HANDOFF,SUCCESS,19.04,OUT_OF_SCOPE
INT-004790,CMP-004790,ACCOUNT_FREEZE,SUCCESS,16.86,ACTED
INT-004791,CMP-004791,JURISDICTION_HANDOFF,PARTIAL,13.41,NOT_ACTED
INT-004792,CMP-004792,NO_ACTION,SUCCESS,37.03,NOT_ACTED
INT-004793,CMP-004793,LIEN_MARK,NO_ACTION,47.69,ACTED
INT-004794,CMP-004794,JURISDICTION_HANDOFF,SUCCESS,3.73,ALREADY_ACTIONED
INT-004795,CMP-004795,ACCOUNT_FREEZE,SUCCESS,6.13,NOT_ACTED
INT-004796,CMP-004796,LIEN_MARK,NO_ACTION,44.49,NOT_ACTED
INT-004797,CMP-004797,ENDPOINT_WATCH,SUCCESS,24.59,NOT_ACTED
INT-004798,CMP-004798,LIEN_MARK,PARTIAL,7.77,OUT_OF_SCOPE
INT-004799,CMP-004799,ENDPOINT_WATCH,SUCCESS,27.92,ALREADY_ACTIONED
INT-004800,CMP-004800,JURISDICTION_HANDOFF,NO_ACTION,17.64,FALSE_POSITIVE
INT-004801,CMP-004801,LIEN_MARK,SUCCESS,42.01,NOT_ACTED
INT-004802,CMP-004802,LIEN_MARK,SUCCESS,12.79,ACTED
INT-004803,CMP-004803,ACCOUNT_FREEZE,PARTIAL,7.55,NOT_ACTED
INT-004804,CMP-004804,ENDPOINT_WATCH,SUCCESS,26.11,ACTED
INT-004805,CMP-004805,ENDPOINT_WATCH,SUCCESS,23.24,ACTED
INT-004806,CMP-004806,LIEN_MARK,SUCCESS,17.52,NOT_ACTED
INT-004807,CMP-004807,NO_ACTION,NO_ACTION,18.88,FALSE_POSITIVE
INT-004808,CMP-004808,NO_ACTION,NO_ACTION,23.25,ACTED
INT-004809,CMP-004809,LIEN_MARK,SUCCESS,25.05,ACTED
INT-004810,CMP-004810,LIEN_MARK,SUCCESS,18.77,ACTED
INT-004811,CMP-004811,ENDPOINT_WATCH,SUCCESS,27.29,ACTED
INT-004812,CMP-004812,LIEN_MARK,SUCCESS,31.41,NOT_ACTED
INT-004813,CMP-004813,JURISDICTION_HANDOFF,SUCCESS,36.07,NOT_ACTED
INT-004814,CMP-004814,ENDPOINT_WATCH,SUCCESS,33.26,ACTED
INT-004815,CMP-004815,LIEN_MARK,PARTIAL,3.39,NOT_ACTED
INT-004816,CMP-004816,JURISDICTION_HANDOFF,SUCCESS,19.18,ALREADY_ACTIONED
INT-004817,CMP-004817,ENDPOINT_WATCH,SUCCESS,29.55,ACTED
INT-004818,CMP-004818,ACCOUNT_FREEZE,PARTIAL,21.49,ACTED
INT-004819,CMP-004819,LIEN_MARK,NO_ACTION,19.7,ACTED
INT-004820,CMP-004820,ENDPOINT_WATCH,NO_ACTION,41.34,OUT_OF_SCOPE
INT-004821,CMP-004821,LIEN_MARK,PARTIAL,36.33,ACTED
INT-004822,CMP-004822,LIEN_MARK,SUCCESS,34.67,FALSE_POSITIVE
INT-004823,CMP-004823,ACCOUNT_FREEZE,SUCCESS,4.83,ACTED
INT-004824,CMP-004824,ENDPOINT_WATCH,SUCCESS,44.32,ACTED
INT-004825,CMP-004825,JURISDICTION_HANDOFF,PARTIAL,6.31,ACTED
INT-004826,CMP-004826,LIEN_MARK,SUCCESS,42.26,ACTED
INT-004827,CMP-004827,NO_ACTION,NO_ACTION,34.75,ACTED
INT-004828,CMP-004828,ACCOUNT_FREEZE,SUCCESS,18.03,OUT_OF_SCOPE
INT-004829,CMP-004829,ENDPOINT_WATCH,SUCCESS,34.49,FALSE_POSITIVE
INT-004830,CMP-004830,LIEN_MARK,PARTIAL,43.62,OUT_OF_SCOPE
INT-004831,CMP-004831,ACCOUNT_FREEZE,SUCCESS,30.64,FALSE_POSITIVE
INT-004832,CMP-004832,JURISDICTION_HANDOFF,SUCCESS,10.08,OUT_OF_SCOPE
INT-004833,CMP-004833,ACCOUNT_FREEZE,SUCCESS,38.77,ALREADY_ACTIONED
INT-004834,CMP-004834,ENDPOINT_WATCH,NO_ACTION,3.09,FALSE_POSITIVE
INT-004835,CMP-004835,ACCOUNT_FREEZE,PARTIAL,18.73,ACTED
INT-004836,CMP-004836,ACCOUNT_FREEZE,SUCCESS,34.37,ACTED
INT-004837,CMP-004837,LIEN_MARK,NO_ACTION,19.27,FALSE_POSITIVE
INT-004838,CMP-004838,LIEN_MARK,NO_ACTION,4.68,ALREADY_ACTIONED
INT-004839,CMP-004839,ENDPOINT_WATCH,SUCCESS,33.61,ALREADY_ACTIONED
INT-004840,CMP-004840,LIEN_MARK,PARTIAL,12.45,NOT_ACTED
INT-004841,CMP-004841,ACCOUNT_FREEZE,SUCCESS,25.66,ALREADY_ACTIONED
INT-004842,CMP-004842,ENDPOINT_WATCH,NO_ACTION,36.86,FALSE_POSITIVE
INT-004843,CMP-004843,ACCOUNT_FREEZE,SUCCESS,43.21,ACTED
INT-004844,CMP-004844,JURISDICTION_HANDOFF,SUCCESS,41.29,OUT_OF_SCOPE
INT-004845,CMP-004845,ACCOUNT_FREEZE,NO_ACTION,45.38,ACTED
INT-004846,CMP-004846,JURISDICTION_HANDOFF,SUCCESS,21.78,ACTED
INT-004847,CMP-004847,JURISDICTION_HANDOFF,SUCCESS,41.89,ACTED
INT-004848,CMP-004848,LIEN_MARK,NO_ACTION,18.6,ACTED
INT-004849,CMP-004849,ACCOUNT_FREEZE,PARTIAL,31.69,ACTED
INT-004850,CMP-004850,NO_ACTION,SUCCESS,26.01,ACTED
INT-004851,CMP-004851,ACCOUNT_FREEZE,SUCCESS,21.33,ALREADY_ACTIONED
INT-004852,CMP-004852,ACCOUNT_FREEZE,PARTIAL,3.23,ACTED
INT-004853,CMP-004853,JURISDICTION_HANDOFF,SUCCESS,7.88,NOT_ACTED
INT-004854,CMP-004854,LIEN_MARK,PARTIAL,35.86,ACTED
INT-004855,CMP-004855,NO_ACTION,SUCCESS,32.94,ACTED
INT-004856,CMP-004856,JURISDICTION_HANDOFF,SUCCESS,11.74,NOT_ACTED
INT-004857,CMP-004857,JURISDICTION_HANDOFF,SUCCESS,41.78,ACTED
INT-004858,CMP-004858,JURISDICTION_HANDOFF,NO_ACTION,37.22,ACTED
INT-004859,CMP-004859,JURISDICTION_HANDOFF,SUCCESS,30.75,NOT_ACTED
INT-004860,CMP-004860,ACCOUNT_FREEZE,SUCCESS,39.84,ACTED
INT-004861,CMP-004861,NO_ACTION,SUCCESS,36.91,NOT_ACTED
INT-004862,CMP-004862,LIEN_MARK,SUCCESS,30.96,OUT_OF_SCOPE
INT-004863,CMP-004863,LIEN_MARK,PARTIAL,41.81,ALREADY_ACTIONED
INT-004864,CMP-004864,LIEN_MARK,PARTIAL,24.33,ACTED
INT-004865,CMP-004865,ACCOUNT_FREEZE,PARTIAL,32.53,FALSE_POSITIVE
INT-004866,CMP-004866,NO_ACTION,SUCCESS,4.45,ACTED
INT-004867,CMP-004867,NO_ACTION,NO_ACTION,32.12,ACTED
INT-004868,CMP-004868,ENDPOINT_WATCH,SUCCESS,15.32,ALREADY_ACTIONED
INT-004869,CMP-004869,ACCOUNT_FREEZE,PARTIAL,39.04,FALSE_POSITIVE
INT-004870,CMP-004870,JURISDICTION_HANDOFF,PARTIAL,33.63,NOT_ACTED
INT-004871,CMP-004871,NO_ACTION,PARTIAL,47.42,ACTED
INT-004872,CMP-004872,NO_ACTION,PARTIAL,36.64,NOT_ACTED
INT-004873,CMP-004873,NO_ACTION,SUCCESS,3.72,ACTED
INT-004874,CMP-004874,JURISDICTION_HANDOFF,PARTIAL,7.91,ALREADY_ACTIONED
INT-004875,CMP-004875,ACCOUNT_FREEZE,PARTIAL,41.58,ACTED
INT-004876,CMP-004876,LIEN_MARK,NO_ACTION,28.73,NOT_ACTED
INT-004877,CMP-004877,ACCOUNT_FREEZE,PARTIAL,13.9,ACTED
INT-004878,CMP-004878,JURISDICTION_HANDOFF,PARTIAL,13.97,OUT_OF_SCOPE
INT-004879,CMP-004879,ENDPOINT_WATCH,SUCCESS,33.14,ACTED
INT-004880,CMP-004880,LIEN_MARK,SUCCESS,25.48,ACTED
INT-004881,CMP-004881,ENDPOINT_WATCH,SUCCESS,39.05,ACTED
INT-004882,CMP-004882,LIEN_MARK,SUCCESS,22.29,NOT_ACTED
INT-004883,CMP-004883,LIEN_MARK,SUCCESS,26.43,ACTED
INT-004884,CMP-004884,ENDPOINT_WATCH,PARTIAL,42.3,FALSE_POSITIVE
INT-004885,CMP-004885,ACCOUNT_FREEZE,SUCCESS,9.83,NOT_ACTED
INT-004886,CMP-004886,ENDPOINT_WATCH,NO_ACTION,8.35,ACTED
INT-004887,CMP-004887,JURISDICTION_HANDOFF,SUCCESS,16.04,NOT_ACTED
INT-004888,CMP-004888,ENDPOINT_WATCH,SUCCESS,18.63,ACTED
INT-004889,CMP-004889,NO_ACTION,NO_ACTION,40.31,FALSE_POSITIVE
INT-004890,CMP-004890,JURISDICTION_HANDOFF,SUCCESS,13.75,ALREADY_ACTIONED
INT-004891,CMP-004891,NO_ACTION,SUCCESS,35.48,ACTED
INT-004892,CMP-004892,ENDPOINT_WATCH,SUCCESS,37.44,FALSE_POSITIVE
INT-004893,CMP-004893,ACCOUNT_FREEZE,SUCCESS,15.25,ACTED
INT-004894,CMP-004894,ACCOUNT_FREEZE,NO_ACTION,17.11,NOT_ACTED
INT-004895,CMP-004895,LIEN_MARK,NO_ACTION,30.36,ACTED
INT-004896,CMP-004896,JURISDICTION_HANDOFF,SUCCESS,22.47,ACTED
INT-004897,CMP-004897,JURISDICTION_HANDOFF,PARTIAL,21.1,ACTED
INT-004898,CMP-004898,JURISDICTION_HANDOFF,SUCCESS,20.19,ACTED
INT-004899,CMP-004899,ACCOUNT_FREEZE,SUCCESS,38.33,ACTED
INT-004900,CMP-004900,JURISDICTION_HANDOFF,SUCCESS,8.54,ALREADY_ACTIONED
INT-004901,CMP-004901,LIEN_MARK,SUCCESS,24.67,ACTED
INT-004902,CMP-004902,ENDPOINT_WATCH,SUCCESS,25.25,ACTED
INT-004903,CMP-004903,ENDPOINT_WATCH,PARTIAL,40.99,NOT_ACTED
INT-004904,CMP-004904,JURISDICTION_HANDOFF,SUCCESS,45.31,ACTED
INT-004905,CMP-004905,LIEN_MARK,SUCCESS,18.3,ALREADY_ACTIONED
INT-004906,CMP-004906,NO_ACTION,SUCCESS,31.83,ALREADY_ACTIONED
INT-004907,CMP-004907,NO_ACTION,PARTIAL,19.7,ACTED
INT-004908,CMP-004908,ENDPOINT_WATCH,SUCCESS,25.92,ALREADY_ACTIONED
INT-004909,CMP-004909,NO_ACTION,SUCCESS,42.48,NOT_ACTED
INT-004910,CMP-004910,ACCOUNT_FREEZE,SUCCESS,29.48,ALREADY_ACTIONED
INT-004911,CMP-004911,ENDPOINT_WATCH,SUCCESS,7.6,ALREADY_ACTIONED
INT-004912,CMP-004912,LIEN_MARK,NO_ACTION,12.66,FALSE_POSITIVE
INT-004913,CMP-004913,ACCOUNT_FREEZE,PARTIAL,39.49,ACTED
INT-004914,CMP-004914,JURISDICTION_HANDOFF,SUCCESS,4.35,FALSE_POSITIVE
INT-004915,CMP-004915,JURISDICTION_HANDOFF,PARTIAL,12.0,NOT_ACTED
INT-004916,CMP-004916,ENDPOINT_WATCH,PARTIAL,14.73,OUT_OF_SCOPE
INT-004917,CMP-004917,ACCOUNT_FREEZE,NO_ACTION,7.85,ACTED
INT-004918,CMP-004918,ACCOUNT_FREEZE,PARTIAL,24.55,ACTED
INT-004919,CMP-004919,LIEN_MARK,SUCCESS,34.03,NOT_ACTED
INT-004920,CMP-004920,NO_ACTION,PARTIAL,16.82,ACTED
INT-004921,CMP-004921,JURISDICTION_HANDOFF,SUCCESS,29.94,ACTED
INT-004922,CMP-004922,NO_ACTION,NO_ACTION,44.97,ACTED
INT-004923,CMP-004923,NO_ACTION,SUCCESS,10.29,ACTED
INT-004924,CMP-004924,ENDPOINT_WATCH,SUCCESS,40.44,NOT_ACTED
INT-004925,CMP-004925,ENDPOINT_WATCH,SUCCESS,44.57,ALREADY_ACTIONED
INT-004926,CMP-004926,JURISDICTION_HANDOFF,SUCCESS,12.26,NOT_ACTED
INT-004927,CMP-004927,JURISDICTION_HANDOFF,PARTIAL,35.11,ACTED
INT-004928,CMP-004928,LIEN_MARK,SUCCESS,27.66,OUT_OF_SCOPE
INT-004929,CMP-004929,NO_ACTION,PARTIAL,6.16,ACTED
INT-004930,CMP-004930,LIEN_MARK,NO_ACTION,19.58,ALREADY_ACTIONED
INT-004931,CMP-004931,ENDPOINT_WATCH,SUCCESS,33.39,ACTED
INT-004932,CMP-004932,JURISDICTION_HANDOFF,SUCCESS,15.71,ALREADY_ACTIONED
INT-004933,CMP-004933,JURISDICTION_HANDOFF,SUCCESS,10.32,ACTED
INT-004934,CMP-004934,LIEN_MARK,PARTIAL,36.38,NOT_ACTED
INT-004935,CMP-004935,ENDPOINT_WATCH,PARTIAL,25.15,FALSE_POSITIVE
INT-004936,CMP-004936,LIEN_MARK,PARTIAL,9.92,ACTED
INT-004937,CMP-004937,NO_ACTION,SUCCESS,31.67,ACTED
INT-004938,CMP-004938,LIEN_MARK,SUCCESS,6.04,ACTED
INT-004939,CMP-004939,NO_ACTION,SUCCESS,42.13,ALREADY_ACTIONED
INT-004940,CMP-004940,LIEN_MARK,PARTIAL,14.85,NOT_ACTED
INT-004941,CMP-004941,ENDPOINT_WATCH,SUCCESS,12.02,ACTED
INT-004942,CMP-004942,ACCOUNT_FREEZE,PARTIAL,35.59,ACTED
INT-004943,CMP-004943,ACCOUNT_FREEZE,SUCCESS,37.49,ACTED
INT-004944,CMP-004944,NO_ACTION,SUCCESS,39.09,NOT_ACTED
INT-004945,CMP-004945,JURISDICTION_HANDOFF,SUCCESS,5.83,OUT_OF_SCOPE
INT-004946,CMP-004946,JURISDICTION_HANDOFF,SUCCESS,4.56,ACTED
INT-004947,CMP-004947,NO_ACTION,SUCCESS,45.96,FALSE_POSITIVE
INT-004948,CMP-004948,NO_ACTION,SUCCESS,30.83,ALREADY_ACTIONED
INT-004949,CMP-004949,LIEN_MARK,SUCCESS,27.64,ALREADY_ACTIONED
INT-004950,CMP-004950,JURISDICTION_HANDOFF,PARTIAL,13.48,ACTED
INT-004951,CMP-004951,LIEN_MARK,SUCCESS,31.11,OUT_OF_SCOPE
INT-004952,CMP-004952,ACCOUNT_FREEZE,NO_ACTION,16.53,NOT_ACTED
INT-004953,CMP-004953,NO_ACTION,NO_ACTION,4.44,NOT_ACTED
INT-004954,CMP-004954,NO_ACTION,NO_ACTION,47.79,ALREADY_ACTIONED
INT-004955,CMP-004955,NO_ACTION,SUCCESS,41.3,FALSE_POSITIVE
INT-004956,CMP-004956,ENDPOINT_WATCH,NO_ACTION,35.39,NOT_ACTED
INT-004957,CMP-004957,ACCOUNT_FREEZE,SUCCESS,41.19,NOT_ACTED
INT-004958,CMP-004958,ENDPOINT_WATCH,PARTIAL,22.13,ACTED
INT-004959,CMP-004959,NO_ACTION,NO_ACTION,22.06,NOT_ACTED
INT-004960,CMP-004960,ENDPOINT_WATCH,SUCCESS,3.34,FALSE_POSITIVE
INT-004961,CMP-004961,ACCOUNT_FREEZE,PARTIAL,5.62,ACTED
INT-004962,CMP-004962,NO_ACTION,PARTIAL,18.89,NOT_ACTED
INT-004963,CMP-004963,ACCOUNT_FREEZE,SUCCESS,21.89,ACTED
INT-004964,CMP-004964,NO_ACTION,PARTIAL,39.61,ACTED
INT-004965,CMP-004965,ENDPOINT_WATCH,NO_ACTION,31.71,ALREADY_ACTIONED
INT-004966,CMP-004966,ENDPOINT_WATCH,PARTIAL,12.05,ACTED
INT-004967,CMP-004967,ACCOUNT_FREEZE,PARTIAL,37.41,ACTED
INT-004968,CMP-004968,JURISDICTION_HANDOFF,SUCCESS,26.07,NOT_ACTED
INT-004969,CMP-004969,ENDPOINT_WATCH,SUCCESS,27.91,ACTED
INT-004970,CMP-004970,ENDPOINT_WATCH,SUCCESS,29.48,ACTED
INT-004971,CMP-004971,LIEN_MARK,PARTIAL,47.39,ACTED
INT-004972,CMP-004972,JURISDICTION_HANDOFF,SUCCESS,13.89,ACTED
INT-004973,CMP-004973,ENDPOINT_WATCH,SUCCESS,17.68,ACTED
INT-004974,CMP-004974,ENDPOINT_WATCH,NO_ACTION,26.27,ALREADY_ACTIONED
INT-004975,CMP-004975,ENDPOINT_WATCH,PARTIAL,7.31,ACTED
INT-004976,CMP-004976,LIEN_MARK,NO_ACTION,14.49,ACTED
INT-004977,CMP-004977,ACCOUNT_FREEZE,PARTIAL,37.85,OUT_OF_SCOPE
INT-004978,CMP-004978,LIEN_MARK,SUCCESS,16.32,ALREADY_ACTIONED
INT-004979,CMP-004979,JURISDICTION_HANDOFF,SUCCESS,33.84,ALREADY_ACTIONED
INT-004980,CMP-004980,NO_ACTION,SUCCESS,9.23,ACTED
INT-004981,CMP-004981,NO_ACTION,NO_ACTION,8.98,ACTED
INT-004982,CMP-004982,NO_ACTION,SUCCESS,19.0,ACTED
INT-004983,CMP-004983,ACCOUNT_FREEZE,SUCCESS,44.92,NOT_ACTED
INT-004984,CMP-004984,NO_ACTION,SUCCESS,5.75,ACTED
INT-004985,CMP-004985,LIEN_MARK,NO_ACTION,23.25,ACTED
INT-004986,CMP-004986,ENDPOINT_WATCH,SUCCESS,5.27,ALREADY_ACTIONED
INT-004987,CMP-004987,ENDPOINT_WATCH,SUCCESS,6.37,ACTED
INT-004988,CMP-004988,JURISDICTION_HANDOFF,SUCCESS,6.09,ALREADY_ACTIONED
INT-004989,CMP-004989,JURISDICTION_HANDOFF,PARTIAL,18.11,ACTED
INT-004990,CMP-004990,NO_ACTION,NO_ACTION,12.6,NOT_ACTED
INT-004991,CMP-004991,ENDPOINT_WATCH,SUCCESS,28.89,NOT_ACTED
INT-004992,CMP-004992,ACCOUNT_FREEZE,SUCCESS,4.25,ALREADY_ACTIONED
INT-004993,CMP-004993,ACCOUNT_FREEZE,SUCCESS,12.22,NOT_ACTED
INT-004994,CMP-004994,LIEN_MARK,NO_ACTION,15.78,ACTED
INT-004995,CMP-004995,LIEN_MARK,SUCCESS,7.52,ALREADY_ACTIONED
INT-004996,CMP-004996,LIEN_MARK,PARTIAL,12.27,ACTED
INT-004997,CMP-004997,LIEN_MARK,NO_ACTION,37.57,ACTED
INT-004998,CMP-004998,LIEN_MARK,SUCCESS,10.5,OUT_OF_SCOPE
INT-004999,CMP-004999,ENDPOINT_WATCH,PARTIAL,32.22,NOT_ACTED
INT-005000,CMP-005000,LIEN_MARK,SUCCESS,12.76,ACTED
INT-005001,CMP-005001,NO_ACTION,NO_ACTION,11.93,ACTED
INT-005002,CMP-005002,ACCOUNT_FREEZE,NO_ACTION,16.19,ACTED
INT-005003,CMP-005003,NO_ACTION,SUCCESS,42.26,ALREADY_ACTIONED
INT-005004,CMP-005004,ENDPOINT_WATCH,SUCCESS,42.66,FALSE_POSITIVE
INT-005005,CMP-005005,ENDPOINT_WATCH,SUCCESS,27.4,ACTED
INT-005006,CMP-005006,NO_ACTION,SUCCESS,9.29,FALSE_POSITIVE
INT-005007,CMP-005007,ACCOUNT_FREEZE,SUCCESS,6.35,ACTED
INT-005008,CMP-005008,NO_ACTION,PARTIAL,41.3,ACTED
INT-005009,CMP-005009,NO_ACTION,NO_ACTION,26.55,FALSE_POSITIVE
INT-005010,CMP-005010,JURISDICTION_HANDOFF,SUCCESS,3.16,ACTED
INT-005011,CMP-005011,NO_ACTION,NO_ACTION,18.76,ACTED
INT-005012,CMP-005012,ACCOUNT_FREEZE,SUCCESS,37.05,ACTED
INT-005013,CMP-005013,LIEN_MARK,SUCCESS,27.24,ACTED
INT-005014,CMP-005014,LIEN_MARK,PARTIAL,39.56,NOT_ACTED
INT-005015,CMP-005015,JURISDICTION_HANDOFF,NO_ACTION,26.5,NOT_ACTED
INT-005016,CMP-005016,JURISDICTION_HANDOFF,SUCCESS,40.01,ACTED
INT-005017,CMP-005017,ACCOUNT_FREEZE,PARTIAL,16.38,ACTED
INT-005018,CMP-005018,ENDPOINT_WATCH,PARTIAL,33.17,ALREADY_ACTIONED
INT-005019,CMP-005019,JURISDICTION_HANDOFF,PARTIAL,32.01,ACTED
INT-005020,CMP-005020,ENDPOINT_WATCH,PARTIAL,3.57,ALREADY_ACTIONED
INT-005021,CMP-005021,ACCOUNT_FREEZE,SUCCESS,14.11,ACTED
INT-005022,CMP-005022,LIEN_MARK,SUCCESS,33.05,ACTED
INT-005023,CMP-005023,JURISDICTION_HANDOFF,SUCCESS,22.12,FALSE_POSITIVE
INT-005024,CMP-005024,ENDPOINT_WATCH,PARTIAL,12.71,ACTED
INT-005025,CMP-005025,LIEN_MARK,NO_ACTION,40.25,ALREADY_ACTIONED
INT-005026,CMP-005026,JURISDICTION_HANDOFF,NO_ACTION,16.96,ALREADY_ACTIONED
INT-005027,CMP-005027,NO_ACTION,PARTIAL,17.73,ACTED
INT-005028,CMP-005028,LIEN_MARK,SUCCESS,12.85,NOT_ACTED
INT-005029,CMP-005029,NO_ACTION,PARTIAL,16.04,ALREADY_ACTIONED
INT-005030,CMP-005030,JURISDICTION_HANDOFF,SUCCESS,21.19,ACTED
INT-005031,CMP-005031,ENDPOINT_WATCH,SUCCESS,44.57,NOT_ACTED
INT-005032,CMP-005032,JURISDICTION_HANDOFF,PARTIAL,27.56,NOT_ACTED
INT-005033,CMP-005033,ACCOUNT_FREEZE,SUCCESS,20.73,ACTED
INT-005034,CMP-005034,ENDPOINT_WATCH,SUCCESS,28.79,ACTED
INT-005035,CMP-005035,LIEN_MARK,PARTIAL,15.06,ACTED
INT-005036,CMP-005036,LIEN_MARK,SUCCESS,47.52,ACTED
INT-005037,CMP-005037,NO_ACTION,SUCCESS,24.22,ACTED
INT-005038,CMP-005038,ENDPOINT_WATCH,SUCCESS,33.38,ACTED
INT-005039,CMP-005039,JURISDICTION_HANDOFF,NO_ACTION,31.68,ACTED
INT-005040,CMP-005040,JURISDICTION_HANDOFF,SUCCESS,40.79,OUT_OF_SCOPE
INT-005041,CMP-005041,JURISDICTION_HANDOFF,SUCCESS,15.02,FALSE_POSITIVE
INT-005042,CMP-005042,ENDPOINT_WATCH,PARTIAL,17.42,OUT_OF_SCOPE
INT-005043,CMP-005043,NO_ACTION,SUCCESS,16.45,ACTED
INT-005044,CMP-005044,NO_ACTION,SUCCESS,34.5,FALSE_POSITIVE
INT-005045,CMP-005045,ACCOUNT_FREEZE,SUCCESS,25.0,OUT_OF_SCOPE
INT-005046,CMP-005046,JURISDICTION_HANDOFF,NO_ACTION,26.43,ACTED
INT-005047,CMP-005047,JURISDICTION_HANDOFF,SUCCESS,13.11,ACTED
INT-005048,CMP-005048,ACCOUNT_FREEZE,SUCCESS,23.41,ACTED
INT-005049,CMP-005049,NO_ACTION,PARTIAL,19.34,NOT_ACTED
INT-005050,CMP-005050,ENDPOINT_WATCH,NO_ACTION,23.79,ACTED
INT-005051,CMP-005051,ACCOUNT_FREEZE,PARTIAL,22.28,ACTED
INT-005052,CMP-005052,NO_ACTION,NO_ACTION,5.19,NOT_ACTED
INT-005053,CMP-005053,ENDPOINT_WATCH,PARTIAL,6.91,ACTED
INT-005054,CMP-005054,LIEN_MARK,SUCCESS,30.9,ACTED
INT-005055,CMP-005055,JURISDICTION_HANDOFF,PARTIAL,33.09,ACTED
INT-005056,CMP-005056,ACCOUNT_FREEZE,SUCCESS,40.03,ACTED
INT-005057,CMP-005057,ACCOUNT_FREEZE,NO_ACTION,20.81,NOT_ACTED
INT-005058,CMP-005058,LIEN_MARK,SUCCESS,16.18,NOT_ACTED
INT-005059,CMP-005059,JURISDICTION_HANDOFF,SUCCESS,27.72,ACTED
INT-005060,CMP-005060,JURISDICTION_HANDOFF,SUCCESS,35.33,ACTED
INT-005061,CMP-005061,ACCOUNT_FREEZE,SUCCESS,24.68,ACTED
INT-005062,CMP-005062,ENDPOINT_WATCH,SUCCESS,26.85,ALREADY_ACTIONED
INT-005063,CMP-005063,ENDPOINT_WATCH,PARTIAL,11.96,ACTED
INT-005064,CMP-005064,JURISDICTION_HANDOFF,PARTIAL,43.38,FALSE_POSITIVE
INT-005065,CMP-005065,ENDPOINT_WATCH,PARTIAL,21.54,ALREADY_ACTIONED
INT-005066,CMP-005066,LIEN_MARK,SUCCESS,24.13,ACTED
INT-005067,CMP-005067,JURISDICTION_HANDOFF,NO_ACTION,18.26,ALREADY_ACTIONED
INT-005068,CMP-005068,NO_ACTION,NO_ACTION,19.13,ACTED
INT-005069,CMP-005069,ACCOUNT_FREEZE,SUCCESS,12.24,OUT_OF_SCOPE
INT-005070,CMP-005070,JURISDICTION_HANDOFF,NO_ACTION,13.29,ACTED
INT-005071,CMP-005071,ACCOUNT_FREEZE,SUCCESS,33.59,ACTED
INT-005072,CMP-005072,LIEN_MARK,PARTIAL,29.68,NOT_ACTED
INT-005073,CMP-005073,ACCOUNT_FREEZE,SUCCESS,41.3,OUT_OF_SCOPE
INT-005074,CMP-005074,NO_ACTION,SUCCESS,27.1,ACTED
INT-005075,CMP-005075,JURISDICTION_HANDOFF,SUCCESS,17.12,ALREADY_ACTIONED
INT-005076,CMP-005076,LIEN_MARK,NO_ACTION,15.25,ALREADY_ACTIONED
INT-005077,CMP-005077,ACCOUNT_FREEZE,SUCCESS,23.01,ALREADY_ACTIONED
INT-005078,CMP-005078,NO_ACTION,PARTIAL,21.64,ALREADY_ACTIONED
INT-005079,CMP-005079,NO_ACTION,SUCCESS,18.37,ACTED
INT-005080,CMP-005080,ACCOUNT_FREEZE,NO_ACTION,41.81,ALREADY_ACTIONED
INT-005081,CMP-005081,LIEN_MARK,PARTIAL,37.33,ACTED
INT-005082,CMP-005082,ENDPOINT_WATCH,SUCCESS,39.52,ALREADY_ACTIONED
INT-005083,CMP-005083,LIEN_MARK,SUCCESS,25.36,ALREADY_ACTIONED
INT-005084,CMP-005084,JURISDICTION_HANDOFF,PARTIAL,23.14,FALSE_POSITIVE
INT-005085,CMP-005085,JURISDICTION_HANDOFF,NO_ACTION,21.29,ACTED
INT-005086,CMP-005086,NO_ACTION,SUCCESS,28.18,ACTED
INT-005087,CMP-005087,NO_ACTION,SUCCESS,24.32,ALREADY_ACTIONED
INT-005088,CMP-005088,ACCOUNT_FREEZE,SUCCESS,6.92,ACTED
INT-005089,CMP-005089,JURISDICTION_HANDOFF,NO_ACTION,4.53,ALREADY_ACTIONED
INT-005090,CMP-005090,ACCOUNT_FREEZE,NO_ACTION,19.94,ACTED
INT-005091,CMP-005091,LIEN_MARK,PARTIAL,12.55,ACTED
INT-005092,CMP-005092,ACCOUNT_FREEZE,SUCCESS,21.2,ACTED
INT-005093,CMP-005093,NO_ACTION,PARTIAL,22.23,NOT_ACTED
INT-005094,CMP-005094,NO_ACTION,PARTIAL,4.96,FALSE_POSITIVE
INT-005095,CMP-005095,ENDPOINT_WATCH,SUCCESS,20.79,NOT_ACTED
INT-005096,CMP-005096,JURISDICTION_HANDOFF,NO_ACTION,43.52,FALSE_POSITIVE
INT-005097,CMP-005097,LIEN_MARK,SUCCESS,33.99,NOT_ACTED
INT-005098,CMP-005098,JURISDICTION_HANDOFF,SUCCESS,7.65,FALSE_POSITIVE
INT-005099,CMP-005099,ACCOUNT_FREEZE,PARTIAL,21.01,ACTED
INT-005100,CMP-005100,ACCOUNT_FREEZE,SUCCESS,37.0,NOT_ACTED
INT-005101,CMP-005101,JURISDICTION_HANDOFF,SUCCESS,4.94,NOT_ACTED
INT-005102,CMP-005102,JURISDICTION_HANDOFF,NO_ACTION,15.7,ACTED
INT-005103,CMP-005103,ACCOUNT_FREEZE,SUCCESS,8.73,FALSE_POSITIVE
INT-005104,CMP-005104,ACCOUNT_FREEZE,SUCCESS,38.54,ACTED
INT-005105,CMP-005105,NO_ACTION,PARTIAL,46.8,ALREADY_ACTIONED
INT-005106,CMP-005106,ENDPOINT_WATCH,NO_ACTION,24.34,ACTED
INT-005107,CMP-005107,LIEN_MARK,NO_ACTION,47.26,ACTED
INT-005108,CMP-005108,ENDPOINT_WATCH,SUCCESS,7.82,NOT_ACTED
INT-005109,CMP-005109,JURISDICTION_HANDOFF,SUCCESS,15.18,ACTED
INT-005110,CMP-005110,JURISDICTION_HANDOFF,SUCCESS,28.67,ACTED
INT-005111,CMP-005111,LIEN_MARK,NO_ACTION,25.12,ACTED
INT-005112,CMP-005112,LIEN_MARK,SUCCESS,16.86,ACTED
INT-005113,CMP-005113,LIEN_MARK,SUCCESS,4.18,ACTED
INT-005114,CMP-005114,NO_ACTION,SUCCESS,37.31,ALREADY_ACTIONED
INT-005115,CMP-005115,JURISDICTION_HANDOFF,SUCCESS,5.92,ALREADY_ACTIONED
INT-005116,CMP-005116,ACCOUNT_FREEZE,SUCCESS,24.11,FALSE_POSITIVE
INT-005117,CMP-005117,ENDPOINT_WATCH,SUCCESS,23.08,FALSE_POSITIVE
INT-005118,CMP-005118,JURISDICTION_HANDOFF,SUCCESS,36.5,NOT_ACTED
INT-005119,CMP-005119,ENDPOINT_WATCH,SUCCESS,29.17,ACTED
INT-005120,CMP-005120,JURISDICTION_HANDOFF,SUCCESS,45.22,ACTED
INT-005121,CMP-005121,JURISDICTION_HANDOFF,NO_ACTION,37.98,FALSE_POSITIVE
INT-005122,CMP-005122,LIEN_MARK,SUCCESS,28.35,NOT_ACTED
INT-005123,CMP-005123,JURISDICTION_HANDOFF,NO_ACTION,20.47,ALREADY_ACTIONED
INT-005124,CMP-005124,JURISDICTION_HANDOFF,SUCCESS,35.5,ACTED
INT-005125,CMP-005125,ACCOUNT_FREEZE,SUCCESS,3.98,ACTED
INT-005126,CMP-005126,JURISDICTION_HANDOFF,NO_ACTION,9.7,NOT_ACTED
INT-005127,CMP-005127,ACCOUNT_FREEZE,SUCCESS,26.73,ACTED
INT-005128,CMP-005128,NO_ACTION,PARTIAL,47.42,ALREADY_ACTIONED
INT-005129,CMP-005129,NO_ACTION,SUCCESS,13.92,ALREADY_ACTIONED
INT-005130,CMP-005130,JURISDICTION_HANDOFF,SUCCESS,34.12,OUT_OF_SCOPE
INT-005131,CMP-005131,ENDPOINT_WATCH,PARTIAL,5.13,ACTED
INT-005132,CMP-005132,NO_ACTION,SUCCESS,41.28,ACTED
INT-005133,CMP-005133,LIEN_MARK,SUCCESS,33.79,NOT_ACTED
INT-005134,CMP-005134,NO_ACTION,SUCCESS,33.27,ACTED
INT-005135,CMP-005135,ACCOUNT_FREEZE,SUCCESS,44.9,FALSE_POSITIVE
INT-005136,CMP-005136,NO_ACTION,NO_ACTION,40.15,ACTED
INT-005137,CMP-005137,ENDPOINT_WATCH,SUCCESS,27.36,NOT_ACTED
INT-005138,CMP-005138,LIEN_MARK,SUCCESS,39.47,ACTED
INT-005139,CMP-005139,LIEN_MARK,PARTIAL,29.38,ALREADY_ACTIONED
INT-005140,CMP-005140,JURISDICTION_HANDOFF,SUCCESS,38.43,ALREADY_ACTIONED
INT-005141,CMP-005141,ENDPOINT_WATCH,SUCCESS,24.49,FALSE_POSITIVE
INT-005142,CMP-005142,NO_ACTION,NO_ACTION,20.34,NOT_ACTED
INT-005143,CMP-005143,ACCOUNT_FREEZE,SUCCESS,32.1,ACTED
INT-005144,CMP-005144,NO_ACTION,PARTIAL,9.98,ACTED
INT-005145,CMP-005145,JURISDICTION_HANDOFF,PARTIAL,31.46,ACTED
INT-005146,CMP-005146,NO_ACTION,SUCCESS,42.39,ACTED
INT-005147,CMP-005147,ACCOUNT_FREEZE,NO_ACTION,16.13,ACTED
INT-005148,CMP-005148,NO_ACTION,SUCCESS,31.73,NOT_ACTED
INT-005149,CMP-005149,ACCOUNT_FREEZE,NO_ACTION,41.46,NOT_ACTED
INT-005150,CMP-005150,NO_ACTION,PARTIAL,28.93,NOT_ACTED
INT-005151,CMP-005151,ENDPOINT_WATCH,SUCCESS,24.41,FALSE_POSITIVE
INT-005152,CMP-005152,NO_ACTION,SUCCESS,25.37,ACTED
INT-005153,CMP-005153,LIEN_MARK,SUCCESS,6.01,OUT_OF_SCOPE
INT-005154,CMP-005154,LIEN_MARK,NO_ACTION,21.33,ACTED
INT-005155,CMP-005155,LIEN_MARK,SUCCESS,43.3,ALREADY_ACTIONED
INT-005156,CMP-005156,JURISDICTION_HANDOFF,SUCCESS,20.5,NOT_ACTED
INT-005157,CMP-005157,ENDPOINT_WATCH,SUCCESS,14.87,NOT_ACTED
INT-005158,CMP-005158,NO_ACTION,SUCCESS,35.91,NOT_ACTED
INT-005159,CMP-005159,ENDPOINT_WATCH,NO_ACTION,18.04,ALREADY_ACTIONED
INT-005160,CMP-005160,LIEN_MARK,SUCCESS,39.86,ACTED
INT-005161,CMP-005161,ENDPOINT_WATCH,NO_ACTION,37.64,NOT_ACTED
INT-005162,CMP-005162,NO_ACTION,SUCCESS,15.66,NOT_ACTED
INT-005163,CMP-005163,ACCOUNT_FREEZE,SUCCESS,16.93,FALSE_POSITIVE
INT-005164,CMP-005164,LIEN_MARK,PARTIAL,29.93,ACTED
INT-005165,CMP-005165,ACCOUNT_FREEZE,PARTIAL,32.14,NOT_ACTED
INT-005166,CMP-005166,ENDPOINT_WATCH,SUCCESS,23.45,NOT_ACTED
INT-005167,CMP-005167,ENDPOINT_WATCH,SUCCESS,30.06,ACTED
INT-005168,CMP-005168,ENDPOINT_WATCH,SUCCESS,10.39,NOT_ACTED
INT-005169,CMP-005169,JURISDICTION_HANDOFF,NO_ACTION,35.49,ACTED
INT-005170,CMP-005170,JURISDICTION_HANDOFF,SUCCESS,16.23,ACTED
INT-005171,CMP-005171,ENDPOINT_WATCH,SUCCESS,3.04,FALSE_POSITIVE
INT-005172,CMP-005172,LIEN_MARK,SUCCESS,39.43,ACTED
INT-005173,CMP-005173,JURISDICTION_HANDOFF,SUCCESS,34.19,FALSE_POSITIVE
INT-005174,CMP-005174,NO_ACTION,SUCCESS,6.84,FALSE_POSITIVE
INT-005175,CMP-005175,LIEN_MARK,PARTIAL,47.65,OUT_OF_SCOPE
INT-005176,CMP-005176,ENDPOINT_WATCH,NO_ACTION,42.94,ALREADY_ACTIONED
INT-005177,CMP-005177,NO_ACTION,PARTIAL,29.97,FALSE_POSITIVE
INT-005178,CMP-005178,ENDPOINT_WATCH,NO_ACTION,5.49,FALSE_POSITIVE
INT-005179,CMP-005179,JURISDICTION_HANDOFF,PARTIAL,8.08,ACTED
INT-005180,CMP-005180,LIEN_MARK,SUCCESS,47.46,ACTED
INT-005181,CMP-005181,ENDPOINT_WATCH,SUCCESS,11.37,ACTED
INT-005182,CMP-005182,JURISDICTION_HANDOFF,NO_ACTION,23.15,ACTED
INT-005183,CMP-005183,ENDPOINT_WATCH,SUCCESS,13.28,NOT_ACTED
INT-005184,CMP-005184,ENDPOINT_WATCH,NO_ACTION,6.77,FALSE_POSITIVE
INT-005185,CMP-005185,JURISDICTION_HANDOFF,SUCCESS,18.2,ACTED
INT-005186,CMP-005186,ACCOUNT_FREEZE,SUCCESS,16.6,OUT_OF_SCOPE
INT-005187,CMP-005187,NO_ACTION,SUCCESS,37.89,NOT_ACTED
INT-005188,CMP-005188,LIEN_MARK,SUCCESS,25.79,NOT_ACTED
INT-005189,CMP-005189,NO_ACTION,SUCCESS,32.43,ACTED
INT-005190,CMP-005190,ENDPOINT_WATCH,PARTIAL,27.9,OUT_OF_SCOPE
INT-005191,CMP-005191,ACCOUNT_FREEZE,SUCCESS,46.84,ACTED
INT-005192,CMP-005192,JURISDICTION_HANDOFF,SUCCESS,7.27,ACTED
INT-005193,CMP-005193,LIEN_MARK,PARTIAL,39.46,ALREADY_ACTIONED
INT-005194,CMP-005194,JURISDICTION_HANDOFF,SUCCESS,32.29,ACTED
INT-005195,CMP-005195,JURISDICTION_HANDOFF,PARTIAL,28.51,ALREADY_ACTIONED
INT-005196,CMP-005196,ENDPOINT_WATCH,SUCCESS,4.59,ALREADY_ACTIONED
INT-005197,CMP-005197,ACCOUNT_FREEZE,SUCCESS,44.86,ACTED
INT-005198,CMP-005198,LIEN_MARK,NO_ACTION,45.59,ACTED
INT-005199,CMP-005199,LIEN_MARK,PARTIAL,44.99,ALREADY_ACTIONED
INT-005200,CMP-005200,NO_ACTION,NO_ACTION,23.78,FALSE_POSITIVE
INT-005201,CMP-005201,NO_ACTION,PARTIAL,25.57,ACTED
INT-005202,CMP-005202,ACCOUNT_FREEZE,PARTIAL,9.12,OUT_OF_SCOPE
INT-005203,CMP-005203,JURISDICTION_HANDOFF,NO_ACTION,32.04,ACTED
INT-005204,CMP-005204,NO_ACTION,SUCCESS,6.44,NOT_ACTED
INT-005205,CMP-005205,ENDPOINT_WATCH,SUCCESS,37.48,ACTED
INT-005206,CMP-005206,NO_ACTION,SUCCESS,14.73,NOT_ACTED
INT-005207,CMP-005207,ENDPOINT_WATCH,SUCCESS,45.29,ACTED
INT-005208,CMP-005208,JURISDICTION_HANDOFF,NO_ACTION,12.39,ACTED
INT-005209,CMP-005209,ACCOUNT_FREEZE,SUCCESS,44.72,ACTED
INT-005210,CMP-005210,ACCOUNT_FREEZE,SUCCESS,19.02,ACTED
INT-005211,CMP-005211,ENDPOINT_WATCH,PARTIAL,3.5,FALSE_POSITIVE
INT-005212,CMP-005212,JURISDICTION_HANDOFF,PARTIAL,14.27,ACTED
INT-005213,CMP-005213,NO_ACTION,SUCCESS,28.58,NOT_ACTED
INT-005214,CMP-005214,NO_ACTION,SUCCESS,10.77,ACTED
INT-005215,CMP-005215,NO_ACTION,SUCCESS,4.8,ACTED
INT-005216,CMP-005216,NO_ACTION,PARTIAL,12.93,ACTED
INT-005217,CMP-005217,LIEN_MARK,PARTIAL,34.41,ACTED
INT-005218,CMP-005218,LIEN_MARK,PARTIAL,16.35,ACTED
INT-005219,CMP-005219,NO_ACTION,PARTIAL,22.55,ACTED
INT-005220,CMP-005220,NO_ACTION,PARTIAL,34.69,ALREADY_ACTIONED
INT-005221,CMP-005221,NO_ACTION,PARTIAL,4.34,FALSE_POSITIVE
INT-005222,CMP-005222,JURISDICTION_HANDOFF,PARTIAL,25.51,ACTED
INT-005223,CMP-005223,ACCOUNT_FREEZE,SUCCESS,4.78,ALREADY_ACTIONED
INT-005224,CMP-005224,ENDPOINT_WATCH,PARTIAL,17.18,ALREADY_ACTIONED
INT-005225,CMP-005225,NO_ACTION,NO_ACTION,3.71,FALSE_POSITIVE
INT-005226,CMP-005226,LIEN_MARK,SUCCESS,46.0,ALREADY_ACTIONED
INT-005227,CMP-005227,NO_ACTION,SUCCESS,28.79,ACTED
INT-005228,CMP-005228,NO_ACTION,SUCCESS,29.66,ACTED
INT-005229,CMP-005229,JURISDICTION_HANDOFF,SUCCESS,25.59,ACTED
INT-005230,CMP-005230,ENDPOINT_WATCH,SUCCESS,33.05,NOT_ACTED
INT-005231,CMP-005231,LIEN_MARK,PARTIAL,22.58,ACTED
INT-005232,CMP-005232,JURISDICTION_HANDOFF,PARTIAL,34.45,NOT_ACTED
INT-005233,CMP-005233,ACCOUNT_FREEZE,PARTIAL,18.68,NOT_ACTED
INT-005234,CMP-005234,JURISDICTION_HANDOFF,NO_ACTION,20.79,ACTED
INT-005235,CMP-005235,JURISDICTION_HANDOFF,SUCCESS,18.06,ACTED
INT-005236,CMP-005236,ENDPOINT_WATCH,NO_ACTION,8.42,ACTED
INT-005237,CMP-005237,JURISDICTION_HANDOFF,PARTIAL,44.23,ACTED
INT-005238,CMP-005238,LIEN_MARK,SUCCESS,47.21,NOT_ACTED
INT-005239,CMP-005239,ACCOUNT_FREEZE,NO_ACTION,17.23,FALSE_POSITIVE
INT-005240,CMP-005240,ENDPOINT_WATCH,NO_ACTION,22.06,ACTED
INT-005241,CMP-005241,JURISDICTION_HANDOFF,SUCCESS,5.71,NOT_ACTED
INT-005242,CMP-005242,ENDPOINT_WATCH,SUCCESS,36.33,OUT_OF_SCOPE
INT-005243,CMP-005243,JURISDICTION_HANDOFF,SUCCESS,23.12,ALREADY_ACTIONED
INT-005244,CMP-005244,ENDPOINT_WATCH,SUCCESS,40.42,ACTED
INT-005245,CMP-005245,ENDPOINT_WATCH,PARTIAL,30.07,ACTED
INT-005246,CMP-005246,JURISDICTION_HANDOFF,SUCCESS,22.08,ACTED
INT-005247,CMP-005247,ACCOUNT_FREEZE,PARTIAL,24.69,ACTED
INT-005248,CMP-005248,JURISDICTION_HANDOFF,NO_ACTION,7.98,ALREADY_ACTIONED
INT-005249,CMP-005249,ACCOUNT_FREEZE,SUCCESS,13.28,ALREADY_ACTIONED
INT-005250,CMP-005250,ENDPOINT_WATCH,SUCCESS,3.26,NOT_ACTED
INT-005251,CMP-005251,ACCOUNT_FREEZE,SUCCESS,31.87,NOT_ACTED
INT-005252,CMP-005252,NO_ACTION,SUCCESS,45.62,ACTED
INT-005253,CMP-005253,NO_ACTION,PARTIAL,16.82,ACTED
INT-005254,CMP-005254,ACCOUNT_FREEZE,PARTIAL,5.56,ACTED
INT-005255,CMP-005255,ENDPOINT_WATCH,SUCCESS,29.05,NOT_ACTED
INT-005256,CMP-005256,LIEN_MARK,SUCCESS,11.48,NOT_ACTED
INT-005257,CMP-005257,ENDPOINT_WATCH,PARTIAL,17.68,ACTED
INT-005258,CMP-005258,ENDPOINT_WATCH,SUCCESS,11.37,ACTED
INT-005259,CMP-005259,NO_ACTION,SUCCESS,32.05,ACTED
INT-005260,CMP-005260,JURISDICTION_HANDOFF,PARTIAL,46.1,FALSE_POSITIVE
INT-005261,CMP-005261,ACCOUNT_FREEZE,SUCCESS,14.7,ACTED
INT-005262,CMP-005262,JURISDICTION_HANDOFF,NO_ACTION,30.66,ACTED
INT-005263,CMP-005263,JURISDICTION_HANDOFF,PARTIAL,46.66,OUT_OF_SCOPE
INT-005264,CMP-005264,NO_ACTION,SUCCESS,8.28,ACTED
INT-005265,CMP-005265,LIEN_MARK,PARTIAL,34.63,ACTED
INT-005266,CMP-005266,ENDPOINT_WATCH,SUCCESS,22.14,ACTED
INT-005267,CMP-005267,NO_ACTION,SUCCESS,39.76,OUT_OF_SCOPE
INT-005268,CMP-005268,NO_ACTION,SUCCESS,44.49,ALREADY_ACTIONED
INT-005269,CMP-005269,ACCOUNT_FREEZE,PARTIAL,31.59,NOT_ACTED
INT-005270,CMP-005270,ACCOUNT_FREEZE,PARTIAL,41.82,ALREADY_ACTIONED
INT-005271,CMP-005271,ACCOUNT_FREEZE,SUCCESS,8.48,ACTED
INT-005272,CMP-005272,ACCOUNT_FREEZE,NO_ACTION,47.95,NOT_ACTED
INT-005273,CMP-005273,LIEN_MARK,SUCCESS,23.16,ACTED
INT-005274,CMP-005274,LIEN_MARK,NO_ACTION,8.71,NOT_ACTED
INT-005275,CMP-005275,ENDPOINT_WATCH,NO_ACTION,22.13,ACTED
INT-005276,CMP-005276,NO_ACTION,PARTIAL,16.72,FALSE_POSITIVE
INT-005277,CMP-005277,LIEN_MARK,NO_ACTION,11.96,ACTED
INT-005278,CMP-005278,NO_ACTION,SUCCESS,14.57,ACTED
INT-005279,CMP-005279,LIEN_MARK,NO_ACTION,36.59,ALREADY_ACTIONED
INT-005280,CMP-005280,LIEN_MARK,SUCCESS,24.61,ACTED
INT-005281,CMP-005281,JURISDICTION_HANDOFF,SUCCESS,4.3,ACTED
INT-005282,CMP-005282,JURISDICTION_HANDOFF,SUCCESS,4.25,ACTED
INT-005283,CMP-005283,ACCOUNT_FREEZE,PARTIAL,11.32,ACTED
INT-005284,CMP-005284,ACCOUNT_FREEZE,PARTIAL,8.06,OUT_OF_SCOPE
INT-005285,CMP-005285,LIEN_MARK,SUCCESS,28.75,FALSE_POSITIVE
INT-005286,CMP-005286,NO_ACTION,PARTIAL,18.4,ALREADY_ACTIONED
INT-005287,CMP-005287,LIEN_MARK,SUCCESS,35.09,ACTED
INT-005288,CMP-005288,LIEN_MARK,SUCCESS,47.54,FALSE_POSITIVE
INT-005289,CMP-005289,ENDPOINT_WATCH,PARTIAL,39.54,FALSE_POSITIVE
INT-005290,CMP-005290,JURISDICTION_HANDOFF,NO_ACTION,10.47,ALREADY_ACTIONED
INT-005291,CMP-005291,JURISDICTION_HANDOFF,PARTIAL,26.85,FALSE_POSITIVE
INT-005292,CMP-005292,JURISDICTION_HANDOFF,SUCCESS,36.43,FALSE_POSITIVE
INT-005293,CMP-005293,NO_ACTION,PARTIAL,47.59,ACTED
INT-005294,CMP-005294,JURISDICTION_HANDOFF,SUCCESS,10.85,ACTED
INT-005295,CMP-005295,ENDPOINT_WATCH,PARTIAL,16.9,ACTED
INT-005296,CMP-005296,LIEN_MARK,NO_ACTION,9.46,ACTED
INT-005297,CMP-005297,JURISDICTION_HANDOFF,SUCCESS,34.67,ACTED
INT-005298,CMP-005298,LIEN_MARK,SUCCESS,34.85,ACTED
INT-005299,CMP-005299,ACCOUNT_FREEZE,SUCCESS,43.58,ACTED
INT-005300,CMP-005300,LIEN_MARK,SUCCESS,37.6,OUT_OF_SCOPE
INT-005301,CMP-005301,ENDPOINT_WATCH,SUCCESS,30.7,ACTED
INT-005302,CMP-005302,JURISDICTION_HANDOFF,PARTIAL,41.45,ACTED
INT-005303,CMP-005303,ENDPOINT_WATCH,PARTIAL,36.67,ALREADY_ACTIONED
INT-005304,CMP-005304,NO_ACTION,PARTIAL,4.26,OUT_OF_SCOPE
INT-005305,CMP-005305,JURISDICTION_HANDOFF,PARTIAL,24.34,NOT_ACTED
INT-005306,CMP-005306,NO_ACTION,NO_ACTION,30.82,ACTED
INT-005307,CMP-005307,JURISDICTION_HANDOFF,PARTIAL,14.17,ALREADY_ACTIONED
INT-005308,CMP-005308,ACCOUNT_FREEZE,SUCCESS,9.6,NOT_ACTED
INT-005309,CMP-005309,JURISDICTION_HANDOFF,SUCCESS,36.89,ALREADY_ACTIONED
INT-005310,CMP-005310,ENDPOINT_WATCH,PARTIAL,20.14,ALREADY_ACTIONED
INT-005311,CMP-005311,NO_ACTION,SUCCESS,11.55,ACTED
INT-005312,CMP-005312,NO_ACTION,SUCCESS,14.13,NOT_ACTED
INT-005313,CMP-005313,LIEN_MARK,PARTIAL,34.03,FALSE_POSITIVE
INT-005314,CMP-005314,ENDPOINT_WATCH,SUCCESS,38.13,NOT_ACTED
INT-005315,CMP-005315,NO_ACTION,NO_ACTION,37.46,FALSE_POSITIVE
INT-005316,CMP-005316,NO_ACTION,SUCCESS,45.05,NOT_ACTED
INT-005317,CMP-005317,ENDPOINT_WATCH,SUCCESS,25.29,ACTED
INT-005318,CMP-005318,LIEN_MARK,SUCCESS,16.33,ACTED
INT-005319,CMP-005319,ENDPOINT_WATCH,SUCCESS,40.0,NOT_ACTED
INT-005320,CMP-005320,LIEN_MARK,SUCCESS,14.89,NOT_ACTED
INT-005321,CMP-005321,ACCOUNT_FREEZE,PARTIAL,17.49,NOT_ACTED
INT-005322,CMP-005322,JURISDICTION_HANDOFF,NO_ACTION,24.53,NOT_ACTED
INT-005323,CMP-005323,ACCOUNT_FREEZE,PARTIAL,20.21,FALSE_POSITIVE
INT-005324,CMP-005324,ACCOUNT_FREEZE,SUCCESS,19.48,ACTED
INT-005325,CMP-005325,ENDPOINT_WATCH,SUCCESS,14.33,ACTED
INT-005326,CMP-005326,ENDPOINT_WATCH,NO_ACTION,45.64,OUT_OF_SCOPE
INT-005327,CMP-005327,ACCOUNT_FREEZE,SUCCESS,23.89,ACTED
INT-005328,CMP-005328,JURISDICTION_HANDOFF,SUCCESS,9.02,ACTED
INT-005329,CMP-005329,ACCOUNT_FREEZE,SUCCESS,6.66,ACTED
INT-005330,CMP-005330,ACCOUNT_FREEZE,PARTIAL,37.01,FALSE_POSITIVE
INT-005331,CMP-005331,JURISDICTION_HANDOFF,SUCCESS,29.08,NOT_ACTED
INT-005332,CMP-005332,ACCOUNT_FREEZE,PARTIAL,20.67,ACTED
INT-005333,CMP-005333,ACCOUNT_FREEZE,PARTIAL,12.36,NOT_ACTED
INT-005334,CMP-005334,JURISDICTION_HANDOFF,SUCCESS,8.29,FALSE_POSITIVE
INT-005335,CMP-005335,ENDPOINT_WATCH,SUCCESS,22.03,ACTED
INT-005336,CMP-005336,JURISDICTION_HANDOFF,NO_ACTION,5.05,ACTED
INT-005337,CMP-005337,LIEN_MARK,PARTIAL,25.26,NOT_ACTED
INT-005338,CMP-005338,NO_ACTION,SUCCESS,16.25,ACTED
INT-005339,CMP-005339,NO_ACTION,NO_ACTION,42.84,ALREADY_ACTIONED
INT-005340,CMP-005340,ACCOUNT_FREEZE,SUCCESS,47.39,ACTED
INT-005341,CMP-005341,JURISDICTION_HANDOFF,PARTIAL,17.31,OUT_OF_SCOPE
INT-005342,CMP-005342,JURISDICTION_HANDOFF,PARTIAL,47.23,ACTED
INT-005343,CMP-005343,NO_ACTION,NO_ACTION,38.86,ALREADY_ACTIONED
INT-005344,CMP-005344,JURISDICTION_HANDOFF,SUCCESS,21.81,ACTED
INT-005345,CMP-005345,LIEN_MARK,PARTIAL,24.72,NOT_ACTED
INT-005346,CMP-005346,NO_ACTION,PARTIAL,46.12,ALREADY_ACTIONED
INT-005347,CMP-005347,ACCOUNT_FREEZE,PARTIAL,22.18,ALREADY_ACTIONED
INT-005348,CMP-005348,NO_ACTION,SUCCESS,41.91,FALSE_POSITIVE
INT-005349,CMP-005349,LIEN_MARK,SUCCESS,17.01,FALSE_POSITIVE
INT-005350,CMP-005350,ENDPOINT_WATCH,SUCCESS,45.13,OUT_OF_SCOPE
INT-005351,CMP-005351,JURISDICTION_HANDOFF,SUCCESS,19.97,NOT_ACTED
INT-005352,CMP-005352,LIEN_MARK,NO_ACTION,45.09,ACTED
INT-005353,CMP-005353,NO_ACTION,SUCCESS,38.56,OUT_OF_SCOPE
INT-005354,CMP-005354,LIEN_MARK,PARTIAL,47.26,ALREADY_ACTIONED
INT-005355,CMP-005355,NO_ACTION,SUCCESS,45.81,NOT_ACTED
INT-005356,CMP-005356,ENDPOINT_WATCH,SUCCESS,32.97,NOT_ACTED
INT-005357,CMP-005357,ACCOUNT_FREEZE,PARTIAL,12.21,ALREADY_ACTIONED
INT-005358,CMP-005358,ACCOUNT_FREEZE,NO_ACTION,13.28,ALREADY_ACTIONED
INT-005359,CMP-005359,ENDPOINT_WATCH,SUCCESS,40.3,NOT_ACTED
INT-005360,CMP-005360,ENDPOINT_WATCH,SUCCESS,41.95,OUT_OF_SCOPE
INT-005361,CMP-005361,NO_ACTION,PARTIAL,35.99,ACTED
INT-005362,CMP-005362,NO_ACTION,SUCCESS,27.99,ALREADY_ACTIONED
INT-005363,CMP-005363,LIEN_MARK,SUCCESS,30.15,NOT_ACTED
INT-005364,CMP-005364,JURISDICTION_HANDOFF,SUCCESS,28.1,ACTED
INT-005365,CMP-005365,ACCOUNT_FREEZE,SUCCESS,28.65,OUT_OF_SCOPE
INT-005366,CMP-005366,ENDPOINT_WATCH,SUCCESS,8.19,OUT_OF_SCOPE
INT-005367,CMP-005367,ENDPOINT_WATCH,SUCCESS,34.86,NOT_ACTED
INT-005368,CMP-005368,JURISDICTION_HANDOFF,PARTIAL,43.22,ALREADY_ACTIONED
INT-005369,CMP-005369,NO_ACTION,SUCCESS,33.34,ACTED
INT-005370,CMP-005370,JURISDICTION_HANDOFF,NO_ACTION,19.08,ACTED
INT-005371,CMP-005371,ENDPOINT_WATCH,NO_ACTION,44.77,ALREADY_ACTIONED
INT-005372,CMP-005372,JURISDICTION_HANDOFF,NO_ACTION,13.63,ACTED
INT-005373,CMP-005373,ENDPOINT_WATCH,SUCCESS,10.47,NOT_ACTED
INT-005374,CMP-005374,ACCOUNT_FREEZE,SUCCESS,18.86,FALSE_POSITIVE
INT-005375,CMP-005375,JURISDICTION_HANDOFF,SUCCESS,20.65,ACTED
INT-005376,CMP-005376,JURISDICTION_HANDOFF,PARTIAL,42.25,ACTED
INT-005377,CMP-005377,ENDPOINT_WATCH,SUCCESS,33.91,ACTED
INT-005378,CMP-005378,NO_ACTION,NO_ACTION,34.78,ACTED
INT-005379,CMP-005379,LIEN_MARK,SUCCESS,47.1,NOT_ACTED
INT-005380,CMP-005380,ENDPOINT_WATCH,SUCCESS,32.52,ACTED
INT-005381,CMP-005381,NO_ACTION,NO_ACTION,46.08,FALSE_POSITIVE
INT-005382,CMP-005382,JURISDICTION_HANDOFF,NO_ACTION,28.55,ACTED
INT-005383,CMP-005383,JURISDICTION_HANDOFF,SUCCESS,35.27,ALREADY_ACTIONED
INT-005384,CMP-005384,JURISDICTION_HANDOFF,NO_ACTION,21.71,NOT_ACTED
INT-005385,CMP-005385,LIEN_MARK,NO_ACTION,9.2,ALREADY_ACTIONED
INT-005386,CMP-005386,JURISDICTION_HANDOFF,SUCCESS,46.43,ALREADY_ACTIONED
INT-005387,CMP-005387,NO_ACTION,SUCCESS,14.4,ACTED
INT-005388,CMP-005388,NO_ACTION,SUCCESS,9.61,ALREADY_ACTIONED
INT-005389,CMP-005389,ENDPOINT_WATCH,NO_ACTION,3.54,ACTED
INT-005390,CMP-005390,JURISDICTION_HANDOFF,SUCCESS,33.29,ACTED
INT-005391,CMP-005391,LIEN_MARK,SUCCESS,26.85,ACTED
INT-005392,CMP-005392,ENDPOINT_WATCH,SUCCESS,23.24,ACTED
INT-005393,CMP-005393,NO_ACTION,PARTIAL,12.72,NOT_ACTED
INT-005394,CMP-005394,LIEN_MARK,NO_ACTION,35.76,ACTED
INT-005395,CMP-005395,LIEN_MARK,PARTIAL,31.71,ACTED
INT-005396,CMP-005396,JURISDICTION_HANDOFF,PARTIAL,14.19,ACTED
INT-005397,CMP-005397,ACCOUNT_FREEZE,PARTIAL,33.65,ACTED
INT-005398,CMP-005398,NO_ACTION,SUCCESS,27.45,ACTED
INT-005399,CMP-005399,ENDPOINT_WATCH,SUCCESS,44.6,ACTED
INT-005400,CMP-005400,ENDPOINT_WATCH,SUCCESS,39.44,NOT_ACTED
INT-005401,CMP-005401,LIEN_MARK,PARTIAL,17.0,OUT_OF_SCOPE
INT-005402,CMP-005402,ENDPOINT_WATCH,SUCCESS,9.57,OUT_OF_SCOPE
INT-005403,CMP-005403,ACCOUNT_FREEZE,SUCCESS,32.33,ACTED
INT-005404,CMP-005404,ACCOUNT_FREEZE,PARTIAL,42.44,ACTED
INT-005405,CMP-005405,LIEN_MARK,SUCCESS,3.24,NOT_ACTED
INT-005406,CMP-005406,JURISDICTION_HANDOFF,SUCCESS,43.16,ALREADY_ACTIONED
INT-005407,CMP-005407,NO_ACTION,SUCCESS,35.35,ACTED
INT-005408,CMP-005408,NO_ACTION,SUCCESS,18.67,ACTED
INT-005409,CMP-005409,ENDPOINT_WATCH,SUCCESS,36.75,ACTED
INT-005410,CMP-005410,ENDPOINT_WATCH,PARTIAL,5.31,NOT_ACTED
INT-005411,CMP-005411,LIEN_MARK,SUCCESS,40.1,ACTED
INT-005412,CMP-005412,ENDPOINT_WATCH,SUCCESS,34.49,OUT_OF_SCOPE
INT-005413,CMP-005413,NO_ACTION,SUCCESS,16.77,ACTED
INT-005414,CMP-005414,ENDPOINT_WATCH,SUCCESS,10.96,NOT_ACTED
INT-005415,CMP-005415,NO_ACTION,SUCCESS,22.94,ACTED
INT-005416,CMP-005416,LIEN_MARK,SUCCESS,38.58,FALSE_POSITIVE
INT-005417,CMP-005417,JURISDICTION_HANDOFF,SUCCESS,27.94,NOT_ACTED
INT-005418,CMP-005418,ACCOUNT_FREEZE,NO_ACTION,6.39,OUT_OF_SCOPE
INT-005419,CMP-005419,ACCOUNT_FREEZE,SUCCESS,36.26,ALREADY_ACTIONED
INT-005420,CMP-005420,JURISDICTION_HANDOFF,PARTIAL,37.99,ACTED
INT-005421,CMP-005421,NO_ACTION,PARTIAL,34.96,NOT_ACTED
INT-005422,CMP-005422,JURISDICTION_HANDOFF,PARTIAL,46.95,ACTED
INT-005423,CMP-005423,NO_ACTION,SUCCESS,28.02,ALREADY_ACTIONED
INT-005424,CMP-005424,ACCOUNT_FREEZE,SUCCESS,24.24,NOT_ACTED
INT-005425,CMP-005425,JURISDICTION_HANDOFF,SUCCESS,36.19,NOT_ACTED
INT-005426,CMP-005426,ACCOUNT_FREEZE,PARTIAL,33.48,ACTED
INT-005427,CMP-005427,LIEN_MARK,PARTIAL,26.65,ALREADY_ACTIONED
INT-005428,CMP-005428,LIEN_MARK,PARTIAL,3.87,OUT_OF_SCOPE
INT-005429,CMP-005429,LIEN_MARK,PARTIAL,46.2,ACTED
INT-005430,CMP-005430,ENDPOINT_WATCH,PARTIAL,28.93,ALREADY_ACTIONED
INT-005431,CMP-005431,ACCOUNT_FREEZE,SUCCESS,6.06,OUT_OF_SCOPE
INT-005432,CMP-005432,LIEN_MARK,SUCCESS,42.18,ALREADY_ACTIONED
INT-005433,CMP-005433,ACCOUNT_FREEZE,SUCCESS,28.18,ACTED
INT-005434,CMP-005434,ENDPOINT_WATCH,SUCCESS,39.54,ALREADY_ACTIONED
INT-005435,CMP-005435,JURISDICTION_HANDOFF,SUCCESS,33.38,NOT_ACTED
INT-005436,CMP-005436,NO_ACTION,PARTIAL,38.69,ACTED
INT-005437,CMP-005437,ENDPOINT_WATCH,SUCCESS,18.71,NOT_ACTED
INT-005438,CMP-005438,NO_ACTION,SUCCESS,8.43,ACTED
INT-005439,CMP-005439,NO_ACTION,SUCCESS,27.15,ACTED
INT-005440,CMP-005440,JURISDICTION_HANDOFF,SUCCESS,11.29,ACTED
INT-005441,CMP-005441,NO_ACTION,SUCCESS,38.14,ACTED
INT-005442,CMP-005442,NO_ACTION,SUCCESS,22.46,ALREADY_ACTIONED
INT-005443,CMP-005443,ACCOUNT_FREEZE,SUCCESS,36.22,OUT_OF_SCOPE
INT-005444,CMP-005444,ACCOUNT_FREEZE,NO_ACTION,8.17,NOT_ACTED
INT-005445,CMP-005445,ACCOUNT_FREEZE,SUCCESS,45.58,ALREADY_ACTIONED
INT-005446,CMP-005446,ENDPOINT_WATCH,SUCCESS,17.41,ACTED
INT-005447,CMP-005447,ACCOUNT_FREEZE,NO_ACTION,17.2,ACTED
INT-005448,CMP-005448,LIEN_MARK,SUCCESS,46.54,ACTED
INT-005449,CMP-005449,NO_ACTION,NO_ACTION,24.69,ACTED
INT-005450,CMP-005450,NO_ACTION,SUCCESS,6.49,NOT_ACTED
INT-005451,CMP-005451,LIEN_MARK,SUCCESS,28.43,ALREADY_ACTIONED
INT-005452,CMP-005452,LIEN_MARK,SUCCESS,6.71,OUT_OF_SCOPE
INT-005453,CMP-005453,ENDPOINT_WATCH,SUCCESS,21.42,FALSE_POSITIVE
INT-005454,CMP-005454,JURISDICTION_HANDOFF,NO_ACTION,26.37,ACTED
INT-005455,CMP-005455,ENDPOINT_WATCH,NO_ACTION,46.72,NOT_ACTED
INT-005456,CMP-005456,ACCOUNT_FREEZE,SUCCESS,27.83,ACTED
INT-005457,CMP-005457,LIEN_MARK,SUCCESS,13.92,ACTED
INT-005458,CMP-005458,LIEN_MARK,PARTIAL,32.87,ALREADY_ACTIONED
INT-005459,CMP-005459,ENDPOINT_WATCH,SUCCESS,37.09,NOT_ACTED
INT-005460,CMP-005460,JURISDICTION_HANDOFF,PARTIAL,6.67,NOT_ACTED
INT-005461,CMP-005461,NO_ACTION,SUCCESS,31.76,OUT_OF_SCOPE
INT-005462,CMP-005462,NO_ACTION,PARTIAL,20.6,ACTED
INT-005463,CMP-005463,ENDPOINT_WATCH,PARTIAL,20.8,ACTED
INT-005464,CMP-005464,NO_ACTION,SUCCESS,16.35,FALSE_POSITIVE
INT-005465,CMP-005465,NO_ACTION,SUCCESS,14.64,OUT_OF_SCOPE
INT-005466,CMP-005466,LIEN_MARK,PARTIAL,31.03,ACTED
INT-005467,CMP-005467,NO_ACTION,SUCCESS,45.02,NOT_ACTED
INT-005468,CMP-005468,ENDPOINT_WATCH,SUCCESS,12.49,ALREADY_ACTIONED
INT-005469,CMP-005469,JURISDICTION_HANDOFF,NO_ACTION,29.39,OUT_OF_SCOPE
INT-005470,CMP-005470,ACCOUNT_FREEZE,SUCCESS,15.13,ACTED
INT-005471,CMP-005471,JURISDICTION_HANDOFF,SUCCESS,24.32,ACTED
INT-005472,CMP-005472,NO_ACTION,SUCCESS,30.76,ACTED
INT-005473,CMP-005473,ACCOUNT_FREEZE,SUCCESS,8.03,OUT_OF_SCOPE
INT-005474,CMP-005474,NO_ACTION,PARTIAL,23.05,NOT_ACTED
INT-005475,CMP-005475,ENDPOINT_WATCH,SUCCESS,5.15,OUT_OF_SCOPE
INT-005476,CMP-005476,LIEN_MARK,SUCCESS,17.99,ACTED
INT-005477,CMP-005477,NO_ACTION,PARTIAL,4.61,ALREADY_ACTIONED
INT-005478,CMP-005478,LIEN_MARK,NO_ACTION,34.13,NOT_ACTED
INT-005479,CMP-005479,NO_ACTION,NO_ACTION,42.14,ACTED
INT-005480,CMP-005480,ACCOUNT_FREEZE,PARTIAL,29.3,NOT_ACTED
INT-005481,CMP-005481,ACCOUNT_FREEZE,PARTIAL,40.29,OUT_OF_SCOPE
INT-005482,CMP-005482,ENDPOINT_WATCH,SUCCESS,14.06,ACTED
INT-005483,CMP-005483,NO_ACTION,SUCCESS,31.07,ALREADY_ACTIONED
INT-005484,CMP-005484,ENDPOINT_WATCH,SUCCESS,45.45,ACTED
INT-005485,CMP-005485,NO_ACTION,SUCCESS,8.79,NOT_ACTED
INT-005486,CMP-005486,ENDPOINT_WATCH,SUCCESS,47.77,ACTED
INT-005487,CMP-005487,ENDPOINT_WATCH,SUCCESS,14.33,ALREADY_ACTIONED
INT-005488,CMP-005488,NO_ACTION,SUCCESS,5.7,NOT_ACTED
INT-005489,CMP-005489,ENDPOINT_WATCH,SUCCESS,36.81,ALREADY_ACTIONED
INT-005490,CMP-005490,NO_ACTION,SUCCESS,18.96,NOT_ACTED
INT-005491,CMP-005491,LIEN_MARK,NO_ACTION,3.6,OUT_OF_SCOPE
INT-005492,CMP-005492,ACCOUNT_FREEZE,SUCCESS,35.91,ACTED
INT-005493,CMP-005493,JURISDICTION_HANDOFF,NO_ACTION,10.45,ACTED
INT-005494,CMP-005494,ENDPOINT_WATCH,SUCCESS,36.42,ALREADY_ACTIONED
INT-005495,CMP-005495,ACCOUNT_FREEZE,PARTIAL,36.28,ACTED
INT-005496,CMP-005496,NO_ACTION,SUCCESS,4.96,NOT_ACTED
INT-005497,CMP-005497,NO_ACTION,NO_ACTION,42.52,ACTED
INT-005498,CMP-005498,ENDPOINT_WATCH,NO_ACTION,20.28,ALREADY_ACTIONED
INT-005499,CMP-005499,LIEN_MARK,PARTIAL,15.03,ALREADY_ACTIONED
INT-005500,CMP-005500,JURISDICTION_HANDOFF,SUCCESS,19.83,ALREADY_ACTIONED
INT-005501,CMP-005501,NO_ACTION,NO_ACTION,10.99,FALSE_POSITIVE
INT-005502,CMP-005502,NO_ACTION,NO_ACTION,40.85,ACTED
INT-005503,CMP-005503,ACCOUNT_FREEZE,PARTIAL,34.14,NOT_ACTED
INT-005504,CMP-005504,ENDPOINT_WATCH,SUCCESS,11.46,ACTED
INT-005505,CMP-005505,JURISDICTION_HANDOFF,SUCCESS,26.49,ALREADY_ACTIONED
INT-005506,CMP-005506,ACCOUNT_FREEZE,PARTIAL,40.83,NOT_ACTED
INT-005507,CMP-005507,LIEN_MARK,SUCCESS,8.35,ACTED
INT-005508,CMP-005508,ACCOUNT_FREEZE,SUCCESS,36.59,FALSE_POSITIVE
INT-005509,CMP-005509,JURISDICTION_HANDOFF,SUCCESS,9.38,ALREADY_ACTIONED
INT-005510,CMP-005510,LIEN_MARK,SUCCESS,36.21,ALREADY_ACTIONED
INT-005511,CMP-005511,LIEN_MARK,SUCCESS,4.61,ACTED
INT-005512,CMP-005512,LIEN_MARK,SUCCESS,35.57,NOT_ACTED
INT-005513,CMP-005513,ENDPOINT_WATCH,SUCCESS,26.91,ALREADY_ACTIONED
INT-005514,CMP-005514,JURISDICTION_HANDOFF,SUCCESS,34.76,ACTED
INT-005515,CMP-005515,JURISDICTION_HANDOFF,SUCCESS,20.17,FALSE_POSITIVE
INT-005516,CMP-005516,ENDPOINT_WATCH,PARTIAL,11.11,ACTED
INT-005517,CMP-005517,JURISDICTION_HANDOFF,SUCCESS,10.74,ALREADY_ACTIONED
INT-005518,CMP-005518,ACCOUNT_FREEZE,SUCCESS,32.05,ACTED
INT-005519,CMP-005519,ACCOUNT_FREEZE,PARTIAL,9.86,ACTED
INT-005520,CMP-005520,JURISDICTION_HANDOFF,NO_ACTION,19.57,ALREADY_ACTIONED
INT-005521,CMP-005521,JURISDICTION_HANDOFF,SUCCESS,24.12,ACTED
INT-005522,CMP-005522,ENDPOINT_WATCH,PARTIAL,37.27,OUT_OF_SCOPE
INT-005523,CMP-005523,ENDPOINT_WATCH,SUCCESS,6.38,OUT_OF_SCOPE
INT-005524,CMP-005524,ENDPOINT_WATCH,SUCCESS,4.47,FALSE_POSITIVE
INT-005525,CMP-005525,ENDPOINT_WATCH,SUCCESS,23.24,ACTED
INT-005526,CMP-005526,ENDPOINT_WATCH,PARTIAL,7.94,ACTED
INT-005527,CMP-005527,LIEN_MARK,NO_ACTION,44.63,ALREADY_ACTIONED
INT-005528,CMP-005528,JURISDICTION_HANDOFF,SUCCESS,45.07,ALREADY_ACTIONED
INT-005529,CMP-005529,LIEN_MARK,PARTIAL,21.4,ACTED
INT-005530,CMP-005530,JURISDICTION_HANDOFF,NO_ACTION,8.07,ACTED
INT-005531,CMP-005531,NO_ACTION,SUCCESS,31.15,OUT_OF_SCOPE
INT-005532,CMP-005532,ACCOUNT_FREEZE,PARTIAL,30.83,ACTED
INT-005533,CMP-005533,LIEN_MARK,PARTIAL,23.83,NOT_ACTED
INT-005534,CMP-005534,ACCOUNT_FREEZE,PARTIAL,37.95,NOT_ACTED
INT-005535,CMP-005535,ACCOUNT_FREEZE,SUCCESS,20.53,ACTED
INT-005536,CMP-005536,JURISDICTION_HANDOFF,SUCCESS,39.73,NOT_ACTED
INT-005537,CMP-005537,ENDPOINT_WATCH,NO_ACTION,31.29,ALREADY_ACTIONED
INT-005538,CMP-005538,ACCOUNT_FREEZE,SUCCESS,14.27,ALREADY_ACTIONED
INT-005539,CMP-005539,NO_ACTION,PARTIAL,41.19,NOT_ACTED
INT-005540,CMP-005540,ENDPOINT_WATCH,SUCCESS,35.46,ACTED
INT-005541,CMP-005541,ACCOUNT_FREEZE,NO_ACTION,20.75,ACTED
INT-005542,CMP-005542,LIEN_MARK,SUCCESS,4.65,ALREADY_ACTIONED
INT-005543,CMP-005543,NO_ACTION,SUCCESS,45.32,OUT_OF_SCOPE
INT-005544,CMP-005544,JURISDICTION_HANDOFF,SUCCESS,9.32,OUT_OF_SCOPE
INT-005545,CMP-005545,ACCOUNT_FREEZE,SUCCESS,19.42,ACTED
INT-005546,CMP-005546,ENDPOINT_WATCH,SUCCESS,17.25,NOT_ACTED
INT-005547,CMP-005547,LIEN_MARK,NO_ACTION,8.84,FALSE_POSITIVE
INT-005548,CMP-005548,ACCOUNT_FREEZE,SUCCESS,32.75,NOT_ACTED
INT-005549,CMP-005549,JURISDICTION_HANDOFF,SUCCESS,21.01,ACTED
INT-005550,CMP-005550,NO_ACTION,SUCCESS,44.16,OUT_OF_SCOPE
INT-005551,CMP-005551,ENDPOINT_WATCH,PARTIAL,16.79,FALSE_POSITIVE
INT-005552,CMP-005552,LIEN_MARK,PARTIAL,10.28,ACTED
INT-005553,CMP-005553,ENDPOINT_WATCH,SUCCESS,14.22,ACTED
INT-005554,CMP-005554,ENDPOINT_WATCH,PARTIAL,16.37,NOT_ACTED
INT-005555,CMP-005555,ACCOUNT_FREEZE,PARTIAL,31.26,ACTED
INT-005556,CMP-005556,LIEN_MARK,NO_ACTION,27.19,ACTED
INT-005557,CMP-005557,ENDPOINT_WATCH,SUCCESS,45.66,ACTED
INT-005558,CMP-005558,LIEN_MARK,SUCCESS,36.56,NOT_ACTED
INT-005559,CMP-005559,LIEN_MARK,PARTIAL,29.11,NOT_ACTED
INT-005560,CMP-005560,ENDPOINT_WATCH,PARTIAL,8.34,FALSE_POSITIVE
INT-005561,CMP-005561,JURISDICTION_HANDOFF,PARTIAL,30.82,NOT_ACTED
INT-005562,CMP-005562,JURISDICTION_HANDOFF,NO_ACTION,31.22,ACTED
INT-005563,CMP-005563,ENDPOINT_WATCH,SUCCESS,9.34,ACTED
INT-005564,CMP-005564,JURISDICTION_HANDOFF,SUCCESS,17.58,ALREADY_ACTIONED
INT-005565,CMP-005565,JURISDICTION_HANDOFF,SUCCESS,3.77,ACTED
INT-005566,CMP-005566,LIEN_MARK,SUCCESS,10.67,NOT_ACTED
INT-005567,CMP-005567,JURISDICTION_HANDOFF,SUCCESS,9.61,FALSE_POSITIVE
INT-005568,CMP-005568,LIEN_MARK,SUCCESS,11.44,ACTED
INT-005569,CMP-005569,ENDPOINT_WATCH,SUCCESS,20.63,ALREADY_ACTIONED
INT-005570,CMP-005570,LIEN_MARK,SUCCESS,38.78,ACTED
INT-005571,CMP-005571,LIEN_MARK,NO_ACTION,30.94,FALSE_POSITIVE
INT-005572,CMP-005572,JURISDICTION_HANDOFF,SUCCESS,14.38,ACTED
INT-005573,CMP-005573,ACCOUNT_FREEZE,PARTIAL,34.69,OUT_OF_SCOPE
INT-005574,CMP-005574,LIEN_MARK,PARTIAL,14.88,ACTED
INT-005575,CMP-005575,JURISDICTION_HANDOFF,SUCCESS,47.86,NOT_ACTED
INT-005576,CMP-005576,ENDPOINT_WATCH,NO_ACTION,25.25,ACTED
INT-005577,CMP-005577,ENDPOINT_WATCH,SUCCESS,33.8,FALSE_POSITIVE
INT-005578,CMP-005578,ENDPOINT_WATCH,NO_ACTION,39.91,OUT_OF_SCOPE
INT-005579,CMP-005579,ENDPOINT_WATCH,PARTIAL,7.44,ACTED
INT-005580,CMP-005580,JURISDICTION_HANDOFF,PARTIAL,23.8,NOT_ACTED
INT-005581,CMP-005581,ACCOUNT_FREEZE,SUCCESS,24.7,ACTED
INT-005582,CMP-005582,LIEN_MARK,SUCCESS,13.53,OUT_OF_SCOPE
INT-005583,CMP-005583,LIEN_MARK,SUCCESS,31.67,OUT_OF_SCOPE
INT-005584,CMP-005584,ENDPOINT_WATCH,SUCCESS,16.75,ACTED
INT-005585,CMP-005585,JURISDICTION_HANDOFF,SUCCESS,44.91,FALSE_POSITIVE
INT-005586,CMP-005586,LIEN_MARK,SUCCESS,41.2,ACTED
INT-005587,CMP-005587,ENDPOINT_WATCH,SUCCESS,13.05,NOT_ACTED
INT-005588,CMP-005588,JURISDICTION_HANDOFF,NO_ACTION,46.1,FALSE_POSITIVE
INT-005589,CMP-005589,LIEN_MARK,NO_ACTION,32.37,FALSE_POSITIVE
INT-005590,CMP-005590,ENDPOINT_WATCH,SUCCESS,36.16,NOT_ACTED
INT-005591,CMP-005591,ACCOUNT_FREEZE,NO_ACTION,14.13,ACTED
INT-005592,CMP-005592,JURISDICTION_HANDOFF,SUCCESS,21.18,NOT_ACTED
INT-005593,CMP-005593,JURISDICTION_HANDOFF,NO_ACTION,33.65,ACTED
INT-005594,CMP-005594,ACCOUNT_FREEZE,SUCCESS,25.7,NOT_ACTED
INT-005595,CMP-005595,LIEN_MARK,SUCCESS,31.67,ACTED
INT-005596,CMP-005596,JURISDICTION_HANDOFF,PARTIAL,43.15,ACTED
INT-005597,CMP-005597,ENDPOINT_WATCH,SUCCESS,26.13,ALREADY_ACTIONED
INT-005598,CMP-005598,NO_ACTION,SUCCESS,11.71,ACTED
INT-005599,CMP-005599,LIEN_MARK,PARTIAL,29.79,FALSE_POSITIVE
INT-005600,CMP-005600,JURISDICTION_HANDOFF,SUCCESS,19.19,ACTED
INT-005601,CMP-005601,NO_ACTION,SUCCESS,10.42,NOT_ACTED
INT-005602,CMP-005602,ENDPOINT_WATCH,PARTIAL,43.61,FALSE_POSITIVE
INT-005603,CMP-005603,JURISDICTION_HANDOFF,NO_ACTION,27.37,FALSE_POSITIVE
INT-005604,CMP-005604,ENDPOINT_WATCH,NO_ACTION,16.61,FALSE_POSITIVE
INT-005605,CMP-005605,LIEN_MARK,SUCCESS,39.79,NOT_ACTED
INT-005606,CMP-005606,LIEN_MARK,PARTIAL,27.2,ACTED
INT-005607,CMP-005607,LIEN_MARK,NO_ACTION,46.88,ALREADY_ACTIONED
INT-005608,CMP-005608,NO_ACTION,SUCCESS,16.6,ACTED
INT-005609,CMP-005609,JURISDICTION_HANDOFF,SUCCESS,3.93,ACTED
INT-005610,CMP-005610,NO_ACTION,PARTIAL,44.83,OUT_OF_SCOPE
INT-005611,CMP-005611,ACCOUNT_FREEZE,SUCCESS,45.85,NOT_ACTED
INT-005612,CMP-005612,ACCOUNT_FREEZE,SUCCESS,47.19,NOT_ACTED
INT-005613,CMP-005613,ENDPOINT_WATCH,SUCCESS,10.48,ALREADY_ACTIONED
INT-005614,CMP-005614,JURISDICTION_HANDOFF,SUCCESS,29.26,OUT_OF_SCOPE
INT-005615,CMP-005615,JURISDICTION_HANDOFF,SUCCESS,38.36,ACTED
INT-005616,CMP-005616,JURISDICTION_HANDOFF,SUCCESS,10.88,ACTED
INT-005617,CMP-005617,ENDPOINT_WATCH,NO_ACTION,5.58,NOT_ACTED
INT-005618,CMP-005618,ACCOUNT_FREEZE,NO_ACTION,34.27,OUT_OF_SCOPE
INT-005619,CMP-005619,JURISDICTION_HANDOFF,SUCCESS,44.6,ACTED
INT-005620,CMP-005620,NO_ACTION,NO_ACTION,23.21,ACTED
INT-005621,CMP-005621,NO_ACTION,SUCCESS,31.79,ACTED
INT-005622,CMP-005622,ACCOUNT_FREEZE,SUCCESS,21.47,FALSE_POSITIVE
INT-005623,CMP-005623,NO_ACTION,SUCCESS,29.78,ALREADY_ACTIONED
INT-005624,CMP-005624,JURISDICTION_HANDOFF,SUCCESS,16.27,ACTED
INT-005625,CMP-005625,JURISDICTION_HANDOFF,SUCCESS,3.98,OUT_OF_SCOPE
INT-005626,CMP-005626,JURISDICTION_HANDOFF,SUCCESS,4.83,ACTED
INT-005627,CMP-005627,LIEN_MARK,SUCCESS,11.64,NOT_ACTED
INT-005628,CMP-005628,LIEN_MARK,NO_ACTION,20.23,ACTED
INT-005629,CMP-005629,ENDPOINT_WATCH,SUCCESS,45.74,NOT_ACTED
INT-005630,CMP-005630,LIEN_MARK,SUCCESS,10.69,ACTED
INT-005631,CMP-005631,LIEN_MARK,NO_ACTION,19.01,NOT_ACTED
INT-005632,CMP-005632,ACCOUNT_FREEZE,SUCCESS,11.78,OUT_OF_SCOPE
INT-005633,CMP-005633,JURISDICTION_HANDOFF,SUCCESS,9.94,ALREADY_ACTIONED
INT-005634,CMP-005634,ACCOUNT_FREEZE,SUCCESS,24.65,ACTED
INT-005635,CMP-005635,ACCOUNT_FREEZE,SUCCESS,27.51,FALSE_POSITIVE
INT-005636,CMP-005636,ACCOUNT_FREEZE,SUCCESS,25.9,OUT_OF_SCOPE
INT-005637,CMP-005637,JURISDICTION_HANDOFF,PARTIAL,30.35,ACTED
INT-005638,CMP-005638,NO_ACTION,SUCCESS,33.94,ACTED
INT-005639,CMP-005639,ENDPOINT_WATCH,PARTIAL,23.92,ACTED
INT-005640,CMP-005640,JURISDICTION_HANDOFF,NO_ACTION,42.05,ACTED
INT-005641,CMP-005641,NO_ACTION,PARTIAL,32.43,FALSE_POSITIVE
INT-005642,CMP-005642,ENDPOINT_WATCH,NO_ACTION,35.74,ALREADY_ACTIONED
INT-005643,CMP-005643,ACCOUNT_FREEZE,SUCCESS,46.8,ACTED
INT-005644,CMP-005644,LIEN_MARK,PARTIAL,41.37,NOT_ACTED
INT-005645,CMP-005645,LIEN_MARK,SUCCESS,6.79,ACTED
INT-005646,CMP-005646,JURISDICTION_HANDOFF,NO_ACTION,22.88,FALSE_POSITIVE
INT-005647,CMP-005647,JURISDICTION_HANDOFF,SUCCESS,9.63,ACTED
INT-005648,CMP-005648,LIEN_MARK,SUCCESS,44.96,ALREADY_ACTIONED
INT-005649,CMP-005649,NO_ACTION,NO_ACTION,3.97,NOT_ACTED
INT-005650,CMP-005650,JURISDICTION_HANDOFF,NO_ACTION,42.69,OUT_OF_SCOPE
INT-005651,CMP-005651,NO_ACTION,SUCCESS,40.34,OUT_OF_SCOPE
INT-005652,CMP-005652,ACCOUNT_FREEZE,NO_ACTION,30.47,ACTED
INT-005653,CMP-005653,LIEN_MARK,NO_ACTION,20.37,ALREADY_ACTIONED
INT-005654,CMP-005654,ACCOUNT_FREEZE,SUCCESS,14.63,NOT_ACTED
INT-005655,CMP-005655,JURISDICTION_HANDOFF,SUCCESS,24.05,NOT_ACTED
INT-005656,CMP-005656,ACCOUNT_FREEZE,PARTIAL,25.58,ACTED
INT-005657,CMP-005657,ACCOUNT_FREEZE,SUCCESS,5.45,ACTED
INT-005658,CMP-005658,ACCOUNT_FREEZE,SUCCESS,25.21,ACTED
INT-005659,CMP-005659,ACCOUNT_FREEZE,PARTIAL,31.8,OUT_OF_SCOPE
INT-005660,CMP-005660,ACCOUNT_FREEZE,SUCCESS,8.26,ACTED
INT-005661,CMP-005661,LIEN_MARK,NO_ACTION,29.77,OUT_OF_SCOPE
INT-005662,CMP-005662,ENDPOINT_WATCH,NO_ACTION,23.78,NOT_ACTED
INT-005663,CMP-005663,ENDPOINT_WATCH,SUCCESS,10.0,ACTED
INT-005664,CMP-005664,LIEN_MARK,SUCCESS,19.58,ACTED
INT-005665,CMP-005665,ENDPOINT_WATCH,SUCCESS,45.53,NOT_ACTED
INT-005666,CMP-005666,ACCOUNT_FREEZE,SUCCESS,8.98,ACTED
INT-005667,CMP-005667,ENDPOINT_WATCH,PARTIAL,35.52,ACTED
INT-005668,CMP-005668,ACCOUNT_FREEZE,SUCCESS,8.37,NOT_ACTED
INT-005669,CMP-005669,ENDPOINT_WATCH,PARTIAL,25.89,ALREADY_ACTIONED
INT-005670,CMP-005670,ENDPOINT_WATCH,SUCCESS,16.39,ACTED
INT-005671,CMP-005671,ACCOUNT_FREEZE,NO_ACTION,28.33,NOT_ACTED
INT-005672,CMP-005672,ENDPOINT_WATCH,SUCCESS,7.56,ACTED
INT-005673,CMP-005673,JURISDICTION_HANDOFF,NO_ACTION,35.39,ALREADY_ACTIONED
INT-005674,CMP-005674,ENDPOINT_WATCH,PARTIAL,6.73,ACTED
INT-005675,CMP-005675,NO_ACTION,NO_ACTION,14.17,FALSE_POSITIVE
INT-005676,CMP-005676,JURISDICTION_HANDOFF,SUCCESS,20.46,OUT_OF_SCOPE
INT-005677,CMP-005677,ACCOUNT_FREEZE,SUCCESS,28.11,ACTED
INT-005678,CMP-005678,ENDPOINT_WATCH,NO_ACTION,4.47,ACTED
INT-005679,CMP-005679,ENDPOINT_WATCH,SUCCESS,21.48,ACTED
INT-005680,CMP-005680,NO_ACTION,NO_ACTION,10.19,OUT_OF_SCOPE
INT-005681,CMP-005681,LIEN_MARK,NO_ACTION,44.87,ACTED
INT-005682,CMP-005682,LIEN_MARK,SUCCESS,35.47,ALREADY_ACTIONED
INT-005683,CMP-005683,ACCOUNT_FREEZE,SUCCESS,45.4,ACTED
INT-005684,CMP-005684,LIEN_MARK,SUCCESS,32.18,ACTED
INT-005685,CMP-005685,ACCOUNT_FREEZE,SUCCESS,36.19,ALREADY_ACTIONED
INT-005686,CMP-005686,LIEN_MARK,NO_ACTION,20.74,ALREADY_ACTIONED
INT-005687,CMP-005687,LIEN_MARK,SUCCESS,25.6,ALREADY_ACTIONED
INT-005688,CMP-005688,JURISDICTION_HANDOFF,NO_ACTION,40.04,NOT_ACTED
INT-005689,CMP-005689,ACCOUNT_FREEZE,NO_ACTION,44.65,ALREADY_ACTIONED
INT-005690,CMP-005690,ACCOUNT_FREEZE,SUCCESS,17.46,FALSE_POSITIVE
INT-005691,CMP-005691,ACCOUNT_FREEZE,SUCCESS,11.5,NOT_ACTED
INT-005692,CMP-005692,ENDPOINT_WATCH,PARTIAL,45.59,FALSE_POSITIVE
INT-005693,CMP-005693,ACCOUNT_FREEZE,SUCCESS,46.24,ALREADY_ACTIONED
INT-005694,CMP-005694,LIEN_MARK,SUCCESS,34.33,ACTED
INT-005695,CMP-005695,NO_ACTION,SUCCESS,38.59,OUT_OF_SCOPE
INT-005696,CMP-005696,ENDPOINT_WATCH,SUCCESS,27.29,OUT_OF_SCOPE
INT-005697,CMP-005697,NO_ACTION,PARTIAL,33.04,ACTED
INT-005698,CMP-005698,ENDPOINT_WATCH,NO_ACTION,11.85,FALSE_POSITIVE
INT-005699,CMP-005699,JURISDICTION_HANDOFF,PARTIAL,31.28,FALSE_POSITIVE
INT-005700,CMP-005700,JURISDICTION_HANDOFF,SUCCESS,17.57,ACTED
INT-005701,CMP-005701,NO_ACTION,SUCCESS,45.49,ACTED
INT-005702,CMP-005702,LIEN_MARK,SUCCESS,39.06,NOT_ACTED
INT-005703,CMP-005703,NO_ACTION,NO_ACTION,40.73,NOT_ACTED
INT-005704,CMP-005704,ACCOUNT_FREEZE,SUCCESS,10.36,ALREADY_ACTIONED
INT-005705,CMP-005705,JURISDICTION_HANDOFF,PARTIAL,22.49,FALSE_POSITIVE
INT-005706,CMP-005706,NO_ACTION,SUCCESS,27.92,NOT_ACTED
INT-005707,CMP-005707,JURISDICTION_HANDOFF,SUCCESS,29.82,NOT_ACTED
INT-005708,CMP-005708,LIEN_MARK,SUCCESS,22.94,ACTED
INT-005709,CMP-005709,JURISDICTION_HANDOFF,NO_ACTION,31.6,ACTED
INT-005710,CMP-005710,JURISDICTION_HANDOFF,SUCCESS,46.25,NOT_ACTED
INT-005711,CMP-005711,NO_ACTION,PARTIAL,13.91,ALREADY_ACTIONED
INT-005712,CMP-005712,ACCOUNT_FREEZE,NO_ACTION,5.83,NOT_ACTED
INT-005713,CMP-005713,LIEN_MARK,SUCCESS,10.01,ALREADY_ACTIONED
INT-005714,CMP-005714,JURISDICTION_HANDOFF,SUCCESS,17.2,NOT_ACTED
INT-005715,CMP-005715,LIEN_MARK,SUCCESS,33.25,OUT_OF_SCOPE
INT-005716,CMP-005716,ENDPOINT_WATCH,SUCCESS,29.37,ALREADY_ACTIONED
INT-005717,CMP-005717,JURISDICTION_HANDOFF,NO_ACTION,43.7,ACTED
INT-005718,CMP-005718,LIEN_MARK,PARTIAL,7.0,ALREADY_ACTIONED
INT-005719,CMP-005719,LIEN_MARK,SUCCESS,44.79,ACTED
INT-005720,CMP-005720,NO_ACTION,SUCCESS,29.27,NOT_ACTED
INT-005721,CMP-005721,LIEN_MARK,PARTIAL,3.73,OUT_OF_SCOPE
INT-005722,CMP-005722,NO_ACTION,NO_ACTION,31.72,NOT_ACTED
INT-005723,CMP-005723,JURISDICTION_HANDOFF,SUCCESS,20.21,OUT_OF_SCOPE
INT-005724,CMP-005724,ENDPOINT_WATCH,SUCCESS,23.93,ACTED
INT-005725,CMP-005725,NO_ACTION,SUCCESS,24.64,FALSE_POSITIVE
INT-005726,CMP-005726,JURISDICTION_HANDOFF,PARTIAL,42.77,ACTED
INT-005727,CMP-005727,JURISDICTION_HANDOFF,SUCCESS,37.34,ACTED
INT-005728,CMP-005728,LIEN_MARK,SUCCESS,4.17,ACTED
INT-005729,CMP-005729,ENDPOINT_WATCH,NO_ACTION,31.43,FALSE_POSITIVE
INT-005730,CMP-005730,ACCOUNT_FREEZE,SUCCESS,23.72,ACTED
INT-005731,CMP-005731,JURISDICTION_HANDOFF,SUCCESS,40.06,ALREADY_ACTIONED
INT-005732,CMP-005732,ACCOUNT_FREEZE,SUCCESS,16.99,ACTED
INT-005733,CMP-005733,NO_ACTION,SUCCESS,20.0,ACTED
INT-005734,CMP-005734,JURISDICTION_HANDOFF,SUCCESS,18.21,ACTED
INT-005735,CMP-005735,ACCOUNT_FREEZE,PARTIAL,42.66,ALREADY_ACTIONED
INT-005736,CMP-005736,LIEN_MARK,SUCCESS,36.69,ALREADY_ACTIONED
INT-005737,CMP-005737,JURISDICTION_HANDOFF,SUCCESS,36.43,NOT_ACTED
INT-005738,CMP-005738,ACCOUNT_FREEZE,SUCCESS,10.34,ACTED
INT-005739,CMP-005739,LIEN_MARK,SUCCESS,32.55,ACTED
INT-005740,CMP-005740,JURISDICTION_HANDOFF,SUCCESS,17.98,FALSE_POSITIVE
INT-005741,CMP-005741,ACCOUNT_FREEZE,NO_ACTION,20.82,ACTED
INT-005742,CMP-005742,LIEN_MARK,SUCCESS,16.8,FALSE_POSITIVE
INT-005743,CMP-005743,LIEN_MARK,NO_ACTION,43.53,NOT_ACTED
INT-005744,CMP-005744,JURISDICTION_HANDOFF,NO_ACTION,46.29,NOT_ACTED
INT-005745,CMP-005745,JURISDICTION_HANDOFF,NO_ACTION,13.09,ACTED
INT-005746,CMP-005746,ENDPOINT_WATCH,SUCCESS,47.5,ACTED
INT-005747,CMP-005747,ENDPOINT_WATCH,SUCCESS,39.7,NOT_ACTED
INT-005748,CMP-005748,JURISDICTION_HANDOFF,PARTIAL,23.05,OUT_OF_SCOPE
INT-005749,CMP-005749,ENDPOINT_WATCH,SUCCESS,47.27,OUT_OF_SCOPE
INT-005750,CMP-005750,ACCOUNT_FREEZE,SUCCESS,3.84,ACTED
INT-005751,CMP-005751,NO_ACTION,SUCCESS,16.57,ACTED
INT-005752,CMP-005752,LIEN_MARK,PARTIAL,46.12,FALSE_POSITIVE
INT-005753,CMP-005753,ACCOUNT_FREEZE,SUCCESS,18.68,ACTED
INT-005754,CMP-005754,ENDPOINT_WATCH,SUCCESS,39.39,ACTED
INT-005755,CMP-005755,LIEN_MARK,SUCCESS,13.86,FALSE_POSITIVE
INT-005756,CMP-005756,ENDPOINT_WATCH,SUCCESS,37.84,ACTED
INT-005757,CMP-005757,JURISDICTION_HANDOFF,SUCCESS,21.67,ACTED
INT-005758,CMP-005758,LIEN_MARK,NO_ACTION,38.66,ACTED
INT-005759,CMP-005759,NO_ACTION,NO_ACTION,45.97,OUT_OF_SCOPE
INT-005760,CMP-005760,NO_ACTION,SUCCESS,33.78,OUT_OF_SCOPE
INT-005761,CMP-005761,NO_ACTION,PARTIAL,44.25,ACTED
INT-005762,CMP-005762,ENDPOINT_WATCH,PARTIAL,13.62,ACTED
INT-005763,CMP-005763,ENDPOINT_WATCH,PARTIAL,33.82,ACTED
INT-005764,CMP-005764,JURISDICTION_HANDOFF,NO_ACTION,37.66,NOT_ACTED
INT-005765,CMP-005765,ENDPOINT_WATCH,SUCCESS,34.33,ACTED
INT-005766,CMP-005766,ENDPOINT_WATCH,SUCCESS,31.96,FALSE_POSITIVE
INT-005767,CMP-005767,ACCOUNT_FREEZE,SUCCESS,30.51,FALSE_POSITIVE
INT-005768,CMP-005768,NO_ACTION,SUCCESS,33.46,NOT_ACTED
INT-005769,CMP-005769,NO_ACTION,NO_ACTION,36.54,OUT_OF_SCOPE
INT-005770,CMP-005770,ACCOUNT_FREEZE,NO_ACTION,35.16,NOT_ACTED
INT-005771,CMP-005771,JURISDICTION_HANDOFF,PARTIAL,30.06,FALSE_POSITIVE
INT-005772,CMP-005772,ACCOUNT_FREEZE,NO_ACTION,3.54,ACTED
INT-005773,CMP-005773,ACCOUNT_FREEZE,SUCCESS,26.32,ACTED
INT-005774,CMP-005774,ACCOUNT_FREEZE,PARTIAL,47.91,NOT_ACTED
INT-005775,CMP-005775,LIEN_MARK,NO_ACTION,39.09,ACTED
INT-005776,CMP-005776,ENDPOINT_WATCH,SUCCESS,11.34,ACTED
INT-005777,CMP-005777,JURISDICTION_HANDOFF,SUCCESS,15.77,NOT_ACTED
INT-005778,CMP-005778,JURISDICTION_HANDOFF,SUCCESS,14.51,ACTED
INT-005779,CMP-005779,LIEN_MARK,PARTIAL,4.72,OUT_OF_SCOPE
INT-005780,CMP-005780,JURISDICTION_HANDOFF,SUCCESS,39.23,ALREADY_ACTIONED
INT-005781,CMP-005781,JURISDICTION_HANDOFF,PARTIAL,34.18,ACTED
INT-005782,CMP-005782,LIEN_MARK,PARTIAL,42.96,ACTED
INT-005783,CMP-005783,JURISDICTION_HANDOFF,PARTIAL,34.7,ACTED
INT-005784,CMP-005784,ACCOUNT_FREEZE,SUCCESS,24.51,ACTED
INT-005785,CMP-005785,JURISDICTION_HANDOFF,NO_ACTION,21.67,ALREADY_ACTIONED
INT-005786,CMP-005786,JURISDICTION_HANDOFF,NO_ACTION,5.87,ACTED
INT-005787,CMP-005787,ACCOUNT_FREEZE,SUCCESS,25.51,ACTED
INT-005788,CMP-005788,ACCOUNT_FREEZE,SUCCESS,17.91,OUT_OF_SCOPE
INT-005789,CMP-005789,NO_ACTION,SUCCESS,14.49,NOT_ACTED
INT-005790,CMP-005790,ENDPOINT_WATCH,SUCCESS,12.02,ALREADY_ACTIONED
INT-005791,CMP-005791,ENDPOINT_WATCH,SUCCESS,47.41,ACTED
INT-005792,CMP-005792,LIEN_MARK,PARTIAL,47.31,ACTED
INT-005793,CMP-005793,LIEN_MARK,SUCCESS,22.91,ALREADY_ACTIONED
INT-005794,CMP-005794,ACCOUNT_FREEZE,PARTIAL,40.91,ACTED
INT-005795,CMP-005795,NO_ACTION,SUCCESS,25.17,OUT_OF_SCOPE
INT-005796,CMP-005796,JURISDICTION_HANDOFF,NO_ACTION,7.63,OUT_OF_SCOPE
INT-005797,CMP-005797,LIEN_MARK,SUCCESS,4.46,ACTED
INT-005798,CMP-005798,ACCOUNT_FREEZE,SUCCESS,22.63,NOT_ACTED
INT-005799,CMP-005799,LIEN_MARK,NO_ACTION,12.72,ACTED
INT-005800,CMP-005800,ACCOUNT_FREEZE,SUCCESS,39.56,ACTED
INT-005801,CMP-005801,ENDPOINT_WATCH,SUCCESS,6.15,NOT_ACTED
INT-005802,CMP-005802,LIEN_MARK,PARTIAL,44.59,ACTED
INT-005803,CMP-005803,ACCOUNT_FREEZE,SUCCESS,41.32,ACTED
INT-005804,CMP-005804,ACCOUNT_FREEZE,PARTIAL,12.49,ACTED
INT-005805,CMP-005805,ENDPOINT_WATCH,PARTIAL,44.34,ACTED
INT-005806,CMP-005806,NO_ACTION,SUCCESS,46.72,ACTED
INT-005807,CMP-005807,LIEN_MARK,SUCCESS,8.59,ACTED
INT-005808,CMP-005808,NO_ACTION,NO_ACTION,36.68,OUT_OF_SCOPE
INT-005809,CMP-005809,ENDPOINT_WATCH,NO_ACTION,15.47,ACTED
INT-005810,CMP-005810,ENDPOINT_WATCH,SUCCESS,42.24,ACTED
INT-005811,CMP-005811,ENDPOINT_WATCH,SUCCESS,47.11,NOT_ACTED
INT-005812,CMP-005812,ACCOUNT_FREEZE,NO_ACTION,4.56,ACTED
INT-005813,CMP-005813,JURISDICTION_HANDOFF,SUCCESS,6.3,ACTED
INT-005814,CMP-005814,NO_ACTION,PARTIAL,36.54,NOT_ACTED
INT-005815,CMP-005815,JURISDICTION_HANDOFF,PARTIAL,24.58,ACTED
INT-005816,CMP-005816,JURISDICTION_HANDOFF,SUCCESS,22.2,FALSE_POSITIVE
INT-005817,CMP-005817,ENDPOINT_WATCH,SUCCESS,38.83,ALREADY_ACTIONED
INT-005818,CMP-005818,JURISDICTION_HANDOFF,NO_ACTION,45.64,ACTED
INT-005819,CMP-005819,JURISDICTION_HANDOFF,SUCCESS,28.19,OUT_OF_SCOPE
INT-005820,CMP-005820,LIEN_MARK,NO_ACTION,4.15,NOT_ACTED
INT-005821,CMP-005821,ENDPOINT_WATCH,SUCCESS,34.02,ACTED
INT-005822,CMP-005822,NO_ACTION,SUCCESS,6.63,ALREADY_ACTIONED
INT-005823,CMP-005823,LIEN_MARK,SUCCESS,39.89,NOT_ACTED
INT-005824,CMP-005824,JURISDICTION_HANDOFF,SUCCESS,23.93,NOT_ACTED
INT-005825,CMP-005825,ACCOUNT_FREEZE,SUCCESS,28.31,ALREADY_ACTIONED
INT-005826,CMP-005826,LIEN_MARK,SUCCESS,34.76,ACTED
INT-005827,CMP-005827,ACCOUNT_FREEZE,SUCCESS,34.36,ACTED
INT-005828,CMP-005828,JURISDICTION_HANDOFF,PARTIAL,31.51,ACTED
INT-005829,CMP-005829,ACCOUNT_FREEZE,SUCCESS,22.31,OUT_OF_SCOPE
INT-005830,CMP-005830,JURISDICTION_HANDOFF,SUCCESS,43.82,ACTED
INT-005831,CMP-005831,NO_ACTION,PARTIAL,30.92,ACTED
INT-005832,CMP-005832,ENDPOINT_WATCH,SUCCESS,21.14,ACTED
INT-005833,CMP-005833,JURISDICTION_HANDOFF,SUCCESS,6.28,NOT_ACTED
INT-005834,CMP-005834,ACCOUNT_FREEZE,SUCCESS,40.44,FALSE_POSITIVE
INT-005835,CMP-005835,ACCOUNT_FREEZE,SUCCESS,11.71,NOT_ACTED
INT-005836,CMP-005836,JURISDICTION_HANDOFF,SUCCESS,43.03,ACTED
INT-005837,CMP-005837,LIEN_MARK,PARTIAL,10.07,OUT_OF_SCOPE
INT-005838,CMP-005838,ACCOUNT_FREEZE,NO_ACTION,20.56,NOT_ACTED
INT-005839,CMP-005839,LIEN_MARK,SUCCESS,24.07,FALSE_POSITIVE
INT-005840,CMP-005840,ACCOUNT_FREEZE,SUCCESS,35.83,NOT_ACTED
INT-005841,CMP-005841,NO_ACTION,NO_ACTION,29.05,NOT_ACTED
INT-005842,CMP-005842,NO_ACTION,PARTIAL,5.15,ACTED
INT-005843,CMP-005843,ACCOUNT_FREEZE,PARTIAL,24.36,ACTED
INT-005844,CMP-005844,ENDPOINT_WATCH,PARTIAL,7.39,FALSE_POSITIVE
INT-005845,CMP-005845,NO_ACTION,SUCCESS,45.06,NOT_ACTED
INT-005846,CMP-005846,NO_ACTION,PARTIAL,10.09,NOT_ACTED
INT-005847,CMP-005847,JURISDICTION_HANDOFF,NO_ACTION,4.38,NOT_ACTED
INT-005848,CMP-005848,ACCOUNT_FREEZE,NO_ACTION,12.23,FALSE_POSITIVE
INT-005849,CMP-005849,NO_ACTION,SUCCESS,20.38,ALREADY_ACTIONED
INT-005850,CMP-005850,NO_ACTION,SUCCESS,29.63,ACTED
INT-005851,CMP-005851,ACCOUNT_FREEZE,SUCCESS,13.73,NOT_ACTED
INT-005852,CMP-005852,JURISDICTION_HANDOFF,SUCCESS,39.68,ALREADY_ACTIONED
INT-005853,CMP-005853,LIEN_MARK,PARTIAL,34.01,ACTED
INT-005854,CMP-005854,NO_ACTION,SUCCESS,26.88,ACTED
INT-005855,CMP-005855,JURISDICTION_HANDOFF,SUCCESS,29.39,ACTED
INT-005856,CMP-005856,LIEN_MARK,PARTIAL,47.97,ACTED
INT-005857,CMP-005857,LIEN_MARK,SUCCESS,23.15,ACTED
INT-005858,CMP-005858,NO_ACTION,PARTIAL,20.93,NOT_ACTED
INT-005859,CMP-005859,JURISDICTION_HANDOFF,SUCCESS,15.1,ACTED
INT-005860,CMP-005860,JURISDICTION_HANDOFF,NO_ACTION,21.27,ALREADY_ACTIONED
INT-005861,CMP-005861,ACCOUNT_FREEZE,PARTIAL,39.87,OUT_OF_SCOPE
INT-005862,CMP-005862,ACCOUNT_FREEZE,NO_ACTION,26.49,ACTED
INT-005863,CMP-005863,NO_ACTION,NO_ACTION,23.34,FALSE_POSITIVE
INT-005864,CMP-005864,ACCOUNT_FREEZE,SUCCESS,17.77,OUT_OF_SCOPE
INT-005865,CMP-005865,ENDPOINT_WATCH,SUCCESS,5.03,ALREADY_ACTIONED
INT-005866,CMP-005866,LIEN_MARK,SUCCESS,45.97,ALREADY_ACTIONED
INT-005867,CMP-005867,ENDPOINT_WATCH,NO_ACTION,5.03,NOT_ACTED
INT-005868,CMP-005868,ENDPOINT_WATCH,SUCCESS,21.73,NOT_ACTED
INT-005869,CMP-005869,ENDPOINT_WATCH,NO_ACTION,23.15,NOT_ACTED
INT-005870,CMP-005870,LIEN_MARK,SUCCESS,46.67,ACTED
INT-005871,CMP-005871,ACCOUNT_FREEZE,SUCCESS,22.67,ACTED
INT-005872,CMP-005872,ACCOUNT_FREEZE,SUCCESS,27.58,OUT_OF_SCOPE
INT-005873,CMP-005873,ENDPOINT_WATCH,SUCCESS,3.93,ACTED
INT-005874,CMP-005874,ENDPOINT_WATCH,SUCCESS,22.58,ACTED
INT-005875,CMP-005875,ACCOUNT_FREEZE,PARTIAL,37.36,NOT_ACTED
INT-005876,CMP-005876,JURISDICTION_HANDOFF,SUCCESS,42.59,ALREADY_ACTIONED
INT-005877,CMP-005877,ENDPOINT_WATCH,SUCCESS,3.01,FALSE_POSITIVE
INT-005878,CMP-005878,JURISDICTION_HANDOFF,SUCCESS,35.27,NOT_ACTED
INT-005879,CMP-005879,NO_ACTION,SUCCESS,43.0,ACTED
INT-005880,CMP-005880,ACCOUNT_FREEZE,NO_ACTION,6.7,ALREADY_ACTIONED
INT-005881,CMP-005881,ENDPOINT_WATCH,SUCCESS,45.72,OUT_OF_SCOPE
INT-005882,CMP-005882,ACCOUNT_FREEZE,SUCCESS,6.08,OUT_OF_SCOPE
INT-005883,CMP-005883,NO_ACTION,NO_ACTION,11.79,ACTED
INT-005884,CMP-005884,ENDPOINT_WATCH,SUCCESS,41.98,NOT_ACTED
INT-005885,CMP-005885,JURISDICTION_HANDOFF,SUCCESS,31.12,ACTED
INT-005886,CMP-005886,LIEN_MARK,SUCCESS,44.43,ACTED
INT-005887,CMP-005887,ACCOUNT_FREEZE,NO_ACTION,30.22,ACTED
INT-005888,CMP-005888,LIEN_MARK,SUCCESS,38.93,NOT_ACTED
INT-005889,CMP-005889,LIEN_MARK,NO_ACTION,38.97,ACTED
INT-005890,CMP-005890,NO_ACTION,PARTIAL,21.27,ACTED
INT-005891,CMP-005891,ACCOUNT_FREEZE,SUCCESS,10.62,NOT_ACTED
INT-005892,CMP-005892,ENDPOINT_WATCH,SUCCESS,24.38,NOT_ACTED
INT-005893,CMP-005893,ENDPOINT_WATCH,SUCCESS,5.44,NOT_ACTED
INT-005894,CMP-005894,NO_ACTION,SUCCESS,43.38,ACTED
INT-005895,CMP-005895,ENDPOINT_WATCH,SUCCESS,28.0,NOT_ACTED
INT-005896,CMP-005896,ACCOUNT_FREEZE,SUCCESS,39.73,FALSE_POSITIVE
INT-005897,CMP-005897,ACCOUNT_FREEZE,PARTIAL,5.12,ACTED
INT-005898,CMP-005898,LIEN_MARK,PARTIAL,27.65,ALREADY_ACTIONED
INT-005899,CMP-005899,NO_ACTION,SUCCESS,21.02,ACTED
INT-005900,CMP-005900,JURISDICTION_HANDOFF,PARTIAL,4.58,ACTED
INT-005901,CMP-005901,JURISDICTION_HANDOFF,NO_ACTION,16.76,ALREADY_ACTIONED
INT-005902,CMP-005902,LIEN_MARK,SUCCESS,3.34,ACTED
INT-005903,CMP-005903,JURISDICTION_HANDOFF,NO_ACTION,19.65,ACTED
INT-005904,CMP-005904,JURISDICTION_HANDOFF,SUCCESS,44.0,NOT_ACTED
INT-005905,CMP-005905,NO_ACTION,SUCCESS,23.44,ACTED
INT-005906,CMP-005906,JURISDICTION_HANDOFF,NO_ACTION,18.2,ALREADY_ACTIONED
INT-005907,CMP-005907,JURISDICTION_HANDOFF,SUCCESS,43.42,OUT_OF_SCOPE
INT-005908,CMP-005908,ENDPOINT_WATCH,SUCCESS,33.91,FALSE_POSITIVE
INT-005909,CMP-005909,LIEN_MARK,NO_ACTION,11.8,ACTED
INT-005910,CMP-005910,LIEN_MARK,SUCCESS,41.26,NOT_ACTED
INT-005911,CMP-005911,JURISDICTION_HANDOFF,SUCCESS,43.61,ACTED
INT-005912,CMP-005912,JURISDICTION_HANDOFF,SUCCESS,42.67,NOT_ACTED
INT-005913,CMP-005913,LIEN_MARK,SUCCESS,12.95,NOT_ACTED
INT-005914,CMP-005914,ENDPOINT_WATCH,SUCCESS,37.06,ACTED
INT-005915,CMP-005915,NO_ACTION,SUCCESS,19.37,ACTED
INT-005916,CMP-005916,ENDPOINT_WATCH,PARTIAL,21.55,NOT_ACTED
INT-005917,CMP-005917,LIEN_MARK,NO_ACTION,10.49,OUT_OF_SCOPE
INT-005918,CMP-005918,ACCOUNT_FREEZE,NO_ACTION,15.06,ALREADY_ACTIONED
INT-005919,CMP-005919,LIEN_MARK,SUCCESS,38.26,ACTED
INT-005920,CMP-005920,NO_ACTION,SUCCESS,44.98,NOT_ACTED
INT-005921,CMP-005921,ACCOUNT_FREEZE,SUCCESS,23.51,ALREADY_ACTIONED
INT-005922,CMP-005922,JURISDICTION_HANDOFF,SUCCESS,41.91,ACTED
INT-005923,CMP-005923,ACCOUNT_FREEZE,SUCCESS,16.01,NOT_ACTED
INT-005924,CMP-005924,NO_ACTION,NO_ACTION,23.11,FALSE_POSITIVE
INT-005925,CMP-005925,LIEN_MARK,NO_ACTION,4.28,FALSE_POSITIVE
INT-005926,CMP-005926,ENDPOINT_WATCH,SUCCESS,5.37,ACTED
INT-005927,CMP-005927,LIEN_MARK,SUCCESS,33.85,NOT_ACTED
INT-005928,CMP-005928,LIEN_MARK,PARTIAL,45.13,ACTED
INT-005929,CMP-005929,ENDPOINT_WATCH,PARTIAL,24.1,ACTED
INT-005930,CMP-005930,LIEN_MARK,NO_ACTION,3.7,ACTED
INT-005931,CMP-005931,ACCOUNT_FREEZE,SUCCESS,31.27,FALSE_POSITIVE
INT-005932,CMP-005932,NO_ACTION,SUCCESS,25.54,OUT_OF_SCOPE
INT-005933,CMP-005933,LIEN_MARK,NO_ACTION,36.75,ACTED
INT-005934,CMP-005934,JURISDICTION_HANDOFF,NO_ACTION,27.2,ALREADY_ACTIONED
INT-005935,CMP-005935,NO_ACTION,PARTIAL,15.91,OUT_OF_SCOPE
INT-005936,CMP-005936,NO_ACTION,SUCCESS,31.29,ACTED
INT-005937,CMP-005937,JURISDICTION_HANDOFF,PARTIAL,6.5,ALREADY_ACTIONED
INT-005938,CMP-005938,LIEN_MARK,PARTIAL,10.72,ACTED
INT-005939,CMP-005939,JURISDICTION_HANDOFF,SUCCESS,47.26,ACTED
INT-005940,CMP-005940,ENDPOINT_WATCH,SUCCESS,39.08,ACTED
INT-005941,CMP-005941,LIEN_MARK,SUCCESS,33.81,ACTED
INT-005942,CMP-005942,LIEN_MARK,SUCCESS,5.47,ACTED
INT-005943,CMP-005943,ENDPOINT_WATCH,NO_ACTION,47.06,ACTED
INT-005944,CMP-005944,JURISDICTION_HANDOFF,SUCCESS,34.48,ACTED
INT-005945,CMP-005945,ACCOUNT_FREEZE,SUCCESS,10.48,ACTED
INT-005946,CMP-005946,JURISDICTION_HANDOFF,SUCCESS,43.5,NOT_ACTED
INT-005947,CMP-005947,ENDPOINT_WATCH,SUCCESS,35.68,ACTED
INT-005948,CMP-005948,NO_ACTION,PARTIAL,10.72,NOT_ACTED
INT-005949,CMP-005949,ACCOUNT_FREEZE,NO_ACTION,36.37,NOT_ACTED
INT-005950,CMP-005950,JURISDICTION_HANDOFF,NO_ACTION,13.86,NOT_ACTED
INT-005951,CMP-005951,LIEN_MARK,SUCCESS,28.31,ACTED
INT-005952,CMP-005952,ENDPOINT_WATCH,PARTIAL,44.43,FALSE_POSITIVE
INT-005953,CMP-005953,ENDPOINT_WATCH,PARTIAL,18.52,ACTED
INT-005954,CMP-005954,ENDPOINT_WATCH,SUCCESS,10.32,NOT_ACTED
INT-005955,CMP-005955,NO_ACTION,NO_ACTION,3.83,ACTED
INT-005956,CMP-005956,ENDPOINT_WATCH,SUCCESS,4.32,NOT_ACTED
INT-005957,CMP-005957,ENDPOINT_WATCH,SUCCESS,20.14,ALREADY_ACTIONED
INT-005958,CMP-005958,NO_ACTION,SUCCESS,19.31,OUT_OF_SCOPE
INT-005959,CMP-005959,JURISDICTION_HANDOFF,SUCCESS,17.35,ACTED
INT-005960,CMP-005960,NO_ACTION,PARTIAL,34.74,NOT_ACTED
INT-005961,CMP-005961,JURISDICTION_HANDOFF,PARTIAL,47.55,OUT_OF_SCOPE
INT-005962,CMP-005962,NO_ACTION,NO_ACTION,26.97,NOT_ACTED
INT-005963,CMP-005963,LIEN_MARK,SUCCESS,5.33,NOT_ACTED
INT-005964,CMP-005964,JURISDICTION_HANDOFF,SUCCESS,36.57,ACTED
INT-005965,CMP-005965,LIEN_MARK,SUCCESS,24.99,ALREADY_ACTIONED
INT-005966,CMP-005966,JURISDICTION_HANDOFF,SUCCESS,29.76,ALREADY_ACTIONED
INT-005967,CMP-005967,JURISDICTION_HANDOFF,PARTIAL,40.05,ALREADY_ACTIONED
INT-005968,CMP-005968,NO_ACTION,NO_ACTION,32.22,ACTED
INT-005969,CMP-005969,ACCOUNT_FREEZE,PARTIAL,38.13,ACTED
INT-005970,CMP-005970,LIEN_MARK,SUCCESS,14.38,ACTED
INT-005971,CMP-005971,ACCOUNT_FREEZE,PARTIAL,18.7,NOT_ACTED
INT-005972,CMP-005972,LIEN_MARK,SUCCESS,34.44,ACTED
INT-005973,CMP-005973,ACCOUNT_FREEZE,PARTIAL,17.2,ALREADY_ACTIONED
INT-005974,CMP-005974,ENDPOINT_WATCH,PARTIAL,40.94,OUT_OF_SCOPE
INT-005975,CMP-005975,JURISDICTION_HANDOFF,NO_ACTION,31.13,ACTED
INT-005976,CMP-005976,ENDPOINT_WATCH,PARTIAL,27.41,ACTED
INT-005977,CMP-005977,ENDPOINT_WATCH,SUCCESS,37.78,NOT_ACTED
INT-005978,CMP-005978,NO_ACTION,SUCCESS,43.12,ACTED
INT-005979,CMP-005979,LIEN_MARK,SUCCESS,20.05,ACTED
INT-005980,CMP-005980,ENDPOINT_WATCH,NO_ACTION,47.35,FALSE_POSITIVE
INT-005981,CMP-005981,LIEN_MARK,PARTIAL,28.81,ALREADY_ACTIONED
INT-005982,CMP-005982,JURISDICTION_HANDOFF,NO_ACTION,40.57,ACTED
INT-005983,CMP-005983,ENDPOINT_WATCH,SUCCESS,46.09,ACTED
INT-005984,CMP-005984,ENDPOINT_WATCH,PARTIAL,11.94,OUT_OF_SCOPE
INT-005985,CMP-005985,ACCOUNT_FREEZE,SUCCESS,16.07,ACTED
INT-005986,CMP-005986,NO_ACTION,SUCCESS,44.87,NOT_ACTED
INT-005987,CMP-005987,LIEN_MARK,NO_ACTION,42.21,ACTED
INT-005988,CMP-005988,ENDPOINT_WATCH,SUCCESS,10.19,NOT_ACTED
INT-005989,CMP-005989,JURISDICTION_HANDOFF,SUCCESS,26.62,NOT_ACTED
INT-005990,CMP-005990,LIEN_MARK,SUCCESS,40.12,NOT_ACTED
INT-005991,CMP-005991,ACCOUNT_FREEZE,NO_ACTION,8.88,OUT_OF_SCOPE
INT-005992,CMP-005992,NO_ACTION,NO_ACTION,32.16,ACTED
INT-005993,CMP-005993,LIEN_MARK,SUCCESS,9.16,OUT_OF_SCOPE
INT-005994,CMP-005994,LIEN_MARK,SUCCESS,8.22,NOT_ACTED
INT-005995,CMP-005995,NO_ACTION,NO_ACTION,36.49,ALREADY_ACTIONED
INT-005996,CMP-005996,LIEN_MARK,SUCCESS,41.91,ALREADY_ACTIONED
INT-005997,CMP-005997,LIEN_MARK,SUCCESS,31.81,ACTED
INT-005998,CMP-005998,ENDPOINT_WATCH,NO_ACTION,22.27,FALSE_POSITIVE
INT-005999,CMP-005999,ENDPOINT_WATCH,NO_ACTION,33.61,ACTED
INT-006000,CMP-006000,NO_ACTION,NO_ACTION,11.64,ALREADY_ACTIONED
INT-006001,CMP-006001,ENDPOINT_WATCH,PARTIAL,21.75,ACTED
INT-006002,CMP-006002,JURISDICTION_HANDOFF,SUCCESS,39.89,NOT_ACTED
INT-006003,CMP-006003,ACCOUNT_FREEZE,SUCCESS,8.4,NOT_ACTED
INT-006004,CMP-006004,ENDPOINT_WATCH,SUCCESS,16.13,NOT_ACTED
INT-006005,CMP-006005,JURISDICTION_HANDOFF,SUCCESS,28.58,OUT_OF_SCOPE
INT-006006,CMP-006006,NO_ACTION,SUCCESS,19.65,NOT_ACTED
INT-006007,CMP-006007,NO_ACTION,NO_ACTION,21.92,ACTED
INT-006008,CMP-006008,ENDPOINT_WATCH,SUCCESS,33.57,ACTED
INT-006009,CMP-006009,LIEN_MARK,NO_ACTION,25.52,ACTED
INT-006010,CMP-006010,NO_ACTION,SUCCESS,15.0,ACTED
INT-006011,CMP-006011,LIEN_MARK,PARTIAL,17.83,ACTED
INT-006012,CMP-006012,LIEN_MARK,SUCCESS,37.64,ACTED
INT-006013,CMP-006013,LIEN_MARK,NO_ACTION,44.81,ACTED
INT-006014,CMP-006014,NO_ACTION,SUCCESS,13.89,OUT_OF_SCOPE
INT-006015,CMP-006015,LIEN_MARK,SUCCESS,3.9,ALREADY_ACTIONED
INT-006016,CMP-006016,ENDPOINT_WATCH,PARTIAL,12.57,ALREADY_ACTIONED
INT-006017,CMP-006017,ENDPOINT_WATCH,PARTIAL,44.47,FALSE_POSITIVE
INT-006018,CMP-006018,LIEN_MARK,PARTIAL,5.24,ACTED
INT-006019,CMP-006019,JURISDICTION_HANDOFF,PARTIAL,11.08,OUT_OF_SCOPE
INT-006020,CMP-006020,ENDPOINT_WATCH,NO_ACTION,31.36,NOT_ACTED
INT-006021,CMP-006021,JURISDICTION_HANDOFF,PARTIAL,15.28,OUT_OF_SCOPE
INT-006022,CMP-006022,LIEN_MARK,SUCCESS,19.38,ACTED
INT-006023,CMP-006023,ACCOUNT_FREEZE,SUCCESS,9.98,NOT_ACTED
INT-006024,CMP-006024,NO_ACTION,SUCCESS,27.92,ACTED
INT-006025,CMP-006025,JURISDICTION_HANDOFF,PARTIAL,35.7,ACTED
INT-006026,CMP-006026,NO_ACTION,SUCCESS,47.2,ACTED
INT-006027,CMP-006027,NO_ACTION,SUCCESS,30.72,ALREADY_ACTIONED
INT-006028,CMP-006028,ENDPOINT_WATCH,NO_ACTION,24.16,ACTED
INT-006029,CMP-006029,ACCOUNT_FREEZE,PARTIAL,31.09,FALSE_POSITIVE
INT-006030,CMP-006030,ENDPOINT_WATCH,SUCCESS,31.23,FALSE_POSITIVE
INT-006031,CMP-006031,JURISDICTION_HANDOFF,SUCCESS,13.94,OUT_OF_SCOPE
INT-006032,CMP-006032,JURISDICTION_HANDOFF,SUCCESS,37.9,ACTED
INT-006033,CMP-006033,NO_ACTION,PARTIAL,30.73,NOT_ACTED
INT-006034,CMP-006034,LIEN_MARK,NO_ACTION,29.56,ACTED
INT-006035,CMP-006035,NO_ACTION,NO_ACTION,45.45,ALREADY_ACTIONED
INT-006036,CMP-006036,ENDPOINT_WATCH,SUCCESS,46.46,ALREADY_ACTIONED
INT-006037,CMP-006037,LIEN_MARK,NO_ACTION,35.44,ACTED
INT-006038,CMP-006038,JURISDICTION_HANDOFF,PARTIAL,43.35,ACTED
INT-006039,CMP-006039,ACCOUNT_FREEZE,SUCCESS,7.17,FALSE_POSITIVE
INT-006040,CMP-006040,NO_ACTION,SUCCESS,35.95,ACTED
INT-006041,CMP-006041,LIEN_MARK,SUCCESS,16.66,ACTED
INT-006042,CMP-006042,ENDPOINT_WATCH,PARTIAL,29.96,NOT_ACTED
INT-006043,CMP-006043,ENDPOINT_WATCH,SUCCESS,41.83,NOT_ACTED
INT-006044,CMP-006044,NO_ACTION,SUCCESS,40.57,ACTED
INT-006045,CMP-006045,ENDPOINT_WATCH,SUCCESS,28.16,ACTED
INT-006046,CMP-006046,NO_ACTION,SUCCESS,6.01,FALSE_POSITIVE
INT-006047,CMP-006047,NO_ACTION,PARTIAL,46.7,NOT_ACTED
INT-006048,CMP-006048,JURISDICTION_HANDOFF,SUCCESS,9.37,ALREADY_ACTIONED
INT-006049,CMP-006049,NO_ACTION,PARTIAL,19.61,ALREADY_ACTIONED
INT-006050,CMP-006050,JURISDICTION_HANDOFF,NO_ACTION,3.35,NOT_ACTED
INT-006051,CMP-006051,ACCOUNT_FREEZE,PARTIAL,10.71,NOT_ACTED
INT-006052,CMP-006052,NO_ACTION,SUCCESS,44.35,ACTED
INT-006053,CMP-006053,JURISDICTION_HANDOFF,NO_ACTION,20.19,ACTED
INT-006054,CMP-006054,JURISDICTION_HANDOFF,SUCCESS,45.62,ACTED
INT-006055,CMP-006055,ACCOUNT_FREEZE,NO_ACTION,41.23,ACTED
INT-006056,CMP-006056,ENDPOINT_WATCH,NO_ACTION,32.67,ACTED
INT-006057,CMP-006057,ACCOUNT_FREEZE,SUCCESS,11.1,ACTED
INT-006058,CMP-006058,ACCOUNT_FREEZE,SUCCESS,42.5,ACTED
INT-006059,CMP-006059,LIEN_MARK,SUCCESS,5.66,ACTED
INT-006060,CMP-006060,ACCOUNT_FREEZE,NO_ACTION,18.56,ALREADY_ACTIONED
INT-006061,CMP-006061,JURISDICTION_HANDOFF,SUCCESS,33.41,ALREADY_ACTIONED
INT-006062,CMP-006062,LIEN_MARK,NO_ACTION,7.44,ALREADY_ACTIONED
INT-006063,CMP-006063,LIEN_MARK,SUCCESS,26.29,OUT_OF_SCOPE
INT-006064,CMP-006064,JURISDICTION_HANDOFF,SUCCESS,16.31,ACTED
INT-006065,CMP-006065,ACCOUNT_FREEZE,SUCCESS,33.43,ACTED
INT-006066,CMP-006066,JURISDICTION_HANDOFF,PARTIAL,31.73,NOT_ACTED
INT-006067,CMP-006067,LIEN_MARK,SUCCESS,11.64,ACTED
INT-006068,CMP-006068,LIEN_MARK,NO_ACTION,4.64,ACTED
INT-006069,CMP-006069,JURISDICTION_HANDOFF,SUCCESS,28.66,ACTED
INT-006070,CMP-006070,ENDPOINT_WATCH,PARTIAL,40.54,ALREADY_ACTIONED
INT-006071,CMP-006071,ACCOUNT_FREEZE,SUCCESS,11.89,FALSE_POSITIVE
INT-006072,CMP-006072,NO_ACTION,SUCCESS,22.87,ACTED
INT-006073,CMP-006073,ACCOUNT_FREEZE,SUCCESS,31.29,ACTED
INT-006074,CMP-006074,ACCOUNT_FREEZE,PARTIAL,5.04,ACTED
INT-006075,CMP-006075,ACCOUNT_FREEZE,PARTIAL,46.67,ACTED
INT-006076,CMP-006076,LIEN_MARK,NO_ACTION,38.85,ALREADY_ACTIONED
INT-006077,CMP-006077,NO_ACTION,SUCCESS,15.45,ALREADY_ACTIONED
INT-006078,CMP-006078,LIEN_MARK,SUCCESS,46.65,ACTED
INT-006079,CMP-006079,JURISDICTION_HANDOFF,SUCCESS,38.56,ACTED
INT-006080,CMP-006080,ACCOUNT_FREEZE,PARTIAL,33.28,ALREADY_ACTIONED
INT-006081,CMP-006081,NO_ACTION,SUCCESS,41.02,ACTED
INT-006082,CMP-006082,ENDPOINT_WATCH,NO_ACTION,29.72,ALREADY_ACTIONED
INT-006083,CMP-006083,ACCOUNT_FREEZE,SUCCESS,25.0,ACTED
INT-006084,CMP-006084,ENDPOINT_WATCH,NO_ACTION,46.06,OUT_OF_SCOPE
INT-006085,CMP-006085,ENDPOINT_WATCH,SUCCESS,33.61,ACTED
INT-006086,CMP-006086,JURISDICTION_HANDOFF,SUCCESS,27.09,NOT_ACTED
INT-006087,CMP-006087,ENDPOINT_WATCH,PARTIAL,17.21,FALSE_POSITIVE
INT-006088,CMP-006088,ACCOUNT_FREEZE,PARTIAL,37.53,OUT_OF_SCOPE
INT-006089,CMP-006089,NO_ACTION,SUCCESS,24.77,NOT_ACTED
INT-006090,CMP-006090,NO_ACTION,SUCCESS,12.59,FALSE_POSITIVE
INT-006091,CMP-006091,ACCOUNT_FREEZE,NO_ACTION,23.07,ACTED
INT-006092,CMP-006092,ACCOUNT_FREEZE,SUCCESS,34.85,ALREADY_ACTIONED
INT-006093,CMP-006093,ACCOUNT_FREEZE,SUCCESS,15.79,ALREADY_ACTIONED
INT-006094,CMP-006094,JURISDICTION_HANDOFF,NO_ACTION,21.16,ALREADY_ACTIONED
INT-006095,CMP-006095,NO_ACTION,SUCCESS,4.5,ACTED
INT-006096,CMP-006096,NO_ACTION,SUCCESS,13.35,NOT_ACTED
INT-006097,CMP-006097,ACCOUNT_FREEZE,SUCCESS,14.99,NOT_ACTED
INT-006098,CMP-006098,ACCOUNT_FREEZE,SUCCESS,28.01,ALREADY_ACTIONED
INT-006099,CMP-006099,NO_ACTION,NO_ACTION,46.13,ACTED
INT-006100,CMP-006100,ENDPOINT_WATCH,PARTIAL,11.6,NOT_ACTED
INT-006101,CMP-006101,NO_ACTION,PARTIAL,16.44,ALREADY_ACTIONED
INT-006102,CMP-006102,NO_ACTION,SUCCESS,40.95,ACTED
INT-006103,CMP-006103,LIEN_MARK,NO_ACTION,17.84,ACTED
INT-006104,CMP-006104,ENDPOINT_WATCH,SUCCESS,8.85,ACTED
INT-006105,CMP-006105,NO_ACTION,SUCCESS,7.01,ACTED
INT-006106,CMP-006106,ACCOUNT_FREEZE,SUCCESS,46.45,OUT_OF_SCOPE
INT-006107,CMP-006107,LIEN_MARK,PARTIAL,26.51,NOT_ACTED
INT-006108,CMP-006108,NO_ACTION,SUCCESS,10.11,ACTED
INT-006109,CMP-006109,JURISDICTION_HANDOFF,SUCCESS,3.57,NOT_ACTED
INT-006110,CMP-006110,ACCOUNT_FREEZE,SUCCESS,38.51,ALREADY_ACTIONED
INT-006111,CMP-006111,LIEN_MARK,PARTIAL,38.62,OUT_OF_SCOPE
INT-006112,CMP-006112,LIEN_MARK,NO_ACTION,18.7,OUT_OF_SCOPE
INT-006113,CMP-006113,NO_ACTION,SUCCESS,31.16,ALREADY_ACTIONED
INT-006114,CMP-006114,LIEN_MARK,SUCCESS,40.63,ACTED
INT-006115,CMP-006115,JURISDICTION_HANDOFF,NO_ACTION,30.65,ACTED
INT-006116,CMP-006116,NO_ACTION,PARTIAL,40.94,ACTED
INT-006117,CMP-006117,ACCOUNT_FREEZE,SUCCESS,30.54,ALREADY_ACTIONED
INT-006118,CMP-006118,ACCOUNT_FREEZE,PARTIAL,34.53,NOT_ACTED
INT-006119,CMP-006119,ENDPOINT_WATCH,SUCCESS,14.84,NOT_ACTED
INT-006120,CMP-006120,JURISDICTION_HANDOFF,NO_ACTION,18.92,ACTED
INT-006121,CMP-006121,NO_ACTION,PARTIAL,7.8,ALREADY_ACTIONED
INT-006122,CMP-006122,JURISDICTION_HANDOFF,NO_ACTION,39.6,ACTED
INT-006123,CMP-006123,ENDPOINT_WATCH,SUCCESS,29.16,ALREADY_ACTIONED
INT-006124,CMP-006124,JURISDICTION_HANDOFF,SUCCESS,21.87,ACTED
INT-006125,CMP-006125,ENDPOINT_WATCH,SUCCESS,28.48,NOT_ACTED
INT-006126,CMP-006126,ACCOUNT_FREEZE,PARTIAL,39.17,ALREADY_ACTIONED
INT-006127,CMP-006127,LIEN_MARK,SUCCESS,46.24,NOT_ACTED
INT-006128,CMP-006128,NO_ACTION,PARTIAL,42.05,ACTED
INT-006129,CMP-006129,JURISDICTION_HANDOFF,SUCCESS,19.27,ACTED
INT-006130,CMP-006130,JURISDICTION_HANDOFF,SUCCESS,23.29,OUT_OF_SCOPE
INT-006131,CMP-006131,ENDPOINT_WATCH,SUCCESS,19.02,ACTED
INT-006132,CMP-006132,ACCOUNT_FREEZE,SUCCESS,45.58,ACTED
INT-006133,CMP-006133,LIEN_MARK,NO_ACTION,34.86,ACTED
INT-006134,CMP-006134,LIEN_MARK,SUCCESS,45.76,ACTED
INT-006135,CMP-006135,NO_ACTION,PARTIAL,38.89,ACTED
INT-006136,CMP-006136,LIEN_MARK,SUCCESS,47.06,ALREADY_ACTIONED
INT-006137,CMP-006137,ACCOUNT_FREEZE,SUCCESS,25.12,ACTED
INT-006138,CMP-006138,LIEN_MARK,SUCCESS,47.82,ALREADY_ACTIONED
INT-006139,CMP-006139,NO_ACTION,SUCCESS,35.64,OUT_OF_SCOPE
INT-006140,CMP-006140,ACCOUNT_FREEZE,SUCCESS,33.85,ACTED
INT-006141,CMP-006141,NO_ACTION,SUCCESS,44.89,ACTED
INT-006142,CMP-006142,NO_ACTION,SUCCESS,12.16,NOT_ACTED
INT-006143,CMP-006143,JURISDICTION_HANDOFF,SUCCESS,31.87,ALREADY_ACTIONED
INT-006144,CMP-006144,ACCOUNT_FREEZE,NO_ACTION,44.12,ALREADY_ACTIONED
INT-006145,CMP-006145,JURISDICTION_HANDOFF,SUCCESS,18.28,NOT_ACTED
INT-006146,CMP-006146,ACCOUNT_FREEZE,SUCCESS,42.54,ALREADY_ACTIONED
INT-006147,CMP-006147,LIEN_MARK,NO_ACTION,19.52,ACTED
INT-006148,CMP-006148,NO_ACTION,SUCCESS,30.63,ACTED
INT-006149,CMP-006149,ENDPOINT_WATCH,SUCCESS,28.8,ACTED
INT-006150,CMP-006150,ENDPOINT_WATCH,SUCCESS,25.18,NOT_ACTED
INT-006151,CMP-006151,ACCOUNT_FREEZE,SUCCESS,16.81,ACTED
INT-006152,CMP-006152,NO_ACTION,PARTIAL,30.38,FALSE_POSITIVE
INT-006153,CMP-006153,LIEN_MARK,NO_ACTION,15.83,NOT_ACTED
INT-006154,CMP-006154,JURISDICTION_HANDOFF,SUCCESS,14.61,ACTED
INT-006155,CMP-006155,JURISDICTION_HANDOFF,SUCCESS,13.52,ALREADY_ACTIONED
INT-006156,CMP-006156,ENDPOINT_WATCH,SUCCESS,5.43,NOT_ACTED
INT-006157,CMP-006157,NO_ACTION,SUCCESS,46.89,NOT_ACTED
INT-006158,CMP-006158,JURISDICTION_HANDOFF,PARTIAL,23.94,ALREADY_ACTIONED
INT-006159,CMP-006159,JURISDICTION_HANDOFF,SUCCESS,17.62,NOT_ACTED
INT-006160,CMP-006160,JURISDICTION_HANDOFF,SUCCESS,45.26,ACTED
INT-006161,CMP-006161,LIEN_MARK,SUCCESS,19.31,FALSE_POSITIVE
INT-006162,CMP-006162,JURISDICTION_HANDOFF,SUCCESS,7.51,ACTED
INT-006163,CMP-006163,ACCOUNT_FREEZE,SUCCESS,5.95,ACTED
INT-006164,CMP-006164,NO_ACTION,SUCCESS,26.14,ACTED
INT-006165,CMP-006165,NO_ACTION,SUCCESS,39.8,ACTED
INT-006166,CMP-006166,ENDPOINT_WATCH,SUCCESS,4.36,ACTED
INT-006167,CMP-006167,ENDPOINT_WATCH,SUCCESS,42.95,ACTED
INT-006168,CMP-006168,ACCOUNT_FREEZE,PARTIAL,41.23,OUT_OF_SCOPE
INT-006169,CMP-006169,ENDPOINT_WATCH,NO_ACTION,46.4,ACTED
INT-006170,CMP-006170,ACCOUNT_FREEZE,NO_ACTION,47.25,NOT_ACTED
INT-006171,CMP-006171,LIEN_MARK,SUCCESS,45.44,ACTED
INT-006172,CMP-006172,JURISDICTION_HANDOFF,SUCCESS,23.51,NOT_ACTED
INT-006173,CMP-006173,ACCOUNT_FREEZE,NO_ACTION,35.77,ACTED
INT-006174,CMP-006174,LIEN_MARK,SUCCESS,32.09,OUT_OF_SCOPE
INT-006175,CMP-006175,ENDPOINT_WATCH,PARTIAL,44.93,ALREADY_ACTIONED
INT-006176,CMP-006176,ENDPOINT_WATCH,SUCCESS,34.78,ACTED
INT-006177,CMP-006177,ENDPOINT_WATCH,PARTIAL,37.23,NOT_ACTED
INT-006178,CMP-006178,JURISDICTION_HANDOFF,SUCCESS,25.9,FALSE_POSITIVE
INT-006179,CMP-006179,ACCOUNT_FREEZE,SUCCESS,15.28,ACTED
INT-006180,CMP-006180,JURISDICTION_HANDOFF,NO_ACTION,43.04,ACTED
INT-006181,CMP-006181,ENDPOINT_WATCH,PARTIAL,39.72,OUT_OF_SCOPE
INT-006182,CMP-006182,LIEN_MARK,PARTIAL,3.9,FALSE_POSITIVE
INT-006183,CMP-006183,ACCOUNT_FREEZE,SUCCESS,25.22,ACTED
INT-006184,CMP-006184,LIEN_MARK,NO_ACTION,32.49,NOT_ACTED
INT-006185,CMP-006185,ENDPOINT_WATCH,PARTIAL,7.93,ACTED
INT-006186,CMP-006186,ACCOUNT_FREEZE,PARTIAL,25.25,ACTED
INT-006187,CMP-006187,ENDPOINT_WATCH,SUCCESS,20.5,ACTED
INT-006188,CMP-006188,JURISDICTION_HANDOFF,SUCCESS,6.23,ACTED
INT-006189,CMP-006189,ACCOUNT_FREEZE,PARTIAL,44.36,ACTED
INT-006190,CMP-006190,ACCOUNT_FREEZE,SUCCESS,5.38,NOT_ACTED
INT-006191,CMP-006191,NO_ACTION,SUCCESS,47.61,ACTED
INT-006192,CMP-006192,NO_ACTION,SUCCESS,14.32,ALREADY_ACTIONED
INT-006193,CMP-006193,NO_ACTION,SUCCESS,24.74,OUT_OF_SCOPE
INT-006194,CMP-006194,NO_ACTION,SUCCESS,3.23,NOT_ACTED
INT-006195,CMP-006195,ACCOUNT_FREEZE,SUCCESS,10.65,FALSE_POSITIVE
INT-006196,CMP-006196,JURISDICTION_HANDOFF,SUCCESS,18.46,NOT_ACTED
INT-006197,CMP-006197,NO_ACTION,SUCCESS,44.04,FALSE_POSITIVE
INT-006198,CMP-006198,NO_ACTION,SUCCESS,13.05,ALREADY_ACTIONED
INT-006199,CMP-006199,ACCOUNT_FREEZE,SUCCESS,35.5,ACTED
INT-006200,CMP-006200,ACCOUNT_FREEZE,NO_ACTION,43.94,ALREADY_ACTIONED
INT-006201,CMP-006201,LIEN_MARK,SUCCESS,30.46,ALREADY_ACTIONED
INT-006202,CMP-006202,LIEN_MARK,NO_ACTION,38.47,ACTED
INT-006203,CMP-006203,ACCOUNT_FREEZE,NO_ACTION,23.27,NOT_ACTED
INT-006204,CMP-006204,ENDPOINT_WATCH,SUCCESS,43.88,NOT_ACTED
INT-006205,CMP-006205,NO_ACTION,SUCCESS,18.82,FALSE_POSITIVE
INT-006206,CMP-006206,ENDPOINT_WATCH,NO_ACTION,17.73,NOT_ACTED
INT-006207,CMP-006207,ACCOUNT_FREEZE,SUCCESS,24.05,NOT_ACTED
INT-006208,CMP-006208,NO_ACTION,SUCCESS,7.4,ACTED
INT-006209,CMP-006209,JURISDICTION_HANDOFF,SUCCESS,39.03,ALREADY_ACTIONED
INT-006210,CMP-006210,JURISDICTION_HANDOFF,NO_ACTION,20.08,ALREADY_ACTIONED
INT-006211,CMP-006211,ENDPOINT_WATCH,SUCCESS,37.17,ACTED
INT-006212,CMP-006212,JURISDICTION_HANDOFF,NO_ACTION,16.32,ACTED
INT-006213,CMP-006213,JURISDICTION_HANDOFF,PARTIAL,18.45,NOT_ACTED
INT-006214,CMP-006214,ACCOUNT_FREEZE,SUCCESS,14.17,ACTED
INT-006215,CMP-006215,NO_ACTION,SUCCESS,5.04,ALREADY_ACTIONED
INT-006216,CMP-006216,LIEN_MARK,SUCCESS,33.57,ACTED
INT-006217,CMP-006217,LIEN_MARK,NO_ACTION,14.93,ALREADY_ACTIONED
INT-006218,CMP-006218,JURISDICTION_HANDOFF,SUCCESS,27.69,ALREADY_ACTIONED
INT-006219,CMP-006219,JURISDICTION_HANDOFF,SUCCESS,30.87,NOT_ACTED
INT-006220,CMP-006220,LIEN_MARK,SUCCESS,27.76,ALREADY_ACTIONED
INT-006221,CMP-006221,NO_ACTION,NO_ACTION,46.92,NOT_ACTED
INT-006222,CMP-006222,NO_ACTION,SUCCESS,43.5,FALSE_POSITIVE
INT-006223,CMP-006223,ENDPOINT_WATCH,SUCCESS,46.09,OUT_OF_SCOPE
INT-006224,CMP-006224,NO_ACTION,SUCCESS,25.51,ACTED
INT-006225,CMP-006225,ACCOUNT_FREEZE,SUCCESS,23.81,ACTED
INT-006226,CMP-006226,JURISDICTION_HANDOFF,SUCCESS,42.82,FALSE_POSITIVE
INT-006227,CMP-006227,ACCOUNT_FREEZE,NO_ACTION,43.45,ACTED
INT-006228,CMP-006228,JURISDICTION_HANDOFF,SUCCESS,45.43,NOT_ACTED
INT-006229,CMP-006229,ACCOUNT_FREEZE,SUCCESS,24.58,FALSE_POSITIVE
INT-006230,CMP-006230,LIEN_MARK,SUCCESS,35.28,OUT_OF_SCOPE
INT-006231,CMP-006231,ACCOUNT_FREEZE,SUCCESS,9.86,FALSE_POSITIVE
INT-006232,CMP-006232,ENDPOINT_WATCH,SUCCESS,35.5,FALSE_POSITIVE
INT-006233,CMP-006233,NO_ACTION,SUCCESS,23.5,ACTED
INT-006234,CMP-006234,LIEN_MARK,SUCCESS,36.01,FALSE_POSITIVE
INT-006235,CMP-006235,LIEN_MARK,SUCCESS,7.04,FALSE_POSITIVE
INT-006236,CMP-006236,JURISDICTION_HANDOFF,SUCCESS,42.92,NOT_ACTED
INT-006237,CMP-006237,ACCOUNT_FREEZE,PARTIAL,25.47,NOT_ACTED
INT-006238,CMP-006238,NO_ACTION,NO_ACTION,6.31,OUT_OF_SCOPE
INT-006239,CMP-006239,NO_ACTION,PARTIAL,14.15,FALSE_POSITIVE
INT-006240,CMP-006240,NO_ACTION,NO_ACTION,37.6,OUT_OF_SCOPE
INT-006241,CMP-006241,ENDPOINT_WATCH,SUCCESS,26.79,FALSE_POSITIVE
INT-006242,CMP-006242,LIEN_MARK,SUCCESS,15.58,OUT_OF_SCOPE
INT-006243,CMP-006243,ENDPOINT_WATCH,SUCCESS,35.63,NOT_ACTED
INT-006244,CMP-006244,ENDPOINT_WATCH,NO_ACTION,11.13,OUT_OF_SCOPE
INT-006245,CMP-006245,ACCOUNT_FREEZE,SUCCESS,12.42,OUT_OF_SCOPE
INT-006246,CMP-006246,ACCOUNT_FREEZE,SUCCESS,8.82,ACTED
INT-006247,CMP-006247,JURISDICTION_HANDOFF,PARTIAL,29.53,FALSE_POSITIVE
INT-006248,CMP-006248,ACCOUNT_FREEZE,SUCCESS,37.56,ALREADY_ACTIONED
INT-006249,CMP-006249,NO_ACTION,PARTIAL,47.48,ACTED
INT-006250,CMP-006250,LIEN_MARK,SUCCESS,33.61,NOT_ACTED
INT-006251,CMP-006251,LIEN_MARK,PARTIAL,23.52,NOT_ACTED
INT-006252,CMP-006252,JURISDICTION_HANDOFF,SUCCESS,9.82,ACTED
INT-006253,CMP-006253,ENDPOINT_WATCH,SUCCESS,21.02,ACTED
INT-006254,CMP-006254,NO_ACTION,SUCCESS,3.83,FALSE_POSITIVE
INT-006255,CMP-006255,NO_ACTION,SUCCESS,38.78,NOT_ACTED
INT-006256,CMP-006256,ACCOUNT_FREEZE,SUCCESS,34.34,ACTED
INT-006257,CMP-006257,LIEN_MARK,SUCCESS,5.48,ACTED
INT-006258,CMP-006258,JURISDICTION_HANDOFF,PARTIAL,47.4,ACTED
INT-006259,CMP-006259,NO_ACTION,PARTIAL,20.88,FALSE_POSITIVE
INT-006260,CMP-006260,ACCOUNT_FREEZE,SUCCESS,17.9,NOT_ACTED
INT-006261,CMP-006261,JURISDICTION_HANDOFF,SUCCESS,19.04,OUT_OF_SCOPE
INT-006262,CMP-006262,ENDPOINT_WATCH,PARTIAL,5.77,FALSE_POSITIVE
INT-006263,CMP-006263,ACCOUNT_FREEZE,SUCCESS,19.79,OUT_OF_SCOPE
INT-006264,CMP-006264,NO_ACTION,SUCCESS,45.51,ALREADY_ACTIONED
INT-006265,CMP-006265,NO_ACTION,SUCCESS,16.68,FALSE_POSITIVE
INT-006266,CMP-006266,LIEN_MARK,SUCCESS,45.06,NOT_ACTED
INT-006267,CMP-006267,NO_ACTION,NO_ACTION,11.33,OUT_OF_SCOPE
INT-006268,CMP-006268,ACCOUNT_FREEZE,NO_ACTION,46.61,ACTED
INT-006269,CMP-006269,JURISDICTION_HANDOFF,SUCCESS,35.82,ACTED
INT-006270,CMP-006270,ENDPOINT_WATCH,SUCCESS,8.99,ACTED
INT-006271,CMP-006271,NO_ACTION,SUCCESS,15.09,FALSE_POSITIVE
INT-006272,CMP-006272,LIEN_MARK,SUCCESS,3.32,FALSE_POSITIVE
INT-006273,CMP-006273,JURISDICTION_HANDOFF,NO_ACTION,16.5,ACTED
INT-006274,CMP-006274,ENDPOINT_WATCH,NO_ACTION,28.94,OUT_OF_SCOPE
INT-006275,CMP-006275,ACCOUNT_FREEZE,NO_ACTION,18.33,NOT_ACTED
INT-006276,CMP-006276,JURISDICTION_HANDOFF,SUCCESS,10.72,FALSE_POSITIVE
INT-006277,CMP-006277,ENDPOINT_WATCH,SUCCESS,31.2,ALREADY_ACTIONED
INT-006278,CMP-006278,ENDPOINT_WATCH,NO_ACTION,16.63,ACTED
INT-006279,CMP-006279,ENDPOINT_WATCH,SUCCESS,45.36,NOT_ACTED
INT-006280,CMP-006280,LIEN_MARK,PARTIAL,29.88,ACTED
INT-006281,CMP-006281,NO_ACTION,NO_ACTION,33.33,NOT_ACTED
INT-006282,CMP-006282,LIEN_MARK,NO_ACTION,28.96,ACTED
INT-006283,CMP-006283,ENDPOINT_WATCH,SUCCESS,5.47,ACTED
INT-006284,CMP-006284,ENDPOINT_WATCH,NO_ACTION,20.35,NOT_ACTED
INT-006285,CMP-006285,ENDPOINT_WATCH,NO_ACTION,13.23,NOT_ACTED
INT-006286,CMP-006286,JURISDICTION_HANDOFF,PARTIAL,8.14,ACTED
INT-006287,CMP-006287,ENDPOINT_WATCH,SUCCESS,31.77,NOT_ACTED
INT-006288,CMP-006288,LIEN_MARK,SUCCESS,14.36,ACTED
INT-006289,CMP-006289,LIEN_MARK,SUCCESS,45.56,NOT_ACTED
INT-006290,CMP-006290,ACCOUNT_FREEZE,SUCCESS,35.21,OUT_OF_SCOPE
INT-006291,CMP-006291,LIEN_MARK,SUCCESS,35.14,ACTED
INT-006292,CMP-006292,LIEN_MARK,PARTIAL,46.03,ALREADY_ACTIONED
INT-006293,CMP-006293,JURISDICTION_HANDOFF,NO_ACTION,27.76,NOT_ACTED
INT-006294,CMP-006294,ENDPOINT_WATCH,SUCCESS,45.71,ALREADY_ACTIONED
INT-006295,CMP-006295,NO_ACTION,SUCCESS,41.27,ACTED
INT-006296,CMP-006296,NO_ACTION,PARTIAL,25.14,ACTED
INT-006297,CMP-006297,ENDPOINT_WATCH,SUCCESS,7.08,FALSE_POSITIVE
INT-006298,CMP-006298,ENDPOINT_WATCH,SUCCESS,18.08,ALREADY_ACTIONED
INT-006299,CMP-006299,NO_ACTION,NO_ACTION,4.92,ACTED
INT-006300,CMP-006300,LIEN_MARK,NO_ACTION,10.15,OUT_OF_SCOPE
INT-006301,CMP-006301,JURISDICTION_HANDOFF,NO_ACTION,36.17,ACTED
INT-006302,CMP-006302,JURISDICTION_HANDOFF,SUCCESS,21.4,ALREADY_ACTIONED
INT-006303,CMP-006303,ACCOUNT_FREEZE,NO_ACTION,5.32,FALSE_POSITIVE
INT-006304,CMP-006304,JURISDICTION_HANDOFF,SUCCESS,12.35,ALREADY_ACTIONED
INT-006305,CMP-006305,JURISDICTION_HANDOFF,SUCCESS,18.64,OUT_OF_SCOPE
INT-006306,CMP-006306,NO_ACTION,PARTIAL,24.8,OUT_OF_SCOPE
INT-006307,CMP-006307,NO_ACTION,SUCCESS,31.56,ACTED
INT-006308,CMP-006308,ACCOUNT_FREEZE,SUCCESS,6.48,ACTED
INT-006309,CMP-006309,ENDPOINT_WATCH,PARTIAL,25.18,ACTED
INT-006310,CMP-006310,NO_ACTION,SUCCESS,41.38,FALSE_POSITIVE
INT-006311,CMP-006311,LIEN_MARK,PARTIAL,29.2,NOT_ACTED
INT-006312,CMP-006312,NO_ACTION,PARTIAL,25.6,ACTED
INT-006313,CMP-006313,NO_ACTION,SUCCESS,3.19,OUT_OF_SCOPE
INT-006314,CMP-006314,ACCOUNT_FREEZE,NO_ACTION,25.81,ALREADY_ACTIONED
INT-006315,CMP-006315,JURISDICTION_HANDOFF,PARTIAL,4.96,ACTED
INT-006316,CMP-006316,ENDPOINT_WATCH,SUCCESS,16.44,ACTED
INT-006317,CMP-006317,ENDPOINT_WATCH,PARTIAL,17.51,ALREADY_ACTIONED
INT-006318,CMP-006318,ENDPOINT_WATCH,SUCCESS,38.11,ACTED
INT-006319,CMP-006319,ACCOUNT_FREEZE,SUCCESS,22.56,ACTED
INT-006320,CMP-006320,LIEN_MARK,NO_ACTION,44.9,FALSE_POSITIVE
INT-006321,CMP-006321,NO_ACTION,SUCCESS,33.82,ACTED
INT-006322,CMP-006322,ACCOUNT_FREEZE,NO_ACTION,13.55,FALSE_POSITIVE
INT-006323,CMP-006323,ACCOUNT_FREEZE,PARTIAL,15.43,ACTED
INT-006324,CMP-006324,LIEN_MARK,SUCCESS,27.54,ACTED
INT-006325,CMP-006325,ENDPOINT_WATCH,SUCCESS,45.45,ALREADY_ACTIONED
INT-006326,CMP-006326,ACCOUNT_FREEZE,NO_ACTION,25.07,ACTED
INT-006327,CMP-006327,LIEN_MARK,SUCCESS,7.86,ALREADY_ACTIONED
INT-006328,CMP-006328,LIEN_MARK,SUCCESS,34.54,OUT_OF_SCOPE
INT-006329,CMP-006329,NO_ACTION,SUCCESS,8.64,OUT_OF_SCOPE
INT-006330,CMP-006330,LIEN_MARK,SUCCESS,30.75,ACTED
INT-006331,CMP-006331,ACCOUNT_FREEZE,SUCCESS,23.39,ACTED
INT-006332,CMP-006332,LIEN_MARK,SUCCESS,10.09,OUT_OF_SCOPE
INT-006333,CMP-006333,ENDPOINT_WATCH,PARTIAL,11.37,ACTED
INT-006334,CMP-006334,ENDPOINT_WATCH,SUCCESS,14.18,NOT_ACTED
INT-006335,CMP-006335,NO_ACTION,SUCCESS,8.92,FALSE_POSITIVE
INT-006336,CMP-006336,JURISDICTION_HANDOFF,SUCCESS,37.18,ALREADY_ACTIONED
INT-006337,CMP-006337,ACCOUNT_FREEZE,PARTIAL,26.46,ACTED
INT-006338,CMP-006338,ACCOUNT_FREEZE,SUCCESS,21.32,NOT_ACTED
INT-006339,CMP-006339,NO_ACTION,SUCCESS,39.55,ALREADY_ACTIONED
INT-006340,CMP-006340,LIEN_MARK,NO_ACTION,19.85,NOT_ACTED
INT-006341,CMP-006341,ACCOUNT_FREEZE,NO_ACTION,35.73,ACTED
INT-006342,CMP-006342,LIEN_MARK,SUCCESS,28.56,ALREADY_ACTIONED
INT-006343,CMP-006343,ACCOUNT_FREEZE,SUCCESS,42.03,ACTED
INT-006344,CMP-006344,NO_ACTION,SUCCESS,9.6,ALREADY_ACTIONED
INT-006345,CMP-006345,ACCOUNT_FREEZE,PARTIAL,21.09,OUT_OF_SCOPE
INT-006346,CMP-006346,JURISDICTION_HANDOFF,NO_ACTION,42.73,ACTED
INT-006347,CMP-006347,LIEN_MARK,SUCCESS,13.99,ACTED
INT-006348,CMP-006348,NO_ACTION,SUCCESS,18.2,ACTED
INT-006349,CMP-006349,ACCOUNT_FREEZE,PARTIAL,47.5,ACTED
INT-006350,CMP-006350,NO_ACTION,SUCCESS,7.91,ACTED
INT-006351,CMP-006351,NO_ACTION,PARTIAL,24.46,ALREADY_ACTIONED
INT-006352,CMP-006352,LIEN_MARK,SUCCESS,25.07,ACTED
INT-006353,CMP-006353,LIEN_MARK,SUCCESS,27.69,NOT_ACTED
INT-006354,CMP-006354,JURISDICTION_HANDOFF,SUCCESS,11.73,ACTED
INT-006355,CMP-006355,JURISDICTION_HANDOFF,PARTIAL,6.31,ACTED
INT-006356,CMP-006356,NO_ACTION,PARTIAL,10.3,ALREADY_ACTIONED
INT-006357,CMP-006357,JURISDICTION_HANDOFF,PARTIAL,13.1,NOT_ACTED
INT-006358,CMP-006358,JURISDICTION_HANDOFF,SUCCESS,9.62,ACTED
INT-006359,CMP-006359,JURISDICTION_HANDOFF,SUCCESS,14.57,NOT_ACTED
INT-006360,CMP-006360,JURISDICTION_HANDOFF,SUCCESS,26.26,ALREADY_ACTIONED
INT-006361,CMP-006361,NO_ACTION,PARTIAL,19.55,ALREADY_ACTIONED
INT-006362,CMP-006362,ACCOUNT_FREEZE,SUCCESS,6.61,NOT_ACTED
INT-006363,CMP-006363,ACCOUNT_FREEZE,SUCCESS,36.27,ACTED
INT-006364,CMP-006364,NO_ACTION,NO_ACTION,18.67,ALREADY_ACTIONED
INT-006365,CMP-006365,LIEN_MARK,SUCCESS,30.97,ACTED
INT-006366,CMP-006366,NO_ACTION,SUCCESS,28.04,ALREADY_ACTIONED
INT-006367,CMP-006367,ACCOUNT_FREEZE,SUCCESS,19.3,ACTED
INT-006368,CMP-006368,ENDPOINT_WATCH,SUCCESS,46.54,ALREADY_ACTIONED
INT-006369,CMP-006369,NO_ACTION,SUCCESS,24.88,NOT_ACTED
INT-006370,CMP-006370,ACCOUNT_FREEZE,SUCCESS,27.11,NOT_ACTED
INT-006371,CMP-006371,JURISDICTION_HANDOFF,NO_ACTION,34.64,OUT_OF_SCOPE
INT-006372,CMP-006372,LIEN_MARK,SUCCESS,3.76,ALREADY_ACTIONED
INT-006373,CMP-006373,LIEN_MARK,PARTIAL,12.32,FALSE_POSITIVE
INT-006374,CMP-006374,NO_ACTION,NO_ACTION,22.12,ALREADY_ACTIONED
INT-006375,CMP-006375,LIEN_MARK,SUCCESS,23.19,ACTED
INT-006376,CMP-006376,ACCOUNT_FREEZE,SUCCESS,30.65,ACTED
INT-006377,CMP-006377,NO_ACTION,NO_ACTION,43.97,ACTED
INT-006378,CMP-006378,ENDPOINT_WATCH,NO_ACTION,23.28,ACTED
INT-006379,CMP-006379,NO_ACTION,SUCCESS,39.54,ACTED
INT-006380,CMP-006380,JURISDICTION_HANDOFF,NO_ACTION,3.38,ACTED
INT-006381,CMP-006381,NO_ACTION,SUCCESS,47.37,NOT_ACTED
INT-006382,CMP-006382,ACCOUNT_FREEZE,SUCCESS,19.3,NOT_ACTED
INT-006383,CMP-006383,LIEN_MARK,NO_ACTION,16.99,ACTED
INT-006384,CMP-006384,ENDPOINT_WATCH,SUCCESS,6.88,ACTED
INT-006385,CMP-006385,JURISDICTION_HANDOFF,PARTIAL,26.19,ACTED
INT-006386,CMP-006386,ACCOUNT_FREEZE,PARTIAL,7.67,OUT_OF_SCOPE
INT-006387,CMP-006387,LIEN_MARK,SUCCESS,23.1,ALREADY_ACTIONED
INT-006388,CMP-006388,NO_ACTION,PARTIAL,47.8,ALREADY_ACTIONED
INT-006389,CMP-006389,LIEN_MARK,NO_ACTION,37.65,NOT_ACTED
INT-006390,CMP-006390,NO_ACTION,PARTIAL,8.3,ALREADY_ACTIONED
INT-006391,CMP-006391,ACCOUNT_FREEZE,NO_ACTION,40.26,ACTED
INT-006392,CMP-006392,JURISDICTION_HANDOFF,NO_ACTION,7.3,ACTED
INT-006393,CMP-006393,JURISDICTION_HANDOFF,SUCCESS,39.27,ACTED
INT-006394,CMP-006394,ENDPOINT_WATCH,PARTIAL,35.74,ACTED
INT-006395,CMP-006395,LIEN_MARK,SUCCESS,16.88,OUT_OF_SCOPE
INT-006396,CMP-006396,NO_ACTION,PARTIAL,19.59,FALSE_POSITIVE
INT-006397,CMP-006397,NO_ACTION,PARTIAL,13.76,ACTED
INT-006398,CMP-006398,ACCOUNT_FREEZE,SUCCESS,33.31,ALREADY_ACTIONED
INT-006399,CMP-006399,ACCOUNT_FREEZE,PARTIAL,45.59,OUT_OF_SCOPE
INT-006400,CMP-006400,JURISDICTION_HANDOFF,NO_ACTION,45.15,ACTED
INT-006401,CMP-006401,ENDPOINT_WATCH,SUCCESS,32.43,ACTED
INT-006402,CMP-006402,ACCOUNT_FREEZE,SUCCESS,14.62,NOT_ACTED
INT-006403,CMP-006403,ENDPOINT_WATCH,SUCCESS,32.48,ACTED
INT-006404,CMP-006404,NO_ACTION,SUCCESS,25.39,ACTED
INT-006405,CMP-006405,ENDPOINT_WATCH,SUCCESS,9.45,ACTED
INT-006406,CMP-006406,ACCOUNT_FREEZE,SUCCESS,37.7,NOT_ACTED
INT-006407,CMP-006407,ACCOUNT_FREEZE,PARTIAL,42.28,FALSE_POSITIVE
INT-006408,CMP-006408,LIEN_MARK,SUCCESS,31.59,FALSE_POSITIVE
INT-006409,CMP-006409,NO_ACTION,SUCCESS,41.85,ACTED
INT-006410,CMP-006410,ACCOUNT_FREEZE,SUCCESS,18.63,NOT_ACTED
INT-006411,CMP-006411,LIEN_MARK,SUCCESS,46.1,ACTED
INT-006412,CMP-006412,ENDPOINT_WATCH,SUCCESS,24.37,ACTED
INT-006413,CMP-006413,ACCOUNT_FREEZE,SUCCESS,14.91,NOT_ACTED
INT-006414,CMP-006414,NO_ACTION,SUCCESS,45.42,ALREADY_ACTIONED
INT-006415,CMP-006415,ENDPOINT_WATCH,PARTIAL,39.51,ACTED
INT-006416,CMP-006416,LIEN_MARK,PARTIAL,21.84,ALREADY_ACTIONED
INT-006417,CMP-006417,JURISDICTION_HANDOFF,SUCCESS,11.86,ACTED
INT-006418,CMP-006418,NO_ACTION,PARTIAL,37.65,OUT_OF_SCOPE
INT-006419,CMP-006419,ACCOUNT_FREEZE,SUCCESS,35.76,ACTED
INT-006420,CMP-006420,ACCOUNT_FREEZE,SUCCESS,29.07,ACTED
INT-006421,CMP-006421,ACCOUNT_FREEZE,SUCCESS,47.0,NOT_ACTED
INT-006422,CMP-006422,JURISDICTION_HANDOFF,SUCCESS,23.92,NOT_ACTED
INT-006423,CMP-006423,NO_ACTION,SUCCESS,34.19,NOT_ACTED
INT-006424,CMP-006424,ACCOUNT_FREEZE,SUCCESS,26.85,ACTED
INT-006425,CMP-006425,ENDPOINT_WATCH,SUCCESS,26.54,ACTED
INT-006426,CMP-006426,NO_ACTION,NO_ACTION,3.44,ALREADY_ACTIONED
INT-006427,CMP-006427,ENDPOINT_WATCH,SUCCESS,47.52,ALREADY_ACTIONED
INT-006428,CMP-006428,LIEN_MARK,SUCCESS,42.18,ACTED
INT-006429,CMP-006429,LIEN_MARK,SUCCESS,23.16,ACTED
INT-006430,CMP-006430,ACCOUNT_FREEZE,PARTIAL,10.0,OUT_OF_SCOPE
INT-006431,CMP-006431,ENDPOINT_WATCH,SUCCESS,12.03,ACTED
INT-006432,CMP-006432,ENDPOINT_WATCH,PARTIAL,31.54,ACTED
INT-006433,CMP-006433,ACCOUNT_FREEZE,SUCCESS,35.67,NOT_ACTED
INT-006434,CMP-006434,ACCOUNT_FREEZE,SUCCESS,47.66,ACTED
INT-006435,CMP-006435,ACCOUNT_FREEZE,SUCCESS,27.81,ACTED
INT-006436,CMP-006436,ENDPOINT_WATCH,SUCCESS,8.26,ACTED
INT-006437,CMP-006437,JURISDICTION_HANDOFF,NO_ACTION,9.77,ALREADY_ACTIONED
INT-006438,CMP-006438,ENDPOINT_WATCH,SUCCESS,43.01,ALREADY_ACTIONED
INT-006439,CMP-006439,NO_ACTION,SUCCESS,34.52,ACTED
INT-006440,CMP-006440,ENDPOINT_WATCH,SUCCESS,27.18,NOT_ACTED
INT-006441,CMP-006441,ENDPOINT_WATCH,SUCCESS,24.76,ACTED
INT-006442,CMP-006442,ENDPOINT_WATCH,PARTIAL,36.07,ACTED
INT-006443,CMP-006443,NO_ACTION,PARTIAL,16.69,ALREADY_ACTIONED
INT-006444,CMP-006444,ACCOUNT_FREEZE,NO_ACTION,45.03,ACTED
INT-006445,CMP-006445,JURISDICTION_HANDOFF,SUCCESS,11.86,ALREADY_ACTIONED
INT-006446,CMP-006446,ACCOUNT_FREEZE,SUCCESS,24.81,ACTED
INT-006447,CMP-006447,ACCOUNT_FREEZE,SUCCESS,31.45,ALREADY_ACTIONED
INT-006448,CMP-006448,LIEN_MARK,SUCCESS,41.32,OUT_OF_SCOPE
INT-006449,CMP-006449,NO_ACTION,SUCCESS,10.05,ACTED
INT-006450,CMP-006450,NO_ACTION,PARTIAL,41.88,NOT_ACTED
INT-006451,CMP-006451,NO_ACTION,NO_ACTION,47.59,OUT_OF_SCOPE
INT-006452,CMP-006452,LIEN_MARK,SUCCESS,44.4,ACTED
INT-006453,CMP-006453,ENDPOINT_WATCH,SUCCESS,14.41,ACTED
INT-006454,CMP-006454,JURISDICTION_HANDOFF,SUCCESS,34.48,ALREADY_ACTIONED
INT-006455,CMP-006455,LIEN_MARK,SUCCESS,13.29,NOT_ACTED
INT-006456,CMP-006456,NO_ACTION,PARTIAL,38.19,FALSE_POSITIVE
INT-006457,CMP-006457,ACCOUNT_FREEZE,SUCCESS,20.66,ACTED
INT-006458,CMP-006458,NO_ACTION,SUCCESS,42.82,ACTED
INT-006459,CMP-006459,ACCOUNT_FREEZE,SUCCESS,37.93,ACTED
INT-006460,CMP-006460,ACCOUNT_FREEZE,SUCCESS,26.66,FALSE_POSITIVE
INT-006461,CMP-006461,ENDPOINT_WATCH,SUCCESS,6.83,ALREADY_ACTIONED
INT-006462,CMP-006462,ACCOUNT_FREEZE,SUCCESS,15.72,FALSE_POSITIVE
INT-006463,CMP-006463,ENDPOINT_WATCH,SUCCESS,37.38,FALSE_POSITIVE
INT-006464,CMP-006464,NO_ACTION,SUCCESS,13.8,ALREADY_ACTIONED
INT-006465,CMP-006465,NO_ACTION,SUCCESS,15.62,ACTED
INT-006466,CMP-006466,ACCOUNT_FREEZE,NO_ACTION,6.51,ACTED
INT-006467,CMP-006467,LIEN_MARK,NO_ACTION,47.95,ACTED
INT-006468,CMP-006468,JURISDICTION_HANDOFF,SUCCESS,39.53,ACTED
INT-006469,CMP-006469,ENDPOINT_WATCH,SUCCESS,20.36,ACTED
INT-006470,CMP-006470,ENDPOINT_WATCH,SUCCESS,27.0,ACTED
INT-006471,CMP-006471,ENDPOINT_WATCH,SUCCESS,42.74,OUT_OF_SCOPE
INT-006472,CMP-006472,ENDPOINT_WATCH,SUCCESS,11.2,FALSE_POSITIVE
INT-006473,CMP-006473,ACCOUNT_FREEZE,NO_ACTION,10.52,ACTED
INT-006474,CMP-006474,ENDPOINT_WATCH,PARTIAL,27.81,ALREADY_ACTIONED
INT-006475,CMP-006475,LIEN_MARK,NO_ACTION,45.07,ACTED
INT-006476,CMP-006476,ACCOUNT_FREEZE,SUCCESS,42.41,OUT_OF_SCOPE
INT-006477,CMP-006477,LIEN_MARK,NO_ACTION,33.79,ACTED
INT-006478,CMP-006478,LIEN_MARK,NO_ACTION,34.07,ACTED
INT-006479,CMP-006479,ACCOUNT_FREEZE,PARTIAL,26.69,ACTED
INT-006480,CMP-006480,NO_ACTION,PARTIAL,21.83,ACTED
INT-006481,CMP-006481,NO_ACTION,PARTIAL,9.15,ALREADY_ACTIONED
INT-006482,CMP-006482,NO_ACTION,PARTIAL,26.56,ACTED
INT-006483,CMP-006483,ENDPOINT_WATCH,PARTIAL,9.89,ACTED
INT-006484,CMP-006484,LIEN_MARK,SUCCESS,34.35,OUT_OF_SCOPE
INT-006485,CMP-006485,ACCOUNT_FREEZE,PARTIAL,7.9,FALSE_POSITIVE
INT-006486,CMP-006486,ACCOUNT_FREEZE,PARTIAL,28.27,ALREADY_ACTIONED
INT-006487,CMP-006487,ENDPOINT_WATCH,SUCCESS,26.87,ACTED
INT-006488,CMP-006488,NO_ACTION,PARTIAL,24.8,ALREADY_ACTIONED
INT-006489,CMP-006489,NO_ACTION,SUCCESS,29.27,ACTED
INT-006490,CMP-006490,ENDPOINT_WATCH,SUCCESS,12.24,ACTED
INT-006491,CMP-006491,NO_ACTION,NO_ACTION,36.14,FALSE_POSITIVE
INT-006492,CMP-006492,ENDPOINT_WATCH,PARTIAL,8.91,FALSE_POSITIVE
INT-006493,CMP-006493,JURISDICTION_HANDOFF,PARTIAL,37.85,ACTED
INT-006494,CMP-006494,NO_ACTION,SUCCESS,6.26,ACTED
INT-006495,CMP-006495,JURISDICTION_HANDOFF,SUCCESS,27.42,ACTED
INT-006496,CMP-006496,JURISDICTION_HANDOFF,SUCCESS,31.15,NOT_ACTED
INT-006497,CMP-006497,ACCOUNT_FREEZE,SUCCESS,8.19,ALREADY_ACTIONED
INT-006498,CMP-006498,NO_ACTION,PARTIAL,9.62,NOT_ACTED
INT-006499,CMP-006499,LIEN_MARK,SUCCESS,35.57,NOT_ACTED
INT-006500,CMP-006500,ENDPOINT_WATCH,PARTIAL,11.85,FALSE_POSITIVE
INT-006501,CMP-006501,ENDPOINT_WATCH,SUCCESS,34.28,NOT_ACTED
INT-006502,CMP-006502,NO_ACTION,SUCCESS,22.14,ALREADY_ACTIONED
INT-006503,CMP-006503,ENDPOINT_WATCH,PARTIAL,14.35,ACTED
INT-006504,CMP-006504,ACCOUNT_FREEZE,SUCCESS,34.95,ACTED
INT-006505,CMP-006505,ACCOUNT_FREEZE,SUCCESS,18.91,ACTED
INT-006506,CMP-006506,JURISDICTION_HANDOFF,PARTIAL,10.55,ACTED
INT-006507,CMP-006507,NO_ACTION,SUCCESS,17.19,FALSE_POSITIVE
INT-006508,CMP-006508,ENDPOINT_WATCH,SUCCESS,32.45,NOT_ACTED
INT-006509,CMP-006509,ENDPOINT_WATCH,SUCCESS,11.61,ALREADY_ACTIONED
INT-006510,CMP-006510,LIEN_MARK,NO_ACTION,21.93,ACTED
INT-006511,CMP-006511,ACCOUNT_FREEZE,SUCCESS,23.0,ALREADY_ACTIONED
INT-006512,CMP-006512,LIEN_MARK,NO_ACTION,16.75,ACTED
INT-006513,CMP-006513,ACCOUNT_FREEZE,SUCCESS,32.08,ACTED
INT-006514,CMP-006514,NO_ACTION,NO_ACTION,45.92,NOT_ACTED
INT-006515,CMP-006515,JURISDICTION_HANDOFF,SUCCESS,39.53,NOT_ACTED
INT-006516,CMP-006516,ENDPOINT_WATCH,NO_ACTION,41.44,NOT_ACTED
INT-006517,CMP-006517,ACCOUNT_FREEZE,SUCCESS,33.91,FALSE_POSITIVE
INT-006518,CMP-006518,ENDPOINT_WATCH,NO_ACTION,30.89,ACTED
INT-006519,CMP-006519,ENDPOINT_WATCH,SUCCESS,18.18,NOT_ACTED
INT-006520,CMP-006520,JURISDICTION_HANDOFF,NO_ACTION,40.17,ALREADY_ACTIONED
INT-006521,CMP-006521,JURISDICTION_HANDOFF,SUCCESS,37.63,ACTED
INT-006522,CMP-006522,ENDPOINT_WATCH,NO_ACTION,5.2,NOT_ACTED
INT-006523,CMP-006523,ACCOUNT_FREEZE,PARTIAL,17.12,ALREADY_ACTIONED
INT-006524,CMP-006524,JURISDICTION_HANDOFF,SUCCESS,44.79,OUT_OF_SCOPE
INT-006525,CMP-006525,ACCOUNT_FREEZE,SUCCESS,19.79,ALREADY_ACTIONED
INT-006526,CMP-006526,NO_ACTION,SUCCESS,39.04,NOT_ACTED
INT-006527,CMP-006527,JURISDICTION_HANDOFF,PARTIAL,42.66,OUT_OF_SCOPE
INT-006528,CMP-006528,LIEN_MARK,NO_ACTION,45.97,NOT_ACTED
INT-006529,CMP-006529,LIEN_MARK,PARTIAL,19.79,ACTED
INT-006530,CMP-006530,ENDPOINT_WATCH,SUCCESS,30.27,ACTED
INT-006531,CMP-006531,JURISDICTION_HANDOFF,PARTIAL,37.57,ACTED
INT-006532,CMP-006532,JURISDICTION_HANDOFF,SUCCESS,28.34,ACTED
INT-006533,CMP-006533,LIEN_MARK,NO_ACTION,40.19,FALSE_POSITIVE
INT-006534,CMP-006534,NO_ACTION,PARTIAL,38.12,ALREADY_ACTIONED
INT-006535,CMP-006535,ACCOUNT_FREEZE,NO_ACTION,28.6,ACTED
INT-006536,CMP-006536,NO_ACTION,NO_ACTION,12.41,ALREADY_ACTIONED
INT-006537,CMP-006537,NO_ACTION,SUCCESS,33.03,ACTED
INT-006538,CMP-006538,NO_ACTION,SUCCESS,4.62,NOT_ACTED
INT-006539,CMP-006539,LIEN_MARK,SUCCESS,39.27,ACTED
INT-006540,CMP-006540,ENDPOINT_WATCH,SUCCESS,22.79,ALREADY_ACTIONED
INT-006541,CMP-006541,JURISDICTION_HANDOFF,NO_ACTION,34.96,ALREADY_ACTIONED
INT-006542,CMP-006542,NO_ACTION,NO_ACTION,11.41,ACTED
INT-006543,CMP-006543,ENDPOINT_WATCH,SUCCESS,12.85,OUT_OF_SCOPE
INT-006544,CMP-006544,LIEN_MARK,NO_ACTION,26.1,ACTED
INT-006545,CMP-006545,JURISDICTION_HANDOFF,NO_ACTION,40.96,OUT_OF_SCOPE
INT-006546,CMP-006546,JURISDICTION_HANDOFF,PARTIAL,31.21,ACTED
INT-006547,CMP-006547,ENDPOINT_WATCH,SUCCESS,13.42,ACTED
INT-006548,CMP-006548,ENDPOINT_WATCH,SUCCESS,24.87,ALREADY_ACTIONED
INT-006549,CMP-006549,JURISDICTION_HANDOFF,SUCCESS,15.54,ACTED
INT-006550,CMP-006550,ACCOUNT_FREEZE,PARTIAL,37.34,ACTED
INT-006551,CMP-006551,LIEN_MARK,NO_ACTION,26.23,ACTED
INT-006552,CMP-006552,LIEN_MARK,SUCCESS,26.85,NOT_ACTED
INT-006553,CMP-006553,JURISDICTION_HANDOFF,NO_ACTION,35.58,ACTED
INT-006554,CMP-006554,ACCOUNT_FREEZE,SUCCESS,16.47,ACTED
INT-006555,CMP-006555,NO_ACTION,SUCCESS,17.05,ACTED
INT-006556,CMP-006556,ACCOUNT_FREEZE,SUCCESS,38.48,NOT_ACTED
INT-006557,CMP-006557,ENDPOINT_WATCH,PARTIAL,17.46,ACTED
INT-006558,CMP-006558,ENDPOINT_WATCH,SUCCESS,18.27,OUT_OF_SCOPE
INT-006559,CMP-006559,JURISDICTION_HANDOFF,PARTIAL,29.92,ACTED
INT-006560,CMP-006560,ENDPOINT_WATCH,SUCCESS,16.99,ACTED
INT-006561,CMP-006561,LIEN_MARK,PARTIAL,25.59,FALSE_POSITIVE
INT-006562,CMP-006562,JURISDICTION_HANDOFF,SUCCESS,13.08,ALREADY_ACTIONED
INT-006563,CMP-006563,ENDPOINT_WATCH,NO_ACTION,18.02,ACTED
INT-006564,CMP-006564,ACCOUNT_FREEZE,SUCCESS,22.89,NOT_ACTED
INT-006565,CMP-006565,JURISDICTION_HANDOFF,NO_ACTION,34.89,ACTED
INT-006566,CMP-006566,NO_ACTION,PARTIAL,29.03,ACTED
INT-006567,CMP-006567,NO_ACTION,SUCCESS,10.87,NOT_ACTED
INT-006568,CMP-006568,ENDPOINT_WATCH,NO_ACTION,15.77,OUT_OF_SCOPE
INT-006569,CMP-006569,ENDPOINT_WATCH,SUCCESS,13.09,NOT_ACTED
INT-006570,CMP-006570,ENDPOINT_WATCH,SUCCESS,6.46,NOT_ACTED
INT-006571,CMP-006571,ACCOUNT_FREEZE,SUCCESS,24.02,ACTED
INT-006572,CMP-006572,ACCOUNT_FREEZE,NO_ACTION,45.01,FALSE_POSITIVE
INT-006573,CMP-006573,JURISDICTION_HANDOFF,SUCCESS,46.02,ALREADY_ACTIONED
INT-006574,CMP-006574,ENDPOINT_WATCH,SUCCESS,3.9,NOT_ACTED
INT-006575,CMP-006575,ENDPOINT_WATCH,PARTIAL,35.48,ACTED
INT-006576,CMP-006576,JURISDICTION_HANDOFF,SUCCESS,22.41,ACTED
INT-006577,CMP-006577,JURISDICTION_HANDOFF,SUCCESS,7.18,NOT_ACTED
INT-006578,CMP-006578,JURISDICTION_HANDOFF,PARTIAL,39.23,OUT_OF_SCOPE
INT-006579,CMP-006579,ENDPOINT_WATCH,PARTIAL,47.72,ACTED
INT-006580,CMP-006580,LIEN_MARK,NO_ACTION,44.27,ACTED
INT-006581,CMP-006581,NO_ACTION,SUCCESS,19.23,ACTED
INT-006582,CMP-006582,ACCOUNT_FREEZE,NO_ACTION,3.61,ACTED
INT-006583,CMP-006583,ACCOUNT_FREEZE,SUCCESS,10.91,FALSE_POSITIVE
INT-006584,CMP-006584,NO_ACTION,SUCCESS,7.43,OUT_OF_SCOPE
INT-006585,CMP-006585,JURISDICTION_HANDOFF,SUCCESS,37.61,ACTED
INT-006586,CMP-006586,JURISDICTION_HANDOFF,NO_ACTION,17.94,NOT_ACTED
INT-006587,CMP-006587,LIEN_MARK,SUCCESS,20.52,NOT_ACTED
INT-006588,CMP-006588,LIEN_MARK,SUCCESS,30.61,OUT_OF_SCOPE
INT-006589,CMP-006589,ENDPOINT_WATCH,SUCCESS,31.31,ALREADY_ACTIONED
INT-006590,CMP-006590,ENDPOINT_WATCH,PARTIAL,35.5,ACTED
INT-006591,CMP-006591,LIEN_MARK,NO_ACTION,36.32,FALSE_POSITIVE
INT-006592,CMP-006592,LIEN_MARK,SUCCESS,42.11,ALREADY_ACTIONED
INT-006593,CMP-006593,NO_ACTION,NO_ACTION,42.12,ACTED
INT-006594,CMP-006594,ENDPOINT_WATCH,SUCCESS,40.62,NOT_ACTED
INT-006595,CMP-006595,JURISDICTION_HANDOFF,SUCCESS,41.12,ACTED
INT-006596,CMP-006596,NO_ACTION,SUCCESS,21.26,OUT_OF_SCOPE
INT-006597,CMP-006597,ACCOUNT_FREEZE,PARTIAL,3.8,OUT_OF_SCOPE
INT-006598,CMP-006598,ENDPOINT_WATCH,SUCCESS,3.03,ACTED
INT-006599,CMP-006599,ENDPOINT_WATCH,PARTIAL,14.74,ACTED
INT-006600,CMP-006600,ACCOUNT_FREEZE,SUCCESS,38.95,ACTED
INT-006601,CMP-006601,ACCOUNT_FREEZE,SUCCESS,8.98,NOT_ACTED
INT-006602,CMP-006602,LIEN_MARK,SUCCESS,18.93,ACTED
INT-006603,CMP-006603,ACCOUNT_FREEZE,SUCCESS,19.25,OUT_OF_SCOPE
INT-006604,CMP-006604,NO_ACTION,SUCCESS,46.82,NOT_ACTED
INT-006605,CMP-006605,NO_ACTION,SUCCESS,41.59,ALREADY_ACTIONED
INT-006606,CMP-006606,ENDPOINT_WATCH,SUCCESS,22.02,ACTED
INT-006607,CMP-006607,LIEN_MARK,SUCCESS,11.97,ACTED
INT-006608,CMP-006608,ACCOUNT_FREEZE,SUCCESS,32.99,NOT_ACTED
INT-006609,CMP-006609,LIEN_MARK,NO_ACTION,28.73,NOT_ACTED
INT-006610,CMP-006610,ENDPOINT_WATCH,PARTIAL,21.58,ACTED
INT-006611,CMP-006611,ACCOUNT_FREEZE,NO_ACTION,30.14,FALSE_POSITIVE
INT-006612,CMP-006612,ENDPOINT_WATCH,SUCCESS,47.29,NOT_ACTED
INT-006613,CMP-006613,ACCOUNT_FREEZE,PARTIAL,39.74,ACTED
INT-006614,CMP-006614,NO_ACTION,SUCCESS,15.16,NOT_ACTED
INT-006615,CMP-006615,ENDPOINT_WATCH,SUCCESS,22.73,NOT_ACTED
INT-006616,CMP-006616,NO_ACTION,PARTIAL,47.28,NOT_ACTED
INT-006617,CMP-006617,ACCOUNT_FREEZE,SUCCESS,46.12,OUT_OF_SCOPE
INT-006618,CMP-006618,NO_ACTION,PARTIAL,46.32,OUT_OF_SCOPE
INT-006619,CMP-006619,NO_ACTION,SUCCESS,5.72,NOT_ACTED
INT-006620,CMP-006620,JURISDICTION_HANDOFF,SUCCESS,18.66,ACTED
INT-006621,CMP-006621,JURISDICTION_HANDOFF,SUCCESS,17.39,ALREADY_ACTIONED
INT-006622,CMP-006622,JURISDICTION_HANDOFF,PARTIAL,27.7,ACTED
INT-006623,CMP-006623,JURISDICTION_HANDOFF,SUCCESS,6.46,ALREADY_ACTIONED
INT-006624,CMP-006624,LIEN_MARK,NO_ACTION,45.93,ALREADY_ACTIONED
INT-006625,CMP-006625,ENDPOINT_WATCH,SUCCESS,43.27,NOT_ACTED
INT-006626,CMP-006626,LIEN_MARK,SUCCESS,35.21,NOT_ACTED
INT-006627,CMP-006627,NO_ACTION,SUCCESS,6.68,FALSE_POSITIVE
INT-006628,CMP-006628,ACCOUNT_FREEZE,NO_ACTION,36.45,ACTED
INT-006629,CMP-006629,LIEN_MARK,SUCCESS,41.52,FALSE_POSITIVE
INT-006630,CMP-006630,JURISDICTION_HANDOFF,SUCCESS,6.05,ALREADY_ACTIONED
INT-006631,CMP-006631,ACCOUNT_FREEZE,SUCCESS,31.75,NOT_ACTED
INT-006632,CMP-006632,LIEN_MARK,SUCCESS,22.39,ACTED
INT-006633,CMP-006633,ENDPOINT_WATCH,SUCCESS,3.56,ACTED
INT-006634,CMP-006634,JURISDICTION_HANDOFF,NO_ACTION,8.2,NOT_ACTED
INT-006635,CMP-006635,JURISDICTION_HANDOFF,SUCCESS,24.04,ACTED
INT-006636,CMP-006636,ACCOUNT_FREEZE,SUCCESS,21.28,ACTED
INT-006637,CMP-006637,ACCOUNT_FREEZE,SUCCESS,30.47,ACTED
INT-006638,CMP-006638,LIEN_MARK,SUCCESS,22.68,ALREADY_ACTIONED
INT-006639,CMP-006639,NO_ACTION,SUCCESS,30.93,NOT_ACTED
INT-006640,CMP-006640,ACCOUNT_FREEZE,SUCCESS,34.06,ACTED
INT-006641,CMP-006641,ACCOUNT_FREEZE,SUCCESS,35.57,FALSE_POSITIVE
INT-006642,CMP-006642,LIEN_MARK,PARTIAL,18.28,ACTED
INT-006643,CMP-006643,NO_ACTION,PARTIAL,12.44,ACTED
INT-006644,CMP-006644,ENDPOINT_WATCH,SUCCESS,17.91,ACTED
INT-006645,CMP-006645,JURISDICTION_HANDOFF,PARTIAL,30.82,NOT_ACTED
INT-006646,CMP-006646,ACCOUNT_FREEZE,PARTIAL,23.97,ACTED
INT-006647,CMP-006647,NO_ACTION,SUCCESS,18.24,ACTED
INT-006648,CMP-006648,ACCOUNT_FREEZE,SUCCESS,4.4,NOT_ACTED
INT-006649,CMP-006649,ENDPOINT_WATCH,SUCCESS,46.34,ACTED
INT-006650,CMP-006650,ACCOUNT_FREEZE,SUCCESS,25.64,ACTED
INT-006651,CMP-006651,LIEN_MARK,SUCCESS,38.15,OUT_OF_SCOPE
INT-006652,CMP-006652,ACCOUNT_FREEZE,SUCCESS,22.85,ACTED
INT-006653,CMP-006653,ACCOUNT_FREEZE,SUCCESS,32.66,ALREADY_ACTIONED
INT-006654,CMP-006654,JURISDICTION_HANDOFF,SUCCESS,9.49,OUT_OF_SCOPE
INT-006655,CMP-006655,LIEN_MARK,SUCCESS,18.8,ALREADY_ACTIONED
INT-006656,CMP-006656,JURISDICTION_HANDOFF,PARTIAL,47.55,FALSE_POSITIVE
INT-006657,CMP-006657,ENDPOINT_WATCH,SUCCESS,27.52,ACTED
INT-006658,CMP-006658,NO_ACTION,SUCCESS,44.68,ACTED
INT-006659,CMP-006659,LIEN_MARK,PARTIAL,26.31,ACTED
INT-006660,CMP-006660,ENDPOINT_WATCH,SUCCESS,43.95,NOT_ACTED
INT-006661,CMP-006661,LIEN_MARK,PARTIAL,46.88,ACTED
INT-006662,CMP-006662,ENDPOINT_WATCH,NO_ACTION,43.35,ALREADY_ACTIONED
INT-006663,CMP-006663,LIEN_MARK,PARTIAL,21.13,ACTED
INT-006664,CMP-006664,JURISDICTION_HANDOFF,NO_ACTION,12.76,ALREADY_ACTIONED
INT-006665,CMP-006665,ENDPOINT_WATCH,PARTIAL,18.39,ACTED
INT-006666,CMP-006666,ACCOUNT_FREEZE,NO_ACTION,21.31,ACTED
INT-006667,CMP-006667,ACCOUNT_FREEZE,SUCCESS,41.99,ALREADY_ACTIONED
INT-006668,CMP-006668,LIEN_MARK,PARTIAL,24.96,FALSE_POSITIVE
INT-006669,CMP-006669,ACCOUNT_FREEZE,PARTIAL,34.08,OUT_OF_SCOPE
INT-006670,CMP-006670,NO_ACTION,SUCCESS,24.82,ACTED
INT-006671,CMP-006671,LIEN_MARK,NO_ACTION,4.61,ACTED
INT-006672,CMP-006672,JURISDICTION_HANDOFF,SUCCESS,12.53,ACTED
INT-006673,CMP-006673,ENDPOINT_WATCH,SUCCESS,11.47,OUT_OF_SCOPE
INT-006674,CMP-006674,ACCOUNT_FREEZE,PARTIAL,20.38,OUT_OF_SCOPE
INT-006675,CMP-006675,LIEN_MARK,NO_ACTION,22.98,ACTED
INT-006676,CMP-006676,LIEN_MARK,SUCCESS,47.04,NOT_ACTED
INT-006677,CMP-006677,LIEN_MARK,PARTIAL,36.31,ACTED
INT-006678,CMP-006678,JURISDICTION_HANDOFF,SUCCESS,28.37,ALREADY_ACTIONED
INT-006679,CMP-006679,ENDPOINT_WATCH,NO_ACTION,44.58,ALREADY_ACTIONED
INT-006680,CMP-006680,ENDPOINT_WATCH,SUCCESS,46.84,ALREADY_ACTIONED
INT-006681,CMP-006681,ENDPOINT_WATCH,SUCCESS,16.53,OUT_OF_SCOPE
INT-006682,CMP-006682,ENDPOINT_WATCH,SUCCESS,19.14,NOT_ACTED
INT-006683,CMP-006683,LIEN_MARK,SUCCESS,36.65,ACTED
INT-006684,CMP-006684,ACCOUNT_FREEZE,PARTIAL,36.36,OUT_OF_SCOPE
INT-006685,CMP-006685,ENDPOINT_WATCH,SUCCESS,34.67,NOT_ACTED
INT-006686,CMP-006686,NO_ACTION,SUCCESS,44.37,ACTED
INT-006687,CMP-006687,ENDPOINT_WATCH,SUCCESS,34.08,NOT_ACTED
INT-006688,CMP-006688,LIEN_MARK,NO_ACTION,33.12,ACTED
INT-006689,CMP-006689,ENDPOINT_WATCH,PARTIAL,20.97,ALREADY_ACTIONED
INT-006690,CMP-006690,JURISDICTION_HANDOFF,NO_ACTION,11.11,FALSE_POSITIVE
INT-006691,CMP-006691,ENDPOINT_WATCH,SUCCESS,11.84,OUT_OF_SCOPE
INT-006692,CMP-006692,ACCOUNT_FREEZE,SUCCESS,16.1,ACTED
INT-006693,CMP-006693,ENDPOINT_WATCH,NO_ACTION,41.01,ACTED
INT-006694,CMP-006694,ACCOUNT_FREEZE,PARTIAL,37.71,ACTED
INT-006695,CMP-006695,ENDPOINT_WATCH,NO_ACTION,24.08,NOT_ACTED
INT-006696,CMP-006696,NO_ACTION,SUCCESS,30.52,ACTED
INT-006697,CMP-006697,ENDPOINT_WATCH,SUCCESS,25.45,NOT_ACTED
INT-006698,CMP-006698,ENDPOINT_WATCH,PARTIAL,16.62,ACTED
INT-006699,CMP-006699,ENDPOINT_WATCH,SUCCESS,40.86,ACTED
INT-006700,CMP-006700,NO_ACTION,SUCCESS,16.02,ACTED
INT-006701,CMP-006701,NO_ACTION,SUCCESS,35.32,ALREADY_ACTIONED
INT-006702,CMP-006702,JURISDICTION_HANDOFF,PARTIAL,44.01,OUT_OF_SCOPE
INT-006703,CMP-006703,ENDPOINT_WATCH,NO_ACTION,38.49,ACTED
INT-006704,CMP-006704,LIEN_MARK,NO_ACTION,5.48,ACTED
INT-006705,CMP-006705,ENDPOINT_WATCH,SUCCESS,33.91,OUT_OF_SCOPE
INT-006706,CMP-006706,ENDPOINT_WATCH,SUCCESS,37.43,ACTED
INT-006707,CMP-006707,JURISDICTION_HANDOFF,SUCCESS,39.35,ACTED
INT-006708,CMP-006708,LIEN_MARK,SUCCESS,21.0,ACTED
INT-006709,CMP-006709,LIEN_MARK,SUCCESS,46.58,ACTED
INT-006710,CMP-006710,NO_ACTION,NO_ACTION,16.18,OUT_OF_SCOPE
INT-006711,CMP-006711,LIEN_MARK,SUCCESS,44.9,ACTED
INT-006712,CMP-006712,ENDPOINT_WATCH,NO_ACTION,43.57,ACTED
INT-006713,CMP-006713,ACCOUNT_FREEZE,SUCCESS,3.61,ALREADY_ACTIONED
INT-006714,CMP-006714,ENDPOINT_WATCH,NO_ACTION,35.71,FALSE_POSITIVE
INT-006715,CMP-006715,ACCOUNT_FREEZE,NO_ACTION,37.66,FALSE_POSITIVE
INT-006716,CMP-006716,LIEN_MARK,PARTIAL,18.71,NOT_ACTED
INT-006717,CMP-006717,ACCOUNT_FREEZE,PARTIAL,31.99,ACTED
INT-006718,CMP-006718,JURISDICTION_HANDOFF,SUCCESS,37.69,OUT_OF_SCOPE
INT-006719,CMP-006719,ACCOUNT_FREEZE,SUCCESS,31.83,ACTED
INT-006720,CMP-006720,ENDPOINT_WATCH,SUCCESS,26.47,OUT_OF_SCOPE
INT-006721,CMP-006721,NO_ACTION,SUCCESS,15.57,NOT_ACTED
INT-006722,CMP-006722,ACCOUNT_FREEZE,SUCCESS,23.21,ALREADY_ACTIONED
INT-006723,CMP-006723,LIEN_MARK,PARTIAL,34.66,ACTED
INT-006724,CMP-006724,NO_ACTION,PARTIAL,39.55,NOT_ACTED
INT-006725,CMP-006725,JURISDICTION_HANDOFF,SUCCESS,30.62,NOT_ACTED
INT-006726,CMP-006726,NO_ACTION,SUCCESS,22.17,ACTED
INT-006727,CMP-006727,NO_ACTION,SUCCESS,12.05,ACTED
INT-006728,CMP-006728,LIEN_MARK,NO_ACTION,24.97,ACTED
INT-006729,CMP-006729,ENDPOINT_WATCH,SUCCESS,20.22,ALREADY_ACTIONED
INT-006730,CMP-006730,NO_ACTION,SUCCESS,46.05,ACTED
INT-006731,CMP-006731,LIEN_MARK,SUCCESS,5.66,ALREADY_ACTIONED
INT-006732,CMP-006732,ACCOUNT_FREEZE,PARTIAL,14.05,ACTED
INT-006733,CMP-006733,ENDPOINT_WATCH,NO_ACTION,33.87,ACTED
INT-006734,CMP-006734,ACCOUNT_FREEZE,NO_ACTION,12.3,NOT_ACTED
INT-006735,CMP-006735,ENDPOINT_WATCH,PARTIAL,41.41,OUT_OF_SCOPE
INT-006736,CMP-006736,JURISDICTION_HANDOFF,NO_ACTION,36.43,FALSE_POSITIVE
INT-006737,CMP-006737,NO_ACTION,SUCCESS,42.44,ALREADY_ACTIONED
INT-006738,CMP-006738,ACCOUNT_FREEZE,SUCCESS,44.29,FALSE_POSITIVE
INT-006739,CMP-006739,LIEN_MARK,SUCCESS,41.29,ACTED
INT-006740,CMP-006740,LIEN_MARK,SUCCESS,36.16,NOT_ACTED
INT-006741,CMP-006741,LIEN_MARK,NO_ACTION,34.45,ACTED
INT-006742,CMP-006742,ACCOUNT_FREEZE,PARTIAL,47.02,ACTED
INT-006743,CMP-006743,JURISDICTION_HANDOFF,SUCCESS,43.14,ALREADY_ACTIONED
INT-006744,CMP-006744,NO_ACTION,NO_ACTION,5.92,ALREADY_ACTIONED
INT-006745,CMP-006745,NO_ACTION,NO_ACTION,32.66,ACTED
INT-006746,CMP-006746,LIEN_MARK,PARTIAL,26.83,OUT_OF_SCOPE
INT-006747,CMP-006747,ENDPOINT_WATCH,PARTIAL,34.28,FALSE_POSITIVE
INT-006748,CMP-006748,JURISDICTION_HANDOFF,PARTIAL,45.88,ALREADY_ACTIONED
INT-006749,CMP-006749,ENDPOINT_WATCH,NO_ACTION,19.28,ACTED
INT-006750,CMP-006750,ENDPOINT_WATCH,SUCCESS,30.52,ALREADY_ACTIONED
INT-006751,CMP-006751,ENDPOINT_WATCH,SUCCESS,46.22,OUT_OF_SCOPE
INT-006752,CMP-006752,LIEN_MARK,PARTIAL,29.06,ACTED
INT-006753,CMP-006753,JURISDICTION_HANDOFF,NO_ACTION,14.68,OUT_OF_SCOPE
INT-006754,CMP-006754,LIEN_MARK,SUCCESS,15.93,ACTED
INT-006755,CMP-006755,LIEN_MARK,PARTIAL,11.27,NOT_ACTED
INT-006756,CMP-006756,ACCOUNT_FREEZE,PARTIAL,38.0,ACTED
INT-006757,CMP-006757,ENDPOINT_WATCH,SUCCESS,29.54,ACTED
INT-006758,CMP-006758,ENDPOINT_WATCH,PARTIAL,30.04,ACTED
INT-006759,CMP-006759,LIEN_MARK,SUCCESS,24.25,OUT_OF_SCOPE
INT-006760,CMP-006760,LIEN_MARK,SUCCESS,20.85,ACTED
INT-006761,CMP-006761,LIEN_MARK,SUCCESS,31.16,NOT_ACTED
INT-006762,CMP-006762,LIEN_MARK,SUCCESS,18.08,ACTED
INT-006763,CMP-006763,ENDPOINT_WATCH,NO_ACTION,14.48,FALSE_POSITIVE
INT-006764,CMP-006764,NO_ACTION,SUCCESS,47.14,ACTED
INT-006765,CMP-006765,NO_ACTION,SUCCESS,17.37,ACTED
INT-006766,CMP-006766,ACCOUNT_FREEZE,SUCCESS,28.78,ALREADY_ACTIONED
INT-006767,CMP-006767,ACCOUNT_FREEZE,PARTIAL,21.74,ALREADY_ACTIONED
INT-006768,CMP-006768,NO_ACTION,SUCCESS,28.62,ACTED
INT-006769,CMP-006769,LIEN_MARK,SUCCESS,43.49,OUT_OF_SCOPE
INT-006770,CMP-006770,NO_ACTION,PARTIAL,10.53,ACTED
INT-006771,CMP-006771,JURISDICTION_HANDOFF,SUCCESS,31.8,ACTED
INT-006772,CMP-006772,ACCOUNT_FREEZE,SUCCESS,31.21,ALREADY_ACTIONED
INT-006773,CMP-006773,LIEN_MARK,SUCCESS,9.92,ALREADY_ACTIONED
INT-006774,CMP-006774,ENDPOINT_WATCH,SUCCESS,32.35,ACTED
INT-006775,CMP-006775,ACCOUNT_FREEZE,NO_ACTION,24.55,ACTED
INT-006776,CMP-006776,LIEN_MARK,SUCCESS,37.19,NOT_ACTED
INT-006777,CMP-006777,ACCOUNT_FREEZE,NO_ACTION,8.3,OUT_OF_SCOPE
INT-006778,CMP-006778,ACCOUNT_FREEZE,SUCCESS,45.05,ACTED
INT-006779,CMP-006779,ACCOUNT_FREEZE,NO_ACTION,9.39,ACTED
INT-006780,CMP-006780,JURISDICTION_HANDOFF,SUCCESS,22.87,ACTED
INT-006781,CMP-006781,LIEN_MARK,PARTIAL,32.44,NOT_ACTED
INT-006782,CMP-006782,JURISDICTION_HANDOFF,SUCCESS,33.67,NOT_ACTED
INT-006783,CMP-006783,LIEN_MARK,SUCCESS,20.97,ALREADY_ACTIONED
INT-006784,CMP-006784,JURISDICTION_HANDOFF,SUCCESS,24.95,FALSE_POSITIVE
INT-006785,CMP-006785,NO_ACTION,PARTIAL,44.82,ACTED
INT-006786,CMP-006786,ENDPOINT_WATCH,SUCCESS,43.29,NOT_ACTED
INT-006787,CMP-006787,ENDPOINT_WATCH,NO_ACTION,19.81,FALSE_POSITIVE
INT-006788,CMP-006788,JURISDICTION_HANDOFF,PARTIAL,10.3,ACTED
INT-006789,CMP-006789,LIEN_MARK,SUCCESS,24.34,NOT_ACTED
INT-006790,CMP-006790,ACCOUNT_FREEZE,NO_ACTION,25.01,NOT_ACTED
INT-006791,CMP-006791,ENDPOINT_WATCH,SUCCESS,29.35,ACTED
INT-006792,CMP-006792,LIEN_MARK,PARTIAL,26.27,ACTED
INT-006793,CMP-006793,JURISDICTION_HANDOFF,SUCCESS,36.68,ACTED
INT-006794,CMP-006794,NO_ACTION,SUCCESS,42.18,ALREADY_ACTIONED
INT-006795,CMP-006795,NO_ACTION,SUCCESS,22.42,FALSE_POSITIVE
INT-006796,CMP-006796,ENDPOINT_WATCH,PARTIAL,10.24,ACTED
INT-006797,CMP-006797,NO_ACTION,SUCCESS,41.97,ALREADY_ACTIONED
INT-006798,CMP-006798,NO_ACTION,SUCCESS,23.61,ACTED
INT-006799,CMP-006799,ENDPOINT_WATCH,SUCCESS,26.65,FALSE_POSITIVE
INT-006800,CMP-006800,JURISDICTION_HANDOFF,PARTIAL,39.78,ALREADY_ACTIONED
INT-006801,CMP-006801,ACCOUNT_FREEZE,PARTIAL,29.2,NOT_ACTED
INT-006802,CMP-006802,LIEN_MARK,SUCCESS,47.52,FALSE_POSITIVE
INT-006803,CMP-006803,ACCOUNT_FREEZE,NO_ACTION,39.73,OUT_OF_SCOPE
INT-006804,CMP-006804,LIEN_MARK,SUCCESS,45.01,ALREADY_ACTIONED
INT-006805,CMP-006805,JURISDICTION_HANDOFF,PARTIAL,13.12,FALSE_POSITIVE
INT-006806,CMP-006806,ACCOUNT_FREEZE,SUCCESS,30.54,ALREADY_ACTIONED
INT-006807,CMP-006807,NO_ACTION,SUCCESS,6.31,OUT_OF_SCOPE
INT-006808,CMP-006808,JURISDICTION_HANDOFF,SUCCESS,45.53,NOT_ACTED
INT-006809,CMP-006809,ACCOUNT_FREEZE,SUCCESS,19.82,ACTED
INT-006810,CMP-006810,ENDPOINT_WATCH,SUCCESS,24.17,ACTED
INT-006811,CMP-006811,JURISDICTION_HANDOFF,PARTIAL,25.86,ALREADY_ACTIONED
INT-006812,CMP-006812,ENDPOINT_WATCH,SUCCESS,19.62,ALREADY_ACTIONED
INT-006813,CMP-006813,JURISDICTION_HANDOFF,PARTIAL,13.88,ACTED
INT-006814,CMP-006814,JURISDICTION_HANDOFF,PARTIAL,28.28,NOT_ACTED
INT-006815,CMP-006815,NO_ACTION,SUCCESS,9.14,FALSE_POSITIVE
INT-006816,CMP-006816,JURISDICTION_HANDOFF,SUCCESS,18.67,ACTED
INT-006817,CMP-006817,ENDPOINT_WATCH,SUCCESS,4.53,ALREADY_ACTIONED
INT-006818,CMP-006818,ACCOUNT_FREEZE,PARTIAL,12.01,FALSE_POSITIVE
INT-006819,CMP-006819,ENDPOINT_WATCH,NO_ACTION,9.7,ACTED
INT-006820,CMP-006820,ENDPOINT_WATCH,SUCCESS,7.66,FALSE_POSITIVE
INT-006821,CMP-006821,NO_ACTION,SUCCESS,7.22,ACTED
INT-006822,CMP-006822,ENDPOINT_WATCH,PARTIAL,46.44,ACTED
INT-006823,CMP-006823,ENDPOINT_WATCH,SUCCESS,26.31,ACTED
INT-006824,CMP-006824,LIEN_MARK,NO_ACTION,41.52,NOT_ACTED
INT-006825,CMP-006825,NO_ACTION,SUCCESS,25.6,ACTED
INT-006826,CMP-006826,ACCOUNT_FREEZE,SUCCESS,37.36,NOT_ACTED
INT-006827,CMP-006827,LIEN_MARK,SUCCESS,44.45,FALSE_POSITIVE
INT-006828,CMP-006828,LIEN_MARK,NO_ACTION,20.97,OUT_OF_SCOPE
INT-006829,CMP-006829,NO_ACTION,SUCCESS,44.97,OUT_OF_SCOPE
INT-006830,CMP-006830,ENDPOINT_WATCH,SUCCESS,17.95,ALREADY_ACTIONED
INT-006831,CMP-006831,JURISDICTION_HANDOFF,SUCCESS,40.55,ACTED
INT-006832,CMP-006832,ENDPOINT_WATCH,SUCCESS,43.27,ACTED
INT-006833,CMP-006833,NO_ACTION,PARTIAL,39.53,ACTED
INT-006834,CMP-006834,ENDPOINT_WATCH,SUCCESS,36.79,ACTED
INT-006835,CMP-006835,NO_ACTION,NO_ACTION,11.54,ACTED
INT-006836,CMP-006836,ACCOUNT_FREEZE,PARTIAL,29.55,ACTED
INT-006837,CMP-006837,NO_ACTION,SUCCESS,24.27,OUT_OF_SCOPE
INT-006838,CMP-006838,JURISDICTION_HANDOFF,SUCCESS,20.31,ACTED
INT-006839,CMP-006839,JURISDICTION_HANDOFF,NO_ACTION,41.1,ACTED
INT-006840,CMP-006840,LIEN_MARK,NO_ACTION,31.45,ACTED
INT-006841,CMP-006841,JURISDICTION_HANDOFF,SUCCESS,16.23,ACTED
INT-006842,CMP-006842,ACCOUNT_FREEZE,SUCCESS,18.6,NOT_ACTED
INT-006843,CMP-006843,ENDPOINT_WATCH,NO_ACTION,41.75,ACTED
INT-006844,CMP-006844,NO_ACTION,PARTIAL,10.73,ACTED
INT-006845,CMP-006845,ENDPOINT_WATCH,SUCCESS,11.08,ACTED
INT-006846,CMP-006846,ACCOUNT_FREEZE,PARTIAL,5.36,NOT_ACTED
INT-006847,CMP-006847,ENDPOINT_WATCH,SUCCESS,42.9,ALREADY_ACTIONED
INT-006848,CMP-006848,LIEN_MARK,SUCCESS,39.97,ALREADY_ACTIONED
INT-006849,CMP-006849,NO_ACTION,SUCCESS,32.67,ACTED
INT-006850,CMP-006850,LIEN_MARK,SUCCESS,14.48,ACTED
INT-006851,CMP-006851,JURISDICTION_HANDOFF,SUCCESS,22.56,ACTED
INT-006852,CMP-006852,NO_ACTION,NO_ACTION,17.95,FALSE_POSITIVE
INT-006853,CMP-006853,NO_ACTION,PARTIAL,45.9,ACTED
INT-006854,CMP-006854,JURISDICTION_HANDOFF,SUCCESS,23.45,ACTED
INT-006855,CMP-006855,ENDPOINT_WATCH,SUCCESS,5.91,ALREADY_ACTIONED
INT-006856,CMP-006856,NO_ACTION,SUCCESS,38.19,NOT_ACTED
INT-006857,CMP-006857,LIEN_MARK,SUCCESS,46.87,ACTED
INT-006858,CMP-006858,JURISDICTION_HANDOFF,PARTIAL,33.72,OUT_OF_SCOPE
INT-006859,CMP-006859,ENDPOINT_WATCH,PARTIAL,18.45,ACTED
INT-006860,CMP-006860,JURISDICTION_HANDOFF,SUCCESS,39.85,ACTED
INT-006861,CMP-006861,NO_ACTION,PARTIAL,17.15,NOT_ACTED
INT-006862,CMP-006862,ACCOUNT_FREEZE,SUCCESS,4.21,ACTED
INT-006863,CMP-006863,ENDPOINT_WATCH,PARTIAL,3.93,OUT_OF_SCOPE
INT-006864,CMP-006864,ENDPOINT_WATCH,NO_ACTION,38.84,ACTED
INT-006865,CMP-006865,JURISDICTION_HANDOFF,PARTIAL,47.48,ALREADY_ACTIONED
INT-006866,CMP-006866,NO_ACTION,PARTIAL,29.17,NOT_ACTED
INT-006867,CMP-006867,ENDPOINT_WATCH,SUCCESS,5.5,ALREADY_ACTIONED
INT-006868,CMP-006868,NO_ACTION,PARTIAL,47.5,ACTED
INT-006869,CMP-006869,NO_ACTION,SUCCESS,25.49,FALSE_POSITIVE
INT-006870,CMP-006870,LIEN_MARK,PARTIAL,26.47,ACTED
INT-006871,CMP-006871,ACCOUNT_FREEZE,SUCCESS,34.87,ALREADY_ACTIONED
INT-006872,CMP-006872,NO_ACTION,SUCCESS,5.0,OUT_OF_SCOPE
INT-006873,CMP-006873,LIEN_MARK,SUCCESS,6.65,NOT_ACTED
INT-006874,CMP-006874,LIEN_MARK,NO_ACTION,45.83,ALREADY_ACTIONED
INT-006875,CMP-006875,JURISDICTION_HANDOFF,SUCCESS,27.55,NOT_ACTED
INT-006876,CMP-006876,ACCOUNT_FREEZE,NO_ACTION,26.76,ALREADY_ACTIONED
INT-006877,CMP-006877,ENDPOINT_WATCH,SUCCESS,31.59,ACTED
INT-006878,CMP-006878,ENDPOINT_WATCH,SUCCESS,46.92,ACTED
INT-006879,CMP-006879,NO_ACTION,SUCCESS,21.96,ACTED
INT-006880,CMP-006880,LIEN_MARK,PARTIAL,47.13,ALREADY_ACTIONED
INT-006881,CMP-006881,ACCOUNT_FREEZE,SUCCESS,16.66,OUT_OF_SCOPE
INT-006882,CMP-006882,NO_ACTION,SUCCESS,9.96,NOT_ACTED
INT-006883,CMP-006883,NO_ACTION,NO_ACTION,41.52,ACTED
INT-006884,CMP-006884,ACCOUNT_FREEZE,NO_ACTION,28.57,FALSE_POSITIVE
INT-006885,CMP-006885,ACCOUNT_FREEZE,NO_ACTION,46.29,OUT_OF_SCOPE
INT-006886,CMP-006886,NO_ACTION,SUCCESS,6.2,NOT_ACTED
INT-006887,CMP-006887,LIEN_MARK,SUCCESS,45.06,ACTED
INT-006888,CMP-006888,ENDPOINT_WATCH,NO_ACTION,37.16,ALREADY_ACTIONED
INT-006889,CMP-006889,LIEN_MARK,NO_ACTION,8.79,ACTED
INT-006890,CMP-006890,JURISDICTION_HANDOFF,PARTIAL,12.7,ACTED
INT-006891,CMP-006891,ACCOUNT_FREEZE,SUCCESS,40.14,ACTED
INT-006892,CMP-006892,NO_ACTION,NO_ACTION,46.99,ALREADY_ACTIONED
INT-006893,CMP-006893,JURISDICTION_HANDOFF,NO_ACTION,40.12,ACTED
INT-006894,CMP-006894,ACCOUNT_FREEZE,SUCCESS,36.23,ACTED
INT-006895,CMP-006895,NO_ACTION,SUCCESS,28.39,ACTED
INT-006896,CMP-006896,LIEN_MARK,NO_ACTION,10.14,ACTED
INT-006897,CMP-006897,ACCOUNT_FREEZE,SUCCESS,41.27,ACTED
INT-006898,CMP-006898,LIEN_MARK,SUCCESS,7.23,OUT_OF_SCOPE
INT-006899,CMP-006899,LIEN_MARK,NO_ACTION,17.55,ALREADY_ACTIONED
INT-006900,CMP-006900,JURISDICTION_HANDOFF,SUCCESS,47.09,NOT_ACTED
INT-006901,CMP-006901,LIEN_MARK,PARTIAL,40.08,NOT_ACTED
INT-006902,CMP-006902,ENDPOINT_WATCH,SUCCESS,4.87,ACTED
INT-006903,CMP-006903,ACCOUNT_FREEZE,NO_ACTION,38.67,ACTED
INT-006904,CMP-006904,ENDPOINT_WATCH,SUCCESS,42.31,ALREADY_ACTIONED
INT-006905,CMP-006905,NO_ACTION,SUCCESS,16.63,ACTED
INT-006906,CMP-006906,ACCOUNT_FREEZE,PARTIAL,28.15,ACTED
INT-006907,CMP-006907,ENDPOINT_WATCH,SUCCESS,13.22,ACTED
INT-006908,CMP-006908,LIEN_MARK,PARTIAL,32.72,NOT_ACTED
INT-006909,CMP-006909,LIEN_MARK,PARTIAL,21.06,ACTED
INT-006910,CMP-006910,JURISDICTION_HANDOFF,SUCCESS,11.76,NOT_ACTED
INT-006911,CMP-006911,ENDPOINT_WATCH,PARTIAL,18.44,ACTED
INT-006912,CMP-006912,JURISDICTION_HANDOFF,SUCCESS,9.83,ACTED
INT-006913,CMP-006913,JURISDICTION_HANDOFF,SUCCESS,33.63,ACTED
INT-006914,CMP-006914,ACCOUNT_FREEZE,NO_ACTION,40.33,ACTED
INT-006915,CMP-006915,ACCOUNT_FREEZE,SUCCESS,9.39,NOT_ACTED
INT-006916,CMP-006916,ENDPOINT_WATCH,PARTIAL,17.32,FALSE_POSITIVE
INT-006917,CMP-006917,ACCOUNT_FREEZE,PARTIAL,29.01,NOT_ACTED
INT-006918,CMP-006918,ENDPOINT_WATCH,PARTIAL,14.7,ACTED
INT-006919,CMP-006919,ACCOUNT_FREEZE,SUCCESS,29.21,ACTED
INT-006920,CMP-006920,LIEN_MARK,SUCCESS,10.63,ACTED
INT-006921,CMP-006921,ACCOUNT_FREEZE,NO_ACTION,13.29,ACTED
INT-006922,CMP-006922,ENDPOINT_WATCH,PARTIAL,12.78,FALSE_POSITIVE
INT-006923,CMP-006923,LIEN_MARK,SUCCESS,12.38,NOT_ACTED
INT-006924,CMP-006924,ACCOUNT_FREEZE,NO_ACTION,18.9,FALSE_POSITIVE
INT-006925,CMP-006925,NO_ACTION,PARTIAL,37.9,NOT_ACTED
INT-006926,CMP-006926,ACCOUNT_FREEZE,PARTIAL,33.86,ALREADY_ACTIONED
INT-006927,CMP-006927,ENDPOINT_WATCH,SUCCESS,40.09,NOT_ACTED
INT-006928,CMP-006928,LIEN_MARK,SUCCESS,34.03,ACTED
INT-006929,CMP-006929,ACCOUNT_FREEZE,SUCCESS,40.33,ACTED
INT-006930,CMP-006930,ACCOUNT_FREEZE,NO_ACTION,33.59,NOT_ACTED
INT-006931,CMP-006931,LIEN_MARK,SUCCESS,28.18,ACTED
INT-006932,CMP-006932,LIEN_MARK,SUCCESS,47.0,ACTED
INT-006933,CMP-006933,ACCOUNT_FREEZE,SUCCESS,9.26,ACTED
INT-006934,CMP-006934,LIEN_MARK,SUCCESS,41.34,ACTED
INT-006935,CMP-006935,ENDPOINT_WATCH,SUCCESS,30.9,ACTED
INT-006936,CMP-006936,ACCOUNT_FREEZE,PARTIAL,39.86,FALSE_POSITIVE
INT-006937,CMP-006937,JURISDICTION_HANDOFF,PARTIAL,5.22,FALSE_POSITIVE
INT-006938,CMP-006938,LIEN_MARK,SUCCESS,45.72,FALSE_POSITIVE
INT-006939,CMP-006939,ENDPOINT_WATCH,NO_ACTION,29.77,ACTED
INT-006940,CMP-006940,JURISDICTION_HANDOFF,PARTIAL,29.66,ACTED
INT-006941,CMP-006941,ACCOUNT_FREEZE,SUCCESS,18.69,ACTED
INT-006942,CMP-006942,ENDPOINT_WATCH,SUCCESS,7.51,ACTED
INT-006943,CMP-006943,ENDPOINT_WATCH,SUCCESS,31.55,ACTED
INT-006944,CMP-006944,ENDPOINT_WATCH,PARTIAL,12.15,NOT_ACTED
INT-006945,CMP-006945,ACCOUNT_FREEZE,SUCCESS,6.46,NOT_ACTED
INT-006946,CMP-006946,JURISDICTION_HANDOFF,PARTIAL,29.44,ALREADY_ACTIONED
INT-006947,CMP-006947,ACCOUNT_FREEZE,SUCCESS,41.62,ALREADY_ACTIONED
INT-006948,CMP-006948,ACCOUNT_FREEZE,SUCCESS,45.86,NOT_ACTED
INT-006949,CMP-006949,ACCOUNT_FREEZE,SUCCESS,8.06,ACTED
INT-006950,CMP-006950,ENDPOINT_WATCH,NO_ACTION,27.06,ALREADY_ACTIONED
INT-006951,CMP-006951,JURISDICTION_HANDOFF,SUCCESS,36.44,ACTED
INT-006952,CMP-006952,NO_ACTION,SUCCESS,31.2,FALSE_POSITIVE
INT-006953,CMP-006953,ENDPOINT_WATCH,SUCCESS,11.8,NOT_ACTED
INT-006954,CMP-006954,LIEN_MARK,PARTIAL,41.09,ACTED
INT-006955,CMP-006955,NO_ACTION,SUCCESS,39.91,NOT_ACTED
INT-006956,CMP-006956,ENDPOINT_WATCH,SUCCESS,32.86,ACTED
INT-006957,CMP-006957,LIEN_MARK,SUCCESS,34.71,ACTED
INT-006958,CMP-006958,LIEN_MARK,NO_ACTION,10.54,FALSE_POSITIVE
INT-006959,CMP-006959,LIEN_MARK,PARTIAL,20.79,NOT_ACTED
INT-006960,CMP-006960,ACCOUNT_FREEZE,SUCCESS,36.92,ALREADY_ACTIONED
INT-006961,CMP-006961,JURISDICTION_HANDOFF,SUCCESS,23.24,FALSE_POSITIVE
INT-006962,CMP-006962,ACCOUNT_FREEZE,SUCCESS,42.31,ACTED
INT-006963,CMP-006963,JURISDICTION_HANDOFF,SUCCESS,41.33,ALREADY_ACTIONED
INT-006964,CMP-006964,ENDPOINT_WATCH,SUCCESS,3.25,ALREADY_ACTIONED
INT-006965,CMP-006965,ACCOUNT_FREEZE,SUCCESS,11.18,FALSE_POSITIVE
INT-006966,CMP-006966,ACCOUNT_FREEZE,SUCCESS,20.61,ALREADY_ACTIONED
INT-006967,CMP-006967,ACCOUNT_FREEZE,SUCCESS,21.35,NOT_ACTED
INT-006968,CMP-006968,ENDPOINT_WATCH,SUCCESS,22.23,ACTED
INT-006969,CMP-006969,ACCOUNT_FREEZE,SUCCESS,6.97,ACTED
INT-006970,CMP-006970,JURISDICTION_HANDOFF,SUCCESS,26.45,NOT_ACTED
INT-006971,CMP-006971,LIEN_MARK,NO_ACTION,14.53,ACTED
INT-006972,CMP-006972,ENDPOINT_WATCH,SUCCESS,16.68,ALREADY_ACTIONED
INT-006973,CMP-006973,JURISDICTION_HANDOFF,PARTIAL,35.13,ACTED
INT-006974,CMP-006974,JURISDICTION_HANDOFF,SUCCESS,16.36,ACTED
INT-006975,CMP-006975,JURISDICTION_HANDOFF,PARTIAL,19.3,NOT_ACTED
INT-006976,CMP-006976,ACCOUNT_FREEZE,NO_ACTION,20.81,NOT_ACTED
INT-006977,CMP-006977,LIEN_MARK,SUCCESS,24.36,FALSE_POSITIVE
INT-006978,CMP-006978,NO_ACTION,NO_ACTION,5.59,FALSE_POSITIVE
INT-006979,CMP-006979,ACCOUNT_FREEZE,SUCCESS,46.82,OUT_OF_SCOPE
INT-006980,CMP-006980,ENDPOINT_WATCH,SUCCESS,28.21,OUT_OF_SCOPE
INT-006981,CMP-006981,JURISDICTION_HANDOFF,SUCCESS,6.17,OUT_OF_SCOPE
INT-006982,CMP-006982,JURISDICTION_HANDOFF,NO_ACTION,18.67,ALREADY_ACTIONED
INT-006983,CMP-006983,LIEN_MARK,SUCCESS,19.78,OUT_OF_SCOPE
INT-006984,CMP-006984,ENDPOINT_WATCH,SUCCESS,43.19,ACTED
INT-006985,CMP-006985,ENDPOINT_WATCH,SUCCESS,45.75,NOT_ACTED
INT-006986,CMP-006986,LIEN_MARK,PARTIAL,10.32,ACTED
INT-006987,CMP-006987,JURISDICTION_HANDOFF,SUCCESS,17.8,ALREADY_ACTIONED
INT-006988,CMP-006988,ACCOUNT_FREEZE,SUCCESS,32.63,NOT_ACTED
INT-006989,CMP-006989,NO_ACTION,NO_ACTION,39.8,NOT_ACTED
INT-006990,CMP-006990,LIEN_MARK,SUCCESS,18.84,FALSE_POSITIVE
INT-006991,CMP-006991,JURISDICTION_HANDOFF,NO_ACTION,4.27,ALREADY_ACTIONED
INT-006992,CMP-006992,NO_ACTION,SUCCESS,10.98,ALREADY_ACTIONED
INT-006993,CMP-006993,ACCOUNT_FREEZE,NO_ACTION,29.85,ACTED
INT-006994,CMP-006994,ACCOUNT_FREEZE,SUCCESS,29.02,ACTED
INT-006995,CMP-006995,ENDPOINT_WATCH,PARTIAL,19.01,ALREADY_ACTIONED
INT-006996,CMP-006996,ACCOUNT_FREEZE,SUCCESS,36.29,OUT_OF_SCOPE
INT-006997,CMP-006997,ACCOUNT_FREEZE,SUCCESS,19.85,NOT_ACTED
INT-006998,CMP-006998,ACCOUNT_FREEZE,NO_ACTION,12.01,OUT_OF_SCOPE
INT-006999,CMP-006999,ENDPOINT_WATCH,SUCCESS,34.31,ACTED
INT-007000,CMP-007000,ENDPOINT_WATCH,SUCCESS,18.23,FALSE_POSITIVE
INT-007001,CMP-007001,ACCOUNT_FREEZE,SUCCESS,37.25,ALREADY_ACTIONED
INT-007002,CMP-007002,LIEN_MARK,SUCCESS,14.48,ACTED
INT-007003,CMP-007003,ACCOUNT_FREEZE,SUCCESS,10.73,ACTED
INT-007004,CMP-007004,ENDPOINT_WATCH,SUCCESS,7.05,ACTED
INT-007005,CMP-007005,NO_ACTION,SUCCESS,21.58,NOT_ACTED
INT-007006,CMP-007006,JURISDICTION_HANDOFF,SUCCESS,8.46,ACTED
INT-007007,CMP-007007,NO_ACTION,SUCCESS,19.85,ACTED
INT-007008,CMP-007008,NO_ACTION,NO_ACTION,41.6,ACTED
INT-007009,CMP-007009,LIEN_MARK,SUCCESS,35.5,ALREADY_ACTIONED
INT-007010,CMP-007010,JURISDICTION_HANDOFF,SUCCESS,32.29,FALSE_POSITIVE
INT-007011,CMP-007011,LIEN_MARK,SUCCESS,14.52,NOT_ACTED
INT-007012,CMP-007012,LIEN_MARK,PARTIAL,23.02,ALREADY_ACTIONED
INT-007013,CMP-007013,ACCOUNT_FREEZE,PARTIAL,12.27,ALREADY_ACTIONED
INT-007014,CMP-007014,ENDPOINT_WATCH,SUCCESS,16.28,ACTED
INT-007015,CMP-007015,JURISDICTION_HANDOFF,SUCCESS,16.71,ACTED
INT-007016,CMP-007016,ACCOUNT_FREEZE,SUCCESS,19.75,NOT_ACTED
INT-007017,CMP-007017,ENDPOINT_WATCH,PARTIAL,13.78,OUT_OF_SCOPE
INT-007018,CMP-007018,LIEN_MARK,PARTIAL,3.12,NOT_ACTED
INT-007019,CMP-007019,LIEN_MARK,PARTIAL,16.7,ALREADY_ACTIONED
INT-007020,CMP-007020,JURISDICTION_HANDOFF,SUCCESS,35.83,ACTED
INT-007021,CMP-007021,NO_ACTION,PARTIAL,14.69,NOT_ACTED
INT-007022,CMP-007022,NO_ACTION,NO_ACTION,13.47,ACTED
INT-007023,CMP-007023,LIEN_MARK,NO_ACTION,16.87,ALREADY_ACTIONED
INT-007024,CMP-007024,ENDPOINT_WATCH,PARTIAL,16.92,FALSE_POSITIVE
INT-007025,CMP-007025,LIEN_MARK,NO_ACTION,3.48,ALREADY_ACTIONED
INT-007026,CMP-007026,NO_ACTION,SUCCESS,16.6,ACTED
INT-007027,CMP-007027,ENDPOINT_WATCH,SUCCESS,40.32,ACTED
INT-007028,CMP-007028,JURISDICTION_HANDOFF,SUCCESS,19.43,ACTED
INT-007029,CMP-007029,NO_ACTION,NO_ACTION,24.16,ACTED
INT-007030,CMP-007030,ENDPOINT_WATCH,SUCCESS,15.15,ACTED
INT-007031,CMP-007031,LIEN_MARK,PARTIAL,43.53,ACTED
INT-007032,CMP-007032,JURISDICTION_HANDOFF,PARTIAL,41.67,ACTED
INT-007033,CMP-007033,LIEN_MARK,SUCCESS,43.65,NOT_ACTED
INT-007034,CMP-007034,ENDPOINT_WATCH,SUCCESS,4.64,ACTED
INT-007035,CMP-007035,LIEN_MARK,SUCCESS,30.54,ACTED
INT-007036,CMP-007036,ACCOUNT_FREEZE,SUCCESS,16.51,OUT_OF_SCOPE
INT-007037,CMP-007037,ACCOUNT_FREEZE,NO_ACTION,36.78,ACTED
INT-007038,CMP-007038,ACCOUNT_FREEZE,NO_ACTION,32.02,ALREADY_ACTIONED
INT-007039,CMP-007039,JURISDICTION_HANDOFF,SUCCESS,29.88,NOT_ACTED
INT-007040,CMP-007040,NO_ACTION,SUCCESS,19.88,ACTED
INT-007041,CMP-007041,ENDPOINT_WATCH,SUCCESS,31.27,NOT_ACTED
INT-007042,CMP-007042,JURISDICTION_HANDOFF,SUCCESS,23.96,ACTED
INT-007043,CMP-007043,ACCOUNT_FREEZE,SUCCESS,16.04,ACTED
INT-007044,CMP-007044,JURISDICTION_HANDOFF,SUCCESS,19.75,ACTED
INT-007045,CMP-007045,ENDPOINT_WATCH,SUCCESS,42.05,NOT_ACTED
INT-007046,CMP-007046,LIEN_MARK,SUCCESS,39.44,FALSE_POSITIVE
INT-007047,CMP-007047,LIEN_MARK,NO_ACTION,44.31,ACTED
INT-007048,CMP-007048,JURISDICTION_HANDOFF,SUCCESS,18.35,FALSE_POSITIVE
INT-007049,CMP-007049,JURISDICTION_HANDOFF,SUCCESS,28.67,FALSE_POSITIVE
INT-007050,CMP-007050,ENDPOINT_WATCH,SUCCESS,25.79,NOT_ACTED
INT-007051,CMP-007051,ENDPOINT_WATCH,SUCCESS,28.52,ACTED
INT-007052,CMP-007052,LIEN_MARK,PARTIAL,11.23,ACTED
INT-007053,CMP-007053,ENDPOINT_WATCH,SUCCESS,26.4,OUT_OF_SCOPE
INT-007054,CMP-007054,ENDPOINT_WATCH,PARTIAL,25.64,NOT_ACTED
INT-007055,CMP-007055,ACCOUNT_FREEZE,NO_ACTION,31.08,ACTED
INT-007056,CMP-007056,ENDPOINT_WATCH,SUCCESS,37.63,ACTED
INT-007057,CMP-007057,ENDPOINT_WATCH,SUCCESS,8.27,ALREADY_ACTIONED
INT-007058,CMP-007058,ENDPOINT_WATCH,SUCCESS,43.45,ALREADY_ACTIONED
INT-007059,CMP-007059,ENDPOINT_WATCH,NO_ACTION,25.67,ACTED
INT-007060,CMP-007060,ACCOUNT_FREEZE,SUCCESS,22.69,NOT_ACTED
INT-007061,CMP-007061,ENDPOINT_WATCH,SUCCESS,3.49,ACTED
INT-007062,CMP-007062,ENDPOINT_WATCH,SUCCESS,37.96,ACTED
INT-007063,CMP-007063,NO_ACTION,PARTIAL,28.16,ALREADY_ACTIONED
INT-007064,CMP-007064,ENDPOINT_WATCH,SUCCESS,29.32,FALSE_POSITIVE
INT-007065,CMP-007065,JURISDICTION_HANDOFF,SUCCESS,41.78,ACTED
INT-007066,CMP-007066,LIEN_MARK,PARTIAL,10.2,ACTED
INT-007067,CMP-007067,ACCOUNT_FREEZE,NO_ACTION,39.35,ACTED
INT-007068,CMP-007068,JURISDICTION_HANDOFF,NO_ACTION,40.34,ACTED
INT-007069,CMP-007069,NO_ACTION,NO_ACTION,22.95,ACTED
INT-007070,CMP-007070,NO_ACTION,PARTIAL,27.12,ALREADY_ACTIONED
INT-007071,CMP-007071,ENDPOINT_WATCH,PARTIAL,43.89,ACTED
INT-007072,CMP-007072,ACCOUNT_FREEZE,PARTIAL,45.79,NOT_ACTED
INT-007073,CMP-007073,ACCOUNT_FREEZE,SUCCESS,7.27,FALSE_POSITIVE
INT-007074,CMP-007074,LIEN_MARK,SUCCESS,42.92,ACTED
INT-007075,CMP-007075,ENDPOINT_WATCH,SUCCESS,30.35,ACTED
INT-007076,CMP-007076,LIEN_MARK,SUCCESS,39.64,ALREADY_ACTIONED
INT-007077,CMP-007077,ACCOUNT_FREEZE,PARTIAL,4.5,ACTED
INT-007078,CMP-007078,NO_ACTION,SUCCESS,9.01,ACTED
INT-007079,CMP-007079,LIEN_MARK,SUCCESS,3.29,ACTED
INT-007080,CMP-007080,LIEN_MARK,PARTIAL,44.4,ALREADY_ACTIONED
INT-007081,CMP-007081,LIEN_MARK,NO_ACTION,13.84,FALSE_POSITIVE
INT-007082,CMP-007082,ACCOUNT_FREEZE,NO_ACTION,4.01,ACTED
INT-007083,CMP-007083,ENDPOINT_WATCH,SUCCESS,12.58,ACTED
INT-007084,CMP-007084,ACCOUNT_FREEZE,SUCCESS,7.15,ACTED
INT-007085,CMP-007085,ACCOUNT_FREEZE,SUCCESS,27.58,ACTED
INT-007086,CMP-007086,JURISDICTION_HANDOFF,SUCCESS,11.06,NOT_ACTED
INT-007087,CMP-007087,ENDPOINT_WATCH,SUCCESS,22.47,ALREADY_ACTIONED
INT-007088,CMP-007088,ENDPOINT_WATCH,NO_ACTION,38.26,NOT_ACTED
INT-007089,CMP-007089,ACCOUNT_FREEZE,PARTIAL,25.14,ACTED
INT-007090,CMP-007090,ACCOUNT_FREEZE,SUCCESS,19.45,ACTED
INT-007091,CMP-007091,LIEN_MARK,PARTIAL,8.37,ACTED
INT-007092,CMP-007092,ACCOUNT_FREEZE,NO_ACTION,9.63,NOT_ACTED
INT-007093,CMP-007093,LIEN_MARK,PARTIAL,35.34,ACTED
INT-007094,CMP-007094,ACCOUNT_FREEZE,SUCCESS,38.79,NOT_ACTED
INT-007095,CMP-007095,LIEN_MARK,PARTIAL,38.51,NOT_ACTED
INT-007096,CMP-007096,NO_ACTION,SUCCESS,14.06,FALSE_POSITIVE
INT-007097,CMP-007097,ACCOUNT_FREEZE,PARTIAL,19.8,ACTED
INT-007098,CMP-007098,ENDPOINT_WATCH,NO_ACTION,32.41,ACTED
INT-007099,CMP-007099,NO_ACTION,SUCCESS,28.45,ACTED
INT-007100,CMP-007100,LIEN_MARK,PARTIAL,47.09,ACTED
INT-007101,CMP-007101,NO_ACTION,SUCCESS,16.18,NOT_ACTED
INT-007102,CMP-007102,ACCOUNT_FREEZE,PARTIAL,36.5,NOT_ACTED
INT-007103,CMP-007103,JURISDICTION_HANDOFF,PARTIAL,7.17,OUT_OF_SCOPE
INT-007104,CMP-007104,JURISDICTION_HANDOFF,SUCCESS,47.92,NOT_ACTED
INT-007105,CMP-007105,NO_ACTION,NO_ACTION,20.6,ACTED
INT-007106,CMP-007106,NO_ACTION,PARTIAL,41.93,ACTED
INT-007107,CMP-007107,JURISDICTION_HANDOFF,NO_ACTION,45.82,OUT_OF_SCOPE
INT-007108,CMP-007108,NO_ACTION,SUCCESS,31.49,ALREADY_ACTIONED
INT-007109,CMP-007109,JURISDICTION_HANDOFF,SUCCESS,21.6,ACTED
INT-007110,CMP-007110,ENDPOINT_WATCH,SUCCESS,21.66,NOT_ACTED
INT-007111,CMP-007111,ACCOUNT_FREEZE,NO_ACTION,35.56,NOT_ACTED
INT-007112,CMP-007112,NO_ACTION,SUCCESS,24.34,ALREADY_ACTIONED
INT-007113,CMP-007113,JURISDICTION_HANDOFF,SUCCESS,9.07,ACTED
INT-007114,CMP-007114,JURISDICTION_HANDOFF,NO_ACTION,39.54,FALSE_POSITIVE
INT-007115,CMP-007115,NO_ACTION,SUCCESS,37.33,OUT_OF_SCOPE
INT-007116,CMP-007116,JURISDICTION_HANDOFF,NO_ACTION,3.22,ACTED
INT-007117,CMP-007117,ENDPOINT_WATCH,NO_ACTION,39.72,OUT_OF_SCOPE
INT-007118,CMP-007118,JURISDICTION_HANDOFF,SUCCESS,19.99,NOT_ACTED
INT-007119,CMP-007119,JURISDICTION_HANDOFF,SUCCESS,17.17,FALSE_POSITIVE
INT-007120,CMP-007120,LIEN_MARK,SUCCESS,25.05,FALSE_POSITIVE
INT-007121,CMP-007121,ACCOUNT_FREEZE,SUCCESS,14.51,OUT_OF_SCOPE
INT-007122,CMP-007122,ENDPOINT_WATCH,SUCCESS,28.93,FALSE_POSITIVE
INT-007123,CMP-007123,LIEN_MARK,NO_ACTION,42.56,FALSE_POSITIVE
INT-007124,CMP-007124,LIEN_MARK,SUCCESS,32.32,ALREADY_ACTIONED
INT-007125,CMP-007125,NO_ACTION,SUCCESS,45.93,NOT_ACTED
INT-007126,CMP-007126,ACCOUNT_FREEZE,SUCCESS,13.4,FALSE_POSITIVE
INT-007127,CMP-007127,ACCOUNT_FREEZE,SUCCESS,16.69,ACTED
INT-007128,CMP-007128,NO_ACTION,SUCCESS,9.74,ACTED
INT-007129,CMP-007129,NO_ACTION,NO_ACTION,28.78,ACTED
INT-007130,CMP-007130,NO_ACTION,SUCCESS,32.93,OUT_OF_SCOPE
INT-007131,CMP-007131,LIEN_MARK,PARTIAL,21.12,ACTED
INT-007132,CMP-007132,ENDPOINT_WATCH,SUCCESS,6.68,NOT_ACTED
INT-007133,CMP-007133,ENDPOINT_WATCH,SUCCESS,13.66,ALREADY_ACTIONED
INT-007134,CMP-007134,ACCOUNT_FREEZE,NO_ACTION,19.45,ACTED
INT-007135,CMP-007135,LIEN_MARK,SUCCESS,38.28,NOT_ACTED
INT-007136,CMP-007136,ACCOUNT_FREEZE,SUCCESS,23.15,ACTED
INT-007137,CMP-007137,ENDPOINT_WATCH,NO_ACTION,42.3,NOT_ACTED
INT-007138,CMP-007138,ENDPOINT_WATCH,NO_ACTION,46.12,ACTED
INT-007139,CMP-007139,LIEN_MARK,SUCCESS,45.11,NOT_ACTED
INT-007140,CMP-007140,NO_ACTION,SUCCESS,10.2,FALSE_POSITIVE
INT-007141,CMP-007141,LIEN_MARK,SUCCESS,33.17,OUT_OF_SCOPE
INT-007142,CMP-007142,ENDPOINT_WATCH,NO_ACTION,14.12,ACTED
INT-007143,CMP-007143,ENDPOINT_WATCH,SUCCESS,47.59,OUT_OF_SCOPE
INT-007144,CMP-007144,ENDPOINT_WATCH,SUCCESS,26.91,NOT_ACTED
INT-007145,CMP-007145,ACCOUNT_FREEZE,SUCCESS,21.93,ACTED
INT-007146,CMP-007146,LIEN_MARK,NO_ACTION,47.11,NOT_ACTED
INT-007147,CMP-007147,JURISDICTION_HANDOFF,SUCCESS,43.4,ALREADY_ACTIONED
INT-007148,CMP-007148,NO_ACTION,NO_ACTION,7.05,ACTED
INT-007149,CMP-007149,LIEN_MARK,NO_ACTION,41.57,ACTED
INT-007150,CMP-007150,JURISDICTION_HANDOFF,SUCCESS,8.53,ALREADY_ACTIONED
INT-007151,CMP-007151,ENDPOINT_WATCH,NO_ACTION,30.96,ACTED
INT-007152,CMP-007152,ENDPOINT_WATCH,NO_ACTION,15.81,ALREADY_ACTIONED
INT-007153,CMP-007153,ACCOUNT_FREEZE,PARTIAL,34.62,ACTED
INT-007154,CMP-007154,NO_ACTION,PARTIAL,35.59,ALREADY_ACTIONED
INT-007155,CMP-007155,JURISDICTION_HANDOFF,SUCCESS,30.1,ALREADY_ACTIONED
INT-007156,CMP-007156,ENDPOINT_WATCH,SUCCESS,42.06,ACTED
INT-007157,CMP-007157,JURISDICTION_HANDOFF,NO_ACTION,15.07,NOT_ACTED
INT-007158,CMP-007158,ACCOUNT_FREEZE,SUCCESS,37.51,ACTED
INT-007159,CMP-007159,NO_ACTION,SUCCESS,4.36,ACTED
INT-007160,CMP-007160,ENDPOINT_WATCH,SUCCESS,23.01,OUT_OF_SCOPE
INT-007161,CMP-007161,ENDPOINT_WATCH,SUCCESS,33.29,FALSE_POSITIVE
INT-007162,CMP-007162,ACCOUNT_FREEZE,NO_ACTION,22.72,NOT_ACTED
INT-007163,CMP-007163,NO_ACTION,NO_ACTION,11.88,FALSE_POSITIVE
INT-007164,CMP-007164,NO_ACTION,NO_ACTION,11.91,ACTED
INT-007165,CMP-007165,ENDPOINT_WATCH,SUCCESS,17.89,ALREADY_ACTIONED
INT-007166,CMP-007166,ACCOUNT_FREEZE,PARTIAL,38.41,ACTED
INT-007167,CMP-007167,ENDPOINT_WATCH,NO_ACTION,20.53,FALSE_POSITIVE
INT-007168,CMP-007168,JURISDICTION_HANDOFF,NO_ACTION,45.41,ACTED
INT-007169,CMP-007169,ENDPOINT_WATCH,SUCCESS,41.58,ACTED
INT-007170,CMP-007170,ACCOUNT_FREEZE,SUCCESS,8.01,FALSE_POSITIVE
INT-007171,CMP-007171,NO_ACTION,SUCCESS,47.38,ACTED
INT-007172,CMP-007172,ACCOUNT_FREEZE,SUCCESS,25.52,ACTED
INT-007173,CMP-007173,ACCOUNT_FREEZE,SUCCESS,27.05,ALREADY_ACTIONED
INT-007174,CMP-007174,LIEN_MARK,NO_ACTION,35.68,ALREADY_ACTIONED
INT-007175,CMP-007175,ACCOUNT_FREEZE,SUCCESS,11.26,ACTED
INT-007176,CMP-007176,LIEN_MARK,SUCCESS,41.51,OUT_OF_SCOPE
INT-007177,CMP-007177,ACCOUNT_FREEZE,SUCCESS,30.92,ACTED
INT-007178,CMP-007178,ACCOUNT_FREEZE,PARTIAL,41.06,OUT_OF_SCOPE
INT-007179,CMP-007179,JURISDICTION_HANDOFF,NO_ACTION,19.55,ALREADY_ACTIONED
INT-007180,CMP-007180,NO_ACTION,SUCCESS,14.04,ACTED
INT-007181,CMP-007181,ACCOUNT_FREEZE,PARTIAL,43.11,NOT_ACTED
INT-007182,CMP-007182,LIEN_MARK,NO_ACTION,43.38,ACTED
INT-007183,CMP-007183,ENDPOINT_WATCH,SUCCESS,43.99,NOT_ACTED
INT-007184,CMP-007184,NO_ACTION,SUCCESS,35.14,NOT_ACTED
INT-007185,CMP-007185,ACCOUNT_FREEZE,SUCCESS,47.52,ALREADY_ACTIONED
INT-007186,CMP-007186,JURISDICTION_HANDOFF,SUCCESS,21.73,ACTED
INT-007187,CMP-007187,NO_ACTION,SUCCESS,19.99,ALREADY_ACTIONED
INT-007188,CMP-007188,ACCOUNT_FREEZE,NO_ACTION,22.49,FALSE_POSITIVE
INT-007189,CMP-007189,ENDPOINT_WATCH,NO_ACTION,38.19,NOT_ACTED
INT-007190,CMP-007190,NO_ACTION,SUCCESS,42.26,FALSE_POSITIVE
INT-007191,CMP-007191,ENDPOINT_WATCH,SUCCESS,39.46,OUT_OF_SCOPE
INT-007192,CMP-007192,NO_ACTION,NO_ACTION,13.91,FALSE_POSITIVE
INT-007193,CMP-007193,LIEN_MARK,SUCCESS,41.11,OUT_OF_SCOPE
INT-007194,CMP-007194,LIEN_MARK,NO_ACTION,8.78,ACTED
INT-007195,CMP-007195,ENDPOINT_WATCH,SUCCESS,17.4,ACTED
INT-007196,CMP-007196,ENDPOINT_WATCH,NO_ACTION,13.99,ACTED
INT-007197,CMP-007197,LIEN_MARK,SUCCESS,16.47,ACTED
INT-007198,CMP-007198,NO_ACTION,NO_ACTION,42.74,ALREADY_ACTIONED
INT-007199,CMP-007199,ACCOUNT_FREEZE,NO_ACTION,34.45,FALSE_POSITIVE
INT-007200,CMP-007200,LIEN_MARK,NO_ACTION,37.41,ACTED
INT-007201,CMP-007201,NO_ACTION,PARTIAL,24.17,ACTED
INT-007202,CMP-007202,LIEN_MARK,NO_ACTION,21.45,ALREADY_ACTIONED
INT-007203,CMP-007203,LIEN_MARK,SUCCESS,40.3,NOT_ACTED
INT-007204,CMP-007204,ENDPOINT_WATCH,SUCCESS,8.48,ACTED
INT-007205,CMP-007205,ENDPOINT_WATCH,SUCCESS,6.33,ACTED
INT-007206,CMP-007206,ACCOUNT_FREEZE,PARTIAL,7.28,ACTED
INT-007207,CMP-007207,NO_ACTION,PARTIAL,14.9,ACTED
INT-007208,CMP-007208,ACCOUNT_FREEZE,NO_ACTION,47.04,ACTED
INT-007209,CMP-007209,NO_ACTION,NO_ACTION,6.85,OUT_OF_SCOPE
INT-007210,CMP-007210,NO_ACTION,SUCCESS,8.8,ALREADY_ACTIONED
INT-007211,CMP-007211,NO_ACTION,SUCCESS,27.07,NOT_ACTED
INT-007212,CMP-007212,NO_ACTION,SUCCESS,30.93,OUT_OF_SCOPE
INT-007213,CMP-007213,LIEN_MARK,SUCCESS,22.09,NOT_ACTED
INT-007214,CMP-007214,ACCOUNT_FREEZE,SUCCESS,29.62,NOT_ACTED
INT-007215,CMP-007215,JURISDICTION_HANDOFF,SUCCESS,18.53,ACTED
INT-007216,CMP-007216,ACCOUNT_FREEZE,SUCCESS,37.16,NOT_ACTED
INT-007217,CMP-007217,ACCOUNT_FREEZE,NO_ACTION,40.45,FALSE_POSITIVE
INT-007218,CMP-007218,JURISDICTION_HANDOFF,PARTIAL,46.2,NOT_ACTED
INT-007219,CMP-007219,NO_ACTION,SUCCESS,34.1,ACTED
INT-007220,CMP-007220,ACCOUNT_FREEZE,PARTIAL,26.37,ACTED
INT-007221,CMP-007221,LIEN_MARK,PARTIAL,13.3,ACTED
INT-007222,CMP-007222,LIEN_MARK,NO_ACTION,22.51,OUT_OF_SCOPE
INT-007223,CMP-007223,ACCOUNT_FREEZE,PARTIAL,28.38,FALSE_POSITIVE
INT-007224,CMP-007224,ACCOUNT_FREEZE,NO_ACTION,28.31,ALREADY_ACTIONED
INT-007225,CMP-007225,ACCOUNT_FREEZE,SUCCESS,34.32,NOT_ACTED
INT-007226,CMP-007226,ENDPOINT_WATCH,SUCCESS,43.28,ACTED
INT-007227,CMP-007227,ENDPOINT_WATCH,SUCCESS,47.16,NOT_ACTED
INT-007228,CMP-007228,JURISDICTION_HANDOFF,SUCCESS,8.57,OUT_OF_SCOPE
INT-007229,CMP-007229,NO_ACTION,PARTIAL,19.62,NOT_ACTED
INT-007230,CMP-007230,JURISDICTION_HANDOFF,SUCCESS,16.66,ALREADY_ACTIONED
INT-007231,CMP-007231,JURISDICTION_HANDOFF,SUCCESS,20.42,NOT_ACTED
INT-007232,CMP-007232,LIEN_MARK,SUCCESS,5.9,ALREADY_ACTIONED
INT-007233,CMP-007233,LIEN_MARK,SUCCESS,33.84,OUT_OF_SCOPE
INT-007234,CMP-007234,ENDPOINT_WATCH,PARTIAL,30.07,FALSE_POSITIVE
INT-007235,CMP-007235,JURISDICTION_HANDOFF,NO_ACTION,17.29,OUT_OF_SCOPE
INT-007236,CMP-007236,ENDPOINT_WATCH,SUCCESS,29.27,OUT_OF_SCOPE
INT-007237,CMP-007237,LIEN_MARK,SUCCESS,40.59,ACTED
INT-007238,CMP-007238,NO_ACTION,NO_ACTION,32.91,FALSE_POSITIVE
INT-007239,CMP-007239,ACCOUNT_FREEZE,PARTIAL,26.89,FALSE_POSITIVE
INT-007240,CMP-007240,ENDPOINT_WATCH,SUCCESS,29.41,ACTED
INT-007241,CMP-007241,JURISDICTION_HANDOFF,SUCCESS,30.15,FALSE_POSITIVE
INT-007242,CMP-007242,NO_ACTION,SUCCESS,28.8,ALREADY_ACTIONED
INT-007243,CMP-007243,NO_ACTION,NO_ACTION,42.02,ACTED
INT-007244,CMP-007244,ENDPOINT_WATCH,PARTIAL,46.82,NOT_ACTED
INT-007245,CMP-007245,ACCOUNT_FREEZE,SUCCESS,10.98,ACTED
INT-007246,CMP-007246,ENDPOINT_WATCH,SUCCESS,26.46,ACTED
INT-007247,CMP-007247,JURISDICTION_HANDOFF,NO_ACTION,11.69,ACTED
INT-007248,CMP-007248,LIEN_MARK,SUCCESS,26.87,ACTED
INT-007249,CMP-007249,LIEN_MARK,SUCCESS,27.97,ACTED
INT-007250,CMP-007250,LIEN_MARK,NO_ACTION,47.32,OUT_OF_SCOPE
INT-007251,CMP-007251,ENDPOINT_WATCH,NO_ACTION,11.98,OUT_OF_SCOPE
INT-007252,CMP-007252,LIEN_MARK,PARTIAL,38.22,NOT_ACTED
INT-007253,CMP-007253,NO_ACTION,SUCCESS,27.86,ACTED
INT-007254,CMP-007254,ENDPOINT_WATCH,NO_ACTION,34.41,ALREADY_ACTIONED
INT-007255,CMP-007255,ENDPOINT_WATCH,PARTIAL,3.86,FALSE_POSITIVE
INT-007256,CMP-007256,JURISDICTION_HANDOFF,SUCCESS,34.08,ALREADY_ACTIONED
INT-007257,CMP-007257,ACCOUNT_FREEZE,NO_ACTION,46.67,ACTED
INT-007258,CMP-007258,NO_ACTION,NO_ACTION,34.0,ACTED
INT-007259,CMP-007259,LIEN_MARK,SUCCESS,46.49,OUT_OF_SCOPE
INT-007260,CMP-007260,LIEN_MARK,SUCCESS,30.28,ACTED
INT-007261,CMP-007261,NO_ACTION,SUCCESS,28.31,ACTED
INT-007262,CMP-007262,LIEN_MARK,SUCCESS,15.66,NOT_ACTED
INT-007263,CMP-007263,LIEN_MARK,SUCCESS,7.43,OUT_OF_SCOPE
INT-007264,CMP-007264,JURISDICTION_HANDOFF,SUCCESS,35.39,NOT_ACTED
INT-007265,CMP-007265,ACCOUNT_FREEZE,SUCCESS,3.76,OUT_OF_SCOPE
INT-007266,CMP-007266,JURISDICTION_HANDOFF,NO_ACTION,44.34,FALSE_POSITIVE
INT-007267,CMP-007267,LIEN_MARK,SUCCESS,45.48,ACTED
INT-007268,CMP-007268,ACCOUNT_FREEZE,PARTIAL,8.41,OUT_OF_SCOPE
INT-007269,CMP-007269,NO_ACTION,PARTIAL,37.21,NOT_ACTED
INT-007270,CMP-007270,JURISDICTION_HANDOFF,SUCCESS,44.52,ACTED
INT-007271,CMP-007271,ENDPOINT_WATCH,NO_ACTION,36.17,NOT_ACTED
INT-007272,CMP-007272,NO_ACTION,SUCCESS,31.18,ACTED
INT-007273,CMP-007273,JURISDICTION_HANDOFF,SUCCESS,28.09,ACTED
INT-007274,CMP-007274,LIEN_MARK,SUCCESS,8.72,ACTED
INT-007275,CMP-007275,LIEN_MARK,PARTIAL,33.15,FALSE_POSITIVE
INT-007276,CMP-007276,ACCOUNT_FREEZE,SUCCESS,5.06,FALSE_POSITIVE
INT-007277,CMP-007277,ENDPOINT_WATCH,SUCCESS,31.55,ALREADY_ACTIONED
INT-007278,CMP-007278,ENDPOINT_WATCH,SUCCESS,18.98,ACTED
INT-007279,CMP-007279,LIEN_MARK,SUCCESS,31.42,FALSE_POSITIVE
INT-007280,CMP-007280,ACCOUNT_FREEZE,SUCCESS,22.91,FALSE_POSITIVE
INT-007281,CMP-007281,ACCOUNT_FREEZE,SUCCESS,27.07,ACTED
INT-007282,CMP-007282,LIEN_MARK,SUCCESS,14.65,ACTED
INT-007283,CMP-007283,NO_ACTION,NO_ACTION,37.2,FALSE_POSITIVE
INT-007284,CMP-007284,LIEN_MARK,NO_ACTION,16.41,NOT_ACTED
INT-007285,CMP-007285,LIEN_MARK,NO_ACTION,13.56,ACTED
INT-007286,CMP-007286,ENDPOINT_WATCH,PARTIAL,11.88,FALSE_POSITIVE
INT-007287,CMP-007287,NO_ACTION,SUCCESS,29.8,FALSE_POSITIVE
INT-007288,CMP-007288,ENDPOINT_WATCH,NO_ACTION,12.49,ACTED
INT-007289,CMP-007289,NO_ACTION,SUCCESS,24.04,NOT_ACTED
INT-007290,CMP-007290,NO_ACTION,PARTIAL,43.52,FALSE_POSITIVE
INT-007291,CMP-007291,ENDPOINT_WATCH,SUCCESS,47.2,ALREADY_ACTIONED
INT-007292,CMP-007292,ACCOUNT_FREEZE,NO_ACTION,3.42,ACTED
INT-007293,CMP-007293,NO_ACTION,SUCCESS,35.28,NOT_ACTED
INT-007294,CMP-007294,JURISDICTION_HANDOFF,SUCCESS,42.18,ACTED
INT-007295,CMP-007295,JURISDICTION_HANDOFF,NO_ACTION,22.15,ACTED
INT-007296,CMP-007296,LIEN_MARK,NO_ACTION,26.35,ACTED
INT-007297,CMP-007297,ENDPOINT_WATCH,SUCCESS,44.85,ACTED
INT-007298,CMP-007298,ENDPOINT_WATCH,PARTIAL,4.32,ACTED
INT-007299,CMP-007299,ENDPOINT_WATCH,NO_ACTION,32.36,ACTED
INT-007300,CMP-007300,NO_ACTION,SUCCESS,13.97,FALSE_POSITIVE
INT-007301,CMP-007301,JURISDICTION_HANDOFF,SUCCESS,5.47,ACTED
INT-007302,CMP-007302,LIEN_MARK,SUCCESS,18.53,OUT_OF_SCOPE
INT-007303,CMP-007303,NO_ACTION,PARTIAL,13.31,ACTED
INT-007304,CMP-007304,ENDPOINT_WATCH,SUCCESS,41.78,ACTED
INT-007305,CMP-007305,LIEN_MARK,SUCCESS,5.86,ALREADY_ACTIONED
INT-007306,CMP-007306,NO_ACTION,SUCCESS,46.41,ALREADY_ACTIONED
INT-007307,CMP-007307,ENDPOINT_WATCH,SUCCESS,6.35,NOT_ACTED
INT-007308,CMP-007308,NO_ACTION,SUCCESS,43.32,ACTED
INT-007309,CMP-007309,ENDPOINT_WATCH,SUCCESS,14.21,NOT_ACTED
INT-007310,CMP-007310,ENDPOINT_WATCH,SUCCESS,26.91,ACTED
INT-007311,CMP-007311,LIEN_MARK,NO_ACTION,5.69,NOT_ACTED
INT-007312,CMP-007312,ACCOUNT_FREEZE,PARTIAL,7.25,ACTED
INT-007313,CMP-007313,LIEN_MARK,SUCCESS,45.06,ACTED
INT-007314,CMP-007314,JURISDICTION_HANDOFF,SUCCESS,33.91,ACTED
INT-007315,CMP-007315,ACCOUNT_FREEZE,PARTIAL,43.28,NOT_ACTED
INT-007316,CMP-007316,ACCOUNT_FREEZE,PARTIAL,30.48,ACTED
INT-007317,CMP-007317,ENDPOINT_WATCH,SUCCESS,47.8,FALSE_POSITIVE
INT-007318,CMP-007318,LIEN_MARK,SUCCESS,18.46,ACTED
INT-007319,CMP-007319,ENDPOINT_WATCH,PARTIAL,16.93,ALREADY_ACTIONED
INT-007320,CMP-007320,JURISDICTION_HANDOFF,NO_ACTION,37.89,ACTED
INT-007321,CMP-007321,ACCOUNT_FREEZE,NO_ACTION,35.0,NOT_ACTED
INT-007322,CMP-007322,JURISDICTION_HANDOFF,PARTIAL,5.73,ACTED
INT-007323,CMP-007323,NO_ACTION,PARTIAL,29.86,NOT_ACTED
INT-007324,CMP-007324,JURISDICTION_HANDOFF,SUCCESS,19.94,OUT_OF_SCOPE
INT-007325,CMP-007325,ENDPOINT_WATCH,SUCCESS,12.94,ALREADY_ACTIONED
INT-007326,CMP-007326,LIEN_MARK,PARTIAL,40.07,ALREADY_ACTIONED
INT-007327,CMP-007327,ENDPOINT_WATCH,PARTIAL,37.44,FALSE_POSITIVE
INT-007328,CMP-007328,LIEN_MARK,PARTIAL,16.18,ACTED
INT-007329,CMP-007329,JURISDICTION_HANDOFF,SUCCESS,17.85,NOT_ACTED
INT-007330,CMP-007330,ENDPOINT_WATCH,PARTIAL,29.28,ACTED
INT-007331,CMP-007331,LIEN_MARK,SUCCESS,22.67,FALSE_POSITIVE
INT-007332,CMP-007332,NO_ACTION,SUCCESS,25.19,OUT_OF_SCOPE
INT-007333,CMP-007333,ACCOUNT_FREEZE,SUCCESS,44.64,ACTED
INT-007334,CMP-007334,JURISDICTION_HANDOFF,SUCCESS,38.9,ACTED
INT-007335,CMP-007335,ENDPOINT_WATCH,PARTIAL,27.84,ACTED
INT-007336,CMP-007336,JURISDICTION_HANDOFF,PARTIAL,35.64,ACTED
INT-007337,CMP-007337,ENDPOINT_WATCH,PARTIAL,37.4,ACTED
INT-007338,CMP-007338,ACCOUNT_FREEZE,PARTIAL,5.43,ACTED
INT-007339,CMP-007339,ACCOUNT_FREEZE,NO_ACTION,44.05,ALREADY_ACTIONED
INT-007340,CMP-007340,ENDPOINT_WATCH,PARTIAL,22.3,ACTED
INT-007341,CMP-007341,LIEN_MARK,SUCCESS,26.0,FALSE_POSITIVE
INT-007342,CMP-007342,NO_ACTION,SUCCESS,34.84,ALREADY_ACTIONED
INT-007343,CMP-007343,JURISDICTION_HANDOFF,NO_ACTION,14.67,OUT_OF_SCOPE
INT-007344,CMP-007344,ACCOUNT_FREEZE,SUCCESS,34.98,ACTED
INT-007345,CMP-007345,ACCOUNT_FREEZE,PARTIAL,31.44,NOT_ACTED
INT-007346,CMP-007346,LIEN_MARK,SUCCESS,27.28,ACTED
INT-007347,CMP-007347,ENDPOINT_WATCH,SUCCESS,14.38,ACTED
INT-007348,CMP-007348,ENDPOINT_WATCH,SUCCESS,31.43,ALREADY_ACTIONED
INT-007349,CMP-007349,ENDPOINT_WATCH,PARTIAL,36.79,FALSE_POSITIVE
INT-007350,CMP-007350,ENDPOINT_WATCH,NO_ACTION,19.26,ACTED
INT-007351,CMP-007351,JURISDICTION_HANDOFF,SUCCESS,28.79,ACTED
INT-007352,CMP-007352,NO_ACTION,SUCCESS,22.95,ACTED
INT-007353,CMP-007353,JURISDICTION_HANDOFF,PARTIAL,8.55,FALSE_POSITIVE
INT-007354,CMP-007354,LIEN_MARK,NO_ACTION,4.42,ACTED
INT-007355,CMP-007355,ACCOUNT_FREEZE,SUCCESS,36.32,ACTED
INT-007356,CMP-007356,LIEN_MARK,PARTIAL,40.66,ACTED
INT-007357,CMP-007357,NO_ACTION,PARTIAL,13.78,FALSE_POSITIVE
INT-007358,CMP-007358,NO_ACTION,PARTIAL,20.18,ACTED
INT-007359,CMP-007359,JURISDICTION_HANDOFF,PARTIAL,13.55,ACTED
INT-007360,CMP-007360,ENDPOINT_WATCH,SUCCESS,41.85,ALREADY_ACTIONED
INT-007361,CMP-007361,ENDPOINT_WATCH,NO_ACTION,37.1,OUT_OF_SCOPE
INT-007362,CMP-007362,ACCOUNT_FREEZE,SUCCESS,8.54,ALREADY_ACTIONED
INT-007363,CMP-007363,JURISDICTION_HANDOFF,SUCCESS,6.42,ACTED
INT-007364,CMP-007364,JURISDICTION_HANDOFF,NO_ACTION,13.16,ALREADY_ACTIONED
INT-007365,CMP-007365,ACCOUNT_FREEZE,PARTIAL,46.81,ALREADY_ACTIONED
INT-007366,CMP-007366,ACCOUNT_FREEZE,SUCCESS,45.95,ALREADY_ACTIONED
INT-007367,CMP-007367,ACCOUNT_FREEZE,SUCCESS,30.04,ACTED
INT-007368,CMP-007368,LIEN_MARK,PARTIAL,47.16,ACTED
INT-007369,CMP-007369,NO_ACTION,NO_ACTION,8.53,ALREADY_ACTIONED
INT-007370,CMP-007370,ENDPOINT_WATCH,SUCCESS,21.98,ACTED
INT-007371,CMP-007371,NO_ACTION,PARTIAL,4.05,ALREADY_ACTIONED
INT-007372,CMP-007372,LIEN_MARK,SUCCESS,40.5,ACTED
INT-007373,CMP-007373,JURISDICTION_HANDOFF,SUCCESS,11.72,ACTED
INT-007374,CMP-007374,ENDPOINT_WATCH,NO_ACTION,7.43,ACTED
INT-007375,CMP-007375,JURISDICTION_HANDOFF,PARTIAL,27.05,FALSE_POSITIVE
INT-007376,CMP-007376,ENDPOINT_WATCH,NO_ACTION,27.32,ALREADY_ACTIONED
INT-007377,CMP-007377,LIEN_MARK,PARTIAL,46.44,NOT_ACTED
INT-007378,CMP-007378,ACCOUNT_FREEZE,PARTIAL,15.21,ACTED
INT-007379,CMP-007379,JURISDICTION_HANDOFF,NO_ACTION,22.49,ALREADY_ACTIONED
INT-007380,CMP-007380,ACCOUNT_FREEZE,SUCCESS,45.04,ACTED
INT-007381,CMP-007381,JURISDICTION_HANDOFF,SUCCESS,11.4,ALREADY_ACTIONED
INT-007382,CMP-007382,JURISDICTION_HANDOFF,SUCCESS,5.21,ACTED
INT-007383,CMP-007383,NO_ACTION,SUCCESS,30.37,NOT_ACTED
INT-007384,CMP-007384,NO_ACTION,PARTIAL,30.05,ACTED
INT-007385,CMP-007385,NO_ACTION,PARTIAL,10.81,ACTED
INT-007386,CMP-007386,JURISDICTION_HANDOFF,SUCCESS,44.65,OUT_OF_SCOPE
INT-007387,CMP-007387,ENDPOINT_WATCH,NO_ACTION,20.17,NOT_ACTED
INT-007388,CMP-007388,NO_ACTION,SUCCESS,30.07,NOT_ACTED
INT-007389,CMP-007389,ACCOUNT_FREEZE,NO_ACTION,24.99,ACTED
INT-007390,CMP-007390,ENDPOINT_WATCH,SUCCESS,32.68,NOT_ACTED
INT-007391,CMP-007391,JURISDICTION_HANDOFF,SUCCESS,26.46,OUT_OF_SCOPE
INT-007392,CMP-007392,JURISDICTION_HANDOFF,SUCCESS,11.81,ACTED
INT-007393,CMP-007393,NO_ACTION,SUCCESS,32.03,ACTED
INT-007394,CMP-007394,JURISDICTION_HANDOFF,SUCCESS,30.79,ALREADY_ACTIONED
INT-007395,CMP-007395,JURISDICTION_HANDOFF,SUCCESS,24.63,ACTED
INT-007396,CMP-007396,NO_ACTION,SUCCESS,9.81,ACTED
INT-007397,CMP-007397,LIEN_MARK,NO_ACTION,28.45,OUT_OF_SCOPE
INT-007398,CMP-007398,JURISDICTION_HANDOFF,NO_ACTION,41.4,OUT_OF_SCOPE
INT-007399,CMP-007399,ENDPOINT_WATCH,PARTIAL,39.73,OUT_OF_SCOPE
INT-007400,CMP-007400,JURISDICTION_HANDOFF,NO_ACTION,41.5,NOT_ACTED
INT-007401,CMP-007401,NO_ACTION,SUCCESS,17.91,ACTED
INT-007402,CMP-007402,ENDPOINT_WATCH,SUCCESS,26.74,ACTED
INT-007403,CMP-007403,ENDPOINT_WATCH,NO_ACTION,23.95,NOT_ACTED
INT-007404,CMP-007404,JURISDICTION_HANDOFF,PARTIAL,35.45,ALREADY_ACTIONED
INT-007405,CMP-007405,ACCOUNT_FREEZE,PARTIAL,21.34,FALSE_POSITIVE
INT-007406,CMP-007406,LIEN_MARK,PARTIAL,22.74,OUT_OF_SCOPE
INT-007407,CMP-007407,ENDPOINT_WATCH,SUCCESS,16.49,OUT_OF_SCOPE
INT-007408,CMP-007408,LIEN_MARK,PARTIAL,29.57,ACTED
INT-007409,CMP-007409,ACCOUNT_FREEZE,NO_ACTION,41.75,ACTED
INT-007410,CMP-007410,NO_ACTION,NO_ACTION,33.4,ACTED
INT-007411,CMP-007411,JURISDICTION_HANDOFF,SUCCESS,46.96,ALREADY_ACTIONED
INT-007412,CMP-007412,ACCOUNT_FREEZE,SUCCESS,12.1,OUT_OF_SCOPE
INT-007413,CMP-007413,ACCOUNT_FREEZE,SUCCESS,22.25,ACTED
INT-007414,CMP-007414,ENDPOINT_WATCH,NO_ACTION,4.6,NOT_ACTED
INT-007415,CMP-007415,NO_ACTION,NO_ACTION,31.64,ALREADY_ACTIONED
INT-007416,CMP-007416,LIEN_MARK,SUCCESS,10.11,NOT_ACTED
INT-007417,CMP-007417,JURISDICTION_HANDOFF,PARTIAL,41.3,ALREADY_ACTIONED
INT-007418,CMP-007418,ENDPOINT_WATCH,SUCCESS,10.18,ACTED
INT-007419,CMP-007419,LIEN_MARK,NO_ACTION,4.92,ACTED
INT-007420,CMP-007420,NO_ACTION,SUCCESS,27.41,OUT_OF_SCOPE
INT-007421,CMP-007421,LIEN_MARK,SUCCESS,20.89,ACTED
INT-007422,CMP-007422,JURISDICTION_HANDOFF,NO_ACTION,34.72,ACTED
INT-007423,CMP-007423,JURISDICTION_HANDOFF,SUCCESS,45.22,ACTED
INT-007424,CMP-007424,LIEN_MARK,SUCCESS,12.21,NOT_ACTED
INT-007425,CMP-007425,ACCOUNT_FREEZE,NO_ACTION,42.56,FALSE_POSITIVE
INT-007426,CMP-007426,ACCOUNT_FREEZE,SUCCESS,15.18,ACTED
INT-007427,CMP-007427,NO_ACTION,SUCCESS,26.61,ACTED
INT-007428,CMP-007428,JURISDICTION_HANDOFF,NO_ACTION,22.4,NOT_ACTED
INT-007429,CMP-007429,LIEN_MARK,NO_ACTION,17.0,OUT_OF_SCOPE
INT-007430,CMP-007430,ENDPOINT_WATCH,SUCCESS,8.61,ACTED
INT-007431,CMP-007431,LIEN_MARK,SUCCESS,24.38,FALSE_POSITIVE
INT-007432,CMP-007432,JURISDICTION_HANDOFF,SUCCESS,39.08,ACTED
INT-007433,CMP-007433,NO_ACTION,SUCCESS,32.23,ACTED
INT-007434,CMP-007434,ACCOUNT_FREEZE,SUCCESS,47.22,ACTED
INT-007435,CMP-007435,LIEN_MARK,PARTIAL,47.5,NOT_ACTED
INT-007436,CMP-007436,NO_ACTION,PARTIAL,39.9,OUT_OF_SCOPE
INT-007437,CMP-007437,LIEN_MARK,SUCCESS,3.9,ACTED
INT-007438,CMP-007438,ENDPOINT_WATCH,SUCCESS,30.8,ACTED
INT-007439,CMP-007439,ENDPOINT_WATCH,SUCCESS,25.14,NOT_ACTED
INT-007440,CMP-007440,ACCOUNT_FREEZE,SUCCESS,38.52,ACTED
INT-007441,CMP-007441,JURISDICTION_HANDOFF,SUCCESS,31.65,ACTED
INT-007442,CMP-007442,ACCOUNT_FREEZE,NO_ACTION,26.18,OUT_OF_SCOPE
INT-007443,CMP-007443,ENDPOINT_WATCH,PARTIAL,15.9,NOT_ACTED
INT-007444,CMP-007444,LIEN_MARK,NO_ACTION,33.17,FALSE_POSITIVE
INT-007445,CMP-007445,LIEN_MARK,SUCCESS,22.85,ACTED
INT-007446,CMP-007446,JURISDICTION_HANDOFF,PARTIAL,13.3,ACTED
INT-007447,CMP-007447,ENDPOINT_WATCH,SUCCESS,6.49,OUT_OF_SCOPE
INT-007448,CMP-007448,NO_ACTION,NO_ACTION,19.32,NOT_ACTED
INT-007449,CMP-007449,JURISDICTION_HANDOFF,NO_ACTION,13.8,ALREADY_ACTIONED
INT-007450,CMP-007450,ACCOUNT_FREEZE,SUCCESS,11.07,NOT_ACTED
INT-007451,CMP-007451,ENDPOINT_WATCH,PARTIAL,37.88,ALREADY_ACTIONED
INT-007452,CMP-007452,ENDPOINT_WATCH,NO_ACTION,18.31,ACTED
INT-007453,CMP-007453,ACCOUNT_FREEZE,SUCCESS,24.3,OUT_OF_SCOPE
INT-007454,CMP-007454,ENDPOINT_WATCH,SUCCESS,32.9,OUT_OF_SCOPE
INT-007455,CMP-007455,LIEN_MARK,NO_ACTION,17.26,NOT_ACTED
INT-007456,CMP-007456,NO_ACTION,SUCCESS,11.4,FALSE_POSITIVE
INT-007457,CMP-007457,JURISDICTION_HANDOFF,PARTIAL,31.65,ACTED
INT-007458,CMP-007458,LIEN_MARK,SUCCESS,19.33,NOT_ACTED
INT-007459,CMP-007459,JURISDICTION_HANDOFF,SUCCESS,27.71,FALSE_POSITIVE
INT-007460,CMP-007460,ACCOUNT_FREEZE,SUCCESS,7.89,ACTED
INT-007461,CMP-007461,ENDPOINT_WATCH,NO_ACTION,15.47,ACTED
INT-007462,CMP-007462,ACCOUNT_FREEZE,NO_ACTION,38.41,ACTED
INT-007463,CMP-007463,NO_ACTION,SUCCESS,31.63,ACTED
INT-007464,CMP-007464,LIEN_MARK,SUCCESS,15.54,OUT_OF_SCOPE
INT-007465,CMP-007465,ACCOUNT_FREEZE,NO_ACTION,35.74,ACTED
INT-007466,CMP-007466,ENDPOINT_WATCH,SUCCESS,23.93,FALSE_POSITIVE
INT-007467,CMP-007467,NO_ACTION,SUCCESS,8.77,ALREADY_ACTIONED
INT-007468,CMP-007468,NO_ACTION,SUCCESS,23.1,ACTED
INT-007469,CMP-007469,ACCOUNT_FREEZE,SUCCESS,26.43,ACTED
INT-007470,CMP-007470,JURISDICTION_HANDOFF,SUCCESS,8.05,ACTED
INT-007471,CMP-007471,ENDPOINT_WATCH,PARTIAL,40.88,OUT_OF_SCOPE
INT-007472,CMP-007472,NO_ACTION,SUCCESS,8.9,ACTED
INT-007473,CMP-007473,ACCOUNT_FREEZE,SUCCESS,6.95,FALSE_POSITIVE
INT-007474,CMP-007474,NO_ACTION,SUCCESS,23.3,ALREADY_ACTIONED
INT-007475,CMP-007475,LIEN_MARK,SUCCESS,43.26,NOT_ACTED
INT-007476,CMP-007476,LIEN_MARK,SUCCESS,43.96,OUT_OF_SCOPE
INT-007477,CMP-007477,JURISDICTION_HANDOFF,PARTIAL,17.51,NOT_ACTED
INT-007478,CMP-007478,JURISDICTION_HANDOFF,PARTIAL,46.94,ACTED
INT-007479,CMP-007479,NO_ACTION,PARTIAL,45.24,OUT_OF_SCOPE
INT-007480,CMP-007480,ENDPOINT_WATCH,SUCCESS,5.7,NOT_ACTED
INT-007481,CMP-007481,NO_ACTION,NO_ACTION,38.37,NOT_ACTED
INT-007482,CMP-007482,JURISDICTION_HANDOFF,SUCCESS,23.07,OUT_OF_SCOPE
INT-007483,CMP-007483,NO_ACTION,PARTIAL,17.78,ACTED
INT-007484,CMP-007484,JURISDICTION_HANDOFF,PARTIAL,25.08,ALREADY_ACTIONED
INT-007485,CMP-007485,ACCOUNT_FREEZE,NO_ACTION,26.52,FALSE_POSITIVE
INT-007486,CMP-007486,NO_ACTION,SUCCESS,46.39,ACTED
INT-007487,CMP-007487,LIEN_MARK,NO_ACTION,28.28,ACTED
INT-007488,CMP-007488,ENDPOINT_WATCH,SUCCESS,43.4,ALREADY_ACTIONED
INT-007489,CMP-007489,JURISDICTION_HANDOFF,SUCCESS,16.65,NOT_ACTED
INT-007490,CMP-007490,ENDPOINT_WATCH,SUCCESS,5.09,ALREADY_ACTIONED
INT-007491,CMP-007491,ENDPOINT_WATCH,SUCCESS,3.84,ALREADY_ACTIONED
INT-007492,CMP-007492,JURISDICTION_HANDOFF,NO_ACTION,13.33,NOT_ACTED
INT-007493,CMP-007493,JURISDICTION_HANDOFF,PARTIAL,29.41,OUT_OF_SCOPE
INT-007494,CMP-007494,LIEN_MARK,SUCCESS,8.48,OUT_OF_SCOPE
INT-007495,CMP-007495,LIEN_MARK,SUCCESS,34.88,ALREADY_ACTIONED
INT-007496,CMP-007496,JURISDICTION_HANDOFF,PARTIAL,8.03,NOT_ACTED
INT-007497,CMP-007497,ENDPOINT_WATCH,NO_ACTION,4.28,NOT_ACTED
INT-007498,CMP-007498,ENDPOINT_WATCH,PARTIAL,42.39,NOT_ACTED
INT-007499,CMP-007499,NO_ACTION,SUCCESS,47.2,NOT_ACTED
INT-007500,CMP-007500,NO_ACTION,SUCCESS,26.06,NOT_ACTED
INT-007501,CMP-007501,ACCOUNT_FREEZE,NO_ACTION,5.16,ALREADY_ACTIONED
INT-007502,CMP-007502,ENDPOINT_WATCH,NO_ACTION,23.2,ACTED
INT-007503,CMP-007503,NO_ACTION,SUCCESS,14.17,ACTED
INT-007504,CMP-007504,NO_ACTION,PARTIAL,37.78,ACTED
INT-007505,CMP-007505,ACCOUNT_FREEZE,SUCCESS,15.65,NOT_ACTED
INT-007506,CMP-007506,LIEN_MARK,PARTIAL,21.57,FALSE_POSITIVE
INT-007507,CMP-007507,LIEN_MARK,PARTIAL,27.38,ALREADY_ACTIONED
INT-007508,CMP-007508,NO_ACTION,NO_ACTION,43.45,OUT_OF_SCOPE
INT-007509,CMP-007509,ACCOUNT_FREEZE,SUCCESS,9.83,ALREADY_ACTIONED
INT-007510,CMP-007510,JURISDICTION_HANDOFF,PARTIAL,13.3,ACTED
INT-007511,CMP-007511,ACCOUNT_FREEZE,SUCCESS,44.47,ACTED
INT-007512,CMP-007512,JURISDICTION_HANDOFF,SUCCESS,14.51,FALSE_POSITIVE
INT-007513,CMP-007513,LIEN_MARK,PARTIAL,44.51,ALREADY_ACTIONED
INT-007514,CMP-007514,LIEN_MARK,SUCCESS,45.74,NOT_ACTED
INT-007515,CMP-007515,NO_ACTION,PARTIAL,35.09,OUT_OF_SCOPE
INT-007516,CMP-007516,ACCOUNT_FREEZE,SUCCESS,21.08,FALSE_POSITIVE
INT-007517,CMP-007517,ACCOUNT_FREEZE,PARTIAL,16.21,ACTED
INT-007518,CMP-007518,JURISDICTION_HANDOFF,PARTIAL,42.84,ACTED
INT-007519,CMP-007519,LIEN_MARK,SUCCESS,32.0,ALREADY_ACTIONED
INT-007520,CMP-007520,LIEN_MARK,SUCCESS,43.99,ACTED
INT-007521,CMP-007521,ACCOUNT_FREEZE,NO_ACTION,31.4,FALSE_POSITIVE
INT-007522,CMP-007522,JURISDICTION_HANDOFF,SUCCESS,45.87,ACTED
INT-007523,CMP-007523,JURISDICTION_HANDOFF,NO_ACTION,15.12,ALREADY_ACTIONED
INT-007524,CMP-007524,ENDPOINT_WATCH,PARTIAL,39.55,ACTED
INT-007525,CMP-007525,JURISDICTION_HANDOFF,PARTIAL,37.29,NOT_ACTED
INT-007526,CMP-007526,LIEN_MARK,SUCCESS,22.8,OUT_OF_SCOPE
INT-007527,CMP-007527,ACCOUNT_FREEZE,SUCCESS,32.43,FALSE_POSITIVE
INT-007528,CMP-007528,JURISDICTION_HANDOFF,SUCCESS,27.52,ALREADY_ACTIONED
INT-007529,CMP-007529,ACCOUNT_FREEZE,SUCCESS,24.35,OUT_OF_SCOPE
INT-007530,CMP-007530,LIEN_MARK,PARTIAL,29.76,FALSE_POSITIVE
INT-007531,CMP-007531,JURISDICTION_HANDOFF,NO_ACTION,3.75,FALSE_POSITIVE
INT-007532,CMP-007532,NO_ACTION,SUCCESS,25.5,ALREADY_ACTIONED
INT-007533,CMP-007533,ENDPOINT_WATCH,SUCCESS,3.12,ACTED
INT-007534,CMP-007534,NO_ACTION,SUCCESS,46.98,FALSE_POSITIVE
INT-007535,CMP-007535,ACCOUNT_FREEZE,PARTIAL,7.74,ALREADY_ACTIONED
INT-007536,CMP-007536,LIEN_MARK,NO_ACTION,16.81,ACTED
INT-007537,CMP-007537,ACCOUNT_FREEZE,NO_ACTION,36.26,ACTED
INT-007538,CMP-007538,ACCOUNT_FREEZE,SUCCESS,36.55,ACTED
INT-007539,CMP-007539,JURISDICTION_HANDOFF,SUCCESS,18.75,ALREADY_ACTIONED
INT-007540,CMP-007540,ACCOUNT_FREEZE,PARTIAL,9.85,ALREADY_ACTIONED
INT-007541,CMP-007541,JURISDICTION_HANDOFF,SUCCESS,44.27,ALREADY_ACTIONED
INT-007542,CMP-007542,NO_ACTION,SUCCESS,24.73,ACTED
INT-007543,CMP-007543,ACCOUNT_FREEZE,NO_ACTION,22.78,FALSE_POSITIVE
INT-007544,CMP-007544,LIEN_MARK,PARTIAL,22.29,NOT_ACTED
INT-007545,CMP-007545,JURISDICTION_HANDOFF,PARTIAL,35.93,ACTED
INT-007546,CMP-007546,ACCOUNT_FREEZE,NO_ACTION,8.49,NOT_ACTED
INT-007547,CMP-007547,ENDPOINT_WATCH,SUCCESS,42.5,NOT_ACTED
INT-007548,CMP-007548,ENDPOINT_WATCH,NO_ACTION,26.76,ALREADY_ACTIONED
INT-007549,CMP-007549,JURISDICTION_HANDOFF,SUCCESS,36.55,ACTED
INT-007550,CMP-007550,NO_ACTION,PARTIAL,15.85,NOT_ACTED
INT-007551,CMP-007551,NO_ACTION,SUCCESS,34.02,ACTED
INT-007552,CMP-007552,JURISDICTION_HANDOFF,SUCCESS,25.41,ACTED
INT-007553,CMP-007553,ENDPOINT_WATCH,NO_ACTION,16.95,ALREADY_ACTIONED
INT-007554,CMP-007554,ENDPOINT_WATCH,PARTIAL,26.98,NOT_ACTED
INT-007555,CMP-007555,ENDPOINT_WATCH,SUCCESS,25.86,ALREADY_ACTIONED
INT-007556,CMP-007556,NO_ACTION,NO_ACTION,36.57,ACTED
INT-007557,CMP-007557,ENDPOINT_WATCH,SUCCESS,8.79,ACTED
INT-007558,CMP-007558,JURISDICTION_HANDOFF,PARTIAL,11.93,NOT_ACTED
INT-007559,CMP-007559,NO_ACTION,SUCCESS,3.46,ACTED
INT-007560,CMP-007560,JURISDICTION_HANDOFF,NO_ACTION,34.57,ALREADY_ACTIONED
INT-007561,CMP-007561,NO_ACTION,PARTIAL,18.52,NOT_ACTED
INT-007562,CMP-007562,ACCOUNT_FREEZE,NO_ACTION,43.72,ACTED
INT-007563,CMP-007563,ACCOUNT_FREEZE,NO_ACTION,37.38,ACTED
INT-007564,CMP-007564,JURISDICTION_HANDOFF,PARTIAL,42.79,ACTED
INT-007565,CMP-007565,ACCOUNT_FREEZE,PARTIAL,8.23,ACTED
INT-007566,CMP-007566,ACCOUNT_FREEZE,PARTIAL,29.82,ACTED
INT-007567,CMP-007567,JURISDICTION_HANDOFF,SUCCESS,46.11,NOT_ACTED
INT-007568,CMP-007568,LIEN_MARK,PARTIAL,46.0,ACTED
INT-007569,CMP-007569,JURISDICTION_HANDOFF,NO_ACTION,25.86,NOT_ACTED
INT-007570,CMP-007570,ENDPOINT_WATCH,PARTIAL,37.58,NOT_ACTED
INT-007571,CMP-007571,LIEN_MARK,PARTIAL,3.04,ACTED
INT-007572,CMP-007572,ACCOUNT_FREEZE,NO_ACTION,7.16,FALSE_POSITIVE
INT-007573,CMP-007573,LIEN_MARK,SUCCESS,3.8,NOT_ACTED
INT-007574,CMP-007574,NO_ACTION,SUCCESS,44.08,ACTED
INT-007575,CMP-007575,LIEN_MARK,SUCCESS,13.91,FALSE_POSITIVE
INT-007576,CMP-007576,LIEN_MARK,SUCCESS,45.7,ACTED
INT-007577,CMP-007577,ACCOUNT_FREEZE,NO_ACTION,38.81,NOT_ACTED
INT-007578,CMP-007578,ENDPOINT_WATCH,SUCCESS,25.32,NOT_ACTED
INT-007579,CMP-007579,ENDPOINT_WATCH,SUCCESS,20.08,NOT_ACTED
INT-007580,CMP-007580,NO_ACTION,SUCCESS,46.6,OUT_OF_SCOPE
INT-007581,CMP-007581,ACCOUNT_FREEZE,SUCCESS,6.15,NOT_ACTED
INT-007582,CMP-007582,NO_ACTION,SUCCESS,26.45,NOT_ACTED
INT-007583,CMP-007583,ACCOUNT_FREEZE,SUCCESS,15.62,OUT_OF_SCOPE
INT-007584,CMP-007584,ENDPOINT_WATCH,NO_ACTION,33.79,ACTED
INT-007585,CMP-007585,LIEN_MARK,SUCCESS,5.22,NOT_ACTED
INT-007586,CMP-007586,ACCOUNT_FREEZE,NO_ACTION,36.0,NOT_ACTED
INT-007587,CMP-007587,NO_ACTION,SUCCESS,19.39,OUT_OF_SCOPE
INT-007588,CMP-007588,ACCOUNT_FREEZE,SUCCESS,13.86,ACTED
INT-007589,CMP-007589,JURISDICTION_HANDOFF,SUCCESS,27.91,ACTED
INT-007590,CMP-007590,ACCOUNT_FREEZE,SUCCESS,27.01,ACTED
INT-007591,CMP-007591,JURISDICTION_HANDOFF,PARTIAL,14.91,NOT_ACTED
INT-007592,CMP-007592,JURISDICTION_HANDOFF,SUCCESS,37.95,ACTED
INT-007593,CMP-007593,JURISDICTION_HANDOFF,PARTIAL,4.32,ACTED
INT-007594,CMP-007594,LIEN_MARK,SUCCESS,40.85,ACTED
INT-007595,CMP-007595,LIEN_MARK,NO_ACTION,11.84,ACTED
INT-007596,CMP-007596,ENDPOINT_WATCH,PARTIAL,14.08,ACTED
INT-007597,CMP-007597,JURISDICTION_HANDOFF,SUCCESS,40.12,ACTED
INT-007598,CMP-007598,NO_ACTION,SUCCESS,3.92,ALREADY_ACTIONED
INT-007599,CMP-007599,ACCOUNT_FREEZE,SUCCESS,19.31,OUT_OF_SCOPE
INT-007600,CMP-007600,LIEN_MARK,SUCCESS,25.54,ALREADY_ACTIONED
INT-007601,CMP-007601,ACCOUNT_FREEZE,NO_ACTION,4.43,NOT_ACTED
INT-007602,CMP-007602,NO_ACTION,SUCCESS,26.49,FALSE_POSITIVE
INT-007603,CMP-007603,ACCOUNT_FREEZE,NO_ACTION,11.13,OUT_OF_SCOPE
INT-007604,CMP-007604,JURISDICTION_HANDOFF,SUCCESS,10.75,ACTED
INT-007605,CMP-007605,ENDPOINT_WATCH,SUCCESS,6.69,NOT_ACTED
INT-007606,CMP-007606,LIEN_MARK,NO_ACTION,15.31,FALSE_POSITIVE
INT-007607,CMP-007607,ACCOUNT_FREEZE,SUCCESS,45.0,FALSE_POSITIVE
INT-007608,CMP-007608,LIEN_MARK,NO_ACTION,6.89,ACTED
INT-007609,CMP-007609,ACCOUNT_FREEZE,SUCCESS,7.26,ACTED
INT-007610,CMP-007610,ACCOUNT_FREEZE,SUCCESS,21.78,NOT_ACTED
INT-007611,CMP-007611,NO_ACTION,PARTIAL,7.01,ACTED
INT-007612,CMP-007612,NO_ACTION,SUCCESS,44.18,NOT_ACTED
INT-007613,CMP-007613,LIEN_MARK,PARTIAL,42.58,NOT_ACTED
INT-007614,CMP-007614,ENDPOINT_WATCH,SUCCESS,34.94,NOT_ACTED
INT-007615,CMP-007615,LIEN_MARK,PARTIAL,38.06,ACTED
INT-007616,CMP-007616,ENDPOINT_WATCH,SUCCESS,22.99,ACTED
INT-007617,CMP-007617,ACCOUNT_FREEZE,SUCCESS,12.41,ACTED
INT-007618,CMP-007618,NO_ACTION,SUCCESS,25.74,ALREADY_ACTIONED
INT-007619,CMP-007619,NO_ACTION,PARTIAL,7.79,ALREADY_ACTIONED
INT-007620,CMP-007620,ACCOUNT_FREEZE,SUCCESS,30.23,ACTED
INT-007621,CMP-007621,LIEN_MARK,NO_ACTION,15.56,ACTED
INT-007622,CMP-007622,LIEN_MARK,NO_ACTION,31.12,NOT_ACTED
INT-007623,CMP-007623,LIEN_MARK,SUCCESS,19.71,ALREADY_ACTIONED
INT-007624,CMP-007624,NO_ACTION,SUCCESS,32.43,ALREADY_ACTIONED
INT-007625,CMP-007625,ACCOUNT_FREEZE,NO_ACTION,7.93,ACTED
INT-007626,CMP-007626,ACCOUNT_FREEZE,PARTIAL,23.44,ALREADY_ACTIONED
INT-007627,CMP-007627,LIEN_MARK,SUCCESS,21.27,ALREADY_ACTIONED
INT-007628,CMP-007628,JURISDICTION_HANDOFF,NO_ACTION,31.94,ACTED
INT-007629,CMP-007629,ACCOUNT_FREEZE,PARTIAL,39.22,OUT_OF_SCOPE
INT-007630,CMP-007630,NO_ACTION,NO_ACTION,21.75,ACTED
INT-007631,CMP-007631,ENDPOINT_WATCH,SUCCESS,20.79,ACTED
INT-007632,CMP-007632,ACCOUNT_FREEZE,PARTIAL,3.57,ACTED
INT-007633,CMP-007633,NO_ACTION,SUCCESS,32.22,ACTED
INT-007634,CMP-007634,JURISDICTION_HANDOFF,SUCCESS,29.56,ACTED
INT-007635,CMP-007635,ENDPOINT_WATCH,PARTIAL,35.7,ACTED
INT-007636,CMP-007636,LIEN_MARK,NO_ACTION,21.25,ACTED
INT-007637,CMP-007637,ENDPOINT_WATCH,NO_ACTION,24.96,ACTED
INT-007638,CMP-007638,ENDPOINT_WATCH,PARTIAL,27.53,ALREADY_ACTIONED
INT-007639,CMP-007639,ENDPOINT_WATCH,SUCCESS,47.87,OUT_OF_SCOPE
INT-007640,CMP-007640,NO_ACTION,PARTIAL,40.0,ACTED
INT-007641,CMP-007641,ACCOUNT_FREEZE,SUCCESS,9.43,OUT_OF_SCOPE
INT-007642,CMP-007642,ENDPOINT_WATCH,SUCCESS,45.77,ALREADY_ACTIONED
INT-007643,CMP-007643,ENDPOINT_WATCH,SUCCESS,45.62,ACTED
INT-007644,CMP-007644,LIEN_MARK,SUCCESS,26.11,ACTED
INT-007645,CMP-007645,ENDPOINT_WATCH,NO_ACTION,35.51,ACTED
INT-007646,CMP-007646,ENDPOINT_WATCH,PARTIAL,28.46,ALREADY_ACTIONED
INT-007647,CMP-007647,NO_ACTION,PARTIAL,16.18,ACTED
INT-007648,CMP-007648,JURISDICTION_HANDOFF,PARTIAL,17.6,ACTED
INT-007649,CMP-007649,ENDPOINT_WATCH,PARTIAL,12.09,ACTED
INT-007650,CMP-007650,LIEN_MARK,SUCCESS,44.98,OUT_OF_SCOPE
INT-007651,CMP-007651,JURISDICTION_HANDOFF,NO_ACTION,3.78,FALSE_POSITIVE
INT-007652,CMP-007652,LIEN_MARK,PARTIAL,41.67,NOT_ACTED
INT-007653,CMP-007653,LIEN_MARK,PARTIAL,35.34,OUT_OF_SCOPE
INT-007654,CMP-007654,NO_ACTION,SUCCESS,14.22,ACTED
INT-007655,CMP-007655,LIEN_MARK,PARTIAL,36.52,ACTED
INT-007656,CMP-007656,ACCOUNT_FREEZE,PARTIAL,33.57,NOT_ACTED
INT-007657,CMP-007657,JURISDICTION_HANDOFF,SUCCESS,17.13,ACTED
INT-007658,CMP-007658,NO_ACTION,SUCCESS,41.05,OUT_OF_SCOPE
INT-007659,CMP-007659,JURISDICTION_HANDOFF,SUCCESS,33.14,ALREADY_ACTIONED
INT-007660,CMP-007660,ACCOUNT_FREEZE,SUCCESS,12.97,ALREADY_ACTIONED
INT-007661,CMP-007661,ENDPOINT_WATCH,NO_ACTION,28.18,NOT_ACTED
INT-007662,CMP-007662,NO_ACTION,SUCCESS,43.59,ALREADY_ACTIONED
INT-007663,CMP-007663,JURISDICTION_HANDOFF,SUCCESS,6.57,ACTED
INT-007664,CMP-007664,LIEN_MARK,NO_ACTION,28.89,ALREADY_ACTIONED
INT-007665,CMP-007665,JURISDICTION_HANDOFF,NO_ACTION,22.73,OUT_OF_SCOPE
INT-007666,CMP-007666,JURISDICTION_HANDOFF,SUCCESS,6.53,NOT_ACTED
INT-007667,CMP-007667,LIEN_MARK,PARTIAL,20.67,NOT_ACTED
INT-007668,CMP-007668,NO_ACTION,PARTIAL,42.02,ACTED
INT-007669,CMP-007669,ENDPOINT_WATCH,SUCCESS,27.56,NOT_ACTED
INT-007670,CMP-007670,LIEN_MARK,NO_ACTION,36.88,ACTED
INT-007671,CMP-007671,JURISDICTION_HANDOFF,PARTIAL,35.29,ALREADY_ACTIONED
INT-007672,CMP-007672,ENDPOINT_WATCH,SUCCESS,38.87,OUT_OF_SCOPE
INT-007673,CMP-007673,JURISDICTION_HANDOFF,SUCCESS,33.54,ACTED
INT-007674,CMP-007674,NO_ACTION,PARTIAL,35.82,ACTED
INT-007675,CMP-007675,NO_ACTION,SUCCESS,47.18,ACTED
INT-007676,CMP-007676,ENDPOINT_WATCH,NO_ACTION,4.32,ACTED
INT-007677,CMP-007677,ENDPOINT_WATCH,NO_ACTION,35.23,FALSE_POSITIVE
INT-007678,CMP-007678,ACCOUNT_FREEZE,PARTIAL,5.09,ALREADY_ACTIONED
INT-007679,CMP-007679,NO_ACTION,NO_ACTION,14.54,ACTED
INT-007680,CMP-007680,ACCOUNT_FREEZE,NO_ACTION,9.83,ACTED
INT-007681,CMP-007681,NO_ACTION,SUCCESS,35.14,ACTED
INT-007682,CMP-007682,NO_ACTION,PARTIAL,33.18,ALREADY_ACTIONED
INT-007683,CMP-007683,NO_ACTION,SUCCESS,37.1,NOT_ACTED
INT-007684,CMP-007684,JURISDICTION_HANDOFF,SUCCESS,44.68,ALREADY_ACTIONED
INT-007685,CMP-007685,NO_ACTION,PARTIAL,35.42,ALREADY_ACTIONED
INT-007686,CMP-007686,NO_ACTION,SUCCESS,7.01,ACTED
INT-007687,CMP-007687,ENDPOINT_WATCH,SUCCESS,13.33,FALSE_POSITIVE
INT-007688,CMP-007688,NO_ACTION,NO_ACTION,20.68,ACTED
INT-007689,CMP-007689,JURISDICTION_HANDOFF,NO_ACTION,21.46,FALSE_POSITIVE
INT-007690,CMP-007690,LIEN_MARK,SUCCESS,26.03,OUT_OF_SCOPE
INT-007691,CMP-007691,ENDPOINT_WATCH,SUCCESS,13.83,ACTED
INT-007692,CMP-007692,NO_ACTION,SUCCESS,43.02,NOT_ACTED
INT-007693,CMP-007693,NO_ACTION,SUCCESS,11.39,ALREADY_ACTIONED
INT-007694,CMP-007694,ENDPOINT_WATCH,NO_ACTION,20.09,ALREADY_ACTIONED
INT-007695,CMP-007695,LIEN_MARK,SUCCESS,6.71,ALREADY_ACTIONED
INT-007696,CMP-007696,ACCOUNT_FREEZE,NO_ACTION,13.69,NOT_ACTED
INT-007697,CMP-007697,NO_ACTION,NO_ACTION,28.52,ACTED
INT-007698,CMP-007698,ACCOUNT_FREEZE,PARTIAL,40.38,ACTED
INT-007699,CMP-007699,JURISDICTION_HANDOFF,SUCCESS,17.39,ACTED
INT-007700,CMP-007700,LIEN_MARK,PARTIAL,32.77,ALREADY_ACTIONED
INT-007701,CMP-007701,JURISDICTION_HANDOFF,SUCCESS,9.98,ACTED
INT-007702,CMP-007702,ENDPOINT_WATCH,SUCCESS,33.34,ACTED
INT-007703,CMP-007703,JURISDICTION_HANDOFF,NO_ACTION,38.11,NOT_ACTED
INT-007704,CMP-007704,LIEN_MARK,SUCCESS,13.8,ACTED
INT-007705,CMP-007705,LIEN_MARK,SUCCESS,16.08,NOT_ACTED
INT-007706,CMP-007706,ACCOUNT_FREEZE,PARTIAL,28.42,ALREADY_ACTIONED
INT-007707,CMP-007707,LIEN_MARK,SUCCESS,11.63,OUT_OF_SCOPE
INT-007708,CMP-007708,ENDPOINT_WATCH,PARTIAL,44.94,ACTED
INT-007709,CMP-007709,JURISDICTION_HANDOFF,NO_ACTION,31.34,ACTED
INT-007710,CMP-007710,JURISDICTION_HANDOFF,SUCCESS,14.16,OUT_OF_SCOPE
INT-007711,CMP-007711,LIEN_MARK,SUCCESS,23.38,ALREADY_ACTIONED
INT-007712,CMP-007712,ACCOUNT_FREEZE,SUCCESS,10.56,ACTED
INT-007713,CMP-007713,NO_ACTION,PARTIAL,17.74,ACTED
INT-007714,CMP-007714,NO_ACTION,SUCCESS,6.58,FALSE_POSITIVE
INT-007715,CMP-007715,LIEN_MARK,NO_ACTION,34.77,ALREADY_ACTIONED
INT-007716,CMP-007716,JURISDICTION_HANDOFF,SUCCESS,18.78,ALREADY_ACTIONED
INT-007717,CMP-007717,ENDPOINT_WATCH,SUCCESS,14.3,OUT_OF_SCOPE
INT-007718,CMP-007718,NO_ACTION,PARTIAL,32.76,ACTED
INT-007719,CMP-007719,ENDPOINT_WATCH,SUCCESS,31.94,ACTED
INT-007720,CMP-007720,ACCOUNT_FREEZE,SUCCESS,35.2,NOT_ACTED
INT-007721,CMP-007721,JURISDICTION_HANDOFF,SUCCESS,30.2,NOT_ACTED
INT-007722,CMP-007722,ACCOUNT_FREEZE,SUCCESS,20.01,ACTED
INT-007723,CMP-007723,NO_ACTION,NO_ACTION,3.01,ACTED
INT-007724,CMP-007724,ACCOUNT_FREEZE,SUCCESS,36.77,ACTED
INT-007725,CMP-007725,NO_ACTION,SUCCESS,30.7,ACTED
INT-007726,CMP-007726,NO_ACTION,SUCCESS,18.8,ACTED
INT-007727,CMP-007727,NO_ACTION,SUCCESS,34.88,ACTED
INT-007728,CMP-007728,LIEN_MARK,SUCCESS,44.08,ALREADY_ACTIONED
INT-007729,CMP-007729,JURISDICTION_HANDOFF,SUCCESS,24.34,ACTED
INT-007730,CMP-007730,ENDPOINT_WATCH,SUCCESS,17.41,OUT_OF_SCOPE
INT-007731,CMP-007731,NO_ACTION,PARTIAL,34.92,ACTED
INT-007732,CMP-007732,JURISDICTION_HANDOFF,SUCCESS,8.63,ALREADY_ACTIONED
INT-007733,CMP-007733,JURISDICTION_HANDOFF,PARTIAL,21.98,ACTED
INT-007734,CMP-007734,JURISDICTION_HANDOFF,PARTIAL,45.1,OUT_OF_SCOPE
INT-007735,CMP-007735,ENDPOINT_WATCH,SUCCESS,37.6,NOT_ACTED
INT-007736,CMP-007736,LIEN_MARK,SUCCESS,30.3,ACTED
INT-007737,CMP-007737,JURISDICTION_HANDOFF,NO_ACTION,33.34,ACTED
INT-007738,CMP-007738,ENDPOINT_WATCH,NO_ACTION,41.75,ACTED
INT-007739,CMP-007739,ACCOUNT_FREEZE,SUCCESS,4.82,NOT_ACTED
INT-007740,CMP-007740,ACCOUNT_FREEZE,SUCCESS,33.69,NOT_ACTED
INT-007741,CMP-007741,ACCOUNT_FREEZE,NO_ACTION,36.58,ACTED
INT-007742,CMP-007742,NO_ACTION,SUCCESS,23.12,ACTED
INT-007743,CMP-007743,ACCOUNT_FREEZE,PARTIAL,18.86,NOT_ACTED
INT-007744,CMP-007744,NO_ACTION,NO_ACTION,27.54,NOT_ACTED
INT-007745,CMP-007745,ENDPOINT_WATCH,SUCCESS,25.6,ACTED
INT-007746,CMP-007746,JURISDICTION_HANDOFF,PARTIAL,38.16,ACTED
INT-007747,CMP-007747,JURISDICTION_HANDOFF,SUCCESS,43.52,NOT_ACTED
INT-007748,CMP-007748,LIEN_MARK,SUCCESS,31.31,NOT_ACTED
INT-007749,CMP-007749,ACCOUNT_FREEZE,NO_ACTION,15.33,ACTED
INT-007750,CMP-007750,JURISDICTION_HANDOFF,PARTIAL,41.09,ACTED
INT-007751,CMP-007751,ENDPOINT_WATCH,SUCCESS,13.2,ACTED
INT-007752,CMP-007752,ACCOUNT_FREEZE,PARTIAL,34.94,ACTED
INT-007753,CMP-007753,LIEN_MARK,SUCCESS,19.09,ALREADY_ACTIONED
INT-007754,CMP-007754,ENDPOINT_WATCH,SUCCESS,39.04,NOT_ACTED
INT-007755,CMP-007755,LIEN_MARK,PARTIAL,27.42,ACTED
INT-007756,CMP-007756,LIEN_MARK,SUCCESS,38.66,ACTED
INT-007757,CMP-007757,NO_ACTION,SUCCESS,41.97,ALREADY_ACTIONED
INT-007758,CMP-007758,NO_ACTION,SUCCESS,12.68,OUT_OF_SCOPE
INT-007759,CMP-007759,ENDPOINT_WATCH,PARTIAL,31.67,ACTED
INT-007760,CMP-007760,ENDPOINT_WATCH,PARTIAL,31.32,ALREADY_ACTIONED
INT-007761,CMP-007761,ACCOUNT_FREEZE,SUCCESS,14.44,ACTED
INT-007762,CMP-007762,ACCOUNT_FREEZE,SUCCESS,9.85,ACTED
INT-007763,CMP-007763,ENDPOINT_WATCH,NO_ACTION,20.57,ALREADY_ACTIONED
INT-007764,CMP-007764,ACCOUNT_FREEZE,SUCCESS,26.74,ACTED
INT-007765,CMP-007765,JURISDICTION_HANDOFF,PARTIAL,34.43,ACTED
INT-007766,CMP-007766,ENDPOINT_WATCH,PARTIAL,9.65,NOT_ACTED
INT-007767,CMP-007767,NO_ACTION,PARTIAL,9.75,OUT_OF_SCOPE
INT-007768,CMP-007768,NO_ACTION,PARTIAL,46.47,ACTED
INT-007769,CMP-007769,NO_ACTION,PARTIAL,37.11,ACTED
INT-007770,CMP-007770,ACCOUNT_FREEZE,SUCCESS,21.08,ACTED
INT-007771,CMP-007771,ACCOUNT_FREEZE,SUCCESS,20.0,OUT_OF_SCOPE
INT-007772,CMP-007772,NO_ACTION,PARTIAL,8.01,FALSE_POSITIVE
INT-007773,CMP-007773,JURISDICTION_HANDOFF,SUCCESS,38.68,NOT_ACTED
INT-007774,CMP-007774,ACCOUNT_FREEZE,SUCCESS,41.94,ACTED
INT-007775,CMP-007775,ENDPOINT_WATCH,SUCCESS,41.65,OUT_OF_SCOPE
INT-007776,CMP-007776,JURISDICTION_HANDOFF,SUCCESS,8.53,NOT_ACTED
INT-007777,CMP-007777,JURISDICTION_HANDOFF,SUCCESS,33.96,ACTED
INT-007778,CMP-007778,ACCOUNT_FREEZE,NO_ACTION,43.33,ALREADY_ACTIONED
INT-007779,CMP-007779,ENDPOINT_WATCH,NO_ACTION,33.99,NOT_ACTED
INT-007780,CMP-007780,ENDPOINT_WATCH,SUCCESS,16.17,OUT_OF_SCOPE
INT-007781,CMP-007781,NO_ACTION,SUCCESS,39.2,FALSE_POSITIVE
INT-007782,CMP-007782,LIEN_MARK,PARTIAL,5.49,OUT_OF_SCOPE
INT-007783,CMP-007783,LIEN_MARK,SUCCESS,22.42,ACTED
INT-007784,CMP-007784,LIEN_MARK,NO_ACTION,44.42,FALSE_POSITIVE
INT-007785,CMP-007785,NO_ACTION,SUCCESS,26.24,NOT_ACTED
INT-007786,CMP-007786,JURISDICTION_HANDOFF,SUCCESS,9.83,OUT_OF_SCOPE
INT-007787,CMP-007787,LIEN_MARK,PARTIAL,14.89,ALREADY_ACTIONED
INT-007788,CMP-007788,JURISDICTION_HANDOFF,PARTIAL,41.62,ACTED
INT-007789,CMP-007789,NO_ACTION,SUCCESS,28.93,ACTED
INT-007790,CMP-007790,ACCOUNT_FREEZE,SUCCESS,25.62,ACTED
INT-007791,CMP-007791,ENDPOINT_WATCH,SUCCESS,6.9,ACTED
INT-007792,CMP-007792,NO_ACTION,SUCCESS,44.96,ALREADY_ACTIONED
INT-007793,CMP-007793,ENDPOINT_WATCH,NO_ACTION,32.03,ACTED
INT-007794,CMP-007794,LIEN_MARK,NO_ACTION,40.08,ACTED
INT-007795,CMP-007795,JURISDICTION_HANDOFF,SUCCESS,43.49,OUT_OF_SCOPE
INT-007796,CMP-007796,LIEN_MARK,SUCCESS,28.1,OUT_OF_SCOPE
INT-007797,CMP-007797,LIEN_MARK,NO_ACTION,25.81,ALREADY_ACTIONED
INT-007798,CMP-007798,JURISDICTION_HANDOFF,NO_ACTION,45.36,ALREADY_ACTIONED
INT-007799,CMP-007799,ENDPOINT_WATCH,NO_ACTION,30.6,OUT_OF_SCOPE
INT-007800,CMP-007800,ENDPOINT_WATCH,SUCCESS,18.42,ALREADY_ACTIONED
INT-007801,CMP-007801,LIEN_MARK,NO_ACTION,39.92,ACTED
INT-007802,CMP-007802,JURISDICTION_HANDOFF,SUCCESS,25.52,ALREADY_ACTIONED
INT-007803,CMP-007803,NO_ACTION,NO_ACTION,15.18,ACTED
INT-007804,CMP-007804,JURISDICTION_HANDOFF,SUCCESS,15.91,ACTED
INT-007805,CMP-007805,NO_ACTION,SUCCESS,37.9,ACTED
INT-007806,CMP-007806,LIEN_MARK,NO_ACTION,38.39,OUT_OF_SCOPE
INT-007807,CMP-007807,LIEN_MARK,PARTIAL,26.99,NOT_ACTED
INT-007808,CMP-007808,LIEN_MARK,SUCCESS,39.06,ACTED
INT-007809,CMP-007809,ENDPOINT_WATCH,SUCCESS,46.06,ACTED
INT-007810,CMP-007810,ENDPOINT_WATCH,PARTIAL,13.67,ACTED
INT-007811,CMP-007811,NO_ACTION,SUCCESS,36.94,ACTED
INT-007812,CMP-007812,ENDPOINT_WATCH,SUCCESS,41.25,ALREADY_ACTIONED
INT-007813,CMP-007813,ACCOUNT_FREEZE,PARTIAL,15.76,ACTED
INT-007814,CMP-007814,ENDPOINT_WATCH,SUCCESS,37.68,ACTED
INT-007815,CMP-007815,ENDPOINT_WATCH,SUCCESS,7.36,ACTED
INT-007816,CMP-007816,LIEN_MARK,NO_ACTION,16.89,ALREADY_ACTIONED
INT-007817,CMP-007817,LIEN_MARK,SUCCESS,6.84,ACTED
INT-007818,CMP-007818,ENDPOINT_WATCH,PARTIAL,21.5,ACTED
INT-007819,CMP-007819,ACCOUNT_FREEZE,SUCCESS,18.5,ACTED
INT-007820,CMP-007820,ACCOUNT_FREEZE,NO_ACTION,29.04,ACTED
INT-007821,CMP-007821,ENDPOINT_WATCH,NO_ACTION,24.21,ACTED
INT-007822,CMP-007822,ACCOUNT_FREEZE,PARTIAL,23.48,NOT_ACTED
INT-007823,CMP-007823,ACCOUNT_FREEZE,NO_ACTION,15.4,ACTED
INT-007824,CMP-007824,JURISDICTION_HANDOFF,NO_ACTION,10.03,ALREADY_ACTIONED
INT-007825,CMP-007825,JURISDICTION_HANDOFF,SUCCESS,40.3,ACTED
INT-007826,CMP-007826,LIEN_MARK,SUCCESS,23.33,NOT_ACTED
INT-007827,CMP-007827,NO_ACTION,NO_ACTION,29.08,FALSE_POSITIVE
INT-007828,CMP-007828,ACCOUNT_FREEZE,SUCCESS,37.06,ACTED
INT-007829,CMP-007829,JURISDICTION_HANDOFF,NO_ACTION,29.01,ACTED
INT-007830,CMP-007830,ENDPOINT_WATCH,SUCCESS,24.69,NOT_ACTED
INT-007831,CMP-007831,JURISDICTION_HANDOFF,PARTIAL,25.87,OUT_OF_SCOPE
INT-007832,CMP-007832,LIEN_MARK,NO_ACTION,39.22,NOT_ACTED
INT-007833,CMP-007833,NO_ACTION,NO_ACTION,30.48,ACTED
INT-007834,CMP-007834,JURISDICTION_HANDOFF,PARTIAL,14.55,NOT_ACTED
INT-007835,CMP-007835,ENDPOINT_WATCH,NO_ACTION,7.59,ACTED
INT-007836,CMP-007836,JURISDICTION_HANDOFF,SUCCESS,29.12,NOT_ACTED
INT-007837,CMP-007837,ENDPOINT_WATCH,SUCCESS,18.85,ACTED
INT-007838,CMP-007838,JURISDICTION_HANDOFF,SUCCESS,9.26,ACTED
INT-007839,CMP-007839,JURISDICTION_HANDOFF,SUCCESS,23.38,ACTED
INT-007840,CMP-007840,JURISDICTION_HANDOFF,SUCCESS,3.48,FALSE_POSITIVE
INT-007841,CMP-007841,JURISDICTION_HANDOFF,SUCCESS,15.64,NOT_ACTED
INT-007842,CMP-007842,JURISDICTION_HANDOFF,SUCCESS,40.14,NOT_ACTED
INT-007843,CMP-007843,ACCOUNT_FREEZE,SUCCESS,36.6,ACTED
INT-007844,CMP-007844,JURISDICTION_HANDOFF,PARTIAL,22.56,NOT_ACTED
INT-007845,CMP-007845,LIEN_MARK,SUCCESS,22.05,ALREADY_ACTIONED
INT-007846,CMP-007846,LIEN_MARK,PARTIAL,5.89,ACTED
INT-007847,CMP-007847,ACCOUNT_FREEZE,PARTIAL,5.95,ALREADY_ACTIONED
INT-007848,CMP-007848,JURISDICTION_HANDOFF,SUCCESS,32.21,OUT_OF_SCOPE
INT-007849,CMP-007849,ACCOUNT_FREEZE,SUCCESS,37.69,OUT_OF_SCOPE
INT-007850,CMP-007850,ENDPOINT_WATCH,PARTIAL,10.2,ACTED
INT-007851,CMP-007851,LIEN_MARK,NO_ACTION,31.58,ALREADY_ACTIONED
INT-007852,CMP-007852,NO_ACTION,SUCCESS,36.58,ACTED
INT-007853,CMP-007853,ENDPOINT_WATCH,NO_ACTION,12.28,OUT_OF_SCOPE
INT-007854,CMP-007854,NO_ACTION,NO_ACTION,9.59,ACTED
INT-007855,CMP-007855,ACCOUNT_FREEZE,SUCCESS,27.15,NOT_ACTED
INT-007856,CMP-007856,NO_ACTION,NO_ACTION,33.64,FALSE_POSITIVE
INT-007857,CMP-007857,NO_ACTION,NO_ACTION,29.11,NOT_ACTED
INT-007858,CMP-007858,NO_ACTION,PARTIAL,43.17,ACTED
INT-007859,CMP-007859,JURISDICTION_HANDOFF,SUCCESS,14.08,ALREADY_ACTIONED
INT-007860,CMP-007860,ENDPOINT_WATCH,PARTIAL,26.2,OUT_OF_SCOPE
INT-007861,CMP-007861,ACCOUNT_FREEZE,SUCCESS,23.81,ACTED
INT-007862,CMP-007862,ACCOUNT_FREEZE,PARTIAL,3.69,ACTED
INT-007863,CMP-007863,ACCOUNT_FREEZE,SUCCESS,40.29,NOT_ACTED
INT-007864,CMP-007864,NO_ACTION,NO_ACTION,32.71,NOT_ACTED
INT-007865,CMP-007865,NO_ACTION,PARTIAL,40.6,ACTED
INT-007866,CMP-007866,ACCOUNT_FREEZE,PARTIAL,10.54,NOT_ACTED
INT-007867,CMP-007867,ACCOUNT_FREEZE,SUCCESS,22.29,OUT_OF_SCOPE
INT-007868,CMP-007868,NO_ACTION,PARTIAL,33.25,NOT_ACTED
INT-007869,CMP-007869,LIEN_MARK,NO_ACTION,25.49,NOT_ACTED
INT-007870,CMP-007870,NO_ACTION,SUCCESS,39.25,OUT_OF_SCOPE
INT-007871,CMP-007871,NO_ACTION,NO_ACTION,7.02,OUT_OF_SCOPE
INT-007872,CMP-007872,ENDPOINT_WATCH,SUCCESS,30.16,ACTED
INT-007873,CMP-007873,ENDPOINT_WATCH,NO_ACTION,47.49,ACTED
INT-007874,CMP-007874,JURISDICTION_HANDOFF,NO_ACTION,6.25,ACTED
INT-007875,CMP-007875,NO_ACTION,SUCCESS,32.1,ACTED
INT-007876,CMP-007876,JURISDICTION_HANDOFF,PARTIAL,25.58,ACTED
INT-007877,CMP-007877,NO_ACTION,PARTIAL,41.46,ACTED
INT-007878,CMP-007878,JURISDICTION_HANDOFF,SUCCESS,30.13,ACTED
INT-007879,CMP-007879,JURISDICTION_HANDOFF,SUCCESS,47.71,OUT_OF_SCOPE
INT-007880,CMP-007880,ACCOUNT_FREEZE,SUCCESS,35.01,OUT_OF_SCOPE
INT-007881,CMP-007881,ACCOUNT_FREEZE,SUCCESS,47.5,ALREADY_ACTIONED
INT-007882,CMP-007882,JURISDICTION_HANDOFF,SUCCESS,32.7,OUT_OF_SCOPE
INT-007883,CMP-007883,LIEN_MARK,SUCCESS,25.52,OUT_OF_SCOPE
INT-007884,CMP-007884,ENDPOINT_WATCH,SUCCESS,18.02,ACTED
INT-007885,CMP-007885,LIEN_MARK,SUCCESS,7.91,NOT_ACTED
INT-007886,CMP-007886,NO_ACTION,NO_ACTION,34.8,ALREADY_ACTIONED
INT-007887,CMP-007887,NO_ACTION,PARTIAL,47.12,ACTED
INT-007888,CMP-007888,NO_ACTION,NO_ACTION,13.29,FALSE_POSITIVE
INT-007889,CMP-007889,LIEN_MARK,SUCCESS,43.95,ACTED
INT-007890,CMP-007890,ACCOUNT_FREEZE,PARTIAL,39.53,ACTED
INT-007891,CMP-007891,LIEN_MARK,NO_ACTION,21.63,ACTED
INT-007892,CMP-007892,ENDPOINT_WATCH,SUCCESS,35.35,ACTED
INT-007893,CMP-007893,LIEN_MARK,NO_ACTION,23.39,FALSE_POSITIVE
INT-007894,CMP-007894,NO_ACTION,NO_ACTION,41.8,ACTED
INT-007895,CMP-007895,LIEN_MARK,NO_ACTION,16.3,ACTED
INT-007896,CMP-007896,NO_ACTION,PARTIAL,13.72,ACTED
INT-007897,CMP-007897,ACCOUNT_FREEZE,SUCCESS,20.4,OUT_OF_SCOPE
INT-007898,CMP-007898,ENDPOINT_WATCH,SUCCESS,8.88,NOT_ACTED
INT-007899,CMP-007899,NO_ACTION,SUCCESS,3.47,ACTED
INT-007900,CMP-007900,JURISDICTION_HANDOFF,PARTIAL,11.7,ACTED
INT-007901,CMP-007901,NO_ACTION,SUCCESS,17.7,ALREADY_ACTIONED
INT-007902,CMP-007902,ENDPOINT_WATCH,NO_ACTION,25.01,NOT_ACTED
INT-007903,CMP-007903,ACCOUNT_FREEZE,PARTIAL,29.51,ACTED
INT-007904,CMP-007904,JURISDICTION_HANDOFF,NO_ACTION,38.14,ALREADY_ACTIONED
INT-007905,CMP-007905,ACCOUNT_FREEZE,SUCCESS,8.28,FALSE_POSITIVE
INT-007906,CMP-007906,NO_ACTION,PARTIAL,32.14,NOT_ACTED
INT-007907,CMP-007907,ENDPOINT_WATCH,SUCCESS,17.57,ACTED
INT-007908,CMP-007908,ENDPOINT_WATCH,PARTIAL,16.14,ALREADY_ACTIONED
INT-007909,CMP-007909,JURISDICTION_HANDOFF,SUCCESS,17.87,FALSE_POSITIVE
INT-007910,CMP-007910,ENDPOINT_WATCH,NO_ACTION,13.22,ACTED
INT-007911,CMP-007911,LIEN_MARK,SUCCESS,7.2,FALSE_POSITIVE
INT-007912,CMP-007912,JURISDICTION_HANDOFF,SUCCESS,46.42,ACTED
INT-007913,CMP-007913,JURISDICTION_HANDOFF,PARTIAL,8.27,ACTED
INT-007914,CMP-007914,ENDPOINT_WATCH,PARTIAL,3.88,OUT_OF_SCOPE
INT-007915,CMP-007915,LIEN_MARK,NO_ACTION,23.94,ACTED
INT-007916,CMP-007916,NO_ACTION,PARTIAL,32.58,ACTED
INT-007917,CMP-007917,ACCOUNT_FREEZE,SUCCESS,27.8,ACTED
INT-007918,CMP-007918,LIEN_MARK,SUCCESS,32.78,NOT_ACTED
INT-007919,CMP-007919,NO_ACTION,SUCCESS,5.42,ACTED
INT-007920,CMP-007920,NO_ACTION,NO_ACTION,15.68,ACTED
INT-007921,CMP-007921,ACCOUNT_FREEZE,NO_ACTION,41.84,ACTED
INT-007922,CMP-007922,NO_ACTION,NO_ACTION,22.28,NOT_ACTED
INT-007923,CMP-007923,NO_ACTION,PARTIAL,21.6,NOT_ACTED
INT-007924,CMP-007924,LIEN_MARK,SUCCESS,41.2,FALSE_POSITIVE
INT-007925,CMP-007925,JURISDICTION_HANDOFF,SUCCESS,10.06,ACTED
INT-007926,CMP-007926,ENDPOINT_WATCH,SUCCESS,19.18,NOT_ACTED
INT-007927,CMP-007927,JURISDICTION_HANDOFF,SUCCESS,20.55,ALREADY_ACTIONED
INT-007928,CMP-007928,NO_ACTION,SUCCESS,28.54,ACTED
INT-007929,CMP-007929,ACCOUNT_FREEZE,SUCCESS,42.98,NOT_ACTED
INT-007930,CMP-007930,JURISDICTION_HANDOFF,PARTIAL,13.8,ACTED
INT-007931,CMP-007931,ENDPOINT_WATCH,SUCCESS,34.75,ACTED
INT-007932,CMP-007932,LIEN_MARK,SUCCESS,36.5,ALREADY_ACTIONED
INT-007933,CMP-007933,NO_ACTION,PARTIAL,22.83,ACTED
INT-007934,CMP-007934,ENDPOINT_WATCH,PARTIAL,9.51,ACTED
INT-007935,CMP-007935,ACCOUNT_FREEZE,PARTIAL,17.84,OUT_OF_SCOPE
INT-007936,CMP-007936,NO_ACTION,NO_ACTION,22.17,NOT_ACTED
INT-007937,CMP-007937,ACCOUNT_FREEZE,PARTIAL,7.82,ACTED
INT-007938,CMP-007938,ACCOUNT_FREEZE,SUCCESS,14.99,FALSE_POSITIVE
INT-007939,CMP-007939,LIEN_MARK,PARTIAL,32.4,ACTED
INT-007940,CMP-007940,ENDPOINT_WATCH,SUCCESS,28.82,ACTED
INT-007941,CMP-007941,JURISDICTION_HANDOFF,SUCCESS,29.09,ACTED
INT-007942,CMP-007942,ACCOUNT_FREEZE,PARTIAL,24.06,ACTED
INT-007943,CMP-007943,ACCOUNT_FREEZE,SUCCESS,29.77,FALSE_POSITIVE
INT-007944,CMP-007944,ACCOUNT_FREEZE,PARTIAL,38.49,ACTED
INT-007945,CMP-007945,ENDPOINT_WATCH,SUCCESS,27.17,OUT_OF_SCOPE
INT-007946,CMP-007946,ACCOUNT_FREEZE,SUCCESS,41.6,OUT_OF_SCOPE
INT-007947,CMP-007947,ENDPOINT_WATCH,NO_ACTION,34.11,OUT_OF_SCOPE
INT-007948,CMP-007948,ENDPOINT_WATCH,SUCCESS,37.14,ACTED
INT-007949,CMP-007949,ENDPOINT_WATCH,SUCCESS,37.14,OUT_OF_SCOPE
INT-007950,CMP-007950,ENDPOINT_WATCH,SUCCESS,21.47,NOT_ACTED
INT-007951,CMP-007951,JURISDICTION_HANDOFF,PARTIAL,29.45,NOT_ACTED
INT-007952,CMP-007952,JURISDICTION_HANDOFF,NO_ACTION,35.29,ALREADY_ACTIONED
INT-007953,CMP-007953,NO_ACTION,PARTIAL,35.21,OUT_OF_SCOPE
INT-007954,CMP-007954,JURISDICTION_HANDOFF,SUCCESS,23.71,NOT_ACTED
INT-007955,CMP-007955,LIEN_MARK,NO_ACTION,35.61,FALSE_POSITIVE
INT-007956,CMP-007956,LIEN_MARK,PARTIAL,22.16,ALREADY_ACTIONED
INT-007957,CMP-007957,JURISDICTION_HANDOFF,NO_ACTION,36.97,FALSE_POSITIVE
INT-007958,CMP-007958,LIEN_MARK,SUCCESS,24.52,ACTED
INT-007959,CMP-007959,LIEN_MARK,PARTIAL,47.42,OUT_OF_SCOPE
INT-007960,CMP-007960,LIEN_MARK,NO_ACTION,30.8,NOT_ACTED
INT-007961,CMP-007961,ENDPOINT_WATCH,SUCCESS,31.5,NOT_ACTED
INT-007962,CMP-007962,ACCOUNT_FREEZE,PARTIAL,29.55,ACTED
INT-007963,CMP-007963,JURISDICTION_HANDOFF,SUCCESS,40.05,ACTED
INT-007964,CMP-007964,LIEN_MARK,PARTIAL,25.22,ALREADY_ACTIONED
INT-007965,CMP-007965,ENDPOINT_WATCH,SUCCESS,18.99,FALSE_POSITIVE
INT-007966,CMP-007966,ENDPOINT_WATCH,SUCCESS,25.82,ACTED
INT-007967,CMP-007967,LIEN_MARK,SUCCESS,20.75,NOT_ACTED
INT-007968,CMP-007968,ENDPOINT_WATCH,PARTIAL,32.03,OUT_OF_SCOPE
INT-007969,CMP-007969,JURISDICTION_HANDOFF,NO_ACTION,36.61,ACTED
INT-007970,CMP-007970,NO_ACTION,SUCCESS,31.11,ACTED
INT-007971,CMP-007971,NO_ACTION,NO_ACTION,47.17,FALSE_POSITIVE
INT-007972,CMP-007972,NO_ACTION,SUCCESS,32.71,NOT_ACTED
INT-007973,CMP-007973,JURISDICTION_HANDOFF,SUCCESS,43.84,OUT_OF_SCOPE
INT-007974,CMP-007974,ACCOUNT_FREEZE,SUCCESS,9.04,FALSE_POSITIVE
INT-007975,CMP-007975,LIEN_MARK,SUCCESS,28.24,OUT_OF_SCOPE
INT-007976,CMP-007976,ENDPOINT_WATCH,NO_ACTION,45.81,ACTED
INT-007977,CMP-007977,LIEN_MARK,SUCCESS,13.0,ACTED
INT-007978,CMP-007978,ENDPOINT_WATCH,SUCCESS,16.47,ACTED
INT-007979,CMP-007979,NO_ACTION,SUCCESS,31.46,ACTED
INT-007980,CMP-007980,NO_ACTION,PARTIAL,12.72,NOT_ACTED
INT-007981,CMP-007981,ACCOUNT_FREEZE,SUCCESS,32.1,NOT_ACTED
INT-007982,CMP-007982,JURISDICTION_HANDOFF,SUCCESS,43.44,NOT_ACTED
INT-007983,CMP-007983,NO_ACTION,SUCCESS,43.4,OUT_OF_SCOPE
INT-007984,CMP-007984,ENDPOINT_WATCH,NO_ACTION,23.58,ACTED
INT-007985,CMP-007985,JURISDICTION_HANDOFF,NO_ACTION,41.38,ACTED
INT-007986,CMP-007986,JURISDICTION_HANDOFF,SUCCESS,44.32,ACTED
INT-007987,CMP-007987,JURISDICTION_HANDOFF,SUCCESS,34.43,ACTED
INT-007988,CMP-007988,NO_ACTION,PARTIAL,19.6,ACTED
INT-007989,CMP-007989,JURISDICTION_HANDOFF,SUCCESS,11.9,OUT_OF_SCOPE
INT-007990,CMP-007990,JURISDICTION_HANDOFF,PARTIAL,28.02,ALREADY_ACTIONED
INT-007991,CMP-007991,NO_ACTION,SUCCESS,9.66,ALREADY_ACTIONED
INT-007992,CMP-007992,LIEN_MARK,SUCCESS,46.69,NOT_ACTED
INT-007993,CMP-007993,NO_ACTION,SUCCESS,27.37,NOT_ACTED
INT-007994,CMP-007994,NO_ACTION,SUCCESS,25.23,ACTED
INT-007995,CMP-007995,JURISDICTION_HANDOFF,SUCCESS,39.24,ACTED
INT-007996,CMP-007996,LIEN_MARK,NO_ACTION,8.17,OUT_OF_SCOPE
INT-007997,CMP-007997,ACCOUNT_FREEZE,SUCCESS,24.34,ACTED
INT-007998,CMP-007998,NO_ACTION,SUCCESS,38.93,ALREADY_ACTIONED
INT-007999,CMP-007999,NO_ACTION,NO_ACTION,41.72,OUT_OF_SCOPE
INT-008000,CMP-008000,LIEN_MARK,SUCCESS,42.69,ACTED
INT-008001,CMP-008001,JURISDICTION_HANDOFF,SUCCESS,42.18,NOT_ACTED
INT-008002,CMP-008002,ACCOUNT_FREEZE,NO_ACTION,7.27,ALREADY_ACTIONED
INT-008003,CMP-008003,ENDPOINT_WATCH,SUCCESS,24.51,ACTED
INT-008004,CMP-008004,JURISDICTION_HANDOFF,PARTIAL,32.86,OUT_OF_SCOPE
INT-008005,CMP-008005,LIEN_MARK,SUCCESS,24.9,NOT_ACTED
INT-008006,CMP-008006,NO_ACTION,NO_ACTION,31.85,ACTED
INT-008007,CMP-008007,JURISDICTION_HANDOFF,SUCCESS,18.79,ACTED
INT-008008,CMP-008008,ACCOUNT_FREEZE,NO_ACTION,18.35,OUT_OF_SCOPE
INT-008009,CMP-008009,ACCOUNT_FREEZE,NO_ACTION,21.71,NOT_ACTED
INT-008010,CMP-008010,JURISDICTION_HANDOFF,SUCCESS,47.2,FALSE_POSITIVE
INT-008011,CMP-008011,JURISDICTION_HANDOFF,SUCCESS,46.79,ACTED
INT-008012,CMP-008012,LIEN_MARK,NO_ACTION,14.66,NOT_ACTED
INT-008013,CMP-008013,JURISDICTION_HANDOFF,PARTIAL,26.21,OUT_OF_SCOPE
INT-008014,CMP-008014,NO_ACTION,SUCCESS,27.81,ACTED
INT-008015,CMP-008015,LIEN_MARK,NO_ACTION,42.72,NOT_ACTED
INT-008016,CMP-008016,LIEN_MARK,SUCCESS,4.27,OUT_OF_SCOPE
INT-008017,CMP-008017,LIEN_MARK,SUCCESS,33.73,NOT_ACTED
INT-008018,CMP-008018,NO_ACTION,SUCCESS,26.12,NOT_ACTED
INT-008019,CMP-008019,LIEN_MARK,SUCCESS,45.21,ALREADY_ACTIONED
INT-008020,CMP-008020,ENDPOINT_WATCH,PARTIAL,11.69,ACTED
INT-008021,CMP-008021,NO_ACTION,SUCCESS,44.37,OUT_OF_SCOPE
INT-008022,CMP-008022,ACCOUNT_FREEZE,PARTIAL,35.06,NOT_ACTED
INT-008023,CMP-008023,JURISDICTION_HANDOFF,SUCCESS,11.39,ACTED
INT-008024,CMP-008024,LIEN_MARK,SUCCESS,3.31,NOT_ACTED
INT-008025,CMP-008025,ACCOUNT_FREEZE,SUCCESS,8.14,ACTED
INT-008026,CMP-008026,JURISDICTION_HANDOFF,SUCCESS,19.81,ACTED
INT-008027,CMP-008027,ACCOUNT_FREEZE,NO_ACTION,26.56,ALREADY_ACTIONED
INT-008028,CMP-008028,NO_ACTION,PARTIAL,37.22,ACTED
INT-008029,CMP-008029,ENDPOINT_WATCH,SUCCESS,28.89,ACTED
INT-008030,CMP-008030,ENDPOINT_WATCH,PARTIAL,28.92,ACTED
INT-008031,CMP-008031,ENDPOINT_WATCH,PARTIAL,26.28,ALREADY_ACTIONED
INT-008032,CMP-008032,LIEN_MARK,SUCCESS,20.83,ACTED
INT-008033,CMP-008033,ENDPOINT_WATCH,SUCCESS,11.1,NOT_ACTED
INT-008034,CMP-008034,JURISDICTION_HANDOFF,SUCCESS,33.26,ACTED
INT-008035,CMP-008035,ENDPOINT_WATCH,SUCCESS,44.21,FALSE_POSITIVE
INT-008036,CMP-008036,ENDPOINT_WATCH,NO_ACTION,22.89,NOT_ACTED
INT-008037,CMP-008037,LIEN_MARK,PARTIAL,31.14,NOT_ACTED
INT-008038,CMP-008038,LIEN_MARK,SUCCESS,12.21,FALSE_POSITIVE
INT-008039,CMP-008039,LIEN_MARK,SUCCESS,44.4,ACTED
INT-008040,CMP-008040,NO_ACTION,NO_ACTION,5.33,ALREADY_ACTIONED
INT-008041,CMP-008041,ENDPOINT_WATCH,PARTIAL,7.46,ACTED
INT-008042,CMP-008042,JURISDICTION_HANDOFF,SUCCESS,42.22,ALREADY_ACTIONED
INT-008043,CMP-008043,NO_ACTION,SUCCESS,31.83,FALSE_POSITIVE
INT-008044,CMP-008044,ACCOUNT_FREEZE,SUCCESS,36.94,FALSE_POSITIVE
INT-008045,CMP-008045,ACCOUNT_FREEZE,SUCCESS,23.96,OUT_OF_SCOPE
INT-008046,CMP-008046,JURISDICTION_HANDOFF,PARTIAL,3.77,OUT_OF_SCOPE
INT-008047,CMP-008047,JURISDICTION_HANDOFF,SUCCESS,46.53,FALSE_POSITIVE
INT-008048,CMP-008048,ENDPOINT_WATCH,PARTIAL,45.7,NOT_ACTED
INT-008049,CMP-008049,NO_ACTION,SUCCESS,12.51,ACTED
INT-008050,CMP-008050,NO_ACTION,SUCCESS,32.02,NOT_ACTED
INT-008051,CMP-008051,LIEN_MARK,NO_ACTION,18.24,ACTED
INT-008052,CMP-008052,ENDPOINT_WATCH,SUCCESS,47.72,ACTED
INT-008053,CMP-008053,JURISDICTION_HANDOFF,SUCCESS,12.47,FALSE_POSITIVE
INT-008054,CMP-008054,LIEN_MARK,PARTIAL,35.84,FALSE_POSITIVE
INT-008055,CMP-008055,JURISDICTION_HANDOFF,NO_ACTION,34.7,ACTED
INT-008056,CMP-008056,ENDPOINT_WATCH,NO_ACTION,26.48,ALREADY_ACTIONED
INT-008057,CMP-008057,ENDPOINT_WATCH,SUCCESS,21.75,OUT_OF_SCOPE
INT-008058,CMP-008058,JURISDICTION_HANDOFF,SUCCESS,36.74,ALREADY_ACTIONED
INT-008059,CMP-008059,ENDPOINT_WATCH,SUCCESS,15.91,FALSE_POSITIVE
INT-008060,CMP-008060,LIEN_MARK,SUCCESS,20.31,ACTED
INT-008061,CMP-008061,ACCOUNT_FREEZE,SUCCESS,32.95,ACTED
INT-008062,CMP-008062,ENDPOINT_WATCH,SUCCESS,35.66,NOT_ACTED
INT-008063,CMP-008063,ACCOUNT_FREEZE,SUCCESS,5.37,OUT_OF_SCOPE
INT-008064,CMP-008064,JURISDICTION_HANDOFF,PARTIAL,29.86,FALSE_POSITIVE
INT-008065,CMP-008065,ACCOUNT_FREEZE,SUCCESS,3.45,ACTED
INT-008066,CMP-008066,LIEN_MARK,SUCCESS,18.51,ACTED
INT-008067,CMP-008067,JURISDICTION_HANDOFF,SUCCESS,9.58,FALSE_POSITIVE
INT-008068,CMP-008068,LIEN_MARK,SUCCESS,12.98,ACTED
INT-008069,CMP-008069,ENDPOINT_WATCH,SUCCESS,11.9,ALREADY_ACTIONED
INT-008070,CMP-008070,NO_ACTION,NO_ACTION,30.5,NOT_ACTED
INT-008071,CMP-008071,ACCOUNT_FREEZE,NO_ACTION,11.19,ACTED
INT-008072,CMP-008072,JURISDICTION_HANDOFF,SUCCESS,14.95,ALREADY_ACTIONED
INT-008073,CMP-008073,ACCOUNT_FREEZE,PARTIAL,3.54,ALREADY_ACTIONED
INT-008074,CMP-008074,JURISDICTION_HANDOFF,PARTIAL,45.73,ACTED
INT-008075,CMP-008075,LIEN_MARK,PARTIAL,44.66,ACTED
INT-008076,CMP-008076,LIEN_MARK,NO_ACTION,16.5,NOT_ACTED
INT-008077,CMP-008077,NO_ACTION,PARTIAL,41.96,ACTED
INT-008078,CMP-008078,NO_ACTION,SUCCESS,32.93,NOT_ACTED
INT-008079,CMP-008079,JURISDICTION_HANDOFF,NO_ACTION,14.01,ACTED
INT-008080,CMP-008080,NO_ACTION,PARTIAL,36.03,NOT_ACTED
INT-008081,CMP-008081,JURISDICTION_HANDOFF,PARTIAL,30.31,ALREADY_ACTIONED
INT-008082,CMP-008082,NO_ACTION,SUCCESS,9.42,OUT_OF_SCOPE
INT-008083,CMP-008083,ENDPOINT_WATCH,NO_ACTION,39.83,ACTED
INT-008084,CMP-008084,NO_ACTION,SUCCESS,8.46,ACTED
INT-008085,CMP-008085,NO_ACTION,PARTIAL,19.21,ACTED
INT-008086,CMP-008086,LIEN_MARK,SUCCESS,25.72,ACTED
INT-008087,CMP-008087,NO_ACTION,SUCCESS,12.31,ACTED
INT-008088,CMP-008088,ENDPOINT_WATCH,NO_ACTION,25.83,FALSE_POSITIVE
INT-008089,CMP-008089,JURISDICTION_HANDOFF,NO_ACTION,47.45,NOT_ACTED
INT-008090,CMP-008090,ENDPOINT_WATCH,SUCCESS,34.33,NOT_ACTED
INT-008091,CMP-008091,NO_ACTION,SUCCESS,28.51,ACTED
INT-008092,CMP-008092,ENDPOINT_WATCH,NO_ACTION,36.01,ACTED
INT-008093,CMP-008093,NO_ACTION,PARTIAL,39.98,ACTED
INT-008094,CMP-008094,JURISDICTION_HANDOFF,SUCCESS,11.0,ACTED
INT-008095,CMP-008095,ENDPOINT_WATCH,SUCCESS,20.93,ALREADY_ACTIONED
INT-008096,CMP-008096,ENDPOINT_WATCH,SUCCESS,43.91,ACTED
INT-008097,CMP-008097,LIEN_MARK,SUCCESS,43.91,ACTED
INT-008098,CMP-008098,JURISDICTION_HANDOFF,SUCCESS,43.51,ACTED
INT-008099,CMP-008099,ENDPOINT_WATCH,NO_ACTION,3.73,NOT_ACTED
INT-008100,CMP-008100,ENDPOINT_WATCH,NO_ACTION,23.94,ACTED
INT-008101,CMP-008101,JURISDICTION_HANDOFF,SUCCESS,30.68,ACTED
INT-008102,CMP-008102,LIEN_MARK,SUCCESS,42.62,ACTED
INT-008103,CMP-008103,NO_ACTION,SUCCESS,19.1,OUT_OF_SCOPE
INT-008104,CMP-008104,ACCOUNT_FREEZE,SUCCESS,7.22,OUT_OF_SCOPE
INT-008105,CMP-008105,LIEN_MARK,SUCCESS,37.42,OUT_OF_SCOPE
INT-008106,CMP-008106,ENDPOINT_WATCH,SUCCESS,9.73,ACTED
INT-008107,CMP-008107,LIEN_MARK,PARTIAL,16.99,OUT_OF_SCOPE
INT-008108,CMP-008108,ACCOUNT_FREEZE,NO_ACTION,30.57,ALREADY_ACTIONED
INT-008109,CMP-008109,ACCOUNT_FREEZE,PARTIAL,9.26,ACTED
INT-008110,CMP-008110,JURISDICTION_HANDOFF,SUCCESS,47.07,ALREADY_ACTIONED
INT-008111,CMP-008111,NO_ACTION,SUCCESS,42.41,ACTED
INT-008112,CMP-008112,LIEN_MARK,SUCCESS,20.85,ALREADY_ACTIONED
INT-008113,CMP-008113,NO_ACTION,SUCCESS,39.47,ALREADY_ACTIONED
INT-008114,CMP-008114,NO_ACTION,SUCCESS,36.37,FALSE_POSITIVE
INT-008115,CMP-008115,ACCOUNT_FREEZE,PARTIAL,44.83,FALSE_POSITIVE
INT-008116,CMP-008116,ENDPOINT_WATCH,NO_ACTION,8.56,NOT_ACTED
INT-008117,CMP-008117,ENDPOINT_WATCH,SUCCESS,45.52,NOT_ACTED
INT-008118,CMP-008118,ENDPOINT_WATCH,SUCCESS,37.09,NOT_ACTED
INT-008119,CMP-008119,LIEN_MARK,PARTIAL,35.84,NOT_ACTED
INT-008120,CMP-008120,LIEN_MARK,PARTIAL,25.58,OUT_OF_SCOPE
INT-008121,CMP-008121,LIEN_MARK,PARTIAL,44.52,FALSE_POSITIVE
INT-008122,CMP-008122,JURISDICTION_HANDOFF,PARTIAL,46.83,OUT_OF_SCOPE
INT-008123,CMP-008123,LIEN_MARK,SUCCESS,32.32,NOT_ACTED
INT-008124,CMP-008124,NO_ACTION,SUCCESS,25.86,NOT_ACTED
INT-008125,CMP-008125,NO_ACTION,SUCCESS,34.69,ACTED
INT-008126,CMP-008126,ENDPOINT_WATCH,PARTIAL,16.02,ACTED
INT-008127,CMP-008127,ENDPOINT_WATCH,SUCCESS,20.84,ACTED
INT-008128,CMP-008128,ENDPOINT_WATCH,SUCCESS,32.71,ACTED
INT-008129,CMP-008129,NO_ACTION,PARTIAL,28.81,ACTED
INT-008130,CMP-008130,NO_ACTION,PARTIAL,28.81,FALSE_POSITIVE
INT-008131,CMP-008131,JURISDICTION_HANDOFF,SUCCESS,29.21,OUT_OF_SCOPE
INT-008132,CMP-008132,JURISDICTION_HANDOFF,SUCCESS,35.28,ACTED
INT-008133,CMP-008133,NO_ACTION,SUCCESS,25.55,FALSE_POSITIVE
INT-008134,CMP-008134,NO_ACTION,SUCCESS,41.34,OUT_OF_SCOPE
INT-008135,CMP-008135,LIEN_MARK,SUCCESS,4.75,FALSE_POSITIVE
INT-008136,CMP-008136,JURISDICTION_HANDOFF,SUCCESS,9.88,ACTED
INT-008137,CMP-008137,ENDPOINT_WATCH,SUCCESS,11.53,ACTED
INT-008138,CMP-008138,LIEN_MARK,SUCCESS,33.88,NOT_ACTED
INT-008139,CMP-008139,ACCOUNT_FREEZE,PARTIAL,38.74,ACTED
INT-008140,CMP-008140,JURISDICTION_HANDOFF,SUCCESS,6.46,ACTED
INT-008141,CMP-008141,ENDPOINT_WATCH,PARTIAL,25.73,NOT_ACTED
INT-008142,CMP-008142,ENDPOINT_WATCH,NO_ACTION,46.17,NOT_ACTED
INT-008143,CMP-008143,ACCOUNT_FREEZE,NO_ACTION,5.0,OUT_OF_SCOPE
INT-008144,CMP-008144,ACCOUNT_FREEZE,SUCCESS,20.66,OUT_OF_SCOPE
INT-008145,CMP-008145,NO_ACTION,SUCCESS,23.46,ACTED
INT-008146,CMP-008146,ENDPOINT_WATCH,NO_ACTION,43.62,OUT_OF_SCOPE
INT-008147,CMP-008147,ACCOUNT_FREEZE,PARTIAL,16.4,OUT_OF_SCOPE
INT-008148,CMP-008148,ENDPOINT_WATCH,PARTIAL,6.48,FALSE_POSITIVE
INT-008149,CMP-008149,ACCOUNT_FREEZE,NO_ACTION,36.09,ACTED
INT-008150,CMP-008150,ENDPOINT_WATCH,SUCCESS,46.52,FALSE_POSITIVE
INT-008151,CMP-008151,ACCOUNT_FREEZE,SUCCESS,4.68,ACTED
INT-008152,CMP-008152,ENDPOINT_WATCH,PARTIAL,14.76,ACTED
INT-008153,CMP-008153,ENDPOINT_WATCH,SUCCESS,29.37,FALSE_POSITIVE
INT-008154,CMP-008154,NO_ACTION,SUCCESS,4.68,NOT_ACTED
INT-008155,CMP-008155,LIEN_MARK,SUCCESS,27.73,OUT_OF_SCOPE
INT-008156,CMP-008156,ACCOUNT_FREEZE,SUCCESS,29.53,ALREADY_ACTIONED
INT-008157,CMP-008157,ENDPOINT_WATCH,SUCCESS,7.07,ACTED
INT-008158,CMP-008158,ACCOUNT_FREEZE,SUCCESS,43.69,ACTED
INT-008159,CMP-008159,ACCOUNT_FREEZE,SUCCESS,5.95,ACTED
INT-008160,CMP-008160,LIEN_MARK,SUCCESS,24.03,NOT_ACTED
INT-008161,CMP-008161,NO_ACTION,PARTIAL,13.54,ACTED
INT-008162,CMP-008162,LIEN_MARK,PARTIAL,6.77,NOT_ACTED
INT-008163,CMP-008163,ACCOUNT_FREEZE,PARTIAL,35.28,ACTED
INT-008164,CMP-008164,LIEN_MARK,PARTIAL,27.89,ACTED
INT-008165,CMP-008165,JURISDICTION_HANDOFF,PARTIAL,42.74,OUT_OF_SCOPE
INT-008166,CMP-008166,JURISDICTION_HANDOFF,SUCCESS,44.92,ACTED
INT-008167,CMP-008167,ACCOUNT_FREEZE,NO_ACTION,29.09,ALREADY_ACTIONED
INT-008168,CMP-008168,NO_ACTION,SUCCESS,30.51,ACTED
INT-008169,CMP-008169,LIEN_MARK,NO_ACTION,37.83,OUT_OF_SCOPE
INT-008170,CMP-008170,NO_ACTION,SUCCESS,31.79,ALREADY_ACTIONED
INT-008171,CMP-008171,JURISDICTION_HANDOFF,SUCCESS,42.46,ACTED
INT-008172,CMP-008172,NO_ACTION,SUCCESS,17.89,FALSE_POSITIVE
INT-008173,CMP-008173,JURISDICTION_HANDOFF,SUCCESS,47.62,FALSE_POSITIVE
INT-008174,CMP-008174,ACCOUNT_FREEZE,PARTIAL,5.85,ACTED
INT-008175,CMP-008175,NO_ACTION,NO_ACTION,14.37,ALREADY_ACTIONED
INT-008176,CMP-008176,ACCOUNT_FREEZE,SUCCESS,7.07,ACTED
INT-008177,CMP-008177,NO_ACTION,NO_ACTION,14.29,ACTED
INT-008178,CMP-008178,NO_ACTION,NO_ACTION,30.15,ALREADY_ACTIONED
INT-008179,CMP-008179,JURISDICTION_HANDOFF,NO_ACTION,32.55,FALSE_POSITIVE
INT-008180,CMP-008180,NO_ACTION,NO_ACTION,47.78,ALREADY_ACTIONED
INT-008181,CMP-008181,LIEN_MARK,NO_ACTION,43.17,ALREADY_ACTIONED
INT-008182,CMP-008182,ENDPOINT_WATCH,SUCCESS,29.39,ACTED
INT-008183,CMP-008183,NO_ACTION,SUCCESS,13.7,ACTED
INT-008184,CMP-008184,LIEN_MARK,SUCCESS,15.1,ALREADY_ACTIONED
INT-008185,CMP-008185,NO_ACTION,SUCCESS,7.75,ACTED
INT-008186,CMP-008186,JURISDICTION_HANDOFF,SUCCESS,12.01,OUT_OF_SCOPE
INT-008187,CMP-008187,LIEN_MARK,SUCCESS,32.95,OUT_OF_SCOPE
INT-008188,CMP-008188,LIEN_MARK,NO_ACTION,15.3,ACTED
INT-008189,CMP-008189,LIEN_MARK,SUCCESS,37.98,ACTED
INT-008190,CMP-008190,NO_ACTION,SUCCESS,42.04,ALREADY_ACTIONED
INT-008191,CMP-008191,LIEN_MARK,SUCCESS,12.29,ACTED
INT-008192,CMP-008192,NO_ACTION,SUCCESS,3.22,ALREADY_ACTIONED
INT-008193,CMP-008193,NO_ACTION,SUCCESS,12.62,ACTED
INT-008194,CMP-008194,JURISDICTION_HANDOFF,SUCCESS,25.4,FALSE_POSITIVE
INT-008195,CMP-008195,JURISDICTION_HANDOFF,SUCCESS,46.06,ACTED
INT-008196,CMP-008196,LIEN_MARK,SUCCESS,20.17,NOT_ACTED
INT-008197,CMP-008197,NO_ACTION,SUCCESS,13.73,FALSE_POSITIVE
INT-008198,CMP-008198,JURISDICTION_HANDOFF,SUCCESS,40.78,ACTED
INT-008199,CMP-008199,NO_ACTION,SUCCESS,12.25,ACTED
INT-008200,CMP-008200,ACCOUNT_FREEZE,SUCCESS,46.86,ALREADY_ACTIONED
INT-008201,CMP-008201,JURISDICTION_HANDOFF,SUCCESS,23.16,OUT_OF_SCOPE
INT-008202,CMP-008202,ACCOUNT_FREEZE,SUCCESS,18.02,ACTED
INT-008203,CMP-008203,ACCOUNT_FREEZE,SUCCESS,43.72,NOT_ACTED
INT-008204,CMP-008204,ACCOUNT_FREEZE,NO_ACTION,8.33,ACTED
INT-008205,CMP-008205,ENDPOINT_WATCH,NO_ACTION,30.23,ACTED
INT-008206,CMP-008206,ENDPOINT_WATCH,SUCCESS,34.44,NOT_ACTED
INT-008207,CMP-008207,ACCOUNT_FREEZE,NO_ACTION,8.32,FALSE_POSITIVE
INT-008208,CMP-008208,JURISDICTION_HANDOFF,PARTIAL,29.08,NOT_ACTED
INT-008209,CMP-008209,ACCOUNT_FREEZE,SUCCESS,24.75,ACTED
INT-008210,CMP-008210,LIEN_MARK,SUCCESS,4.75,ACTED
INT-008211,CMP-008211,NO_ACTION,NO_ACTION,9.79,ALREADY_ACTIONED
INT-008212,CMP-008212,JURISDICTION_HANDOFF,SUCCESS,23.66,FALSE_POSITIVE
INT-008213,CMP-008213,ENDPOINT_WATCH,NO_ACTION,3.52,FALSE_POSITIVE
INT-008214,CMP-008214,ACCOUNT_FREEZE,SUCCESS,38.26,ALREADY_ACTIONED
INT-008215,CMP-008215,NO_ACTION,SUCCESS,32.23,NOT_ACTED
INT-008216,CMP-008216,JURISDICTION_HANDOFF,SUCCESS,14.41,ACTED
INT-008217,CMP-008217,JURISDICTION_HANDOFF,PARTIAL,26.37,OUT_OF_SCOPE
INT-008218,CMP-008218,NO_ACTION,PARTIAL,26.77,NOT_ACTED
INT-008219,CMP-008219,ACCOUNT_FREEZE,SUCCESS,3.51,ACTED
INT-008220,CMP-008220,NO_ACTION,SUCCESS,20.41,ACTED
INT-008221,CMP-008221,JURISDICTION_HANDOFF,SUCCESS,3.99,FALSE_POSITIVE
INT-008222,CMP-008222,NO_ACTION,SUCCESS,41.36,ACTED
INT-008223,CMP-008223,LIEN_MARK,SUCCESS,6.97,NOT_ACTED
INT-008224,CMP-008224,LIEN_MARK,SUCCESS,10.38,NOT_ACTED
INT-008225,CMP-008225,ENDPOINT_WATCH,SUCCESS,42.48,NOT_ACTED
INT-008226,CMP-008226,NO_ACTION,NO_ACTION,33.62,ACTED
INT-008227,CMP-008227,JURISDICTION_HANDOFF,NO_ACTION,44.93,NOT_ACTED
INT-008228,CMP-008228,NO_ACTION,SUCCESS,12.66,ALREADY_ACTIONED
INT-008229,CMP-008229,ACCOUNT_FREEZE,PARTIAL,21.07,ACTED
INT-008230,CMP-008230,JURISDICTION_HANDOFF,SUCCESS,4.53,FALSE_POSITIVE
INT-008231,CMP-008231,JURISDICTION_HANDOFF,SUCCESS,7.77,ACTED
INT-008232,CMP-008232,ACCOUNT_FREEZE,SUCCESS,44.85,ALREADY_ACTIONED
INT-008233,CMP-008233,ENDPOINT_WATCH,SUCCESS,28.99,ALREADY_ACTIONED
INT-008234,CMP-008234,ENDPOINT_WATCH,PARTIAL,33.55,ACTED
INT-008235,CMP-008235,ENDPOINT_WATCH,NO_ACTION,45.11,ALREADY_ACTIONED
INT-008236,CMP-008236,ACCOUNT_FREEZE,SUCCESS,10.81,NOT_ACTED
INT-008237,CMP-008237,ENDPOINT_WATCH,SUCCESS,36.27,NOT_ACTED
INT-008238,CMP-008238,ACCOUNT_FREEZE,SUCCESS,10.29,ACTED
INT-008239,CMP-008239,LIEN_MARK,SUCCESS,37.51,ACTED
INT-008240,CMP-008240,JURISDICTION_HANDOFF,NO_ACTION,12.06,FALSE_POSITIVE
INT-008241,CMP-008241,LIEN_MARK,SUCCESS,24.22,ACTED
INT-008242,CMP-008242,ACCOUNT_FREEZE,SUCCESS,3.89,ACTED
INT-008243,CMP-008243,LIEN_MARK,SUCCESS,40.7,NOT_ACTED
INT-008244,CMP-008244,NO_ACTION,SUCCESS,44.5,ACTED
INT-008245,CMP-008245,ACCOUNT_FREEZE,SUCCESS,8.82,ALREADY_ACTIONED
INT-008246,CMP-008246,LIEN_MARK,PARTIAL,14.53,ACTED
INT-008247,CMP-008247,ENDPOINT_WATCH,SUCCESS,3.86,ACTED
INT-008248,CMP-008248,ACCOUNT_FREEZE,SUCCESS,44.16,ALREADY_ACTIONED
INT-008249,CMP-008249,JURISDICTION_HANDOFF,SUCCESS,36.63,NOT_ACTED
INT-008250,CMP-008250,JURISDICTION_HANDOFF,SUCCESS,41.45,ACTED
INT-008251,CMP-008251,ENDPOINT_WATCH,SUCCESS,27.95,ALREADY_ACTIONED
INT-008252,CMP-008252,NO_ACTION,SUCCESS,41.87,ACTED
INT-008253,CMP-008253,LIEN_MARK,NO_ACTION,13.26,ACTED
INT-008254,CMP-008254,JURISDICTION_HANDOFF,PARTIAL,4.84,ALREADY_ACTIONED
INT-008255,CMP-008255,ACCOUNT_FREEZE,SUCCESS,43.42,FALSE_POSITIVE
INT-008256,CMP-008256,ACCOUNT_FREEZE,NO_ACTION,42.6,ACTED
INT-008257,CMP-008257,ENDPOINT_WATCH,SUCCESS,16.96,ACTED
INT-008258,CMP-008258,ACCOUNT_FREEZE,SUCCESS,26.82,NOT_ACTED
INT-008259,CMP-008259,LIEN_MARK,NO_ACTION,28.73,ACTED
INT-008260,CMP-008260,LIEN_MARK,SUCCESS,19.46,ACTED
INT-008261,CMP-008261,NO_ACTION,SUCCESS,30.21,NOT_ACTED
INT-008262,CMP-008262,NO_ACTION,SUCCESS,40.72,ALREADY_ACTIONED
INT-008263,CMP-008263,LIEN_MARK,SUCCESS,7.34,ACTED
INT-008264,CMP-008264,ACCOUNT_FREEZE,PARTIAL,9.22,ACTED
INT-008265,CMP-008265,NO_ACTION,SUCCESS,11.87,ACTED
INT-008266,CMP-008266,JURISDICTION_HANDOFF,SUCCESS,31.53,ALREADY_ACTIONED
INT-008267,CMP-008267,ENDPOINT_WATCH,SUCCESS,31.31,NOT_ACTED
INT-008268,CMP-008268,JURISDICTION_HANDOFF,SUCCESS,13.53,OUT_OF_SCOPE
INT-008269,CMP-008269,LIEN_MARK,SUCCESS,35.4,ALREADY_ACTIONED
INT-008270,CMP-008270,JURISDICTION_HANDOFF,SUCCESS,39.12,OUT_OF_SCOPE
INT-008271,CMP-008271,ACCOUNT_FREEZE,NO_ACTION,17.33,ACTED
INT-008272,CMP-008272,ENDPOINT_WATCH,PARTIAL,31.7,ACTED
INT-008273,CMP-008273,JURISDICTION_HANDOFF,SUCCESS,10.04,ACTED
INT-008274,CMP-008274,LIEN_MARK,PARTIAL,23.31,NOT_ACTED
INT-008275,CMP-008275,ACCOUNT_FREEZE,PARTIAL,3.37,NOT_ACTED
INT-008276,CMP-008276,JURISDICTION_HANDOFF,PARTIAL,31.38,NOT_ACTED
INT-008277,CMP-008277,LIEN_MARK,NO_ACTION,18.99,ALREADY_ACTIONED
INT-008278,CMP-008278,ENDPOINT_WATCH,PARTIAL,42.55,ACTED
INT-008279,CMP-008279,NO_ACTION,PARTIAL,20.46,NOT_ACTED
INT-008280,CMP-008280,LIEN_MARK,SUCCESS,15.7,ACTED
INT-008281,CMP-008281,ACCOUNT_FREEZE,NO_ACTION,16.2,ACTED
INT-008282,CMP-008282,ACCOUNT_FREEZE,NO_ACTION,29.08,NOT_ACTED
INT-008283,CMP-008283,JURISDICTION_HANDOFF,PARTIAL,23.41,ACTED
INT-008284,CMP-008284,LIEN_MARK,SUCCESS,26.2,ACTED
INT-008285,CMP-008285,ACCOUNT_FREEZE,SUCCESS,11.77,NOT_ACTED
INT-008286,CMP-008286,ENDPOINT_WATCH,NO_ACTION,30.91,OUT_OF_SCOPE
INT-008287,CMP-008287,ACCOUNT_FREEZE,SUCCESS,8.69,ACTED
INT-008288,CMP-008288,LIEN_MARK,SUCCESS,41.54,ACTED
INT-008289,CMP-008289,JURISDICTION_HANDOFF,SUCCESS,35.27,NOT_ACTED
INT-008290,CMP-008290,JURISDICTION_HANDOFF,PARTIAL,40.83,FALSE_POSITIVE
INT-008291,CMP-008291,NO_ACTION,SUCCESS,28.26,NOT_ACTED
INT-008292,CMP-008292,LIEN_MARK,SUCCESS,34.48,ACTED
INT-008293,CMP-008293,ENDPOINT_WATCH,NO_ACTION,7.67,ACTED
INT-008294,CMP-008294,ACCOUNT_FREEZE,SUCCESS,47.96,ACTED
INT-008295,CMP-008295,LIEN_MARK,PARTIAL,47.98,NOT_ACTED
INT-008296,CMP-008296,LIEN_MARK,SUCCESS,5.64,NOT_ACTED
INT-008297,CMP-008297,ENDPOINT_WATCH,NO_ACTION,7.1,ACTED
INT-008298,CMP-008298,JURISDICTION_HANDOFF,NO_ACTION,47.81,ALREADY_ACTIONED
INT-008299,CMP-008299,ENDPOINT_WATCH,SUCCESS,16.74,ALREADY_ACTIONED
INT-008300,CMP-008300,ACCOUNT_FREEZE,NO_ACTION,7.94,NOT_ACTED
INT-008301,CMP-008301,LIEN_MARK,SUCCESS,43.21,ALREADY_ACTIONED
INT-008302,CMP-008302,ACCOUNT_FREEZE,SUCCESS,35.08,ACTED
INT-008303,CMP-008303,ACCOUNT_FREEZE,NO_ACTION,26.21,NOT_ACTED
INT-008304,CMP-008304,ACCOUNT_FREEZE,NO_ACTION,35.33,ACTED
INT-008305,CMP-008305,NO_ACTION,SUCCESS,47.36,ACTED
INT-008306,CMP-008306,ACCOUNT_FREEZE,SUCCESS,44.47,ACTED
INT-008307,CMP-008307,ACCOUNT_FREEZE,SUCCESS,37.52,ACTED
INT-008308,CMP-008308,ACCOUNT_FREEZE,SUCCESS,15.2,ALREADY_ACTIONED
INT-008309,CMP-008309,JURISDICTION_HANDOFF,NO_ACTION,9.92,OUT_OF_SCOPE
INT-008310,CMP-008310,ACCOUNT_FREEZE,SUCCESS,23.27,ACTED
INT-008311,CMP-008311,JURISDICTION_HANDOFF,PARTIAL,28.1,ACTED
INT-008312,CMP-008312,ENDPOINT_WATCH,SUCCESS,16.65,ALREADY_ACTIONED
INT-008313,CMP-008313,JURISDICTION_HANDOFF,SUCCESS,47.41,NOT_ACTED
INT-008314,CMP-008314,ENDPOINT_WATCH,SUCCESS,9.35,NOT_ACTED
INT-008315,CMP-008315,ENDPOINT_WATCH,NO_ACTION,30.48,OUT_OF_SCOPE
INT-008316,CMP-008316,LIEN_MARK,SUCCESS,30.36,ACTED
INT-008317,CMP-008317,ACCOUNT_FREEZE,SUCCESS,29.41,NOT_ACTED
INT-008318,CMP-008318,ENDPOINT_WATCH,PARTIAL,37.82,ACTED
INT-008319,CMP-008319,ACCOUNT_FREEZE,NO_ACTION,38.82,NOT_ACTED
INT-008320,CMP-008320,LIEN_MARK,PARTIAL,27.75,ALREADY_ACTIONED
INT-008321,CMP-008321,LIEN_MARK,SUCCESS,4.61,ACTED
INT-008322,CMP-008322,JURISDICTION_HANDOFF,SUCCESS,37.33,ALREADY_ACTIONED
INT-008323,CMP-008323,ACCOUNT_FREEZE,PARTIAL,33.91,FALSE_POSITIVE
INT-008324,CMP-008324,LIEN_MARK,SUCCESS,33.18,OUT_OF_SCOPE
INT-008325,CMP-008325,NO_ACTION,SUCCESS,44.11,OUT_OF_SCOPE
INT-008326,CMP-008326,ENDPOINT_WATCH,SUCCESS,13.11,ACTED
INT-008327,CMP-008327,ENDPOINT_WATCH,NO_ACTION,34.54,ACTED
INT-008328,CMP-008328,ENDPOINT_WATCH,SUCCESS,41.68,ACTED
INT-008329,CMP-008329,JURISDICTION_HANDOFF,SUCCESS,13.71,NOT_ACTED
INT-008330,CMP-008330,ENDPOINT_WATCH,SUCCESS,19.69,ACTED
INT-008331,CMP-008331,NO_ACTION,SUCCESS,24.68,ALREADY_ACTIONED
INT-008332,CMP-008332,ENDPOINT_WATCH,SUCCESS,25.05,ACTED
INT-008333,CMP-008333,LIEN_MARK,PARTIAL,39.82,ACTED
INT-008334,CMP-008334,LIEN_MARK,NO_ACTION,42.87,FALSE_POSITIVE
INT-008335,CMP-008335,ENDPOINT_WATCH,SUCCESS,39.37,ACTED
INT-008336,CMP-008336,NO_ACTION,PARTIAL,43.46,NOT_ACTED
INT-008337,CMP-008337,NO_ACTION,SUCCESS,31.31,FALSE_POSITIVE
INT-008338,CMP-008338,LIEN_MARK,PARTIAL,32.05,NOT_ACTED
INT-008339,CMP-008339,JURISDICTION_HANDOFF,NO_ACTION,27.53,ALREADY_ACTIONED
INT-008340,CMP-008340,NO_ACTION,PARTIAL,16.47,ACTED
INT-008341,CMP-008341,ACCOUNT_FREEZE,SUCCESS,8.34,NOT_ACTED
INT-008342,CMP-008342,ENDPOINT_WATCH,SUCCESS,24.94,FALSE_POSITIVE
INT-008343,CMP-008343,ENDPOINT_WATCH,PARTIAL,22.64,ACTED
INT-008344,CMP-008344,JURISDICTION_HANDOFF,SUCCESS,13.99,FALSE_POSITIVE
INT-008345,CMP-008345,JURISDICTION_HANDOFF,SUCCESS,28.07,ACTED
INT-008346,CMP-008346,LIEN_MARK,PARTIAL,23.13,NOT_ACTED
INT-008347,CMP-008347,ACCOUNT_FREEZE,PARTIAL,33.05,OUT_OF_SCOPE
INT-008348,CMP-008348,NO_ACTION,PARTIAL,10.63,NOT_ACTED
INT-008349,CMP-008349,ACCOUNT_FREEZE,NO_ACTION,14.67,FALSE_POSITIVE
INT-008350,CMP-008350,LIEN_MARK,PARTIAL,25.09,NOT_ACTED
INT-008351,CMP-008351,LIEN_MARK,NO_ACTION,17.41,ALREADY_ACTIONED
INT-008352,CMP-008352,NO_ACTION,SUCCESS,14.34,ACTED
INT-008353,CMP-008353,NO_ACTION,SUCCESS,15.44,ALREADY_ACTIONED
INT-008354,CMP-008354,ACCOUNT_FREEZE,SUCCESS,41.53,ALREADY_ACTIONED
INT-008355,CMP-008355,JURISDICTION_HANDOFF,NO_ACTION,16.74,FALSE_POSITIVE
INT-008356,CMP-008356,ENDPOINT_WATCH,NO_ACTION,8.29,NOT_ACTED
INT-008357,CMP-008357,NO_ACTION,SUCCESS,17.55,ACTED
INT-008358,CMP-008358,LIEN_MARK,SUCCESS,34.36,ACTED
INT-008359,CMP-008359,ACCOUNT_FREEZE,SUCCESS,6.64,ACTED
INT-008360,CMP-008360,ACCOUNT_FREEZE,SUCCESS,39.39,ACTED
INT-008361,CMP-008361,JURISDICTION_HANDOFF,SUCCESS,11.16,ACTED
INT-008362,CMP-008362,JURISDICTION_HANDOFF,SUCCESS,3.59,ACTED
INT-008363,CMP-008363,LIEN_MARK,NO_ACTION,26.39,OUT_OF_SCOPE
INT-008364,CMP-008364,LIEN_MARK,SUCCESS,25.12,ALREADY_ACTIONED
INT-008365,CMP-008365,NO_ACTION,SUCCESS,44.77,OUT_OF_SCOPE
INT-008366,CMP-008366,LIEN_MARK,SUCCESS,20.0,ALREADY_ACTIONED
INT-008367,CMP-008367,NO_ACTION,SUCCESS,43.69,NOT_ACTED
INT-008368,CMP-008368,NO_ACTION,PARTIAL,4.28,ACTED
INT-008369,CMP-008369,NO_ACTION,SUCCESS,45.19,FALSE_POSITIVE
INT-008370,CMP-008370,LIEN_MARK,SUCCESS,31.54,FALSE_POSITIVE
INT-008371,CMP-008371,JURISDICTION_HANDOFF,SUCCESS,39.63,ACTED
INT-008372,CMP-008372,JURISDICTION_HANDOFF,SUCCESS,24.31,ACTED
INT-008373,CMP-008373,ENDPOINT_WATCH,PARTIAL,44.71,ACTED
INT-008374,CMP-008374,NO_ACTION,SUCCESS,14.3,NOT_ACTED
INT-008375,CMP-008375,ENDPOINT_WATCH,SUCCESS,36.81,ACTED
INT-008376,CMP-008376,LIEN_MARK,SUCCESS,32.73,ACTED
INT-008377,CMP-008377,NO_ACTION,SUCCESS,23.44,ALREADY_ACTIONED
INT-008378,CMP-008378,JURISDICTION_HANDOFF,SUCCESS,40.57,NOT_ACTED
INT-008379,CMP-008379,JURISDICTION_HANDOFF,SUCCESS,41.09,ACTED
INT-008380,CMP-008380,JURISDICTION_HANDOFF,SUCCESS,5.01,NOT_ACTED
INT-008381,CMP-008381,JURISDICTION_HANDOFF,SUCCESS,17.86,OUT_OF_SCOPE
INT-008382,CMP-008382,ENDPOINT_WATCH,SUCCESS,24.01,OUT_OF_SCOPE
INT-008383,CMP-008383,JURISDICTION_HANDOFF,PARTIAL,42.01,FALSE_POSITIVE
INT-008384,CMP-008384,JURISDICTION_HANDOFF,SUCCESS,24.81,ACTED
INT-008385,CMP-008385,ENDPOINT_WATCH,SUCCESS,3.58,FALSE_POSITIVE
INT-008386,CMP-008386,LIEN_MARK,PARTIAL,35.86,ACTED
INT-008387,CMP-008387,NO_ACTION,PARTIAL,29.74,ACTED
INT-008388,CMP-008388,JURISDICTION_HANDOFF,NO_ACTION,39.39,ALREADY_ACTIONED
INT-008389,CMP-008389,ENDPOINT_WATCH,SUCCESS,29.94,ACTED
INT-008390,CMP-008390,LIEN_MARK,SUCCESS,47.2,ALREADY_ACTIONED
INT-008391,CMP-008391,NO_ACTION,SUCCESS,20.45,OUT_OF_SCOPE
INT-008392,CMP-008392,LIEN_MARK,SUCCESS,22.95,FALSE_POSITIVE
INT-008393,CMP-008393,LIEN_MARK,PARTIAL,8.75,ALREADY_ACTIONED
INT-008394,CMP-008394,JURISDICTION_HANDOFF,SUCCESS,12.51,ACTED
INT-008395,CMP-008395,LIEN_MARK,SUCCESS,20.35,ACTED
INT-008396,CMP-008396,NO_ACTION,NO_ACTION,5.4,NOT_ACTED
INT-008397,CMP-008397,NO_ACTION,SUCCESS,13.4,ALREADY_ACTIONED
INT-008398,CMP-008398,ACCOUNT_FREEZE,SUCCESS,33.6,ALREADY_ACTIONED
INT-008399,CMP-008399,ACCOUNT_FREEZE,SUCCESS,43.81,ACTED
INT-008400,CMP-008400,ACCOUNT_FREEZE,SUCCESS,31.59,ACTED
INT-008401,CMP-008401,ACCOUNT_FREEZE,PARTIAL,35.56,OUT_OF_SCOPE
INT-008402,CMP-008402,ENDPOINT_WATCH,SUCCESS,21.9,ACTED
INT-008403,CMP-008403,LIEN_MARK,SUCCESS,23.76,ALREADY_ACTIONED
INT-008404,CMP-008404,JURISDICTION_HANDOFF,SUCCESS,19.93,ALREADY_ACTIONED
INT-008405,CMP-008405,ACCOUNT_FREEZE,NO_ACTION,4.31,ACTED
INT-008406,CMP-008406,ENDPOINT_WATCH,NO_ACTION,44.11,ACTED
INT-008407,CMP-008407,JURISDICTION_HANDOFF,PARTIAL,13.81,OUT_OF_SCOPE
INT-008408,CMP-008408,NO_ACTION,SUCCESS,37.03,ALREADY_ACTIONED
INT-008409,CMP-008409,JURISDICTION_HANDOFF,SUCCESS,35.18,ALREADY_ACTIONED
INT-008410,CMP-008410,ACCOUNT_FREEZE,SUCCESS,16.48,OUT_OF_SCOPE
INT-008411,CMP-008411,NO_ACTION,SUCCESS,31.44,FALSE_POSITIVE
INT-008412,CMP-008412,NO_ACTION,SUCCESS,45.88,ACTED
INT-008413,CMP-008413,ENDPOINT_WATCH,SUCCESS,19.72,ACTED
INT-008414,CMP-008414,NO_ACTION,SUCCESS,34.97,FALSE_POSITIVE
INT-008415,CMP-008415,ACCOUNT_FREEZE,PARTIAL,35.14,ACTED
INT-008416,CMP-008416,ACCOUNT_FREEZE,SUCCESS,11.07,ALREADY_ACTIONED
INT-008417,CMP-008417,JURISDICTION_HANDOFF,SUCCESS,33.76,ALREADY_ACTIONED
INT-008418,CMP-008418,NO_ACTION,PARTIAL,22.22,NOT_ACTED
INT-008419,CMP-008419,JURISDICTION_HANDOFF,SUCCESS,33.28,ACTED
INT-008420,CMP-008420,ACCOUNT_FREEZE,NO_ACTION,38.93,ACTED
INT-008421,CMP-008421,NO_ACTION,SUCCESS,30.44,ALREADY_ACTIONED
INT-008422,CMP-008422,JURISDICTION_HANDOFF,SUCCESS,41.57,ALREADY_ACTIONED
INT-008423,CMP-008423,LIEN_MARK,SUCCESS,47.8,ACTED
INT-008424,CMP-008424,ENDPOINT_WATCH,SUCCESS,44.09,ACTED
INT-008425,CMP-008425,ENDPOINT_WATCH,PARTIAL,18.93,FALSE_POSITIVE
INT-008426,CMP-008426,ACCOUNT_FREEZE,SUCCESS,47.51,NOT_ACTED
INT-008427,CMP-008427,NO_ACTION,NO_ACTION,9.77,NOT_ACTED
INT-008428,CMP-008428,LIEN_MARK,SUCCESS,11.69,FALSE_POSITIVE
INT-008429,CMP-008429,ACCOUNT_FREEZE,NO_ACTION,25.68,ALREADY_ACTIONED
INT-008430,CMP-008430,LIEN_MARK,SUCCESS,29.83,ACTED
INT-008431,CMP-008431,JURISDICTION_HANDOFF,PARTIAL,42.18,ALREADY_ACTIONED
INT-008432,CMP-008432,LIEN_MARK,NO_ACTION,34.65,ALREADY_ACTIONED
INT-008433,CMP-008433,ENDPOINT_WATCH,NO_ACTION,36.54,NOT_ACTED
INT-008434,CMP-008434,JURISDICTION_HANDOFF,NO_ACTION,26.4,NOT_ACTED
INT-008435,CMP-008435,ENDPOINT_WATCH,SUCCESS,41.24,OUT_OF_SCOPE
INT-008436,CMP-008436,JURISDICTION_HANDOFF,SUCCESS,33.65,ACTED
INT-008437,CMP-008437,NO_ACTION,SUCCESS,8.57,OUT_OF_SCOPE
INT-008438,CMP-008438,JURISDICTION_HANDOFF,SUCCESS,19.31,ACTED
INT-008439,CMP-008439,NO_ACTION,SUCCESS,12.04,FALSE_POSITIVE
INT-008440,CMP-008440,NO_ACTION,SUCCESS,46.67,ACTED
INT-008441,CMP-008441,ACCOUNT_FREEZE,SUCCESS,27.33,ALREADY_ACTIONED
INT-008442,CMP-008442,ACCOUNT_FREEZE,SUCCESS,22.07,ACTED
INT-008443,CMP-008443,ENDPOINT_WATCH,SUCCESS,45.72,ACTED
INT-008444,CMP-008444,JURISDICTION_HANDOFF,SUCCESS,27.5,ACTED
INT-008445,CMP-008445,JURISDICTION_HANDOFF,NO_ACTION,39.25,OUT_OF_SCOPE
INT-008446,CMP-008446,ACCOUNT_FREEZE,SUCCESS,45.63,OUT_OF_SCOPE
INT-008447,CMP-008447,JURISDICTION_HANDOFF,PARTIAL,40.59,ACTED
INT-008448,CMP-008448,LIEN_MARK,SUCCESS,46.8,NOT_ACTED
INT-008449,CMP-008449,NO_ACTION,SUCCESS,38.77,ACTED
INT-008450,CMP-008450,NO_ACTION,PARTIAL,28.43,NOT_ACTED
INT-008451,CMP-008451,NO_ACTION,NO_ACTION,8.34,ACTED
INT-008452,CMP-008452,ACCOUNT_FREEZE,SUCCESS,4.82,ACTED
INT-008453,CMP-008453,JURISDICTION_HANDOFF,NO_ACTION,30.75,FALSE_POSITIVE
INT-008454,CMP-008454,LIEN_MARK,SUCCESS,29.7,ALREADY_ACTIONED
INT-008455,CMP-008455,LIEN_MARK,NO_ACTION,26.23,NOT_ACTED
INT-008456,CMP-008456,JURISDICTION_HANDOFF,SUCCESS,28.98,ACTED
INT-008457,CMP-008457,JURISDICTION_HANDOFF,PARTIAL,11.88,ALREADY_ACTIONED
INT-008458,CMP-008458,NO_ACTION,PARTIAL,15.08,ACTED
INT-008459,CMP-008459,ACCOUNT_FREEZE,PARTIAL,36.66,NOT_ACTED
INT-008460,CMP-008460,ENDPOINT_WATCH,SUCCESS,29.52,ACTED
INT-008461,CMP-008461,NO_ACTION,SUCCESS,23.28,ALREADY_ACTIONED
INT-008462,CMP-008462,ENDPOINT_WATCH,SUCCESS,5.4,ACTED
INT-008463,CMP-008463,JURISDICTION_HANDOFF,SUCCESS,24.57,NOT_ACTED
INT-008464,CMP-008464,NO_ACTION,PARTIAL,30.42,ACTED
INT-008465,CMP-008465,JURISDICTION_HANDOFF,NO_ACTION,45.17,ACTED
INT-008466,CMP-008466,ENDPOINT_WATCH,SUCCESS,42.23,FALSE_POSITIVE
INT-008467,CMP-008467,ACCOUNT_FREEZE,SUCCESS,43.63,ACTED
INT-008468,CMP-008468,NO_ACTION,SUCCESS,45.62,ALREADY_ACTIONED
INT-008469,CMP-008469,NO_ACTION,PARTIAL,16.32,ACTED
INT-008470,CMP-008470,JURISDICTION_HANDOFF,SUCCESS,20.45,ALREADY_ACTIONED
INT-008471,CMP-008471,JURISDICTION_HANDOFF,SUCCESS,19.62,ACTED
INT-008472,CMP-008472,JURISDICTION_HANDOFF,PARTIAL,26.17,ACTED
INT-008473,CMP-008473,LIEN_MARK,SUCCESS,47.68,ACTED
INT-008474,CMP-008474,NO_ACTION,SUCCESS,18.37,ALREADY_ACTIONED
INT-008475,CMP-008475,ENDPOINT_WATCH,PARTIAL,32.69,FALSE_POSITIVE
INT-008476,CMP-008476,ENDPOINT_WATCH,SUCCESS,23.26,ALREADY_ACTIONED
INT-008477,CMP-008477,LIEN_MARK,NO_ACTION,21.43,ACTED
INT-008478,CMP-008478,LIEN_MARK,SUCCESS,16.3,OUT_OF_SCOPE
INT-008479,CMP-008479,NO_ACTION,SUCCESS,13.16,ALREADY_ACTIONED
INT-008480,CMP-008480,JURISDICTION_HANDOFF,NO_ACTION,24.12,ALREADY_ACTIONED
INT-008481,CMP-008481,ENDPOINT_WATCH,PARTIAL,20.94,ACTED
INT-008482,CMP-008482,ACCOUNT_FREEZE,SUCCESS,7.99,NOT_ACTED
INT-008483,CMP-008483,NO_ACTION,SUCCESS,8.51,ACTED
INT-008484,CMP-008484,LIEN_MARK,SUCCESS,40.0,FALSE_POSITIVE
INT-008485,CMP-008485,NO_ACTION,SUCCESS,10.95,ALREADY_ACTIONED
INT-008486,CMP-008486,NO_ACTION,SUCCESS,3.7,NOT_ACTED
INT-008487,CMP-008487,LIEN_MARK,SUCCESS,3.9,NOT_ACTED
INT-008488,CMP-008488,ENDPOINT_WATCH,PARTIAL,38.56,ACTED
INT-008489,CMP-008489,JURISDICTION_HANDOFF,SUCCESS,27.58,ACTED
INT-008490,CMP-008490,LIEN_MARK,SUCCESS,17.08,NOT_ACTED
INT-008491,CMP-008491,ACCOUNT_FREEZE,NO_ACTION,11.59,ALREADY_ACTIONED
INT-008492,CMP-008492,ACCOUNT_FREEZE,SUCCESS,27.37,NOT_ACTED
INT-008493,CMP-008493,JURISDICTION_HANDOFF,SUCCESS,38.62,ACTED
INT-008494,CMP-008494,JURISDICTION_HANDOFF,SUCCESS,31.21,FALSE_POSITIVE
INT-008495,CMP-008495,ENDPOINT_WATCH,NO_ACTION,5.49,FALSE_POSITIVE
INT-008496,CMP-008496,JURISDICTION_HANDOFF,NO_ACTION,26.32,NOT_ACTED
INT-008497,CMP-008497,NO_ACTION,SUCCESS,35.71,OUT_OF_SCOPE
INT-008498,CMP-008498,ACCOUNT_FREEZE,SUCCESS,15.25,NOT_ACTED
INT-008499,CMP-008499,ENDPOINT_WATCH,SUCCESS,33.76,ACTED
INT-008500,CMP-008500,NO_ACTION,PARTIAL,11.74,ACTED
INT-008501,CMP-008501,LIEN_MARK,SUCCESS,22.23,ACTED
INT-008502,CMP-008502,ENDPOINT_WATCH,SUCCESS,14.84,ACTED
INT-008503,CMP-008503,NO_ACTION,NO_ACTION,43.68,NOT_ACTED
INT-008504,CMP-008504,NO_ACTION,PARTIAL,26.36,ACTED
INT-008505,CMP-008505,LIEN_MARK,NO_ACTION,24.59,ACTED
INT-008506,CMP-008506,JURISDICTION_HANDOFF,SUCCESS,26.22,ACTED
INT-008507,CMP-008507,NO_ACTION,SUCCESS,27.24,ACTED
INT-008508,CMP-008508,JURISDICTION_HANDOFF,SUCCESS,43.98,FALSE_POSITIVE
INT-008509,CMP-008509,ACCOUNT_FREEZE,SUCCESS,8.07,NOT_ACTED
INT-008510,CMP-008510,ACCOUNT_FREEZE,PARTIAL,37.21,ACTED
INT-008511,CMP-008511,NO_ACTION,SUCCESS,31.47,NOT_ACTED
INT-008512,CMP-008512,NO_ACTION,SUCCESS,5.69,NOT_ACTED
INT-008513,CMP-008513,LIEN_MARK,SUCCESS,44.47,ALREADY_ACTIONED
INT-008514,CMP-008514,ENDPOINT_WATCH,PARTIAL,5.38,ACTED
INT-008515,CMP-008515,NO_ACTION,SUCCESS,5.09,ACTED
INT-008516,CMP-008516,ACCOUNT_FREEZE,SUCCESS,39.14,ACTED
INT-008517,CMP-008517,LIEN_MARK,NO_ACTION,17.06,ACTED
INT-008518,CMP-008518,ACCOUNT_FREEZE,PARTIAL,40.45,NOT_ACTED
INT-008519,CMP-008519,LIEN_MARK,PARTIAL,5.71,NOT_ACTED
INT-008520,CMP-008520,JURISDICTION_HANDOFF,SUCCESS,21.82,ACTED
INT-008521,CMP-008521,JURISDICTION_HANDOFF,NO_ACTION,33.55,ACTED
INT-008522,CMP-008522,ACCOUNT_FREEZE,SUCCESS,25.45,ACTED
INT-008523,CMP-008523,ENDPOINT_WATCH,SUCCESS,6.59,ACTED
INT-008524,CMP-008524,LIEN_MARK,SUCCESS,33.31,OUT_OF_SCOPE
INT-008525,CMP-008525,LIEN_MARK,SUCCESS,9.79,OUT_OF_SCOPE
INT-008526,CMP-008526,NO_ACTION,SUCCESS,47.93,OUT_OF_SCOPE
INT-008527,CMP-008527,ACCOUNT_FREEZE,PARTIAL,42.9,ALREADY_ACTIONED
INT-008528,CMP-008528,NO_ACTION,PARTIAL,22.83,ACTED
INT-008529,CMP-008529,LIEN_MARK,SUCCESS,10.97,ACTED
INT-008530,CMP-008530,LIEN_MARK,PARTIAL,26.16,ACTED
INT-008531,CMP-008531,JURISDICTION_HANDOFF,PARTIAL,17.79,NOT_ACTED
INT-008532,CMP-008532,JURISDICTION_HANDOFF,SUCCESS,26.28,NOT_ACTED
INT-008533,CMP-008533,NO_ACTION,SUCCESS,22.83,ACTED
INT-008534,CMP-008534,NO_ACTION,SUCCESS,37.74,ACTED
INT-008535,CMP-008535,NO_ACTION,SUCCESS,22.86,ALREADY_ACTIONED
INT-008536,CMP-008536,ENDPOINT_WATCH,SUCCESS,43.66,ACTED
INT-008537,CMP-008537,ACCOUNT_FREEZE,SUCCESS,42.76,ACTED
INT-008538,CMP-008538,ACCOUNT_FREEZE,PARTIAL,44.29,ALREADY_ACTIONED
INT-008539,CMP-008539,JURISDICTION_HANDOFF,SUCCESS,24.58,ACTED
INT-008540,CMP-008540,LIEN_MARK,SUCCESS,37.18,ACTED
INT-008541,CMP-008541,NO_ACTION,NO_ACTION,32.74,NOT_ACTED
INT-008542,CMP-008542,JURISDICTION_HANDOFF,NO_ACTION,11.0,FALSE_POSITIVE
INT-008543,CMP-008543,ACCOUNT_FREEZE,PARTIAL,11.56,ACTED
INT-008544,CMP-008544,ACCOUNT_FREEZE,SUCCESS,14.29,NOT_ACTED
INT-008545,CMP-008545,ENDPOINT_WATCH,SUCCESS,11.88,ALREADY_ACTIONED
INT-008546,CMP-008546,ACCOUNT_FREEZE,SUCCESS,31.46,NOT_ACTED
INT-008547,CMP-008547,LIEN_MARK,PARTIAL,23.25,NOT_ACTED
INT-008548,CMP-008548,ENDPOINT_WATCH,NO_ACTION,32.72,ALREADY_ACTIONED
INT-008549,CMP-008549,ACCOUNT_FREEZE,NO_ACTION,35.17,NOT_ACTED
INT-008550,CMP-008550,ENDPOINT_WATCH,SUCCESS,29.28,ACTED
INT-008551,CMP-008551,JURISDICTION_HANDOFF,SUCCESS,20.15,ALREADY_ACTIONED
INT-008552,CMP-008552,ENDPOINT_WATCH,SUCCESS,21.42,FALSE_POSITIVE
INT-008553,CMP-008553,ENDPOINT_WATCH,SUCCESS,14.9,NOT_ACTED
INT-008554,CMP-008554,NO_ACTION,SUCCESS,29.36,ACTED
INT-008555,CMP-008555,JURISDICTION_HANDOFF,SUCCESS,34.81,ACTED
INT-008556,CMP-008556,ACCOUNT_FREEZE,NO_ACTION,45.9,ACTED
INT-008557,CMP-008557,LIEN_MARK,NO_ACTION,21.12,ACTED
INT-008558,CMP-008558,LIEN_MARK,SUCCESS,24.96,ALREADY_ACTIONED
INT-008559,CMP-008559,LIEN_MARK,SUCCESS,38.71,ACTED
INT-008560,CMP-008560,ACCOUNT_FREEZE,SUCCESS,24.38,ACTED
INT-008561,CMP-008561,ACCOUNT_FREEZE,SUCCESS,21.48,ACTED
INT-008562,CMP-008562,JURISDICTION_HANDOFF,SUCCESS,28.31,ALREADY_ACTIONED
INT-008563,CMP-008563,LIEN_MARK,NO_ACTION,28.47,ACTED
INT-008564,CMP-008564,ACCOUNT_FREEZE,NO_ACTION,23.83,ACTED
INT-008565,CMP-008565,ACCOUNT_FREEZE,NO_ACTION,34.5,ACTED
INT-008566,CMP-008566,ACCOUNT_FREEZE,NO_ACTION,39.55,FALSE_POSITIVE
INT-008567,CMP-008567,ACCOUNT_FREEZE,SUCCESS,43.46,ACTED
INT-008568,CMP-008568,NO_ACTION,SUCCESS,34.03,FALSE_POSITIVE
INT-008569,CMP-008569,LIEN_MARK,SUCCESS,40.51,ACTED
INT-008570,CMP-008570,JURISDICTION_HANDOFF,SUCCESS,14.35,ACTED
INT-008571,CMP-008571,ENDPOINT_WATCH,PARTIAL,31.56,ALREADY_ACTIONED
INT-008572,CMP-008572,ACCOUNT_FREEZE,SUCCESS,36.11,ACTED
INT-008573,CMP-008573,JURISDICTION_HANDOFF,SUCCESS,16.97,ACTED
INT-008574,CMP-008574,ACCOUNT_FREEZE,SUCCESS,31.87,ACTED
INT-008575,CMP-008575,ENDPOINT_WATCH,SUCCESS,5.36,FALSE_POSITIVE
INT-008576,CMP-008576,LIEN_MARK,SUCCESS,31.88,NOT_ACTED
INT-008577,CMP-008577,ACCOUNT_FREEZE,NO_ACTION,42.5,ACTED
INT-008578,CMP-008578,ENDPOINT_WATCH,SUCCESS,30.3,NOT_ACTED
INT-008579,CMP-008579,JURISDICTION_HANDOFF,SUCCESS,15.73,NOT_ACTED
INT-008580,CMP-008580,JURISDICTION_HANDOFF,SUCCESS,11.12,OUT_OF_SCOPE
INT-008581,CMP-008581,ENDPOINT_WATCH,SUCCESS,34.51,ALREADY_ACTIONED
INT-008582,CMP-008582,LIEN_MARK,SUCCESS,29.83,NOT_ACTED
INT-008583,CMP-008583,LIEN_MARK,SUCCESS,18.52,ACTED
INT-008584,CMP-008584,ACCOUNT_FREEZE,SUCCESS,16.64,OUT_OF_SCOPE
INT-008585,CMP-008585,ENDPOINT_WATCH,NO_ACTION,17.32,ALREADY_ACTIONED
INT-008586,CMP-008586,ENDPOINT_WATCH,PARTIAL,36.83,ACTED
INT-008587,CMP-008587,ENDPOINT_WATCH,NO_ACTION,37.83,ACTED
INT-008588,CMP-008588,LIEN_MARK,NO_ACTION,21.64,ALREADY_ACTIONED
INT-008589,CMP-008589,ENDPOINT_WATCH,SUCCESS,11.47,NOT_ACTED
INT-008590,CMP-008590,ENDPOINT_WATCH,SUCCESS,5.63,ALREADY_ACTIONED
INT-008591,CMP-008591,JURISDICTION_HANDOFF,PARTIAL,26.91,FALSE_POSITIVE
INT-008592,CMP-008592,LIEN_MARK,SUCCESS,30.03,FALSE_POSITIVE
INT-008593,CMP-008593,NO_ACTION,SUCCESS,8.54,NOT_ACTED
INT-008594,CMP-008594,NO_ACTION,SUCCESS,30.24,ACTED
INT-008595,CMP-008595,JURISDICTION_HANDOFF,PARTIAL,44.08,OUT_OF_SCOPE
INT-008596,CMP-008596,NO_ACTION,PARTIAL,44.89,ALREADY_ACTIONED
INT-008597,CMP-008597,ENDPOINT_WATCH,SUCCESS,14.25,OUT_OF_SCOPE
INT-008598,CMP-008598,ACCOUNT_FREEZE,SUCCESS,4.6,ACTED
INT-008599,CMP-008599,NO_ACTION,SUCCESS,8.36,ACTED
INT-008600,CMP-008600,LIEN_MARK,SUCCESS,32.3,FALSE_POSITIVE
INT-008601,CMP-008601,LIEN_MARK,SUCCESS,28.27,NOT_ACTED
INT-008602,CMP-008602,NO_ACTION,SUCCESS,45.65,NOT_ACTED
INT-008603,CMP-008603,NO_ACTION,SUCCESS,11.84,ALREADY_ACTIONED
INT-008604,CMP-008604,ENDPOINT_WATCH,SUCCESS,13.22,ACTED
INT-008605,CMP-008605,ACCOUNT_FREEZE,PARTIAL,9.12,NOT_ACTED
INT-008606,CMP-008606,ENDPOINT_WATCH,PARTIAL,42.11,ACTED
INT-008607,CMP-008607,ACCOUNT_FREEZE,SUCCESS,40.61,ACTED
INT-008608,CMP-008608,LIEN_MARK,SUCCESS,37.72,ACTED
INT-008609,CMP-008609,NO_ACTION,SUCCESS,34.1,ACTED
INT-008610,CMP-008610,NO_ACTION,PARTIAL,6.48,ACTED
INT-008611,CMP-008611,NO_ACTION,NO_ACTION,11.26,FALSE_POSITIVE
INT-008612,CMP-008612,ACCOUNT_FREEZE,SUCCESS,21.05,ALREADY_ACTIONED
INT-008613,CMP-008613,JURISDICTION_HANDOFF,SUCCESS,11.74,ACTED
INT-008614,CMP-008614,LIEN_MARK,PARTIAL,15.14,OUT_OF_SCOPE
INT-008615,CMP-008615,ACCOUNT_FREEZE,SUCCESS,44.88,ALREADY_ACTIONED
INT-008616,CMP-008616,LIEN_MARK,SUCCESS,11.61,ACTED
INT-008617,CMP-008617,ACCOUNT_FREEZE,PARTIAL,26.27,FALSE_POSITIVE
INT-008618,CMP-008618,ENDPOINT_WATCH,NO_ACTION,3.63,ACTED
INT-008619,CMP-008619,LIEN_MARK,SUCCESS,16.42,OUT_OF_SCOPE
INT-008620,CMP-008620,ACCOUNT_FREEZE,PARTIAL,27.68,ALREADY_ACTIONED
INT-008621,CMP-008621,ACCOUNT_FREEZE,SUCCESS,46.59,ACTED
INT-008622,CMP-008622,LIEN_MARK,NO_ACTION,37.28,ACTED
INT-008623,CMP-008623,ENDPOINT_WATCH,SUCCESS,12.13,ALREADY_ACTIONED
INT-008624,CMP-008624,LIEN_MARK,SUCCESS,45.54,ACTED
INT-008625,CMP-008625,LIEN_MARK,SUCCESS,5.59,ACTED
INT-008626,CMP-008626,ENDPOINT_WATCH,SUCCESS,4.81,ACTED
INT-008627,CMP-008627,LIEN_MARK,SUCCESS,11.51,FALSE_POSITIVE
INT-008628,CMP-008628,NO_ACTION,NO_ACTION,43.37,NOT_ACTED
INT-008629,CMP-008629,NO_ACTION,NO_ACTION,21.24,ACTED
INT-008630,CMP-008630,ACCOUNT_FREEZE,SUCCESS,28.32,ACTED
INT-008631,CMP-008631,ACCOUNT_FREEZE,NO_ACTION,21.15,ACTED
INT-008632,CMP-008632,ACCOUNT_FREEZE,PARTIAL,31.33,OUT_OF_SCOPE
INT-008633,CMP-008633,LIEN_MARK,NO_ACTION,41.7,ACTED
INT-008634,CMP-008634,ACCOUNT_FREEZE,SUCCESS,35.39,NOT_ACTED
INT-008635,CMP-008635,ACCOUNT_FREEZE,SUCCESS,36.3,OUT_OF_SCOPE
INT-008636,CMP-008636,NO_ACTION,SUCCESS,33.22,NOT_ACTED
INT-008637,CMP-008637,JURISDICTION_HANDOFF,SUCCESS,9.19,OUT_OF_SCOPE
INT-008638,CMP-008638,LIEN_MARK,PARTIAL,10.82,NOT_ACTED
INT-008639,CMP-008639,ACCOUNT_FREEZE,PARTIAL,19.92,ACTED
INT-008640,CMP-008640,JURISDICTION_HANDOFF,PARTIAL,20.1,ACTED
INT-008641,CMP-008641,JURISDICTION_HANDOFF,SUCCESS,30.22,ACTED
INT-008642,CMP-008642,JURISDICTION_HANDOFF,PARTIAL,20.4,ALREADY_ACTIONED
INT-008643,CMP-008643,ENDPOINT_WATCH,NO_ACTION,37.36,OUT_OF_SCOPE
INT-008644,CMP-008644,LIEN_MARK,PARTIAL,27.79,ALREADY_ACTIONED
INT-008645,CMP-008645,NO_ACTION,PARTIAL,18.7,ACTED
INT-008646,CMP-008646,NO_ACTION,SUCCESS,31.47,NOT_ACTED
INT-008647,CMP-008647,ENDPOINT_WATCH,SUCCESS,43.25,FALSE_POSITIVE
INT-008648,CMP-008648,JURISDICTION_HANDOFF,PARTIAL,37.49,ALREADY_ACTIONED
INT-008649,CMP-008649,ENDPOINT_WATCH,NO_ACTION,35.78,NOT_ACTED
INT-008650,CMP-008650,ENDPOINT_WATCH,PARTIAL,25.91,NOT_ACTED
INT-008651,CMP-008651,LIEN_MARK,SUCCESS,12.51,ALREADY_ACTIONED
INT-008652,CMP-008652,NO_ACTION,NO_ACTION,26.46,NOT_ACTED
INT-008653,CMP-008653,ACCOUNT_FREEZE,SUCCESS,39.62,ALREADY_ACTIONED
INT-008654,CMP-008654,LIEN_MARK,PARTIAL,40.69,ACTED
INT-008655,CMP-008655,NO_ACTION,PARTIAL,28.65,ACTED
INT-008656,CMP-008656,NO_ACTION,SUCCESS,39.79,NOT_ACTED
INT-008657,CMP-008657,ACCOUNT_FREEZE,SUCCESS,32.82,OUT_OF_SCOPE
INT-008658,CMP-008658,ACCOUNT_FREEZE,SUCCESS,5.44,ACTED
INT-008659,CMP-008659,ENDPOINT_WATCH,NO_ACTION,21.13,ACTED
INT-008660,CMP-008660,ACCOUNT_FREEZE,PARTIAL,24.59,NOT_ACTED
INT-008661,CMP-008661,ACCOUNT_FREEZE,SUCCESS,12.09,ACTED
INT-008662,CMP-008662,ENDPOINT_WATCH,NO_ACTION,45.09,NOT_ACTED
INT-008663,CMP-008663,ACCOUNT_FREEZE,NO_ACTION,10.78,NOT_ACTED
INT-008664,CMP-008664,JURISDICTION_HANDOFF,SUCCESS,21.94,ALREADY_ACTIONED
INT-008665,CMP-008665,JURISDICTION_HANDOFF,NO_ACTION,26.57,OUT_OF_SCOPE
INT-008666,CMP-008666,ACCOUNT_FREEZE,SUCCESS,43.79,ACTED
INT-008667,CMP-008667,JURISDICTION_HANDOFF,SUCCESS,44.02,ACTED
INT-008668,CMP-008668,LIEN_MARK,SUCCESS,3.32,NOT_ACTED
INT-008669,CMP-008669,JURISDICTION_HANDOFF,SUCCESS,19.48,ACTED
INT-008670,CMP-008670,ENDPOINT_WATCH,SUCCESS,42.18,ALREADY_ACTIONED
INT-008671,CMP-008671,LIEN_MARK,SUCCESS,21.51,ACTED
INT-008672,CMP-008672,LIEN_MARK,SUCCESS,39.02,ACTED
INT-008673,CMP-008673,NO_ACTION,PARTIAL,39.68,ACTED
INT-008674,CMP-008674,ENDPOINT_WATCH,PARTIAL,16.01,ACTED
INT-008675,CMP-008675,ACCOUNT_FREEZE,PARTIAL,18.76,OUT_OF_SCOPE
INT-008676,CMP-008676,JURISDICTION_HANDOFF,NO_ACTION,26.25,OUT_OF_SCOPE
INT-008677,CMP-008677,ACCOUNT_FREEZE,NO_ACTION,28.5,ACTED
INT-008678,CMP-008678,LIEN_MARK,PARTIAL,27.18,FALSE_POSITIVE
INT-008679,CMP-008679,JURISDICTION_HANDOFF,PARTIAL,16.05,NOT_ACTED
INT-008680,CMP-008680,LIEN_MARK,SUCCESS,39.61,ACTED
INT-008681,CMP-008681,NO_ACTION,PARTIAL,9.1,ACTED
INT-008682,CMP-008682,LIEN_MARK,SUCCESS,13.79,ACTED
INT-008683,CMP-008683,NO_ACTION,SUCCESS,4.28,ALREADY_ACTIONED
INT-008684,CMP-008684,ENDPOINT_WATCH,NO_ACTION,23.37,OUT_OF_SCOPE
INT-008685,CMP-008685,JURISDICTION_HANDOFF,SUCCESS,37.85,ACTED
INT-008686,CMP-008686,ACCOUNT_FREEZE,NO_ACTION,11.1,ACTED
INT-008687,CMP-008687,ENDPOINT_WATCH,SUCCESS,5.92,ACTED
INT-008688,CMP-008688,LIEN_MARK,PARTIAL,14.52,ALREADY_ACTIONED
INT-008689,CMP-008689,NO_ACTION,PARTIAL,44.46,ACTED
INT-008690,CMP-008690,JURISDICTION_HANDOFF,NO_ACTION,33.69,NOT_ACTED
INT-008691,CMP-008691,ACCOUNT_FREEZE,SUCCESS,26.83,ACTED
INT-008692,CMP-008692,ENDPOINT_WATCH,PARTIAL,10.39,ALREADY_ACTIONED
INT-008693,CMP-008693,LIEN_MARK,SUCCESS,17.7,ACTED
INT-008694,CMP-008694,ENDPOINT_WATCH,PARTIAL,4.7,ALREADY_ACTIONED
INT-008695,CMP-008695,JURISDICTION_HANDOFF,NO_ACTION,37.05,NOT_ACTED
INT-008696,CMP-008696,LIEN_MARK,SUCCESS,4.98,NOT_ACTED
INT-008697,CMP-008697,LIEN_MARK,SUCCESS,39.74,ALREADY_ACTIONED
INT-008698,CMP-008698,LIEN_MARK,SUCCESS,42.06,FALSE_POSITIVE
INT-008699,CMP-008699,ACCOUNT_FREEZE,NO_ACTION,5.08,ACTED
INT-008700,CMP-008700,ACCOUNT_FREEZE,SUCCESS,4.28,ACTED
INT-008701,CMP-008701,JURISDICTION_HANDOFF,SUCCESS,21.61,NOT_ACTED
INT-008702,CMP-008702,LIEN_MARK,SUCCESS,19.94,ACTED
INT-008703,CMP-008703,NO_ACTION,SUCCESS,28.05,FALSE_POSITIVE
INT-008704,CMP-008704,ACCOUNT_FREEZE,SUCCESS,18.75,ACTED
INT-008705,CMP-008705,JURISDICTION_HANDOFF,SUCCESS,33.12,ALREADY_ACTIONED
INT-008706,CMP-008706,ENDPOINT_WATCH,NO_ACTION,46.57,OUT_OF_SCOPE
INT-008707,CMP-008707,ENDPOINT_WATCH,SUCCESS,17.19,NOT_ACTED
INT-008708,CMP-008708,NO_ACTION,SUCCESS,26.85,ALREADY_ACTIONED
INT-008709,CMP-008709,LIEN_MARK,SUCCESS,39.13,ACTED
INT-008710,CMP-008710,JURISDICTION_HANDOFF,SUCCESS,16.11,OUT_OF_SCOPE
INT-008711,CMP-008711,LIEN_MARK,PARTIAL,29.18,ACTED
INT-008712,CMP-008712,NO_ACTION,SUCCESS,10.45,ALREADY_ACTIONED
INT-008713,CMP-008713,LIEN_MARK,SUCCESS,31.06,ACTED
INT-008714,CMP-008714,LIEN_MARK,NO_ACTION,37.44,OUT_OF_SCOPE
INT-008715,CMP-008715,NO_ACTION,PARTIAL,34.81,ACTED
INT-008716,CMP-008716,NO_ACTION,SUCCESS,22.03,ACTED
INT-008717,CMP-008717,JURISDICTION_HANDOFF,SUCCESS,3.82,ALREADY_ACTIONED
INT-008718,CMP-008718,LIEN_MARK,SUCCESS,23.93,ACTED
INT-008719,CMP-008719,LIEN_MARK,PARTIAL,5.98,NOT_ACTED
INT-008720,CMP-008720,LIEN_MARK,SUCCESS,29.85,ALREADY_ACTIONED
INT-008721,CMP-008721,NO_ACTION,SUCCESS,39.84,FALSE_POSITIVE
INT-008722,CMP-008722,NO_ACTION,NO_ACTION,32.27,ACTED
INT-008723,CMP-008723,NO_ACTION,PARTIAL,5.59,ACTED
INT-008724,CMP-008724,JURISDICTION_HANDOFF,PARTIAL,36.87,NOT_ACTED
INT-008725,CMP-008725,NO_ACTION,PARTIAL,3.03,NOT_ACTED
INT-008726,CMP-008726,NO_ACTION,SUCCESS,13.65,ACTED
INT-008727,CMP-008727,JURISDICTION_HANDOFF,NO_ACTION,42.16,ACTED
INT-008728,CMP-008728,JURISDICTION_HANDOFF,SUCCESS,3.53,ACTED
INT-008729,CMP-008729,LIEN_MARK,SUCCESS,12.13,FALSE_POSITIVE
INT-008730,CMP-008730,LIEN_MARK,PARTIAL,42.67,FALSE_POSITIVE
INT-008731,CMP-008731,ACCOUNT_FREEZE,SUCCESS,37.39,ACTED
INT-008732,CMP-008732,ACCOUNT_FREEZE,SUCCESS,18.78,ACTED
INT-008733,CMP-008733,ACCOUNT_FREEZE,SUCCESS,5.01,ACTED
INT-008734,CMP-008734,ACCOUNT_FREEZE,SUCCESS,36.64,ACTED
INT-008735,CMP-008735,ENDPOINT_WATCH,PARTIAL,40.79,NOT_ACTED
INT-008736,CMP-008736,JURISDICTION_HANDOFF,NO_ACTION,47.77,ACTED
INT-008737,CMP-008737,JURISDICTION_HANDOFF,SUCCESS,18.39,OUT_OF_SCOPE
INT-008738,CMP-008738,JURISDICTION_HANDOFF,SUCCESS,42.96,ACTED
INT-008739,CMP-008739,NO_ACTION,SUCCESS,22.44,ACTED
INT-008740,CMP-008740,ENDPOINT_WATCH,NO_ACTION,19.35,OUT_OF_SCOPE
INT-008741,CMP-008741,ENDPOINT_WATCH,SUCCESS,13.36,NOT_ACTED
INT-008742,CMP-008742,JURISDICTION_HANDOFF,SUCCESS,37.98,OUT_OF_SCOPE
INT-008743,CMP-008743,ENDPOINT_WATCH,SUCCESS,33.59,ALREADY_ACTIONED
INT-008744,CMP-008744,JURISDICTION_HANDOFF,SUCCESS,34.59,NOT_ACTED
INT-008745,CMP-008745,ENDPOINT_WATCH,SUCCESS,11.12,NOT_ACTED
INT-008746,CMP-008746,JURISDICTION_HANDOFF,SUCCESS,36.93,ACTED
INT-008747,CMP-008747,ENDPOINT_WATCH,NO_ACTION,15.4,FALSE_POSITIVE
INT-008748,CMP-008748,NO_ACTION,PARTIAL,13.01,ALREADY_ACTIONED
INT-008749,CMP-008749,ENDPOINT_WATCH,SUCCESS,24.44,ALREADY_ACTIONED
INT-008750,CMP-008750,LIEN_MARK,SUCCESS,45.51,ALREADY_ACTIONED
INT-008751,CMP-008751,LIEN_MARK,SUCCESS,39.08,ACTED
INT-008752,CMP-008752,ACCOUNT_FREEZE,SUCCESS,29.35,ALREADY_ACTIONED
INT-008753,CMP-008753,LIEN_MARK,PARTIAL,30.2,ALREADY_ACTIONED
INT-008754,CMP-008754,LIEN_MARK,SUCCESS,7.35,ACTED
INT-008755,CMP-008755,NO_ACTION,SUCCESS,5.55,NOT_ACTED
INT-008756,CMP-008756,NO_ACTION,NO_ACTION,20.45,OUT_OF_SCOPE
INT-008757,CMP-008757,ENDPOINT_WATCH,SUCCESS,31.29,ACTED
INT-008758,CMP-008758,ACCOUNT_FREEZE,PARTIAL,45.17,ACTED
INT-008759,CMP-008759,LIEN_MARK,SUCCESS,26.5,ALREADY_ACTIONED
INT-008760,CMP-008760,ENDPOINT_WATCH,NO_ACTION,32.49,ACTED
INT-008761,CMP-008761,ENDPOINT_WATCH,SUCCESS,41.09,NOT_ACTED
INT-008762,CMP-008762,JURISDICTION_HANDOFF,SUCCESS,45.47,ACTED
INT-008763,CMP-008763,LIEN_MARK,PARTIAL,40.8,ACTED
INT-008764,CMP-008764,JURISDICTION_HANDOFF,SUCCESS,17.21,NOT_ACTED
INT-008765,CMP-008765,JURISDICTION_HANDOFF,SUCCESS,22.5,OUT_OF_SCOPE
INT-008766,CMP-008766,LIEN_MARK,SUCCESS,19.88,ALREADY_ACTIONED
INT-008767,CMP-008767,NO_ACTION,NO_ACTION,9.48,ACTED
INT-008768,CMP-008768,ENDPOINT_WATCH,SUCCESS,38.67,FALSE_POSITIVE
INT-008769,CMP-008769,ENDPOINT_WATCH,PARTIAL,10.63,ACTED
INT-008770,CMP-008770,JURISDICTION_HANDOFF,NO_ACTION,36.09,FALSE_POSITIVE
INT-008771,CMP-008771,NO_ACTION,NO_ACTION,12.25,FALSE_POSITIVE
INT-008772,CMP-008772,ENDPOINT_WATCH,PARTIAL,45.92,ACTED
INT-008773,CMP-008773,ACCOUNT_FREEZE,PARTIAL,18.98,ALREADY_ACTIONED
INT-008774,CMP-008774,LIEN_MARK,PARTIAL,45.93,FALSE_POSITIVE
INT-008775,CMP-008775,NO_ACTION,SUCCESS,7.39,ACTED
INT-008776,CMP-008776,ENDPOINT_WATCH,PARTIAL,9.32,OUT_OF_SCOPE
INT-008777,CMP-008777,JURISDICTION_HANDOFF,PARTIAL,40.94,FALSE_POSITIVE
INT-008778,CMP-008778,JURISDICTION_HANDOFF,PARTIAL,15.41,NOT_ACTED
INT-008779,CMP-008779,JURISDICTION_HANDOFF,NO_ACTION,20.7,ACTED
INT-008780,CMP-008780,ACCOUNT_FREEZE,NO_ACTION,4.97,ALREADY_ACTIONED
INT-008781,CMP-008781,JURISDICTION_HANDOFF,PARTIAL,11.5,ALREADY_ACTIONED
INT-008782,CMP-008782,LIEN_MARK,PARTIAL,23.06,ALREADY_ACTIONED
INT-008783,CMP-008783,NO_ACTION,SUCCESS,4.32,ACTED
INT-008784,CMP-008784,ENDPOINT_WATCH,PARTIAL,27.83,NOT_ACTED
INT-008785,CMP-008785,ACCOUNT_FREEZE,PARTIAL,32.48,ALREADY_ACTIONED
INT-008786,CMP-008786,ACCOUNT_FREEZE,PARTIAL,12.19,NOT_ACTED
INT-008787,CMP-008787,NO_ACTION,SUCCESS,22.75,ACTED
INT-008788,CMP-008788,LIEN_MARK,NO_ACTION,36.57,NOT_ACTED
INT-008789,CMP-008789,LIEN_MARK,PARTIAL,9.0,ACTED
INT-008790,CMP-008790,JURISDICTION_HANDOFF,SUCCESS,35.44,OUT_OF_SCOPE
INT-008791,CMP-008791,ACCOUNT_FREEZE,SUCCESS,10.44,ALREADY_ACTIONED
INT-008792,CMP-008792,JURISDICTION_HANDOFF,SUCCESS,16.75,NOT_ACTED
INT-008793,CMP-008793,JURISDICTION_HANDOFF,SUCCESS,4.56,ACTED
INT-008794,CMP-008794,LIEN_MARK,PARTIAL,8.64,ACTED
INT-008795,CMP-008795,ENDPOINT_WATCH,SUCCESS,5.73,ALREADY_ACTIONED
INT-008796,CMP-008796,JURISDICTION_HANDOFF,SUCCESS,9.45,ACTED
INT-008797,CMP-008797,ACCOUNT_FREEZE,NO_ACTION,16.87,ACTED
INT-008798,CMP-008798,NO_ACTION,PARTIAL,15.52,NOT_ACTED
INT-008799,CMP-008799,NO_ACTION,SUCCESS,10.66,ALREADY_ACTIONED
INT-008800,CMP-008800,JURISDICTION_HANDOFF,SUCCESS,35.18,NOT_ACTED
INT-008801,CMP-008801,NO_ACTION,SUCCESS,17.18,ACTED
INT-008802,CMP-008802,ENDPOINT_WATCH,SUCCESS,5.61,ALREADY_ACTIONED
INT-008803,CMP-008803,ENDPOINT_WATCH,NO_ACTION,29.95,FALSE_POSITIVE
INT-008804,CMP-008804,ENDPOINT_WATCH,NO_ACTION,20.08,OUT_OF_SCOPE
INT-008805,CMP-008805,ACCOUNT_FREEZE,NO_ACTION,9.16,ALREADY_ACTIONED
INT-008806,CMP-008806,NO_ACTION,SUCCESS,41.46,ACTED
INT-008807,CMP-008807,ENDPOINT_WATCH,SUCCESS,45.16,FALSE_POSITIVE
INT-008808,CMP-008808,ENDPOINT_WATCH,NO_ACTION,11.1,FALSE_POSITIVE
INT-008809,CMP-008809,ACCOUNT_FREEZE,SUCCESS,3.18,OUT_OF_SCOPE
INT-008810,CMP-008810,ACCOUNT_FREEZE,SUCCESS,3.53,ACTED
INT-008811,CMP-008811,NO_ACTION,NO_ACTION,37.21,ALREADY_ACTIONED
INT-008812,CMP-008812,NO_ACTION,SUCCESS,25.52,ACTED
INT-008813,CMP-008813,NO_ACTION,SUCCESS,24.54,NOT_ACTED
INT-008814,CMP-008814,LIEN_MARK,SUCCESS,21.39,ACTED
INT-008815,CMP-008815,ACCOUNT_FREEZE,SUCCESS,22.4,ALREADY_ACTIONED
INT-008816,CMP-008816,JURISDICTION_HANDOFF,PARTIAL,6.37,OUT_OF_SCOPE
INT-008817,CMP-008817,ACCOUNT_FREEZE,NO_ACTION,5.39,ALREADY_ACTIONED
INT-008818,CMP-008818,JURISDICTION_HANDOFF,SUCCESS,6.41,FALSE_POSITIVE
INT-008819,CMP-008819,NO_ACTION,SUCCESS,31.99,ALREADY_ACTIONED
INT-008820,CMP-008820,NO_ACTION,SUCCESS,18.77,ACTED
INT-008821,CMP-008821,JURISDICTION_HANDOFF,SUCCESS,40.78,FALSE_POSITIVE
INT-008822,CMP-008822,LIEN_MARK,SUCCESS,44.43,ACTED
INT-008823,CMP-008823,LIEN_MARK,SUCCESS,40.62,ACTED
INT-008824,CMP-008824,ENDPOINT_WATCH,SUCCESS,5.38,ACTED
INT-008825,CMP-008825,NO_ACTION,NO_ACTION,32.42,ACTED
INT-008826,CMP-008826,LIEN_MARK,SUCCESS,23.81,ACTED
INT-008827,CMP-008827,ACCOUNT_FREEZE,SUCCESS,45.52,ACTED
INT-008828,CMP-008828,ENDPOINT_WATCH,NO_ACTION,3.85,NOT_ACTED
INT-008829,CMP-008829,LIEN_MARK,NO_ACTION,19.98,NOT_ACTED
INT-008830,CMP-008830,ACCOUNT_FREEZE,PARTIAL,5.3,OUT_OF_SCOPE
INT-008831,CMP-008831,ENDPOINT_WATCH,PARTIAL,8.98,ACTED
INT-008832,CMP-008832,NO_ACTION,SUCCESS,15.25,FALSE_POSITIVE
INT-008833,CMP-008833,ACCOUNT_FREEZE,NO_ACTION,44.92,ACTED
INT-008834,CMP-008834,NO_ACTION,SUCCESS,20.97,ACTED
INT-008835,CMP-008835,NO_ACTION,NO_ACTION,40.49,ALREADY_ACTIONED
INT-008836,CMP-008836,NO_ACTION,SUCCESS,27.58,FALSE_POSITIVE
INT-008837,CMP-008837,ACCOUNT_FREEZE,SUCCESS,41.9,ALREADY_ACTIONED
INT-008838,CMP-008838,NO_ACTION,SUCCESS,13.72,ACTED
INT-008839,CMP-008839,JURISDICTION_HANDOFF,SUCCESS,15.59,ACTED
INT-008840,CMP-008840,ENDPOINT_WATCH,SUCCESS,21.98,NOT_ACTED
INT-008841,CMP-008841,LIEN_MARK,SUCCESS,19.73,ALREADY_ACTIONED
INT-008842,CMP-008842,JURISDICTION_HANDOFF,SUCCESS,40.28,ACTED
INT-008843,CMP-008843,LIEN_MARK,SUCCESS,43.15,NOT_ACTED
INT-008844,CMP-008844,ACCOUNT_FREEZE,SUCCESS,39.58,FALSE_POSITIVE
INT-008845,CMP-008845,JURISDICTION_HANDOFF,PARTIAL,13.87,NOT_ACTED
INT-008846,CMP-008846,ENDPOINT_WATCH,SUCCESS,33.83,NOT_ACTED
INT-008847,CMP-008847,LIEN_MARK,SUCCESS,44.27,ALREADY_ACTIONED
INT-008848,CMP-008848,ENDPOINT_WATCH,PARTIAL,46.05,NOT_ACTED
INT-008849,CMP-008849,ACCOUNT_FREEZE,SUCCESS,20.07,ALREADY_ACTIONED
INT-008850,CMP-008850,NO_ACTION,NO_ACTION,30.04,ACTED
INT-008851,CMP-008851,ENDPOINT_WATCH,PARTIAL,41.91,NOT_ACTED
INT-008852,CMP-008852,NO_ACTION,PARTIAL,30.71,NOT_ACTED
INT-008853,CMP-008853,LIEN_MARK,PARTIAL,8.67,ACTED
INT-008854,CMP-008854,JURISDICTION_HANDOFF,SUCCESS,21.61,ACTED
INT-008855,CMP-008855,JURISDICTION_HANDOFF,PARTIAL,31.38,NOT_ACTED
INT-008856,CMP-008856,LIEN_MARK,SUCCESS,36.86,FALSE_POSITIVE
INT-008857,CMP-008857,ENDPOINT_WATCH,SUCCESS,17.64,ACTED
INT-008858,CMP-008858,LIEN_MARK,NO_ACTION,23.59,FALSE_POSITIVE
INT-008859,CMP-008859,ENDPOINT_WATCH,SUCCESS,5.77,ACTED
INT-008860,CMP-008860,ACCOUNT_FREEZE,SUCCESS,33.44,FALSE_POSITIVE
INT-008861,CMP-008861,NO_ACTION,SUCCESS,3.57,ALREADY_ACTIONED
INT-008862,CMP-008862,JURISDICTION_HANDOFF,SUCCESS,32.01,ACTED
INT-008863,CMP-008863,LIEN_MARK,SUCCESS,33.6,ACTED
INT-008864,CMP-008864,LIEN_MARK,SUCCESS,9.85,ACTED
INT-008865,CMP-008865,ACCOUNT_FREEZE,PARTIAL,33.23,ACTED
INT-008866,CMP-008866,LIEN_MARK,NO_ACTION,20.09,FALSE_POSITIVE
INT-008867,CMP-008867,NO_ACTION,SUCCESS,36.55,ACTED
INT-008868,CMP-008868,NO_ACTION,SUCCESS,30.06,OUT_OF_SCOPE
INT-008869,CMP-008869,ACCOUNT_FREEZE,PARTIAL,28.54,ACTED
INT-008870,CMP-008870,NO_ACTION,SUCCESS,32.16,ACTED
INT-008871,CMP-008871,JURISDICTION_HANDOFF,NO_ACTION,39.17,OUT_OF_SCOPE
INT-008872,CMP-008872,JURISDICTION_HANDOFF,SUCCESS,34.23,OUT_OF_SCOPE
INT-008873,CMP-008873,ENDPOINT_WATCH,SUCCESS,45.87,ACTED
INT-008874,CMP-008874,ACCOUNT_FREEZE,SUCCESS,10.67,ACTED
INT-008875,CMP-008875,ACCOUNT_FREEZE,SUCCESS,16.74,ACTED
INT-008876,CMP-008876,NO_ACTION,PARTIAL,23.48,ACTED
INT-008877,CMP-008877,LIEN_MARK,SUCCESS,25.98,ALREADY_ACTIONED
INT-008878,CMP-008878,NO_ACTION,SUCCESS,16.87,ACTED
INT-008879,CMP-008879,ACCOUNT_FREEZE,NO_ACTION,4.72,ACTED
INT-008880,CMP-008880,NO_ACTION,SUCCESS,38.61,FALSE_POSITIVE
INT-008881,CMP-008881,LIEN_MARK,NO_ACTION,37.7,ACTED
INT-008882,CMP-008882,NO_ACTION,PARTIAL,10.23,NOT_ACTED
INT-008883,CMP-008883,ENDPOINT_WATCH,SUCCESS,24.77,ALREADY_ACTIONED
INT-008884,CMP-008884,LIEN_MARK,SUCCESS,7.22,ALREADY_ACTIONED
INT-008885,CMP-008885,LIEN_MARK,SUCCESS,27.57,ACTED
INT-008886,CMP-008886,ENDPOINT_WATCH,SUCCESS,35.61,ACTED
INT-008887,CMP-008887,JURISDICTION_HANDOFF,SUCCESS,28.81,OUT_OF_SCOPE
INT-008888,CMP-008888,JURISDICTION_HANDOFF,NO_ACTION,27.58,ACTED
INT-008889,CMP-008889,NO_ACTION,SUCCESS,20.41,NOT_ACTED
INT-008890,CMP-008890,ACCOUNT_FREEZE,SUCCESS,35.35,ACTED
INT-008891,CMP-008891,JURISDICTION_HANDOFF,PARTIAL,26.41,FALSE_POSITIVE
INT-008892,CMP-008892,JURISDICTION_HANDOFF,SUCCESS,38.15,ALREADY_ACTIONED
INT-008893,CMP-008893,ACCOUNT_FREEZE,SUCCESS,9.02,OUT_OF_SCOPE
INT-008894,CMP-008894,ENDPOINT_WATCH,SUCCESS,8.43,NOT_ACTED
INT-008895,CMP-008895,ENDPOINT_WATCH,NO_ACTION,17.97,ACTED
INT-008896,CMP-008896,ENDPOINT_WATCH,SUCCESS,17.89,ACTED
INT-008897,CMP-008897,LIEN_MARK,NO_ACTION,3.99,ACTED
INT-008898,CMP-008898,LIEN_MARK,NO_ACTION,35.43,ACTED
INT-008899,CMP-008899,ACCOUNT_FREEZE,PARTIAL,42.19,ACTED
INT-008900,CMP-008900,LIEN_MARK,SUCCESS,8.97,ACTED
INT-008901,CMP-008901,LIEN_MARK,SUCCESS,19.1,ACTED
INT-008902,CMP-008902,ACCOUNT_FREEZE,NO_ACTION,10.44,ACTED
INT-008903,CMP-008903,JURISDICTION_HANDOFF,NO_ACTION,27.51,NOT_ACTED
INT-008904,CMP-008904,NO_ACTION,SUCCESS,41.29,ACTED
INT-008905,CMP-008905,ENDPOINT_WATCH,SUCCESS,11.53,NOT_ACTED
INT-008906,CMP-008906,LIEN_MARK,SUCCESS,15.13,ACTED
INT-008907,CMP-008907,ACCOUNT_FREEZE,SUCCESS,19.11,ALREADY_ACTIONED
INT-008908,CMP-008908,ENDPOINT_WATCH,NO_ACTION,28.2,ACTED
INT-008909,CMP-008909,JURISDICTION_HANDOFF,SUCCESS,7.57,NOT_ACTED
INT-008910,CMP-008910,NO_ACTION,PARTIAL,31.32,OUT_OF_SCOPE
INT-008911,CMP-008911,NO_ACTION,NO_ACTION,35.26,NOT_ACTED
INT-008912,CMP-008912,NO_ACTION,SUCCESS,15.92,NOT_ACTED
INT-008913,CMP-008913,ACCOUNT_FREEZE,PARTIAL,7.99,OUT_OF_SCOPE
INT-008914,CMP-008914,ACCOUNT_FREEZE,SUCCESS,29.15,NOT_ACTED
INT-008915,CMP-008915,NO_ACTION,SUCCESS,42.13,NOT_ACTED
INT-008916,CMP-008916,LIEN_MARK,SUCCESS,31.39,ACTED
INT-008917,CMP-008917,LIEN_MARK,NO_ACTION,10.42,ACTED
INT-008918,CMP-008918,ACCOUNT_FREEZE,SUCCESS,39.95,ACTED
INT-008919,CMP-008919,NO_ACTION,NO_ACTION,44.87,OUT_OF_SCOPE
INT-008920,CMP-008920,LIEN_MARK,SUCCESS,44.93,NOT_ACTED
INT-008921,CMP-008921,LIEN_MARK,SUCCESS,19.05,ACTED
INT-008922,CMP-008922,ENDPOINT_WATCH,PARTIAL,9.09,ALREADY_ACTIONED
INT-008923,CMP-008923,LIEN_MARK,SUCCESS,22.87,ACTED
INT-008924,CMP-008924,ENDPOINT_WATCH,NO_ACTION,25.55,FALSE_POSITIVE
INT-008925,CMP-008925,NO_ACTION,PARTIAL,41.59,NOT_ACTED
INT-008926,CMP-008926,NO_ACTION,PARTIAL,24.15,ACTED
INT-008927,CMP-008927,JURISDICTION_HANDOFF,SUCCESS,5.94,ACTED
INT-008928,CMP-008928,ENDPOINT_WATCH,SUCCESS,14.08,OUT_OF_SCOPE
INT-008929,CMP-008929,ENDPOINT_WATCH,SUCCESS,23.29,ACTED
INT-008930,CMP-008930,ACCOUNT_FREEZE,SUCCESS,25.83,ACTED
INT-008931,CMP-008931,JURISDICTION_HANDOFF,SUCCESS,36.09,FALSE_POSITIVE
INT-008932,CMP-008932,ENDPOINT_WATCH,SUCCESS,21.1,ALREADY_ACTIONED
INT-008933,CMP-008933,JURISDICTION_HANDOFF,SUCCESS,36.18,NOT_ACTED
INT-008934,CMP-008934,ACCOUNT_FREEZE,PARTIAL,29.07,OUT_OF_SCOPE
INT-008935,CMP-008935,ACCOUNT_FREEZE,PARTIAL,3.79,ACTED
INT-008936,CMP-008936,NO_ACTION,NO_ACTION,39.37,OUT_OF_SCOPE
INT-008937,CMP-008937,LIEN_MARK,PARTIAL,39.52,ALREADY_ACTIONED
INT-008938,CMP-008938,NO_ACTION,NO_ACTION,10.0,ACTED
INT-008939,CMP-008939,NO_ACTION,SUCCESS,27.93,ACTED
INT-008940,CMP-008940,LIEN_MARK,SUCCESS,9.19,FALSE_POSITIVE
INT-008941,CMP-008941,LIEN_MARK,PARTIAL,44.74,ALREADY_ACTIONED
INT-008942,CMP-008942,ACCOUNT_FREEZE,SUCCESS,15.85,ACTED
INT-008943,CMP-008943,LIEN_MARK,SUCCESS,30.57,ACTED
INT-008944,CMP-008944,ACCOUNT_FREEZE,SUCCESS,3.04,FALSE_POSITIVE
INT-008945,CMP-008945,ENDPOINT_WATCH,SUCCESS,41.87,OUT_OF_SCOPE
INT-008946,CMP-008946,JURISDICTION_HANDOFF,NO_ACTION,22.98,ACTED
INT-008947,CMP-008947,NO_ACTION,PARTIAL,17.88,FALSE_POSITIVE
INT-008948,CMP-008948,LIEN_MARK,SUCCESS,16.21,ACTED
INT-008949,CMP-008949,ACCOUNT_FREEZE,SUCCESS,18.68,OUT_OF_SCOPE
INT-008950,CMP-008950,ACCOUNT_FREEZE,PARTIAL,38.9,NOT_ACTED
INT-008951,CMP-008951,JURISDICTION_HANDOFF,NO_ACTION,14.01,ACTED
INT-008952,CMP-008952,JURISDICTION_HANDOFF,PARTIAL,30.21,ACTED
INT-008953,CMP-008953,ACCOUNT_FREEZE,PARTIAL,22.55,OUT_OF_SCOPE
INT-008954,CMP-008954,NO_ACTION,PARTIAL,23.2,OUT_OF_SCOPE
INT-008955,CMP-008955,LIEN_MARK,SUCCESS,28.82,ACTED
INT-008956,CMP-008956,NO_ACTION,SUCCESS,16.99,OUT_OF_SCOPE
INT-008957,CMP-008957,ENDPOINT_WATCH,SUCCESS,31.37,ALREADY_ACTIONED
INT-008958,CMP-008958,NO_ACTION,SUCCESS,40.25,ALREADY_ACTIONED
INT-008959,CMP-008959,NO_ACTION,SUCCESS,10.26,ACTED
INT-008960,CMP-008960,ENDPOINT_WATCH,SUCCESS,37.37,OUT_OF_SCOPE
INT-008961,CMP-008961,LIEN_MARK,SUCCESS,32.0,ACTED
INT-008962,CMP-008962,ENDPOINT_WATCH,PARTIAL,32.03,ACTED
INT-008963,CMP-008963,ACCOUNT_FREEZE,PARTIAL,44.74,NOT_ACTED
INT-008964,CMP-008964,NO_ACTION,SUCCESS,29.77,ACTED
INT-008965,CMP-008965,LIEN_MARK,PARTIAL,17.05,OUT_OF_SCOPE
INT-008966,CMP-008966,LIEN_MARK,PARTIAL,38.53,ACTED
INT-008967,CMP-008967,NO_ACTION,SUCCESS,28.3,ACTED
INT-008968,CMP-008968,ENDPOINT_WATCH,SUCCESS,11.15,ACTED
INT-008969,CMP-008969,ENDPOINT_WATCH,SUCCESS,30.23,OUT_OF_SCOPE
INT-008970,CMP-008970,JURISDICTION_HANDOFF,SUCCESS,26.07,ACTED
INT-008971,CMP-008971,ENDPOINT_WATCH,SUCCESS,13.7,OUT_OF_SCOPE
INT-008972,CMP-008972,JURISDICTION_HANDOFF,PARTIAL,34.69,ACTED
INT-008973,CMP-008973,ACCOUNT_FREEZE,PARTIAL,18.44,OUT_OF_SCOPE
INT-008974,CMP-008974,LIEN_MARK,NO_ACTION,16.14,ALREADY_ACTIONED
INT-008975,CMP-008975,ENDPOINT_WATCH,NO_ACTION,20.49,FALSE_POSITIVE
INT-008976,CMP-008976,ACCOUNT_FREEZE,SUCCESS,28.14,NOT_ACTED
INT-008977,CMP-008977,JURISDICTION_HANDOFF,PARTIAL,21.65,FALSE_POSITIVE
INT-008978,CMP-008978,JURISDICTION_HANDOFF,SUCCESS,32.59,OUT_OF_SCOPE
INT-008979,CMP-008979,ACCOUNT_FREEZE,PARTIAL,42.38,NOT_ACTED
INT-008980,CMP-008980,LIEN_MARK,SUCCESS,41.57,ACTED
INT-008981,CMP-008981,NO_ACTION,SUCCESS,37.76,ACTED
INT-008982,CMP-008982,JURISDICTION_HANDOFF,SUCCESS,33.89,NOT_ACTED
INT-008983,CMP-008983,JURISDICTION_HANDOFF,NO_ACTION,44.97,OUT_OF_SCOPE
INT-008984,CMP-008984,ENDPOINT_WATCH,NO_ACTION,27.34,ALREADY_ACTIONED
INT-008985,CMP-008985,ACCOUNT_FREEZE,SUCCESS,24.67,NOT_ACTED
INT-008986,CMP-008986,LIEN_MARK,SUCCESS,22.12,ALREADY_ACTIONED
INT-008987,CMP-008987,JURISDICTION_HANDOFF,SUCCESS,22.72,ACTED
INT-008988,CMP-008988,LIEN_MARK,NO_ACTION,25.22,ACTED
INT-008989,CMP-008989,LIEN_MARK,PARTIAL,7.11,ACTED
INT-008990,CMP-008990,NO_ACTION,SUCCESS,42.14,NOT_ACTED
INT-008991,CMP-008991,ENDPOINT_WATCH,PARTIAL,38.3,ACTED
INT-008992,CMP-008992,LIEN_MARK,SUCCESS,18.82,NOT_ACTED
INT-008993,CMP-008993,ACCOUNT_FREEZE,NO_ACTION,5.77,NOT_ACTED
INT-008994,CMP-008994,JURISDICTION_HANDOFF,PARTIAL,24.07,ACTED
INT-008995,CMP-008995,JURISDICTION_HANDOFF,SUCCESS,33.92,ACTED
INT-008996,CMP-008996,JURISDICTION_HANDOFF,SUCCESS,12.36,NOT_ACTED
INT-008997,CMP-008997,ENDPOINT_WATCH,NO_ACTION,40.95,ACTED
INT-008998,CMP-008998,ENDPOINT_WATCH,NO_ACTION,19.46,ACTED
INT-008999,CMP-008999,ENDPOINT_WATCH,PARTIAL,25.7,FALSE_POSITIVE
INT-009000,CMP-009000,LIEN_MARK,SUCCESS,20.91,ALREADY_ACTIONED
INT-009001,CMP-009001,ACCOUNT_FREEZE,PARTIAL,43.11,ACTED
INT-009002,CMP-009002,ACCOUNT_FREEZE,SUCCESS,47.7,OUT_OF_SCOPE
INT-009003,CMP-009003,JURISDICTION_HANDOFF,NO_ACTION,30.8,NOT_ACTED
INT-009004,CMP-009004,LIEN_MARK,SUCCESS,14.94,NOT_ACTED
INT-009005,CMP-009005,ACCOUNT_FREEZE,SUCCESS,21.28,OUT_OF_SCOPE
INT-009006,CMP-009006,NO_ACTION,PARTIAL,7.99,NOT_ACTED
INT-009007,CMP-009007,LIEN_MARK,SUCCESS,47.97,NOT_ACTED
INT-009008,CMP-009008,NO_ACTION,SUCCESS,16.83,ACTED
INT-009009,CMP-009009,ENDPOINT_WATCH,SUCCESS,43.06,NOT_ACTED
INT-009010,CMP-009010,ACCOUNT_FREEZE,SUCCESS,41.03,OUT_OF_SCOPE
INT-009011,CMP-009011,ACCOUNT_FREEZE,SUCCESS,35.81,ACTED
INT-009012,CMP-009012,ACCOUNT_FREEZE,NO_ACTION,33.01,ACTED
INT-009013,CMP-009013,ACCOUNT_FREEZE,PARTIAL,34.55,ACTED
INT-009014,CMP-009014,NO_ACTION,SUCCESS,13.46,NOT_ACTED
INT-009015,CMP-009015,ACCOUNT_FREEZE,SUCCESS,5.26,ALREADY_ACTIONED
INT-009016,CMP-009016,JURISDICTION_HANDOFF,PARTIAL,43.86,ALREADY_ACTIONED
INT-009017,CMP-009017,ACCOUNT_FREEZE,SUCCESS,19.73,NOT_ACTED
INT-009018,CMP-009018,LIEN_MARK,SUCCESS,33.88,ACTED
INT-009019,CMP-009019,JURISDICTION_HANDOFF,SUCCESS,43.1,ACTED
INT-009020,CMP-009020,JURISDICTION_HANDOFF,SUCCESS,35.16,OUT_OF_SCOPE
INT-009021,CMP-009021,LIEN_MARK,PARTIAL,14.58,OUT_OF_SCOPE
INT-009022,CMP-009022,LIEN_MARK,SUCCESS,14.84,ACTED
INT-009023,CMP-009023,JURISDICTION_HANDOFF,SUCCESS,5.13,FALSE_POSITIVE
INT-009024,CMP-009024,NO_ACTION,NO_ACTION,7.95,ALREADY_ACTIONED
INT-009025,CMP-009025,ENDPOINT_WATCH,PARTIAL,3.63,ACTED
INT-009026,CMP-009026,JURISDICTION_HANDOFF,SUCCESS,4.72,ALREADY_ACTIONED
INT-009027,CMP-009027,ENDPOINT_WATCH,NO_ACTION,26.6,ACTED
INT-009028,CMP-009028,ENDPOINT_WATCH,SUCCESS,47.7,ACTED
INT-009029,CMP-009029,ACCOUNT_FREEZE,NO_ACTION,34.64,NOT_ACTED
INT-009030,CMP-009030,JURISDICTION_HANDOFF,SUCCESS,44.56,ALREADY_ACTIONED
INT-009031,CMP-009031,NO_ACTION,SUCCESS,18.02,FALSE_POSITIVE
INT-009032,CMP-009032,NO_ACTION,SUCCESS,32.43,ALREADY_ACTIONED
INT-009033,CMP-009033,ENDPOINT_WATCH,SUCCESS,33.01,ACTED
INT-009034,CMP-009034,NO_ACTION,SUCCESS,14.13,ACTED
INT-009035,CMP-009035,NO_ACTION,NO_ACTION,4.67,ACTED
INT-009036,CMP-009036,NO_ACTION,PARTIAL,7.58,NOT_ACTED
INT-009037,CMP-009037,LIEN_MARK,SUCCESS,47.02,NOT_ACTED
INT-009038,CMP-009038,NO_ACTION,NO_ACTION,38.8,ACTED
INT-009039,CMP-009039,ENDPOINT_WATCH,NO_ACTION,18.41,ACTED
INT-009040,CMP-009040,ENDPOINT_WATCH,SUCCESS,11.2,FALSE_POSITIVE
INT-009041,CMP-009041,ENDPOINT_WATCH,SUCCESS,40.9,ACTED
INT-009042,CMP-009042,ACCOUNT_FREEZE,SUCCESS,42.41,NOT_ACTED
INT-009043,CMP-009043,NO_ACTION,SUCCESS,14.02,ACTED
INT-009044,CMP-009044,NO_ACTION,SUCCESS,34.65,NOT_ACTED
INT-009045,CMP-009045,ACCOUNT_FREEZE,SUCCESS,30.73,ALREADY_ACTIONED
INT-009046,CMP-009046,ENDPOINT_WATCH,SUCCESS,30.71,ALREADY_ACTIONED
INT-009047,CMP-009047,ACCOUNT_FREEZE,NO_ACTION,14.46,OUT_OF_SCOPE
INT-009048,CMP-009048,ENDPOINT_WATCH,PARTIAL,5.27,ACTED
INT-009049,CMP-009049,LIEN_MARK,NO_ACTION,40.17,ALREADY_ACTIONED
INT-009050,CMP-009050,NO_ACTION,SUCCESS,5.98,FALSE_POSITIVE
INT-009051,CMP-009051,ENDPOINT_WATCH,SUCCESS,10.66,ACTED
INT-009052,CMP-009052,NO_ACTION,SUCCESS,23.21,NOT_ACTED
INT-009053,CMP-009053,ENDPOINT_WATCH,PARTIAL,13.07,OUT_OF_SCOPE
INT-009054,CMP-009054,ENDPOINT_WATCH,NO_ACTION,26.19,ALREADY_ACTIONED
INT-009055,CMP-009055,JURISDICTION_HANDOFF,PARTIAL,24.12,OUT_OF_SCOPE
INT-009056,CMP-009056,NO_ACTION,SUCCESS,21.69,ACTED
INT-009057,CMP-009057,ACCOUNT_FREEZE,SUCCESS,29.2,ACTED
INT-009058,CMP-009058,ENDPOINT_WATCH,SUCCESS,26.06,ACTED
INT-009059,CMP-009059,ACCOUNT_FREEZE,SUCCESS,44.77,ACTED
INT-009060,CMP-009060,JURISDICTION_HANDOFF,SUCCESS,30.43,ACTED
INT-009061,CMP-009061,NO_ACTION,NO_ACTION,38.98,NOT_ACTED
INT-009062,CMP-009062,ACCOUNT_FREEZE,SUCCESS,16.49,ALREADY_ACTIONED
INT-009063,CMP-009063,ACCOUNT_FREEZE,PARTIAL,44.31,FALSE_POSITIVE
INT-009064,CMP-009064,ACCOUNT_FREEZE,SUCCESS,35.35,ACTED
INT-009065,CMP-009065,ENDPOINT_WATCH,PARTIAL,11.97,ALREADY_ACTIONED
INT-009066,CMP-009066,JURISDICTION_HANDOFF,NO_ACTION,42.83,ALREADY_ACTIONED
INT-009067,CMP-009067,NO_ACTION,SUCCESS,39.46,ACTED
INT-009068,CMP-009068,LIEN_MARK,SUCCESS,10.82,FALSE_POSITIVE
INT-009069,CMP-009069,ENDPOINT_WATCH,PARTIAL,12.18,ACTED
INT-009070,CMP-009070,LIEN_MARK,PARTIAL,37.3,ACTED
INT-009071,CMP-009071,JURISDICTION_HANDOFF,PARTIAL,37.82,ALREADY_ACTIONED
INT-009072,CMP-009072,NO_ACTION,NO_ACTION,6.27,OUT_OF_SCOPE
INT-009073,CMP-009073,JURISDICTION_HANDOFF,NO_ACTION,25.86,OUT_OF_SCOPE
INT-009074,CMP-009074,ENDPOINT_WATCH,NO_ACTION,5.59,FALSE_POSITIVE
INT-009075,CMP-009075,ENDPOINT_WATCH,SUCCESS,19.44,ACTED
INT-009076,CMP-009076,ACCOUNT_FREEZE,SUCCESS,20.35,OUT_OF_SCOPE
INT-009077,CMP-009077,LIEN_MARK,PARTIAL,20.78,NOT_ACTED
INT-009078,CMP-009078,ACCOUNT_FREEZE,NO_ACTION,47.36,NOT_ACTED
INT-009079,CMP-009079,NO_ACTION,PARTIAL,4.46,ACTED
INT-009080,CMP-009080,LIEN_MARK,SUCCESS,24.64,NOT_ACTED
INT-009081,CMP-009081,ENDPOINT_WATCH,SUCCESS,15.32,ACTED
INT-009082,CMP-009082,NO_ACTION,PARTIAL,9.86,NOT_ACTED
INT-009083,CMP-009083,NO_ACTION,SUCCESS,39.96,OUT_OF_SCOPE
INT-009084,CMP-009084,ACCOUNT_FREEZE,SUCCESS,41.55,ACTED
INT-009085,CMP-009085,LIEN_MARK,SUCCESS,20.54,OUT_OF_SCOPE
INT-009086,CMP-009086,JURISDICTION_HANDOFF,SUCCESS,24.53,ACTED
INT-009087,CMP-009087,LIEN_MARK,SUCCESS,19.6,ALREADY_ACTIONED
INT-009088,CMP-009088,NO_ACTION,NO_ACTION,44.59,ACTED
INT-009089,CMP-009089,ACCOUNT_FREEZE,PARTIAL,9.19,ALREADY_ACTIONED
INT-009090,CMP-009090,LIEN_MARK,SUCCESS,9.01,ACTED
INT-009091,CMP-009091,NO_ACTION,SUCCESS,20.33,ACTED
INT-009092,CMP-009092,NO_ACTION,SUCCESS,5.34,ALREADY_ACTIONED
INT-009093,CMP-009093,JURISDICTION_HANDOFF,SUCCESS,47.99,ACTED
INT-009094,CMP-009094,ENDPOINT_WATCH,SUCCESS,46.67,ALREADY_ACTIONED
INT-009095,CMP-009095,LIEN_MARK,SUCCESS,9.35,ACTED
INT-009096,CMP-009096,ACCOUNT_FREEZE,PARTIAL,45.64,ACTED
INT-009097,CMP-009097,LIEN_MARK,SUCCESS,32.17,ACTED
INT-009098,CMP-009098,JURISDICTION_HANDOFF,SUCCESS,46.44,NOT_ACTED
INT-009099,CMP-009099,ACCOUNT_FREEZE,SUCCESS,29.65,ALREADY_ACTIONED
INT-009100,CMP-009100,NO_ACTION,SUCCESS,24.17,ACTED
INT-009101,CMP-009101,ENDPOINT_WATCH,PARTIAL,37.69,ACTED
INT-009102,CMP-009102,ENDPOINT_WATCH,SUCCESS,6.17,ACTED
INT-009103,CMP-009103,NO_ACTION,SUCCESS,41.26,NOT_ACTED
INT-009104,CMP-009104,LIEN_MARK,SUCCESS,4.32,ACTED
INT-009105,CMP-009105,LIEN_MARK,SUCCESS,14.12,OUT_OF_SCOPE
INT-009106,CMP-009106,LIEN_MARK,SUCCESS,7.21,ACTED
INT-009107,CMP-009107,ENDPOINT_WATCH,SUCCESS,14.24,NOT_ACTED
INT-009108,CMP-009108,ACCOUNT_FREEZE,PARTIAL,11.54,OUT_OF_SCOPE
INT-009109,CMP-009109,LIEN_MARK,SUCCESS,43.66,ACTED
INT-009110,CMP-009110,LIEN_MARK,SUCCESS,23.08,ACTED
INT-009111,CMP-009111,NO_ACTION,PARTIAL,23.43,ACTED
INT-009112,CMP-009112,LIEN_MARK,SUCCESS,47.28,OUT_OF_SCOPE
INT-009113,CMP-009113,LIEN_MARK,SUCCESS,40.3,ALREADY_ACTIONED
INT-009114,CMP-009114,LIEN_MARK,SUCCESS,22.71,ACTED
INT-009115,CMP-009115,ACCOUNT_FREEZE,SUCCESS,14.74,NOT_ACTED
INT-009116,CMP-009116,ENDPOINT_WATCH,SUCCESS,41.56,ACTED
INT-009117,CMP-009117,NO_ACTION,SUCCESS,47.65,ACTED
INT-009118,CMP-009118,ACCOUNT_FREEZE,SUCCESS,29.89,ACTED
INT-009119,CMP-009119,NO_ACTION,PARTIAL,45.99,NOT_ACTED
INT-009120,CMP-009120,LIEN_MARK,SUCCESS,18.37,ACTED
INT-009121,CMP-009121,JURISDICTION_HANDOFF,NO_ACTION,17.23,ALREADY_ACTIONED
INT-009122,CMP-009122,JURISDICTION_HANDOFF,PARTIAL,15.28,ALREADY_ACTIONED
INT-009123,CMP-009123,ENDPOINT_WATCH,PARTIAL,27.33,ALREADY_ACTIONED
INT-009124,CMP-009124,ENDPOINT_WATCH,SUCCESS,41.88,FALSE_POSITIVE
INT-009125,CMP-009125,LIEN_MARK,SUCCESS,17.08,ALREADY_ACTIONED
INT-009126,CMP-009126,ACCOUNT_FREEZE,NO_ACTION,4.23,ACTED
INT-009127,CMP-009127,LIEN_MARK,PARTIAL,22.33,ACTED
INT-009128,CMP-009128,NO_ACTION,NO_ACTION,39.45,ACTED
INT-009129,CMP-009129,NO_ACTION,PARTIAL,36.2,ALREADY_ACTIONED
INT-009130,CMP-009130,ACCOUNT_FREEZE,SUCCESS,19.55,ALREADY_ACTIONED
INT-009131,CMP-009131,ACCOUNT_FREEZE,SUCCESS,7.54,ACTED
INT-009132,CMP-009132,NO_ACTION,SUCCESS,17.94,NOT_ACTED
INT-009133,CMP-009133,ENDPOINT_WATCH,NO_ACTION,34.23,OUT_OF_SCOPE
INT-009134,CMP-009134,JURISDICTION_HANDOFF,SUCCESS,17.64,OUT_OF_SCOPE
INT-009135,CMP-009135,ACCOUNT_FREEZE,NO_ACTION,34.12,ACTED
INT-009136,CMP-009136,ACCOUNT_FREEZE,PARTIAL,35.18,ACTED
INT-009137,CMP-009137,ACCOUNT_FREEZE,SUCCESS,7.24,ACTED
INT-009138,CMP-009138,ACCOUNT_FREEZE,SUCCESS,28.54,ACTED
INT-009139,CMP-009139,NO_ACTION,SUCCESS,22.92,ACTED
INT-009140,CMP-009140,LIEN_MARK,NO_ACTION,36.79,ACTED
INT-009141,CMP-009141,NO_ACTION,NO_ACTION,8.42,NOT_ACTED
INT-009142,CMP-009142,JURISDICTION_HANDOFF,PARTIAL,8.28,NOT_ACTED
INT-009143,CMP-009143,LIEN_MARK,NO_ACTION,17.42,ACTED
INT-009144,CMP-009144,ACCOUNT_FREEZE,NO_ACTION,33.36,OUT_OF_SCOPE
INT-009145,CMP-009145,ENDPOINT_WATCH,SUCCESS,29.13,FALSE_POSITIVE
INT-009146,CMP-009146,NO_ACTION,SUCCESS,11.15,FALSE_POSITIVE
INT-009147,CMP-009147,JURISDICTION_HANDOFF,SUCCESS,23.92,FALSE_POSITIVE
INT-009148,CMP-009148,ACCOUNT_FREEZE,NO_ACTION,35.6,ACTED
INT-009149,CMP-009149,JURISDICTION_HANDOFF,SUCCESS,44.22,NOT_ACTED
INT-009150,CMP-009150,ENDPOINT_WATCH,SUCCESS,3.06,ACTED
INT-009151,CMP-009151,ACCOUNT_FREEZE,SUCCESS,20.42,ACTED
INT-009152,CMP-009152,ACCOUNT_FREEZE,PARTIAL,19.86,ACTED
INT-009153,CMP-009153,NO_ACTION,PARTIAL,47.27,ACTED
INT-009154,CMP-009154,LIEN_MARK,PARTIAL,39.64,ACTED
INT-009155,CMP-009155,ENDPOINT_WATCH,SUCCESS,3.18,ACTED
INT-009156,CMP-009156,JURISDICTION_HANDOFF,SUCCESS,8.13,NOT_ACTED
INT-009157,CMP-009157,LIEN_MARK,SUCCESS,11.02,FALSE_POSITIVE
INT-009158,CMP-009158,ACCOUNT_FREEZE,NO_ACTION,28.19,OUT_OF_SCOPE
INT-009159,CMP-009159,ACCOUNT_FREEZE,NO_ACTION,43.84,NOT_ACTED
INT-009160,CMP-009160,ENDPOINT_WATCH,SUCCESS,45.62,ACTED
INT-009161,CMP-009161,ACCOUNT_FREEZE,SUCCESS,31.29,ACTED
INT-009162,CMP-009162,LIEN_MARK,SUCCESS,18.66,OUT_OF_SCOPE
INT-009163,CMP-009163,NO_ACTION,PARTIAL,8.47,ACTED
INT-009164,CMP-009164,LIEN_MARK,PARTIAL,11.75,OUT_OF_SCOPE
INT-009165,CMP-009165,ENDPOINT_WATCH,PARTIAL,14.89,ACTED
INT-009166,CMP-009166,LIEN_MARK,SUCCESS,36.01,ALREADY_ACTIONED
INT-009167,CMP-009167,LIEN_MARK,SUCCESS,23.37,ACTED
INT-009168,CMP-009168,NO_ACTION,SUCCESS,39.45,FALSE_POSITIVE
INT-009169,CMP-009169,ACCOUNT_FREEZE,SUCCESS,39.17,NOT_ACTED
INT-009170,CMP-009170,NO_ACTION,SUCCESS,17.41,ALREADY_ACTIONED
INT-009171,CMP-009171,NO_ACTION,SUCCESS,5.54,ACTED
INT-009172,CMP-009172,ENDPOINT_WATCH,SUCCESS,43.54,ALREADY_ACTIONED
INT-009173,CMP-009173,ACCOUNT_FREEZE,PARTIAL,42.76,ACTED
INT-009174,CMP-009174,ACCOUNT_FREEZE,SUCCESS,36.49,OUT_OF_SCOPE
INT-009175,CMP-009175,NO_ACTION,SUCCESS,22.31,ACTED
INT-009176,CMP-009176,JURISDICTION_HANDOFF,SUCCESS,35.12,NOT_ACTED
INT-009177,CMP-009177,ACCOUNT_FREEZE,NO_ACTION,37.47,ACTED
INT-009178,CMP-009178,ACCOUNT_FREEZE,PARTIAL,13.5,ACTED
INT-009179,CMP-009179,JURISDICTION_HANDOFF,SUCCESS,26.91,ACTED
INT-009180,CMP-009180,NO_ACTION,NO_ACTION,39.12,ACTED
INT-009181,CMP-009181,NO_ACTION,NO_ACTION,19.2,ACTED
INT-009182,CMP-009182,ENDPOINT_WATCH,SUCCESS,32.83,ALREADY_ACTIONED
INT-009183,CMP-009183,ENDPOINT_WATCH,NO_ACTION,43.82,ACTED
INT-009184,CMP-009184,LIEN_MARK,SUCCESS,42.83,ACTED
INT-009185,CMP-009185,LIEN_MARK,SUCCESS,13.28,OUT_OF_SCOPE
INT-009186,CMP-009186,ENDPOINT_WATCH,PARTIAL,28.39,NOT_ACTED
INT-009187,CMP-009187,ACCOUNT_FREEZE,PARTIAL,15.37,NOT_ACTED
INT-009188,CMP-009188,LIEN_MARK,SUCCESS,29.36,OUT_OF_SCOPE
INT-009189,CMP-009189,NO_ACTION,PARTIAL,38.72,ACTED
INT-009190,CMP-009190,JURISDICTION_HANDOFF,PARTIAL,44.06,ALREADY_ACTIONED
INT-009191,CMP-009191,NO_ACTION,SUCCESS,35.25,ACTED
INT-009192,CMP-009192,NO_ACTION,SUCCESS,39.31,ACTED
INT-009193,CMP-009193,ACCOUNT_FREEZE,SUCCESS,34.61,ACTED
INT-009194,CMP-009194,NO_ACTION,NO_ACTION,19.6,ALREADY_ACTIONED
INT-009195,CMP-009195,ENDPOINT_WATCH,NO_ACTION,19.61,NOT_ACTED
INT-009196,CMP-009196,ENDPOINT_WATCH,PARTIAL,14.47,ALREADY_ACTIONED
INT-009197,CMP-009197,NO_ACTION,PARTIAL,37.27,OUT_OF_SCOPE
INT-009198,CMP-009198,LIEN_MARK,NO_ACTION,20.09,ALREADY_ACTIONED
INT-009199,CMP-009199,ACCOUNT_FREEZE,SUCCESS,45.47,ACTED
INT-009200,CMP-009200,NO_ACTION,PARTIAL,21.12,FALSE_POSITIVE
INT-009201,CMP-009201,NO_ACTION,SUCCESS,25.43,ACTED
INT-009202,CMP-009202,JURISDICTION_HANDOFF,SUCCESS,45.21,NOT_ACTED
INT-009203,CMP-009203,ACCOUNT_FREEZE,NO_ACTION,37.7,ACTED
INT-009204,CMP-009204,LIEN_MARK,SUCCESS,24.46,ACTED
INT-009205,CMP-009205,ACCOUNT_FREEZE,PARTIAL,6.65,ACTED
INT-009206,CMP-009206,ENDPOINT_WATCH,SUCCESS,39.06,ALREADY_ACTIONED
INT-009207,CMP-009207,LIEN_MARK,SUCCESS,46.51,ALREADY_ACTIONED
INT-009208,CMP-009208,LIEN_MARK,SUCCESS,40.03,OUT_OF_SCOPE
INT-009209,CMP-009209,JURISDICTION_HANDOFF,SUCCESS,28.58,ACTED
INT-009210,CMP-009210,ACCOUNT_FREEZE,NO_ACTION,44.66,ACTED
INT-009211,CMP-009211,LIEN_MARK,SUCCESS,11.39,NOT_ACTED
INT-009212,CMP-009212,LIEN_MARK,NO_ACTION,45.52,ACTED
INT-009213,CMP-009213,JURISDICTION_HANDOFF,PARTIAL,8.58,OUT_OF_SCOPE
INT-009214,CMP-009214,ENDPOINT_WATCH,SUCCESS,32.15,FALSE_POSITIVE
INT-009215,CMP-009215,ENDPOINT_WATCH,SUCCESS,5.16,ALREADY_ACTIONED
INT-009216,CMP-009216,ENDPOINT_WATCH,NO_ACTION,27.87,ACTED
INT-009217,CMP-009217,NO_ACTION,NO_ACTION,38.48,NOT_ACTED
INT-009218,CMP-009218,JURISDICTION_HANDOFF,PARTIAL,36.22,ALREADY_ACTIONED
INT-009219,CMP-009219,ACCOUNT_FREEZE,PARTIAL,12.86,ALREADY_ACTIONED
INT-009220,CMP-009220,ACCOUNT_FREEZE,PARTIAL,28.21,ACTED
INT-009221,CMP-009221,LIEN_MARK,PARTIAL,47.65,NOT_ACTED
INT-009222,CMP-009222,LIEN_MARK,SUCCESS,45.24,NOT_ACTED
INT-009223,CMP-009223,LIEN_MARK,SUCCESS,15.1,ACTED
INT-009224,CMP-009224,LIEN_MARK,PARTIAL,36.43,NOT_ACTED
INT-009225,CMP-009225,JURISDICTION_HANDOFF,SUCCESS,38.87,ALREADY_ACTIONED
INT-009226,CMP-009226,LIEN_MARK,SUCCESS,17.17,FALSE_POSITIVE
INT-009227,CMP-009227,ENDPOINT_WATCH,PARTIAL,47.25,ACTED
INT-009228,CMP-009228,ACCOUNT_FREEZE,PARTIAL,21.98,ALREADY_ACTIONED
INT-009229,CMP-009229,LIEN_MARK,SUCCESS,28.78,ALREADY_ACTIONED
INT-009230,CMP-009230,JURISDICTION_HANDOFF,SUCCESS,13.1,NOT_ACTED
INT-009231,CMP-009231,NO_ACTION,SUCCESS,45.33,ACTED
INT-009232,CMP-009232,ACCOUNT_FREEZE,NO_ACTION,3.48,ALREADY_ACTIONED
INT-009233,CMP-009233,ACCOUNT_FREEZE,SUCCESS,32.84,ACTED
INT-009234,CMP-009234,JURISDICTION_HANDOFF,SUCCESS,19.1,ALREADY_ACTIONED
INT-009235,CMP-009235,NO_ACTION,SUCCESS,16.14,NOT_ACTED
INT-009236,CMP-009236,NO_ACTION,SUCCESS,4.37,ACTED
INT-009237,CMP-009237,LIEN_MARK,NO_ACTION,34.02,ACTED
INT-009238,CMP-009238,LIEN_MARK,NO_ACTION,33.78,ACTED
INT-009239,CMP-009239,ACCOUNT_FREEZE,SUCCESS,24.82,NOT_ACTED
INT-009240,CMP-009240,JURISDICTION_HANDOFF,SUCCESS,47.76,NOT_ACTED
INT-009241,CMP-009241,ACCOUNT_FREEZE,SUCCESS,15.94,ACTED
INT-009242,CMP-009242,NO_ACTION,SUCCESS,25.46,ACTED
INT-009243,CMP-009243,ACCOUNT_FREEZE,SUCCESS,21.75,ACTED
INT-009244,CMP-009244,LIEN_MARK,SUCCESS,16.31,NOT_ACTED
INT-009245,CMP-009245,NO_ACTION,PARTIAL,37.4,NOT_ACTED
INT-009246,CMP-009246,JURISDICTION_HANDOFF,SUCCESS,40.69,ACTED
INT-009247,CMP-009247,JURISDICTION_HANDOFF,SUCCESS,6.96,OUT_OF_SCOPE
INT-009248,CMP-009248,NO_ACTION,SUCCESS,16.76,ALREADY_ACTIONED
INT-009249,CMP-009249,NO_ACTION,SUCCESS,14.65,NOT_ACTED
INT-009250,CMP-009250,NO_ACTION,SUCCESS,7.44,NOT_ACTED
INT-009251,CMP-009251,LIEN_MARK,PARTIAL,40.35,ACTED
INT-009252,CMP-009252,JURISDICTION_HANDOFF,SUCCESS,14.4,FALSE_POSITIVE
INT-009253,CMP-009253,LIEN_MARK,SUCCESS,43.67,ACTED
INT-009254,CMP-009254,ACCOUNT_FREEZE,SUCCESS,47.5,ACTED
INT-009255,CMP-009255,LIEN_MARK,SUCCESS,42.91,ACTED
INT-009256,CMP-009256,ACCOUNT_FREEZE,SUCCESS,36.07,ACTED
INT-009257,CMP-009257,LIEN_MARK,NO_ACTION,25.44,NOT_ACTED
INT-009258,CMP-009258,LIEN_MARK,NO_ACTION,14.5,ACTED
INT-009259,CMP-009259,LIEN_MARK,NO_ACTION,16.55,ACTED
INT-009260,CMP-009260,LIEN_MARK,SUCCESS,7.83,ACTED
INT-009261,CMP-009261,ENDPOINT_WATCH,SUCCESS,10.77,ACTED
INT-009262,CMP-009262,NO_ACTION,PARTIAL,6.85,ACTED
INT-009263,CMP-009263,JURISDICTION_HANDOFF,SUCCESS,36.36,ACTED
INT-009264,CMP-009264,JURISDICTION_HANDOFF,SUCCESS,42.43,ACTED
INT-009265,CMP-009265,NO_ACTION,NO_ACTION,26.82,OUT_OF_SCOPE
INT-009266,CMP-009266,ACCOUNT_FREEZE,PARTIAL,43.89,NOT_ACTED
INT-009267,CMP-009267,NO_ACTION,NO_ACTION,8.65,ALREADY_ACTIONED
INT-009268,CMP-009268,LIEN_MARK,PARTIAL,36.5,ACTED
INT-009269,CMP-009269,JURISDICTION_HANDOFF,SUCCESS,13.91,ACTED
INT-009270,CMP-009270,NO_ACTION,NO_ACTION,40.05,ALREADY_ACTIONED
INT-009271,CMP-009271,JURISDICTION_HANDOFF,SUCCESS,21.76,ACTED
INT-009272,CMP-009272,ENDPOINT_WATCH,SUCCESS,41.75,ACTED
INT-009273,CMP-009273,LIEN_MARK,SUCCESS,27.06,ACTED
INT-009274,CMP-009274,ENDPOINT_WATCH,PARTIAL,43.28,ACTED
INT-009275,CMP-009275,JURISDICTION_HANDOFF,SUCCESS,34.23,ALREADY_ACTIONED
INT-009276,CMP-009276,ACCOUNT_FREEZE,PARTIAL,23.38,NOT_ACTED
INT-009277,CMP-009277,ACCOUNT_FREEZE,SUCCESS,19.96,ACTED
INT-009278,CMP-009278,JURISDICTION_HANDOFF,SUCCESS,41.02,NOT_ACTED
INT-009279,CMP-009279,ENDPOINT_WATCH,SUCCESS,33.8,ACTED
INT-009280,CMP-009280,ENDPOINT_WATCH,SUCCESS,25.94,ACTED
INT-009281,CMP-009281,ACCOUNT_FREEZE,NO_ACTION,41.86,OUT_OF_SCOPE
INT-009282,CMP-009282,LIEN_MARK,PARTIAL,7.68,ALREADY_ACTIONED
INT-009283,CMP-009283,NO_ACTION,SUCCESS,14.1,ACTED
INT-009284,CMP-009284,ACCOUNT_FREEZE,PARTIAL,47.06,ALREADY_ACTIONED
INT-009285,CMP-009285,ENDPOINT_WATCH,PARTIAL,10.47,ACTED
INT-009286,CMP-009286,LIEN_MARK,SUCCESS,20.83,ALREADY_ACTIONED
INT-009287,CMP-009287,LIEN_MARK,NO_ACTION,31.23,ACTED
INT-009288,CMP-009288,NO_ACTION,SUCCESS,37.54,OUT_OF_SCOPE
INT-009289,CMP-009289,ENDPOINT_WATCH,SUCCESS,33.68,ACTED
INT-009290,CMP-009290,ENDPOINT_WATCH,SUCCESS,46.19,ACTED
INT-009291,CMP-009291,ENDPOINT_WATCH,NO_ACTION,47.63,ALREADY_ACTIONED
INT-009292,CMP-009292,ACCOUNT_FREEZE,SUCCESS,44.86,OUT_OF_SCOPE
INT-009293,CMP-009293,ACCOUNT_FREEZE,SUCCESS,14.8,FALSE_POSITIVE
INT-009294,CMP-009294,ACCOUNT_FREEZE,NO_ACTION,14.41,ACTED
INT-009295,CMP-009295,ACCOUNT_FREEZE,SUCCESS,22.53,ALREADY_ACTIONED
INT-009296,CMP-009296,ACCOUNT_FREEZE,SUCCESS,24.73,ACTED
INT-009297,CMP-009297,ACCOUNT_FREEZE,PARTIAL,21.63,ALREADY_ACTIONED
INT-009298,CMP-009298,JURISDICTION_HANDOFF,SUCCESS,42.64,FALSE_POSITIVE
INT-009299,CMP-009299,ACCOUNT_FREEZE,SUCCESS,20.89,FALSE_POSITIVE
INT-009300,CMP-009300,LIEN_MARK,SUCCESS,9.31,ALREADY_ACTIONED
INT-009301,CMP-009301,LIEN_MARK,SUCCESS,20.44,ACTED
INT-009302,CMP-009302,JURISDICTION_HANDOFF,SUCCESS,8.14,ACTED
INT-009303,CMP-009303,JURISDICTION_HANDOFF,SUCCESS,25.88,ACTED
INT-009304,CMP-009304,NO_ACTION,SUCCESS,14.21,NOT_ACTED
INT-009305,CMP-009305,ENDPOINT_WATCH,SUCCESS,39.64,ALREADY_ACTIONED
INT-009306,CMP-009306,ENDPOINT_WATCH,PARTIAL,43.71,ACTED
INT-009307,CMP-009307,JURISDICTION_HANDOFF,SUCCESS,17.51,ACTED
INT-009308,CMP-009308,ENDPOINT_WATCH,SUCCESS,27.96,OUT_OF_SCOPE
INT-009309,CMP-009309,JURISDICTION_HANDOFF,SUCCESS,4.71,FALSE_POSITIVE
INT-009310,CMP-009310,LIEN_MARK,SUCCESS,7.91,ALREADY_ACTIONED
INT-009311,CMP-009311,ACCOUNT_FREEZE,PARTIAL,42.52,ALREADY_ACTIONED
INT-009312,CMP-009312,JURISDICTION_HANDOFF,NO_ACTION,15.35,ACTED
INT-009313,CMP-009313,NO_ACTION,PARTIAL,35.99,ACTED
INT-009314,CMP-009314,JURISDICTION_HANDOFF,SUCCESS,4.82,NOT_ACTED
INT-009315,CMP-009315,JURISDICTION_HANDOFF,SUCCESS,16.37,NOT_ACTED
INT-009316,CMP-009316,ENDPOINT_WATCH,SUCCESS,40.71,ALREADY_ACTIONED
INT-009317,CMP-009317,LIEN_MARK,SUCCESS,5.09,ACTED
INT-009318,CMP-009318,LIEN_MARK,PARTIAL,7.39,ACTED
INT-009319,CMP-009319,LIEN_MARK,SUCCESS,19.79,ACTED
INT-009320,CMP-009320,LIEN_MARK,SUCCESS,37.81,ACTED
INT-009321,CMP-009321,JURISDICTION_HANDOFF,SUCCESS,11.69,OUT_OF_SCOPE
INT-009322,CMP-009322,NO_ACTION,SUCCESS,43.07,NOT_ACTED
INT-009323,CMP-009323,ACCOUNT_FREEZE,PARTIAL,35.3,ACTED
INT-009324,CMP-009324,ACCOUNT_FREEZE,PARTIAL,44.75,ACTED
INT-009325,CMP-009325,ACCOUNT_FREEZE,SUCCESS,25.5,NOT_ACTED
INT-009326,CMP-009326,ENDPOINT_WATCH,SUCCESS,44.8,OUT_OF_SCOPE
INT-009327,CMP-009327,ACCOUNT_FREEZE,NO_ACTION,3.7,NOT_ACTED
INT-009328,CMP-009328,JURISDICTION_HANDOFF,NO_ACTION,11.92,ACTED
INT-009329,CMP-009329,NO_ACTION,NO_ACTION,34.4,ACTED
INT-009330,CMP-009330,LIEN_MARK,SUCCESS,47.72,ACTED
INT-009331,CMP-009331,NO_ACTION,PARTIAL,41.55,OUT_OF_SCOPE
INT-009332,CMP-009332,ACCOUNT_FREEZE,PARTIAL,16.53,OUT_OF_SCOPE
INT-009333,CMP-009333,NO_ACTION,PARTIAL,29.41,ALREADY_ACTIONED
INT-009334,CMP-009334,JURISDICTION_HANDOFF,NO_ACTION,20.15,ALREADY_ACTIONED
INT-009335,CMP-009335,JURISDICTION_HANDOFF,SUCCESS,42.86,OUT_OF_SCOPE
INT-009336,CMP-009336,LIEN_MARK,SUCCESS,27.93,ALREADY_ACTIONED
INT-009337,CMP-009337,ACCOUNT_FREEZE,SUCCESS,23.06,ACTED
INT-009338,CMP-009338,LIEN_MARK,SUCCESS,15.57,ALREADY_ACTIONED
INT-009339,CMP-009339,JURISDICTION_HANDOFF,SUCCESS,37.05,FALSE_POSITIVE
INT-009340,CMP-009340,ENDPOINT_WATCH,SUCCESS,6.69,NOT_ACTED
INT-009341,CMP-009341,NO_ACTION,SUCCESS,21.03,ACTED
INT-009342,CMP-009342,ENDPOINT_WATCH,PARTIAL,6.54,FALSE_POSITIVE
INT-009343,CMP-009343,LIEN_MARK,PARTIAL,32.77,ACTED
INT-009344,CMP-009344,ENDPOINT_WATCH,PARTIAL,30.78,NOT_ACTED
INT-009345,CMP-009345,JURISDICTION_HANDOFF,NO_ACTION,45.15,FALSE_POSITIVE
INT-009346,CMP-009346,JURISDICTION_HANDOFF,SUCCESS,4.81,ACTED
INT-009347,CMP-009347,NO_ACTION,NO_ACTION,5.13,ACTED
INT-009348,CMP-009348,JURISDICTION_HANDOFF,SUCCESS,9.54,ACTED
INT-009349,CMP-009349,NO_ACTION,SUCCESS,7.75,ALREADY_ACTIONED
INT-009350,CMP-009350,JURISDICTION_HANDOFF,PARTIAL,4.65,NOT_ACTED
INT-009351,CMP-009351,ACCOUNT_FREEZE,SUCCESS,23.41,ALREADY_ACTIONED
INT-009352,CMP-009352,JURISDICTION_HANDOFF,NO_ACTION,43.65,FALSE_POSITIVE
INT-009353,CMP-009353,NO_ACTION,SUCCESS,36.08,ACTED
INT-009354,CMP-009354,JURISDICTION_HANDOFF,NO_ACTION,46.91,ACTED
INT-009355,CMP-009355,JURISDICTION_HANDOFF,NO_ACTION,9.07,ACTED
INT-009356,CMP-009356,LIEN_MARK,PARTIAL,18.99,ACTED
INT-009357,CMP-009357,ENDPOINT_WATCH,SUCCESS,32.94,OUT_OF_SCOPE
INT-009358,CMP-009358,ENDPOINT_WATCH,NO_ACTION,35.51,NOT_ACTED
INT-009359,CMP-009359,NO_ACTION,SUCCESS,20.51,ACTED
INT-009360,CMP-009360,NO_ACTION,PARTIAL,13.2,ALREADY_ACTIONED
INT-009361,CMP-009361,NO_ACTION,NO_ACTION,19.91,NOT_ACTED
INT-009362,CMP-009362,JURISDICTION_HANDOFF,NO_ACTION,40.23,ACTED
INT-009363,CMP-009363,ACCOUNT_FREEZE,NO_ACTION,45.57,ALREADY_ACTIONED
INT-009364,CMP-009364,LIEN_MARK,SUCCESS,26.24,ACTED
INT-009365,CMP-009365,JURISDICTION_HANDOFF,SUCCESS,47.14,ACTED
INT-009366,CMP-009366,ACCOUNT_FREEZE,NO_ACTION,38.73,NOT_ACTED
INT-009367,CMP-009367,JURISDICTION_HANDOFF,NO_ACTION,6.22,ACTED
INT-009368,CMP-009368,ENDPOINT_WATCH,SUCCESS,32.14,ALREADY_ACTIONED
INT-009369,CMP-009369,LIEN_MARK,NO_ACTION,27.3,ACTED
INT-009370,CMP-009370,LIEN_MARK,SUCCESS,30.19,OUT_OF_SCOPE
INT-009371,CMP-009371,JURISDICTION_HANDOFF,PARTIAL,9.6,FALSE_POSITIVE
INT-009372,CMP-009372,ACCOUNT_FREEZE,NO_ACTION,8.11,FALSE_POSITIVE
INT-009373,CMP-009373,NO_ACTION,NO_ACTION,28.71,ACTED
INT-009374,CMP-009374,JURISDICTION_HANDOFF,SUCCESS,30.04,ALREADY_ACTIONED
INT-009375,CMP-009375,ACCOUNT_FREEZE,NO_ACTION,11.68,ALREADY_ACTIONED
INT-009376,CMP-009376,ACCOUNT_FREEZE,PARTIAL,41.67,NOT_ACTED
INT-009377,CMP-009377,ACCOUNT_FREEZE,SUCCESS,30.51,ALREADY_ACTIONED
INT-009378,CMP-009378,JURISDICTION_HANDOFF,NO_ACTION,17.68,ACTED
INT-009379,CMP-009379,NO_ACTION,SUCCESS,7.56,ACTED
INT-009380,CMP-009380,NO_ACTION,SUCCESS,6.03,ACTED
INT-009381,CMP-009381,ACCOUNT_FREEZE,SUCCESS,23.35,ACTED
INT-009382,CMP-009382,ACCOUNT_FREEZE,SUCCESS,32.96,ALREADY_ACTIONED
INT-009383,CMP-009383,ACCOUNT_FREEZE,SUCCESS,25.88,ALREADY_ACTIONED
INT-009384,CMP-009384,NO_ACTION,SUCCESS,3.1,NOT_ACTED
INT-009385,CMP-009385,JURISDICTION_HANDOFF,NO_ACTION,38.52,ACTED
INT-009386,CMP-009386,NO_ACTION,NO_ACTION,15.24,ACTED
INT-009387,CMP-009387,ENDPOINT_WATCH,SUCCESS,28.2,ACTED
INT-009388,CMP-009388,ACCOUNT_FREEZE,PARTIAL,43.12,OUT_OF_SCOPE
INT-009389,CMP-009389,NO_ACTION,SUCCESS,33.04,ALREADY_ACTIONED
INT-009390,CMP-009390,JURISDICTION_HANDOFF,NO_ACTION,13.62,NOT_ACTED
INT-009391,CMP-009391,LIEN_MARK,SUCCESS,3.71,NOT_ACTED
INT-009392,CMP-009392,NO_ACTION,SUCCESS,32.46,NOT_ACTED
INT-009393,CMP-009393,ACCOUNT_FREEZE,SUCCESS,32.53,ACTED
INT-009394,CMP-009394,JURISDICTION_HANDOFF,PARTIAL,37.88,NOT_ACTED
INT-009395,CMP-009395,JURISDICTION_HANDOFF,PARTIAL,29.25,ACTED
INT-009396,CMP-009396,ACCOUNT_FREEZE,NO_ACTION,23.21,OUT_OF_SCOPE
INT-009397,CMP-009397,LIEN_MARK,PARTIAL,39.68,FALSE_POSITIVE
INT-009398,CMP-009398,JURISDICTION_HANDOFF,PARTIAL,39.15,ALREADY_ACTIONED
INT-009399,CMP-009399,JURISDICTION_HANDOFF,SUCCESS,9.42,NOT_ACTED
INT-009400,CMP-009400,LIEN_MARK,NO_ACTION,44.44,ACTED
INT-009401,CMP-009401,ACCOUNT_FREEZE,SUCCESS,37.24,NOT_ACTED
INT-009402,CMP-009402,ACCOUNT_FREEZE,SUCCESS,26.67,ALREADY_ACTIONED
INT-009403,CMP-009403,LIEN_MARK,SUCCESS,19.03,ALREADY_ACTIONED
INT-009404,CMP-009404,ENDPOINT_WATCH,SUCCESS,9.57,ACTED
INT-009405,CMP-009405,NO_ACTION,SUCCESS,41.52,ACTED
INT-009406,CMP-009406,ACCOUNT_FREEZE,PARTIAL,13.23,ACTED
INT-009407,CMP-009407,ENDPOINT_WATCH,NO_ACTION,24.51,ACTED
INT-009408,CMP-009408,LIEN_MARK,NO_ACTION,10.83,ALREADY_ACTIONED
INT-009409,CMP-009409,JURISDICTION_HANDOFF,SUCCESS,7.63,OUT_OF_SCOPE
INT-009410,CMP-009410,ENDPOINT_WATCH,SUCCESS,6.89,FALSE_POSITIVE
INT-009411,CMP-009411,JURISDICTION_HANDOFF,PARTIAL,46.9,ALREADY_ACTIONED
INT-009412,CMP-009412,NO_ACTION,SUCCESS,6.66,ACTED
INT-009413,CMP-009413,JURISDICTION_HANDOFF,SUCCESS,8.79,ACTED
INT-009414,CMP-009414,JURISDICTION_HANDOFF,PARTIAL,12.75,ACTED
INT-009415,CMP-009415,NO_ACTION,SUCCESS,8.72,ACTED
INT-009416,CMP-009416,ACCOUNT_FREEZE,SUCCESS,7.47,ACTED
INT-009417,CMP-009417,LIEN_MARK,SUCCESS,41.48,NOT_ACTED
INT-009418,CMP-009418,NO_ACTION,SUCCESS,9.52,ACTED
INT-009419,CMP-009419,JURISDICTION_HANDOFF,SUCCESS,32.3,OUT_OF_SCOPE
INT-009420,CMP-009420,NO_ACTION,PARTIAL,7.08,ALREADY_ACTIONED
INT-009421,CMP-009421,ACCOUNT_FREEZE,PARTIAL,10.35,OUT_OF_SCOPE
INT-009422,CMP-009422,LIEN_MARK,PARTIAL,35.55,NOT_ACTED
INT-009423,CMP-009423,ENDPOINT_WATCH,SUCCESS,38.92,ACTED
INT-009424,CMP-009424,LIEN_MARK,SUCCESS,19.24,NOT_ACTED
INT-009425,CMP-009425,ENDPOINT_WATCH,SUCCESS,16.61,NOT_ACTED
INT-009426,CMP-009426,ACCOUNT_FREEZE,SUCCESS,8.46,FALSE_POSITIVE
INT-009427,CMP-009427,ENDPOINT_WATCH,SUCCESS,33.2,ACTED
INT-009428,CMP-009428,ENDPOINT_WATCH,NO_ACTION,23.67,ALREADY_ACTIONED
INT-009429,CMP-009429,LIEN_MARK,SUCCESS,20.93,NOT_ACTED
INT-009430,CMP-009430,ENDPOINT_WATCH,PARTIAL,46.7,NOT_ACTED
INT-009431,CMP-009431,LIEN_MARK,NO_ACTION,21.67,ACTED
INT-009432,CMP-009432,NO_ACTION,NO_ACTION,7.25,ACTED
INT-009433,CMP-009433,JURISDICTION_HANDOFF,NO_ACTION,22.05,FALSE_POSITIVE
INT-009434,CMP-009434,ENDPOINT_WATCH,SUCCESS,26.88,ACTED
INT-009435,CMP-009435,LIEN_MARK,SUCCESS,16.58,ALREADY_ACTIONED
INT-009436,CMP-009436,NO_ACTION,NO_ACTION,41.98,NOT_ACTED
INT-009437,CMP-009437,ENDPOINT_WATCH,SUCCESS,35.3,NOT_ACTED
INT-009438,CMP-009438,JURISDICTION_HANDOFF,SUCCESS,26.86,ALREADY_ACTIONED
INT-009439,CMP-009439,ENDPOINT_WATCH,SUCCESS,29.05,FALSE_POSITIVE
INT-009440,CMP-009440,NO_ACTION,PARTIAL,47.16,ALREADY_ACTIONED
INT-009441,CMP-009441,JURISDICTION_HANDOFF,SUCCESS,47.97,ALREADY_ACTIONED
INT-009442,CMP-009442,ENDPOINT_WATCH,PARTIAL,29.58,OUT_OF_SCOPE
INT-009443,CMP-009443,NO_ACTION,SUCCESS,25.37,ACTED
INT-009444,CMP-009444,LIEN_MARK,SUCCESS,28.86,FALSE_POSITIVE
INT-009445,CMP-009445,JURISDICTION_HANDOFF,SUCCESS,23.27,NOT_ACTED
INT-009446,CMP-009446,ACCOUNT_FREEZE,SUCCESS,24.71,NOT_ACTED
INT-009447,CMP-009447,ACCOUNT_FREEZE,PARTIAL,28.84,OUT_OF_SCOPE
INT-009448,CMP-009448,ENDPOINT_WATCH,NO_ACTION,20.46,ALREADY_ACTIONED
INT-009449,CMP-009449,LIEN_MARK,PARTIAL,39.04,NOT_ACTED
INT-009450,CMP-009450,NO_ACTION,NO_ACTION,28.87,NOT_ACTED
INT-009451,CMP-009451,ENDPOINT_WATCH,NO_ACTION,39.51,ALREADY_ACTIONED
INT-009452,CMP-009452,ENDPOINT_WATCH,SUCCESS,39.53,ALREADY_ACTIONED
INT-009453,CMP-009453,LIEN_MARK,PARTIAL,20.55,NOT_ACTED
INT-009454,CMP-009454,NO_ACTION,SUCCESS,45.9,NOT_ACTED
INT-009455,CMP-009455,JURISDICTION_HANDOFF,SUCCESS,41.25,ALREADY_ACTIONED
INT-009456,CMP-009456,NO_ACTION,PARTIAL,34.73,NOT_ACTED
INT-009457,CMP-009457,JURISDICTION_HANDOFF,SUCCESS,30.9,OUT_OF_SCOPE
INT-009458,CMP-009458,NO_ACTION,PARTIAL,18.8,OUT_OF_SCOPE
INT-009459,CMP-009459,LIEN_MARK,PARTIAL,32.06,FALSE_POSITIVE
INT-009460,CMP-009460,ENDPOINT_WATCH,PARTIAL,3.63,ACTED
INT-009461,CMP-009461,JURISDICTION_HANDOFF,SUCCESS,6.33,NOT_ACTED
INT-009462,CMP-009462,ENDPOINT_WATCH,PARTIAL,47.46,FALSE_POSITIVE
INT-009463,CMP-009463,ACCOUNT_FREEZE,PARTIAL,47.33,ALREADY_ACTIONED
INT-009464,CMP-009464,LIEN_MARK,SUCCESS,28.39,ACTED
INT-009465,CMP-009465,ACCOUNT_FREEZE,NO_ACTION,25.29,NOT_ACTED
INT-009466,CMP-009466,ACCOUNT_FREEZE,NO_ACTION,15.75,ALREADY_ACTIONED
INT-009467,CMP-009467,LIEN_MARK,SUCCESS,7.64,FALSE_POSITIVE
INT-009468,CMP-009468,NO_ACTION,NO_ACTION,33.95,NOT_ACTED
INT-009469,CMP-009469,JURISDICTION_HANDOFF,SUCCESS,45.98,NOT_ACTED
INT-009470,CMP-009470,ENDPOINT_WATCH,NO_ACTION,45.71,OUT_OF_SCOPE
INT-009471,CMP-009471,ACCOUNT_FREEZE,NO_ACTION,37.54,NOT_ACTED
INT-009472,CMP-009472,ACCOUNT_FREEZE,SUCCESS,26.79,ALREADY_ACTIONED
INT-009473,CMP-009473,LIEN_MARK,NO_ACTION,33.71,ACTED
INT-009474,CMP-009474,LIEN_MARK,NO_ACTION,12.57,ALREADY_ACTIONED
INT-009475,CMP-009475,LIEN_MARK,NO_ACTION,29.66,ALREADY_ACTIONED
INT-009476,CMP-009476,LIEN_MARK,PARTIAL,32.3,ALREADY_ACTIONED
INT-009477,CMP-009477,ACCOUNT_FREEZE,SUCCESS,31.33,OUT_OF_SCOPE
INT-009478,CMP-009478,JURISDICTION_HANDOFF,PARTIAL,26.38,ACTED
INT-009479,CMP-009479,NO_ACTION,NO_ACTION,42.44,ALREADY_ACTIONED
INT-009480,CMP-009480,ACCOUNT_FREEZE,SUCCESS,23.02,ACTED
INT-009481,CMP-009481,ENDPOINT_WATCH,SUCCESS,7.45,ACTED
INT-009482,CMP-009482,ENDPOINT_WATCH,NO_ACTION,18.38,ACTED
INT-009483,CMP-009483,ACCOUNT_FREEZE,SUCCESS,37.77,ALREADY_ACTIONED
INT-009484,CMP-009484,NO_ACTION,NO_ACTION,21.8,OUT_OF_SCOPE
INT-009485,CMP-009485,LIEN_MARK,SUCCESS,35.79,ACTED
INT-009486,CMP-009486,ENDPOINT_WATCH,PARTIAL,19.35,FALSE_POSITIVE
INT-009487,CMP-009487,JURISDICTION_HANDOFF,PARTIAL,16.61,ACTED
INT-009488,CMP-009488,ACCOUNT_FREEZE,SUCCESS,29.21,OUT_OF_SCOPE
INT-009489,CMP-009489,LIEN_MARK,NO_ACTION,34.09,NOT_ACTED
INT-009490,CMP-009490,ACCOUNT_FREEZE,NO_ACTION,36.13,ACTED
INT-009491,CMP-009491,ENDPOINT_WATCH,PARTIAL,11.04,ACTED
INT-009492,CMP-009492,ACCOUNT_FREEZE,SUCCESS,46.84,FALSE_POSITIVE
INT-009493,CMP-009493,JURISDICTION_HANDOFF,PARTIAL,25.08,NOT_ACTED
INT-009494,CMP-009494,ACCOUNT_FREEZE,SUCCESS,11.4,ACTED
INT-009495,CMP-009495,ENDPOINT_WATCH,SUCCESS,41.61,ACTED
INT-009496,CMP-009496,LIEN_MARK,PARTIAL,28.29,ACTED
INT-009497,CMP-009497,JURISDICTION_HANDOFF,SUCCESS,43.2,ACTED
INT-009498,CMP-009498,NO_ACTION,NO_ACTION,37.17,ACTED
INT-009499,CMP-009499,ACCOUNT_FREEZE,SUCCESS,16.9,OUT_OF_SCOPE
INT-009500,CMP-009500,ACCOUNT_FREEZE,PARTIAL,37.24,NOT_ACTED
INT-009501,CMP-009501,JURISDICTION_HANDOFF,PARTIAL,30.54,ALREADY_ACTIONED
INT-009502,CMP-009502,JURISDICTION_HANDOFF,SUCCESS,45.72,NOT_ACTED
INT-009503,CMP-009503,JURISDICTION_HANDOFF,NO_ACTION,38.17,ACTED
INT-009504,CMP-009504,ENDPOINT_WATCH,SUCCESS,25.29,NOT_ACTED
INT-009505,CMP-009505,LIEN_MARK,SUCCESS,17.5,ACTED
INT-009506,CMP-009506,NO_ACTION,SUCCESS,14.35,ACTED
INT-009507,CMP-009507,ENDPOINT_WATCH,SUCCESS,7.35,NOT_ACTED
INT-009508,CMP-009508,NO_ACTION,SUCCESS,8.74,OUT_OF_SCOPE
INT-009509,CMP-009509,NO_ACTION,SUCCESS,33.63,ACTED
INT-009510,CMP-009510,ENDPOINT_WATCH,SUCCESS,28.34,FALSE_POSITIVE
INT-009511,CMP-009511,ENDPOINT_WATCH,SUCCESS,26.25,ACTED
INT-009512,CMP-009512,ENDPOINT_WATCH,SUCCESS,20.11,NOT_ACTED
INT-009513,CMP-009513,LIEN_MARK,SUCCESS,47.79,ACTED
INT-009514,CMP-009514,ACCOUNT_FREEZE,SUCCESS,23.48,ACTED
INT-009515,CMP-009515,NO_ACTION,NO_ACTION,39.34,ACTED
INT-009516,CMP-009516,ACCOUNT_FREEZE,NO_ACTION,46.12,NOT_ACTED
INT-009517,CMP-009517,NO_ACTION,SUCCESS,34.37,ACTED
INT-009518,CMP-009518,LIEN_MARK,SUCCESS,6.88,ACTED
INT-009519,CMP-009519,LIEN_MARK,SUCCESS,39.68,ACTED
INT-009520,CMP-009520,NO_ACTION,SUCCESS,11.41,ACTED
INT-009521,CMP-009521,ACCOUNT_FREEZE,PARTIAL,20.24,FALSE_POSITIVE
INT-009522,CMP-009522,JURISDICTION_HANDOFF,PARTIAL,33.54,ACTED
INT-009523,CMP-009523,LIEN_MARK,SUCCESS,32.64,OUT_OF_SCOPE
INT-009524,CMP-009524,JURISDICTION_HANDOFF,SUCCESS,31.95,FALSE_POSITIVE
INT-009525,CMP-009525,JURISDICTION_HANDOFF,SUCCESS,34.64,ACTED
INT-009526,CMP-009526,JURISDICTION_HANDOFF,SUCCESS,38.6,ACTED
INT-009527,CMP-009527,ENDPOINT_WATCH,SUCCESS,35.13,NOT_ACTED
INT-009528,CMP-009528,ACCOUNT_FREEZE,SUCCESS,15.15,ACTED
INT-009529,CMP-009529,JURISDICTION_HANDOFF,SUCCESS,43.91,ALREADY_ACTIONED
INT-009530,CMP-009530,NO_ACTION,PARTIAL,4.77,ACTED
INT-009531,CMP-009531,JURISDICTION_HANDOFF,NO_ACTION,8.33,NOT_ACTED
INT-009532,CMP-009532,JURISDICTION_HANDOFF,SUCCESS,31.28,ALREADY_ACTIONED
INT-009533,CMP-009533,ENDPOINT_WATCH,NO_ACTION,23.71,NOT_ACTED
INT-009534,CMP-009534,ENDPOINT_WATCH,SUCCESS,32.95,ACTED
INT-009535,CMP-009535,NO_ACTION,PARTIAL,39.84,ACTED
INT-009536,CMP-009536,NO_ACTION,NO_ACTION,31.22,ALREADY_ACTIONED
INT-009537,CMP-009537,NO_ACTION,SUCCESS,17.97,ACTED
INT-009538,CMP-009538,NO_ACTION,SUCCESS,26.07,OUT_OF_SCOPE
INT-009539,CMP-009539,LIEN_MARK,SUCCESS,32.93,ACTED
INT-009540,CMP-009540,ENDPOINT_WATCH,NO_ACTION,47.12,NOT_ACTED
INT-009541,CMP-009541,JURISDICTION_HANDOFF,SUCCESS,3.32,ALREADY_ACTIONED
INT-009542,CMP-009542,ENDPOINT_WATCH,PARTIAL,41.28,ALREADY_ACTIONED
INT-009543,CMP-009543,NO_ACTION,SUCCESS,19.22,ALREADY_ACTIONED
INT-009544,CMP-009544,ACCOUNT_FREEZE,PARTIAL,43.77,ACTED
INT-009545,CMP-009545,NO_ACTION,SUCCESS,13.38,NOT_ACTED
INT-009546,CMP-009546,ACCOUNT_FREEZE,SUCCESS,45.9,FALSE_POSITIVE
INT-009547,CMP-009547,ENDPOINT_WATCH,SUCCESS,27.18,ALREADY_ACTIONED
INT-009548,CMP-009548,ENDPOINT_WATCH,SUCCESS,42.67,NOT_ACTED
INT-009549,CMP-009549,ENDPOINT_WATCH,SUCCESS,42.01,ACTED
INT-009550,CMP-009550,LIEN_MARK,NO_ACTION,23.43,ACTED
INT-009551,CMP-009551,ACCOUNT_FREEZE,SUCCESS,46.72,NOT_ACTED
INT-009552,CMP-009552,JURISDICTION_HANDOFF,SUCCESS,18.59,ALREADY_ACTIONED
INT-009553,CMP-009553,ACCOUNT_FREEZE,PARTIAL,14.2,NOT_ACTED
INT-009554,CMP-009554,JURISDICTION_HANDOFF,PARTIAL,16.53,ACTED
INT-009555,CMP-009555,JURISDICTION_HANDOFF,PARTIAL,25.6,ACTED
INT-009556,CMP-009556,ACCOUNT_FREEZE,NO_ACTION,31.67,NOT_ACTED
INT-009557,CMP-009557,JURISDICTION_HANDOFF,NO_ACTION,5.75,ACTED
INT-009558,CMP-009558,NO_ACTION,SUCCESS,44.85,ACTED
INT-009559,CMP-009559,NO_ACTION,PARTIAL,7.68,NOT_ACTED
INT-009560,CMP-009560,NO_ACTION,SUCCESS,15.83,FALSE_POSITIVE
INT-009561,CMP-009561,ACCOUNT_FREEZE,SUCCESS,26.78,NOT_ACTED
INT-009562,CMP-009562,ACCOUNT_FREEZE,SUCCESS,10.08,ACTED
INT-009563,CMP-009563,ENDPOINT_WATCH,SUCCESS,9.61,NOT_ACTED
INT-009564,CMP-009564,LIEN_MARK,SUCCESS,12.39,ACTED
INT-009565,CMP-009565,ACCOUNT_FREEZE,SUCCESS,47.81,ACTED
INT-009566,CMP-009566,ACCOUNT_FREEZE,SUCCESS,33.45,ACTED
INT-009567,CMP-009567,ACCOUNT_FREEZE,PARTIAL,17.88,ACTED
INT-009568,CMP-009568,ACCOUNT_FREEZE,SUCCESS,31.26,NOT_ACTED
INT-009569,CMP-009569,ACCOUNT_FREEZE,NO_ACTION,21.18,ACTED
INT-009570,CMP-009570,ENDPOINT_WATCH,SUCCESS,30.94,NOT_ACTED
INT-009571,CMP-009571,NO_ACTION,SUCCESS,7.93,ACTED
INT-009572,CMP-009572,JURISDICTION_HANDOFF,SUCCESS,30.06,ACTED
INT-009573,CMP-009573,ACCOUNT_FREEZE,SUCCESS,15.09,NOT_ACTED
INT-009574,CMP-009574,NO_ACTION,NO_ACTION,31.0,NOT_ACTED
INT-009575,CMP-009575,ACCOUNT_FREEZE,SUCCESS,29.58,ACTED
INT-009576,CMP-009576,NO_ACTION,PARTIAL,18.25,NOT_ACTED
INT-009577,CMP-009577,ENDPOINT_WATCH,SUCCESS,33.94,NOT_ACTED
INT-009578,CMP-009578,ENDPOINT_WATCH,SUCCESS,33.02,ACTED
INT-009579,CMP-009579,JURISDICTION_HANDOFF,SUCCESS,41.78,ACTED
INT-009580,CMP-009580,LIEN_MARK,NO_ACTION,43.04,NOT_ACTED
INT-009581,CMP-009581,LIEN_MARK,SUCCESS,4.08,ACTED
INT-009582,CMP-009582,JURISDICTION_HANDOFF,SUCCESS,28.25,ACTED
INT-009583,CMP-009583,ENDPOINT_WATCH,PARTIAL,3.47,ACTED
INT-009584,CMP-009584,ACCOUNT_FREEZE,SUCCESS,36.92,ACTED
INT-009585,CMP-009585,ENDPOINT_WATCH,SUCCESS,42.13,ACTED
INT-009586,CMP-009586,NO_ACTION,PARTIAL,14.29,ACTED
INT-009587,CMP-009587,LIEN_MARK,SUCCESS,6.99,ALREADY_ACTIONED
INT-009588,CMP-009588,NO_ACTION,SUCCESS,15.67,ACTED
INT-009589,CMP-009589,LIEN_MARK,SUCCESS,34.37,NOT_ACTED
INT-009590,CMP-009590,JURISDICTION_HANDOFF,SUCCESS,15.79,ACTED
INT-009591,CMP-009591,JURISDICTION_HANDOFF,PARTIAL,36.17,ACTED
INT-009592,CMP-009592,JURISDICTION_HANDOFF,PARTIAL,41.9,ALREADY_ACTIONED
INT-009593,CMP-009593,JURISDICTION_HANDOFF,NO_ACTION,15.36,NOT_ACTED
INT-009594,CMP-009594,LIEN_MARK,SUCCESS,30.66,ALREADY_ACTIONED
INT-009595,CMP-009595,JURISDICTION_HANDOFF,SUCCESS,25.32,NOT_ACTED
INT-009596,CMP-009596,ACCOUNT_FREEZE,PARTIAL,6.92,OUT_OF_SCOPE
INT-009597,CMP-009597,ENDPOINT_WATCH,NO_ACTION,9.28,ACTED
INT-009598,CMP-009598,ENDPOINT_WATCH,SUCCESS,43.1,ACTED
INT-009599,CMP-009599,NO_ACTION,SUCCESS,35.52,NOT_ACTED
INT-009600,CMP-009600,NO_ACTION,PARTIAL,32.58,ALREADY_ACTIONED
INT-009601,CMP-009601,ENDPOINT_WATCH,SUCCESS,47.02,ACTED
INT-009602,CMP-009602,JURISDICTION_HANDOFF,PARTIAL,47.65,NOT_ACTED
INT-009603,CMP-009603,NO_ACTION,SUCCESS,26.29,FALSE_POSITIVE
INT-009604,CMP-009604,ENDPOINT_WATCH,NO_ACTION,21.59,ACTED
INT-009605,CMP-009605,ACCOUNT_FREEZE,NO_ACTION,27.24,OUT_OF_SCOPE
INT-009606,CMP-009606,ACCOUNT_FREEZE,SUCCESS,40.89,FALSE_POSITIVE
INT-009607,CMP-009607,LIEN_MARK,NO_ACTION,41.31,ACTED
INT-009608,CMP-009608,ACCOUNT_FREEZE,NO_ACTION,33.75,ACTED
INT-009609,CMP-009609,LIEN_MARK,NO_ACTION,35.0,ACTED
INT-009610,CMP-009610,LIEN_MARK,SUCCESS,44.32,NOT_ACTED
INT-009611,CMP-009611,LIEN_MARK,SUCCESS,41.8,ALREADY_ACTIONED
INT-009612,CMP-009612,NO_ACTION,SUCCESS,5.83,ALREADY_ACTIONED
INT-009613,CMP-009613,JURISDICTION_HANDOFF,SUCCESS,3.15,ACTED
INT-009614,CMP-009614,ENDPOINT_WATCH,SUCCESS,47.92,ACTED
INT-009615,CMP-009615,NO_ACTION,SUCCESS,17.12,ACTED
INT-009616,CMP-009616,JURISDICTION_HANDOFF,SUCCESS,6.26,ACTED
INT-009617,CMP-009617,ACCOUNT_FREEZE,PARTIAL,14.55,ACTED
INT-009618,CMP-009618,JURISDICTION_HANDOFF,SUCCESS,43.75,ACTED
INT-009619,CMP-009619,NO_ACTION,SUCCESS,19.08,OUT_OF_SCOPE
INT-009620,CMP-009620,NO_ACTION,SUCCESS,14.95,ACTED
INT-009621,CMP-009621,ACCOUNT_FREEZE,SUCCESS,23.77,OUT_OF_SCOPE
INT-009622,CMP-009622,NO_ACTION,SUCCESS,35.06,ACTED
INT-009623,CMP-009623,JURISDICTION_HANDOFF,SUCCESS,14.45,OUT_OF_SCOPE
INT-009624,CMP-009624,NO_ACTION,SUCCESS,27.08,NOT_ACTED
INT-009625,CMP-009625,LIEN_MARK,SUCCESS,4.56,OUT_OF_SCOPE
INT-009626,CMP-009626,ENDPOINT_WATCH,NO_ACTION,40.09,FALSE_POSITIVE
INT-009627,CMP-009627,LIEN_MARK,SUCCESS,16.73,ACTED
INT-009628,CMP-009628,ENDPOINT_WATCH,SUCCESS,12.55,ALREADY_ACTIONED
INT-009629,CMP-009629,ACCOUNT_FREEZE,SUCCESS,6.76,NOT_ACTED
INT-009630,CMP-009630,ENDPOINT_WATCH,PARTIAL,4.6,NOT_ACTED
INT-009631,CMP-009631,LIEN_MARK,SUCCESS,28.29,OUT_OF_SCOPE
INT-009632,CMP-009632,ENDPOINT_WATCH,PARTIAL,41.75,NOT_ACTED
INT-009633,CMP-009633,ENDPOINT_WATCH,SUCCESS,28.25,FALSE_POSITIVE
INT-009634,CMP-009634,NO_ACTION,SUCCESS,38.66,NOT_ACTED
INT-009635,CMP-009635,LIEN_MARK,NO_ACTION,11.3,ACTED
INT-009636,CMP-009636,ENDPOINT_WATCH,SUCCESS,7.11,NOT_ACTED
INT-009637,CMP-009637,JURISDICTION_HANDOFF,SUCCESS,39.21,ACTED
INT-009638,CMP-009638,NO_ACTION,SUCCESS,30.38,ALREADY_ACTIONED
INT-009639,CMP-009639,ENDPOINT_WATCH,SUCCESS,9.88,ACTED
INT-009640,CMP-009640,NO_ACTION,PARTIAL,28.02,OUT_OF_SCOPE
INT-009641,CMP-009641,LIEN_MARK,SUCCESS,8.66,ACTED
INT-009642,CMP-009642,ENDPOINT_WATCH,SUCCESS,20.97,ALREADY_ACTIONED
INT-009643,CMP-009643,NO_ACTION,SUCCESS,26.98,NOT_ACTED
INT-009644,CMP-009644,ACCOUNT_FREEZE,PARTIAL,35.17,ACTED
INT-009645,CMP-009645,NO_ACTION,SUCCESS,35.0,OUT_OF_SCOPE
INT-009646,CMP-009646,JURISDICTION_HANDOFF,SUCCESS,37.72,NOT_ACTED
INT-009647,CMP-009647,ENDPOINT_WATCH,NO_ACTION,24.92,ALREADY_ACTIONED
INT-009648,CMP-009648,JURISDICTION_HANDOFF,SUCCESS,17.52,ALREADY_ACTIONED
INT-009649,CMP-009649,JURISDICTION_HANDOFF,PARTIAL,43.8,NOT_ACTED
INT-009650,CMP-009650,NO_ACTION,SUCCESS,14.95,FALSE_POSITIVE
INT-009651,CMP-009651,NO_ACTION,SUCCESS,37.3,NOT_ACTED
INT-009652,CMP-009652,NO_ACTION,SUCCESS,37.25,ACTED
INT-009653,CMP-009653,LIEN_MARK,SUCCESS,10.56,OUT_OF_SCOPE
INT-009654,CMP-009654,JURISDICTION_HANDOFF,PARTIAL,12.74,ALREADY_ACTIONED
INT-009655,CMP-009655,JURISDICTION_HANDOFF,PARTIAL,40.49,NOT_ACTED
INT-009656,CMP-009656,ACCOUNT_FREEZE,PARTIAL,18.26,ACTED
INT-009657,CMP-009657,NO_ACTION,SUCCESS,11.49,NOT_ACTED
INT-009658,CMP-009658,NO_ACTION,SUCCESS,16.72,OUT_OF_SCOPE
INT-009659,CMP-009659,NO_ACTION,SUCCESS,37.09,NOT_ACTED
INT-009660,CMP-009660,ENDPOINT_WATCH,PARTIAL,22.51,ALREADY_ACTIONED
INT-009661,CMP-009661,JURISDICTION_HANDOFF,PARTIAL,39.03,ALREADY_ACTIONED
INT-009662,CMP-009662,LIEN_MARK,NO_ACTION,11.99,ACTED
INT-009663,CMP-009663,ACCOUNT_FREEZE,PARTIAL,40.07,ALREADY_ACTIONED
INT-009664,CMP-009664,ENDPOINT_WATCH,PARTIAL,5.52,ACTED
INT-009665,CMP-009665,ACCOUNT_FREEZE,PARTIAL,29.22,OUT_OF_SCOPE
INT-009666,CMP-009666,JURISDICTION_HANDOFF,SUCCESS,11.24,NOT_ACTED
INT-009667,CMP-009667,ENDPOINT_WATCH,SUCCESS,35.19,NOT_ACTED
INT-009668,CMP-009668,NO_ACTION,SUCCESS,21.77,NOT_ACTED
INT-009669,CMP-009669,JURISDICTION_HANDOFF,SUCCESS,43.27,ALREADY_ACTIONED
INT-009670,CMP-009670,NO_ACTION,SUCCESS,15.55,ACTED
INT-009671,CMP-009671,ACCOUNT_FREEZE,SUCCESS,34.82,ALREADY_ACTIONED
INT-009672,CMP-009672,LIEN_MARK,PARTIAL,44.36,ACTED
INT-009673,CMP-009673,ENDPOINT_WATCH,SUCCESS,5.55,ACTED
INT-009674,CMP-009674,ACCOUNT_FREEZE,NO_ACTION,22.37,FALSE_POSITIVE
INT-009675,CMP-009675,JURISDICTION_HANDOFF,SUCCESS,18.57,ACTED
INT-009676,CMP-009676,ENDPOINT_WATCH,NO_ACTION,36.66,NOT_ACTED
INT-009677,CMP-009677,NO_ACTION,PARTIAL,42.71,NOT_ACTED
INT-009678,CMP-009678,LIEN_MARK,SUCCESS,4.04,OUT_OF_SCOPE
INT-009679,CMP-009679,NO_ACTION,PARTIAL,30.98,OUT_OF_SCOPE
INT-009680,CMP-009680,ACCOUNT_FREEZE,SUCCESS,41.58,NOT_ACTED
INT-009681,CMP-009681,NO_ACTION,NO_ACTION,17.18,ACTED
INT-009682,CMP-009682,NO_ACTION,SUCCESS,33.12,ACTED
INT-009683,CMP-009683,LIEN_MARK,SUCCESS,14.64,ACTED
INT-009684,CMP-009684,ACCOUNT_FREEZE,SUCCESS,38.43,ACTED
INT-009685,CMP-009685,ENDPOINT_WATCH,PARTIAL,41.14,ALREADY_ACTIONED
INT-009686,CMP-009686,JURISDICTION_HANDOFF,PARTIAL,7.74,ALREADY_ACTIONED
INT-009687,CMP-009687,JURISDICTION_HANDOFF,SUCCESS,45.72,NOT_ACTED
INT-009688,CMP-009688,LIEN_MARK,NO_ACTION,32.42,ACTED
INT-009689,CMP-009689,LIEN_MARK,SUCCESS,37.57,FALSE_POSITIVE
INT-009690,CMP-009690,LIEN_MARK,SUCCESS,27.04,FALSE_POSITIVE
INT-009691,CMP-009691,ENDPOINT_WATCH,SUCCESS,35.01,FALSE_POSITIVE
INT-009692,CMP-009692,LIEN_MARK,SUCCESS,28.21,ACTED
INT-009693,CMP-009693,LIEN_MARK,PARTIAL,25.47,ACTED
INT-009694,CMP-009694,LIEN_MARK,PARTIAL,5.7,NOT_ACTED
INT-009695,CMP-009695,NO_ACTION,PARTIAL,15.36,NOT_ACTED
INT-009696,CMP-009696,ENDPOINT_WATCH,SUCCESS,22.65,OUT_OF_SCOPE
INT-009697,CMP-009697,ENDPOINT_WATCH,SUCCESS,3.65,ALREADY_ACTIONED
INT-009698,CMP-009698,LIEN_MARK,SUCCESS,5.21,FALSE_POSITIVE
INT-009699,CMP-009699,NO_ACTION,NO_ACTION,10.44,ACTED
INT-009700,CMP-009700,JURISDICTION_HANDOFF,NO_ACTION,39.59,ACTED
INT-009701,CMP-009701,LIEN_MARK,PARTIAL,6.43,OUT_OF_SCOPE
INT-009702,CMP-009702,LIEN_MARK,NO_ACTION,18.64,ACTED
INT-009703,CMP-009703,NO_ACTION,NO_ACTION,23.56,OUT_OF_SCOPE
INT-009704,CMP-009704,ACCOUNT_FREEZE,PARTIAL,12.78,ACTED
INT-009705,CMP-009705,JURISDICTION_HANDOFF,PARTIAL,44.44,NOT_ACTED
INT-009706,CMP-009706,ENDPOINT_WATCH,NO_ACTION,28.88,NOT_ACTED
INT-009707,CMP-009707,ACCOUNT_FREEZE,SUCCESS,25.82,ACTED
INT-009708,CMP-009708,ACCOUNT_FREEZE,SUCCESS,29.94,ALREADY_ACTIONED
INT-009709,CMP-009709,ENDPOINT_WATCH,SUCCESS,25.12,NOT_ACTED
INT-009710,CMP-009710,JURISDICTION_HANDOFF,PARTIAL,13.51,FALSE_POSITIVE
INT-009711,CMP-009711,JURISDICTION_HANDOFF,NO_ACTION,11.4,NOT_ACTED
INT-009712,CMP-009712,ACCOUNT_FREEZE,SUCCESS,13.27,FALSE_POSITIVE
INT-009713,CMP-009713,ENDPOINT_WATCH,SUCCESS,21.76,ACTED
INT-009714,CMP-009714,ACCOUNT_FREEZE,SUCCESS,47.17,NOT_ACTED
INT-009715,CMP-009715,LIEN_MARK,SUCCESS,19.62,ACTED
INT-009716,CMP-009716,ACCOUNT_FREEZE,SUCCESS,20.43,ALREADY_ACTIONED
INT-009717,CMP-009717,ENDPOINT_WATCH,SUCCESS,13.43,ACTED
INT-009718,CMP-009718,JURISDICTION_HANDOFF,NO_ACTION,9.27,NOT_ACTED
INT-009719,CMP-009719,ENDPOINT_WATCH,PARTIAL,7.08,OUT_OF_SCOPE
INT-009720,CMP-009720,JURISDICTION_HANDOFF,SUCCESS,41.46,FALSE_POSITIVE
INT-009721,CMP-009721,JURISDICTION_HANDOFF,SUCCESS,35.58,NOT_ACTED
INT-009722,CMP-009722,LIEN_MARK,PARTIAL,6.54,OUT_OF_SCOPE
INT-009723,CMP-009723,NO_ACTION,SUCCESS,16.16,NOT_ACTED
INT-009724,CMP-009724,ENDPOINT_WATCH,SUCCESS,11.12,NOT_ACTED
INT-009725,CMP-009725,ENDPOINT_WATCH,NO_ACTION,19.33,NOT_ACTED
INT-009726,CMP-009726,LIEN_MARK,SUCCESS,25.05,ACTED
INT-009727,CMP-009727,NO_ACTION,SUCCESS,46.28,ALREADY_ACTIONED
INT-009728,CMP-009728,LIEN_MARK,SUCCESS,29.33,ACTED
INT-009729,CMP-009729,LIEN_MARK,NO_ACTION,32.84,ACTED
INT-009730,CMP-009730,JURISDICTION_HANDOFF,PARTIAL,12.82,NOT_ACTED
INT-009731,CMP-009731,ENDPOINT_WATCH,NO_ACTION,46.68,ACTED
INT-009732,CMP-009732,LIEN_MARK,NO_ACTION,11.15,ACTED
INT-009733,CMP-009733,ACCOUNT_FREEZE,PARTIAL,21.78,ALREADY_ACTIONED
INT-009734,CMP-009734,LIEN_MARK,SUCCESS,7.98,ACTED
INT-009735,CMP-009735,ENDPOINT_WATCH,SUCCESS,9.44,ALREADY_ACTIONED
INT-009736,CMP-009736,JURISDICTION_HANDOFF,SUCCESS,16.97,ACTED
INT-009737,CMP-009737,ENDPOINT_WATCH,SUCCESS,32.86,OUT_OF_SCOPE
INT-009738,CMP-009738,LIEN_MARK,SUCCESS,44.22,ACTED
INT-009739,CMP-009739,NO_ACTION,SUCCESS,42.94,ACTED
INT-009740,CMP-009740,ACCOUNT_FREEZE,SUCCESS,5.18,ACTED
INT-009741,CMP-009741,NO_ACTION,PARTIAL,13.38,NOT_ACTED
INT-009742,CMP-009742,NO_ACTION,PARTIAL,12.38,ALREADY_ACTIONED
INT-009743,CMP-009743,JURISDICTION_HANDOFF,SUCCESS,7.08,ACTED
INT-009744,CMP-009744,JURISDICTION_HANDOFF,NO_ACTION,32.48,OUT_OF_SCOPE
INT-009745,CMP-009745,ACCOUNT_FREEZE,SUCCESS,7.74,ACTED
INT-009746,CMP-009746,ACCOUNT_FREEZE,SUCCESS,4.82,ACTED
INT-009747,CMP-009747,ACCOUNT_FREEZE,PARTIAL,20.11,ACTED
INT-009748,CMP-009748,ACCOUNT_FREEZE,SUCCESS,42.89,ACTED
INT-009749,CMP-009749,JURISDICTION_HANDOFF,SUCCESS,31.03,ALREADY_ACTIONED
INT-009750,CMP-009750,ENDPOINT_WATCH,SUCCESS,25.35,NOT_ACTED
INT-009751,CMP-009751,JURISDICTION_HANDOFF,SUCCESS,39.59,FALSE_POSITIVE
INT-009752,CMP-009752,NO_ACTION,NO_ACTION,34.38,ALREADY_ACTIONED
INT-009753,CMP-009753,NO_ACTION,NO_ACTION,35.54,ACTED
INT-009754,CMP-009754,JURISDICTION_HANDOFF,PARTIAL,44.84,OUT_OF_SCOPE
INT-009755,CMP-009755,ACCOUNT_FREEZE,SUCCESS,38.36,ALREADY_ACTIONED
INT-009756,CMP-009756,NO_ACTION,SUCCESS,30.7,ACTED
INT-009757,CMP-009757,JURISDICTION_HANDOFF,SUCCESS,32.15,OUT_OF_SCOPE
INT-009758,CMP-009758,JURISDICTION_HANDOFF,PARTIAL,8.25,NOT_ACTED
INT-009759,CMP-009759,LIEN_MARK,PARTIAL,46.08,ACTED
INT-009760,CMP-009760,NO_ACTION,SUCCESS,6.28,NOT_ACTED
INT-009761,CMP-009761,JURISDICTION_HANDOFF,SUCCESS,9.86,ALREADY_ACTIONED
INT-009762,CMP-009762,NO_ACTION,PARTIAL,21.35,ALREADY_ACTIONED
INT-009763,CMP-009763,JURISDICTION_HANDOFF,SUCCESS,17.4,ACTED
INT-009764,CMP-009764,LIEN_MARK,SUCCESS,6.23,ACTED
INT-009765,CMP-009765,LIEN_MARK,SUCCESS,29.84,ACTED
INT-009766,CMP-009766,LIEN_MARK,SUCCESS,43.0,ACTED
INT-009767,CMP-009767,JURISDICTION_HANDOFF,SUCCESS,30.59,ACTED
INT-009768,CMP-009768,LIEN_MARK,SUCCESS,32.74,FALSE_POSITIVE
INT-009769,CMP-009769,NO_ACTION,SUCCESS,38.76,ACTED
INT-009770,CMP-009770,ACCOUNT_FREEZE,SUCCESS,15.5,FALSE_POSITIVE
INT-009771,CMP-009771,ACCOUNT_FREEZE,SUCCESS,20.96,NOT_ACTED
INT-009772,CMP-009772,LIEN_MARK,PARTIAL,16.95,NOT_ACTED
INT-009773,CMP-009773,JURISDICTION_HANDOFF,PARTIAL,14.65,NOT_ACTED
INT-009774,CMP-009774,ENDPOINT_WATCH,NO_ACTION,24.88,ACTED
INT-009775,CMP-009775,NO_ACTION,SUCCESS,12.31,ACTED
INT-009776,CMP-009776,LIEN_MARK,NO_ACTION,47.21,NOT_ACTED
INT-009777,CMP-009777,ACCOUNT_FREEZE,SUCCESS,17.46,ACTED
INT-009778,CMP-009778,ENDPOINT_WATCH,SUCCESS,42.73,ACTED
INT-009779,CMP-009779,ACCOUNT_FREEZE,SUCCESS,32.33,ALREADY_ACTIONED
INT-009780,CMP-009780,ENDPOINT_WATCH,SUCCESS,28.97,FALSE_POSITIVE
INT-009781,CMP-009781,NO_ACTION,SUCCESS,29.29,OUT_OF_SCOPE
INT-009782,CMP-009782,JURISDICTION_HANDOFF,SUCCESS,13.7,ALREADY_ACTIONED
INT-009783,CMP-009783,NO_ACTION,PARTIAL,47.77,ACTED
INT-009784,CMP-009784,ENDPOINT_WATCH,SUCCESS,3.62,ALREADY_ACTIONED
INT-009785,CMP-009785,LIEN_MARK,PARTIAL,42.59,FALSE_POSITIVE
INT-009786,CMP-009786,LIEN_MARK,SUCCESS,20.75,ALREADY_ACTIONED
INT-009787,CMP-009787,ACCOUNT_FREEZE,SUCCESS,37.13,ALREADY_ACTIONED
INT-009788,CMP-009788,JURISDICTION_HANDOFF,PARTIAL,42.58,NOT_ACTED
INT-009789,CMP-009789,JURISDICTION_HANDOFF,PARTIAL,7.08,ACTED
INT-009790,CMP-009790,LIEN_MARK,SUCCESS,13.48,NOT_ACTED
INT-009791,CMP-009791,ENDPOINT_WATCH,PARTIAL,13.73,ACTED
INT-009792,CMP-009792,NO_ACTION,PARTIAL,17.86,ALREADY_ACTIONED
INT-009793,CMP-009793,JURISDICTION_HANDOFF,SUCCESS,41.01,ACTED
INT-009794,CMP-009794,NO_ACTION,SUCCESS,38.67,ACTED
INT-009795,CMP-009795,NO_ACTION,SUCCESS,39.79,ACTED
INT-009796,CMP-009796,ENDPOINT_WATCH,NO_ACTION,10.46,NOT_ACTED
INT-009797,CMP-009797,ENDPOINT_WATCH,NO_ACTION,11.82,NOT_ACTED
INT-009798,CMP-009798,ACCOUNT_FREEZE,SUCCESS,29.36,ALREADY_ACTIONED
INT-009799,CMP-009799,ACCOUNT_FREEZE,SUCCESS,32.86,ALREADY_ACTIONED
INT-009800,CMP-009800,LIEN_MARK,SUCCESS,36.67,ACTED
INT-009801,CMP-009801,JURISDICTION_HANDOFF,NO_ACTION,33.05,NOT_ACTED
INT-009802,CMP-009802,ACCOUNT_FREEZE,PARTIAL,30.05,NOT_ACTED
INT-009803,CMP-009803,ACCOUNT_FREEZE,SUCCESS,26.06,ALREADY_ACTIONED
INT-009804,CMP-009804,ENDPOINT_WATCH,NO_ACTION,47.76,ACTED
INT-009805,CMP-009805,ACCOUNT_FREEZE,SUCCESS,31.77,ACTED
INT-009806,CMP-009806,NO_ACTION,PARTIAL,14.33,ALREADY_ACTIONED
INT-009807,CMP-009807,JURISDICTION_HANDOFF,PARTIAL,4.8,NOT_ACTED
INT-009808,CMP-009808,LIEN_MARK,SUCCESS,8.54,ACTED
INT-009809,CMP-009809,ACCOUNT_FREEZE,SUCCESS,33.09,ACTED
INT-009810,CMP-009810,LIEN_MARK,SUCCESS,44.42,ALREADY_ACTIONED
INT-009811,CMP-009811,NO_ACTION,SUCCESS,16.7,FALSE_POSITIVE
INT-009812,CMP-009812,LIEN_MARK,SUCCESS,16.34,OUT_OF_SCOPE
INT-009813,CMP-009813,NO_ACTION,PARTIAL,20.7,ACTED
INT-009814,CMP-009814,LIEN_MARK,SUCCESS,42.42,NOT_ACTED
INT-009815,CMP-009815,ENDPOINT_WATCH,PARTIAL,47.15,FALSE_POSITIVE
INT-009816,CMP-009816,ACCOUNT_FREEZE,SUCCESS,31.97,NOT_ACTED
INT-009817,CMP-009817,ACCOUNT_FREEZE,SUCCESS,47.21,ACTED
INT-009818,CMP-009818,NO_ACTION,SUCCESS,37.17,ACTED
INT-009819,CMP-009819,JURISDICTION_HANDOFF,SUCCESS,17.12,FALSE_POSITIVE
INT-009820,CMP-009820,ENDPOINT_WATCH,NO_ACTION,41.82,NOT_ACTED
INT-009821,CMP-009821,ACCOUNT_FREEZE,NO_ACTION,14.91,NOT_ACTED
INT-009822,CMP-009822,JURISDICTION_HANDOFF,NO_ACTION,15.09,OUT_OF_SCOPE
INT-009823,CMP-009823,LIEN_MARK,SUCCESS,26.27,NOT_ACTED
INT-009824,CMP-009824,LIEN_MARK,SUCCESS,42.0,OUT_OF_SCOPE
INT-009825,CMP-009825,ENDPOINT_WATCH,SUCCESS,9.04,FALSE_POSITIVE
INT-009826,CMP-009826,JURISDICTION_HANDOFF,NO_ACTION,5.69,ACTED
INT-009827,CMP-009827,JURISDICTION_HANDOFF,PARTIAL,6.37,ALREADY_ACTIONED
INT-009828,CMP-009828,ACCOUNT_FREEZE,PARTIAL,37.07,ALREADY_ACTIONED
INT-009829,CMP-009829,JURISDICTION_HANDOFF,SUCCESS,23.57,NOT_ACTED
INT-009830,CMP-009830,LIEN_MARK,PARTIAL,11.02,NOT_ACTED
INT-009831,CMP-009831,LIEN_MARK,SUCCESS,24.0,FALSE_POSITIVE
INT-009832,CMP-009832,LIEN_MARK,SUCCESS,19.84,ACTED
INT-009833,CMP-009833,NO_ACTION,SUCCESS,43.09,NOT_ACTED
INT-009834,CMP-009834,ACCOUNT_FREEZE,SUCCESS,40.27,ACTED
INT-009835,CMP-009835,ACCOUNT_FREEZE,SUCCESS,33.36,ACTED
INT-009836,CMP-009836,LIEN_MARK,PARTIAL,25.93,ACTED
INT-009837,CMP-009837,NO_ACTION,SUCCESS,43.22,ACTED
INT-009838,CMP-009838,LIEN_MARK,PARTIAL,17.23,ACTED
INT-009839,CMP-009839,ACCOUNT_FREEZE,NO_ACTION,8.87,NOT_ACTED
INT-009840,CMP-009840,LIEN_MARK,PARTIAL,36.37,ALREADY_ACTIONED
INT-009841,CMP-009841,LIEN_MARK,NO_ACTION,38.53,ACTED
INT-009842,CMP-009842,ACCOUNT_FREEZE,PARTIAL,39.49,ACTED
INT-009843,CMP-009843,NO_ACTION,NO_ACTION,11.82,ACTED
INT-009844,CMP-009844,ACCOUNT_FREEZE,PARTIAL,27.53,OUT_OF_SCOPE
INT-009845,CMP-009845,ACCOUNT_FREEZE,NO_ACTION,21.69,OUT_OF_SCOPE
INT-009846,CMP-009846,ENDPOINT_WATCH,NO_ACTION,23.48,ACTED
INT-009847,CMP-009847,ENDPOINT_WATCH,PARTIAL,42.85,ALREADY_ACTIONED
INT-009848,CMP-009848,JURISDICTION_HANDOFF,NO_ACTION,25.92,ACTED
INT-009849,CMP-009849,NO_ACTION,PARTIAL,28.31,ACTED
INT-009850,CMP-009850,NO_ACTION,NO_ACTION,6.22,ACTED
INT-009851,CMP-009851,ACCOUNT_FREEZE,SUCCESS,4.71,ACTED
INT-009852,CMP-009852,ENDPOINT_WATCH,SUCCESS,17.03,ACTED
INT-009853,CMP-009853,ENDPOINT_WATCH,SUCCESS,38.7,ACTED
INT-009854,CMP-009854,LIEN_MARK,SUCCESS,5.39,ACTED
INT-009855,CMP-009855,NO_ACTION,SUCCESS,19.41,NOT_ACTED
INT-009856,CMP-009856,LIEN_MARK,PARTIAL,6.86,ACTED
INT-009857,CMP-009857,JURISDICTION_HANDOFF,SUCCESS,42.62,ACTED
INT-009858,CMP-009858,ENDPOINT_WATCH,PARTIAL,6.83,OUT_OF_SCOPE
INT-009859,CMP-009859,ACCOUNT_FREEZE,NO_ACTION,10.44,ACTED
INT-009860,CMP-009860,LIEN_MARK,PARTIAL,6.49,FALSE_POSITIVE
INT-009861,CMP-009861,ACCOUNT_FREEZE,NO_ACTION,24.42,ACTED
INT-009862,CMP-009862,ENDPOINT_WATCH,PARTIAL,34.66,OUT_OF_SCOPE
INT-009863,CMP-009863,ACCOUNT_FREEZE,SUCCESS,3.84,ACTED
INT-009864,CMP-009864,ACCOUNT_FREEZE,SUCCESS,29.08,ACTED
INT-009865,CMP-009865,LIEN_MARK,SUCCESS,29.08,FALSE_POSITIVE
INT-009866,CMP-009866,NO_ACTION,SUCCESS,14.89,ACTED
INT-009867,CMP-009867,LIEN_MARK,SUCCESS,38.45,NOT_ACTED
INT-009868,CMP-009868,LIEN_MARK,SUCCESS,41.89,ALREADY_ACTIONED
INT-009869,CMP-009869,NO_ACTION,SUCCESS,13.92,NOT_ACTED
INT-009870,CMP-009870,JURISDICTION_HANDOFF,SUCCESS,28.79,ACTED
INT-009871,CMP-009871,ENDPOINT_WATCH,SUCCESS,19.35,ALREADY_ACTIONED
INT-009872,CMP-009872,ENDPOINT_WATCH,SUCCESS,39.64,FALSE_POSITIVE
INT-009873,CMP-009873,ENDPOINT_WATCH,SUCCESS,47.07,ACTED
INT-009874,CMP-009874,ACCOUNT_FREEZE,NO_ACTION,40.11,ALREADY_ACTIONED
INT-009875,CMP-009875,JURISDICTION_HANDOFF,SUCCESS,25.62,NOT_ACTED
INT-009876,CMP-009876,ENDPOINT_WATCH,SUCCESS,19.68,ACTED
INT-009877,CMP-009877,ENDPOINT_WATCH,PARTIAL,23.98,ACTED
INT-009878,CMP-009878,NO_ACTION,PARTIAL,23.26,ACTED
INT-009879,CMP-009879,LIEN_MARK,PARTIAL,9.21,NOT_ACTED
INT-009880,CMP-009880,JURISDICTION_HANDOFF,NO_ACTION,45.5,ACTED
INT-009881,CMP-009881,LIEN_MARK,SUCCESS,24.39,ACTED
INT-009882,CMP-009882,ACCOUNT_FREEZE,SUCCESS,13.78,ALREADY_ACTIONED
INT-009883,CMP-009883,ACCOUNT_FREEZE,SUCCESS,5.77,ALREADY_ACTIONED
INT-009884,CMP-009884,ACCOUNT_FREEZE,SUCCESS,12.98,NOT_ACTED
INT-009885,CMP-009885,ENDPOINT_WATCH,SUCCESS,44.68,OUT_OF_SCOPE
INT-009886,CMP-009886,JURISDICTION_HANDOFF,SUCCESS,44.42,ALREADY_ACTIONED
INT-009887,CMP-009887,NO_ACTION,SUCCESS,42.12,ACTED
INT-009888,CMP-009888,LIEN_MARK,SUCCESS,30.36,ALREADY_ACTIONED
INT-009889,CMP-009889,ACCOUNT_FREEZE,NO_ACTION,15.2,FALSE_POSITIVE
INT-009890,CMP-009890,ENDPOINT_WATCH,SUCCESS,26.01,ALREADY_ACTIONED
INT-009891,CMP-009891,NO_ACTION,NO_ACTION,14.17,FALSE_POSITIVE
INT-009892,CMP-009892,LIEN_MARK,PARTIAL,38.65,FALSE_POSITIVE
INT-009893,CMP-009893,ACCOUNT_FREEZE,SUCCESS,38.33,FALSE_POSITIVE
INT-009894,CMP-009894,ENDPOINT_WATCH,PARTIAL,17.84,NOT_ACTED
INT-009895,CMP-009895,LIEN_MARK,PARTIAL,11.17,ACTED
INT-009896,CMP-009896,ACCOUNT_FREEZE,PARTIAL,27.62,FALSE_POSITIVE
INT-009897,CMP-009897,JURISDICTION_HANDOFF,SUCCESS,9.18,OUT_OF_SCOPE
INT-009898,CMP-009898,NO_ACTION,SUCCESS,27.69,ACTED
INT-009899,CMP-009899,JURISDICTION_HANDOFF,PARTIAL,19.49,ACTED
INT-009900,CMP-009900,ENDPOINT_WATCH,NO_ACTION,25.24,ACTED
INT-009901,CMP-009901,JURISDICTION_HANDOFF,PARTIAL,11.94,NOT_ACTED
INT-009902,CMP-009902,NO_ACTION,SUCCESS,35.11,ACTED
INT-009903,CMP-009903,JURISDICTION_HANDOFF,PARTIAL,41.72,ALREADY_ACTIONED
INT-009904,CMP-009904,ACCOUNT_FREEZE,NO_ACTION,6.92,ALREADY_ACTIONED
INT-009905,CMP-009905,ACCOUNT_FREEZE,SUCCESS,24.4,NOT_ACTED
INT-009906,CMP-009906,JURISDICTION_HANDOFF,NO_ACTION,41.76,ACTED
INT-009907,CMP-009907,ENDPOINT_WATCH,SUCCESS,9.53,NOT_ACTED
INT-009908,CMP-009908,LIEN_MARK,NO_ACTION,15.68,ALREADY_ACTIONED
INT-009909,CMP-009909,JURISDICTION_HANDOFF,PARTIAL,44.08,ACTED
INT-009910,CMP-009910,LIEN_MARK,SUCCESS,25.12,NOT_ACTED
INT-009911,CMP-009911,ACCOUNT_FREEZE,SUCCESS,11.83,ACTED
INT-009912,CMP-009912,ENDPOINT_WATCH,SUCCESS,32.94,FALSE_POSITIVE
INT-009913,CMP-009913,ENDPOINT_WATCH,SUCCESS,6.95,ALREADY_ACTIONED
INT-009914,CMP-009914,NO_ACTION,NO_ACTION,14.78,ALREADY_ACTIONED
INT-009915,CMP-009915,ACCOUNT_FREEZE,SUCCESS,11.2,ACTED
INT-009916,CMP-009916,ENDPOINT_WATCH,PARTIAL,32.35,FALSE_POSITIVE
INT-009917,CMP-009917,NO_ACTION,SUCCESS,32.13,OUT_OF_SCOPE
INT-009918,CMP-009918,ACCOUNT_FREEZE,SUCCESS,29.39,ALREADY_ACTIONED
INT-009919,CMP-009919,LIEN_MARK,SUCCESS,37.18,ALREADY_ACTIONED
INT-009920,CMP-009920,ENDPOINT_WATCH,SUCCESS,29.44,ALREADY_ACTIONED
INT-009921,CMP-009921,NO_ACTION,SUCCESS,42.82,ACTED
INT-009922,CMP-009922,LIEN_MARK,SUCCESS,36.34,OUT_OF_SCOPE
INT-009923,CMP-009923,ACCOUNT_FREEZE,PARTIAL,27.28,FALSE_POSITIVE
INT-009924,CMP-009924,LIEN_MARK,PARTIAL,26.19,ACTED
INT-009925,CMP-009925,LIEN_MARK,NO_ACTION,26.61,NOT_ACTED
INT-009926,CMP-009926,JURISDICTION_HANDOFF,PARTIAL,29.8,ACTED
INT-009927,CMP-009927,ENDPOINT_WATCH,NO_ACTION,19.82,ACTED
INT-009928,CMP-009928,JURISDICTION_HANDOFF,NO_ACTION,29.8,ACTED
INT-009929,CMP-009929,ENDPOINT_WATCH,SUCCESS,27.25,ALREADY_ACTIONED
INT-009930,CMP-009930,LIEN_MARK,SUCCESS,36.79,ACTED
INT-009931,CMP-009931,ENDPOINT_WATCH,NO_ACTION,38.14,ACTED
INT-009932,CMP-009932,ENDPOINT_WATCH,NO_ACTION,45.5,ACTED
INT-009933,CMP-009933,ENDPOINT_WATCH,SUCCESS,24.52,OUT_OF_SCOPE
INT-009934,CMP-009934,LIEN_MARK,PARTIAL,6.87,ACTED
INT-009935,CMP-009935,LIEN_MARK,NO_ACTION,6.03,NOT_ACTED
INT-009936,CMP-009936,JURISDICTION_HANDOFF,SUCCESS,31.76,NOT_ACTED
INT-009937,CMP-009937,NO_ACTION,PARTIAL,32.46,FALSE_POSITIVE
INT-009938,CMP-009938,JURISDICTION_HANDOFF,NO_ACTION,26.52,FALSE_POSITIVE
INT-009939,CMP-009939,ACCOUNT_FREEZE,PARTIAL,28.89,NOT_ACTED
INT-009940,CMP-009940,JURISDICTION_HANDOFF,SUCCESS,34.14,ACTED
INT-009941,CMP-009941,ACCOUNT_FREEZE,SUCCESS,16.85,OUT_OF_SCOPE
INT-009942,CMP-009942,ACCOUNT_FREEZE,SUCCESS,4.81,ALREADY_ACTIONED
INT-009943,CMP-009943,ACCOUNT_FREEZE,NO_ACTION,41.14,ACTED
INT-009944,CMP-009944,LIEN_MARK,NO_ACTION,43.35,ACTED
INT-009945,CMP-009945,NO_ACTION,SUCCESS,27.52,NOT_ACTED
INT-009946,CMP-009946,JURISDICTION_HANDOFF,SUCCESS,4.39,ACTED
INT-009947,CMP-009947,ACCOUNT_FREEZE,SUCCESS,28.74,OUT_OF_SCOPE
INT-009948,CMP-009948,ACCOUNT_FREEZE,SUCCESS,6.92,OUT_OF_SCOPE
INT-009949,CMP-009949,JURISDICTION_HANDOFF,SUCCESS,44.56,OUT_OF_SCOPE
INT-009950,CMP-009950,JURISDICTION_HANDOFF,SUCCESS,18.42,ACTED
INT-009951,CMP-009951,JURISDICTION_HANDOFF,SUCCESS,44.09,ACTED
INT-009952,CMP-009952,ACCOUNT_FREEZE,PARTIAL,7.37,OUT_OF_SCOPE
INT-009953,CMP-009953,ENDPOINT_WATCH,SUCCESS,33.71,ACTED
INT-009954,CMP-009954,NO_ACTION,SUCCESS,20.78,ACTED
INT-009955,CMP-009955,JURISDICTION_HANDOFF,SUCCESS,9.11,ACTED
INT-009956,CMP-009956,JURISDICTION_HANDOFF,NO_ACTION,9.0,OUT_OF_SCOPE
INT-009957,CMP-009957,ACCOUNT_FREEZE,SUCCESS,38.5,ACTED
INT-009958,CMP-009958,LIEN_MARK,SUCCESS,10.42,ACTED
INT-009959,CMP-009959,ENDPOINT_WATCH,SUCCESS,39.09,ACTED
INT-009960,CMP-009960,ACCOUNT_FREEZE,PARTIAL,11.35,OUT_OF_SCOPE
INT-009961,CMP-009961,NO_ACTION,SUCCESS,44.74,NOT_ACTED
INT-009962,CMP-009962,ACCOUNT_FREEZE,SUCCESS,3.95,NOT_ACTED
INT-009963,CMP-009963,LIEN_MARK,SUCCESS,15.69,FALSE_POSITIVE
INT-009964,CMP-009964,ACCOUNT_FREEZE,NO_ACTION,25.6,ALREADY_ACTIONED
INT-009965,CMP-009965,ACCOUNT_FREEZE,SUCCESS,3.7,OUT_OF_SCOPE
INT-009966,CMP-009966,LIEN_MARK,SUCCESS,41.59,ALREADY_ACTIONED
INT-009967,CMP-009967,ENDPOINT_WATCH,NO_ACTION,11.95,ACTED
INT-009968,CMP-009968,ACCOUNT_FREEZE,SUCCESS,36.86,NOT_ACTED
INT-009969,CMP-009969,NO_ACTION,NO_ACTION,43.68,NOT_ACTED
INT-009970,CMP-009970,ENDPOINT_WATCH,PARTIAL,30.07,ALREADY_ACTIONED
INT-009971,CMP-009971,ACCOUNT_FREEZE,PARTIAL,30.87,ALREADY_ACTIONED
INT-009972,CMP-009972,NO_ACTION,PARTIAL,32.39,ACTED
INT-009973,CMP-009973,NO_ACTION,SUCCESS,32.52,ACTED
INT-009974,CMP-009974,LIEN_MARK,SUCCESS,18.13,NOT_ACTED
INT-009975,CMP-009975,NO_ACTION,PARTIAL,24.67,ACTED
INT-009976,CMP-009976,LIEN_MARK,SUCCESS,20.18,ACTED
INT-009977,CMP-009977,ACCOUNT_FREEZE,SUCCESS,42.7,ACTED
INT-009978,CMP-009978,NO_ACTION,PARTIAL,43.28,NOT_ACTED
INT-009979,CMP-009979,JURISDICTION_HANDOFF,SUCCESS,10.88,ACTED
INT-009980,CMP-009980,ENDPOINT_WATCH,PARTIAL,33.17,ACTED
INT-009981,CMP-009981,ACCOUNT_FREEZE,NO_ACTION,9.99,ACTED
INT-009982,CMP-009982,JURISDICTION_HANDOFF,SUCCESS,6.05,ACTED
INT-009983,CMP-009983,JURISDICTION_HANDOFF,NO_ACTION,18.93,ACTED
INT-009984,CMP-009984,ENDPOINT_WATCH,SUCCESS,4.96,ACTED
INT-009985,CMP-009985,JURISDICTION_HANDOFF,SUCCESS,10.72,ACTED
INT-009986,CMP-009986,NO_ACTION,PARTIAL,34.66,ACTED
INT-009987,CMP-009987,NO_ACTION,SUCCESS,11.75,ALREADY_ACTIONED
INT-009988,CMP-009988,JURISDICTION_HANDOFF,PARTIAL,41.82,ACTED
INT-009989,CMP-009989,JURISDICTION_HANDOFF,SUCCESS,39.63,OUT_OF_SCOPE
INT-009990,CMP-009990,LIEN_MARK,SUCCESS,28.77,ACTED
INT-009991,CMP-009991,ENDPOINT_WATCH,SUCCESS,17.73,FALSE_POSITIVE
INT-009992,CMP-009992,ENDPOINT_WATCH,SUCCESS,12.33,ACTED
INT-009993,CMP-009993,ACCOUNT_FREEZE,SUCCESS,28.99,OUT_OF_SCOPE
INT-009994,CMP-009994,JURISDICTION_HANDOFF,SUCCESS,28.89,NOT_ACTED
INT-009995,CMP-009995,JURISDICTION_HANDOFF,SUCCESS,8.73,NOT_ACTED
INT-009996,CMP-009996,ACCOUNT_FREEZE,SUCCESS,40.07,ACTED
INT-009997,CMP-009997,ACCOUNT_FREEZE,SUCCESS,40.0,NOT_ACTED
INT-009998,CMP-009998,JURISDICTION_HANDOFF,SUCCESS,11.39,ACTED
INT-009999,CMP-009999,JURISDICTION_HANDOFF,NO_ACTION,29.1,NOT_ACTED
INT-010000,CMP-010000,ENDPOINT_WATCH,SUCCESS,19.73,ALREADY_ACTIONED
